06-May-2025 00:12:00.672 INFO [Catalina-utility-1] org.apache.catalina.startup.HostConfig.undeploy Undeploying context [/Food]
06-May-2025 00:12:00.686 INFO [Catalina-utility-1] org.apache.catalina.startup.HostConfig.deployDescriptor Deploying deployment descriptor [C:\Users\msi\Downloads\Food Delivery Website - Copy\Food Delivery Website - Copy\conf\Catalina\localhost\Food.xml]
06-May-2025 00:12:00.921 INFO [Catalina-utility-1] org.apache.catalina.startup.HostConfig.deployDescriptor Deployment of deployment descriptor [C:\Users\msi\Downloads\Food Delivery Website - Copy\Food Delivery Website - Copy\conf\Catalina\localhost\Food.xml] has finished in [234] ms
06-May-2025 00:12:04.445 INFO [main] org.apache.catalina.startup.VersionLoggerListener.log Server version name:   Apache Tomcat/11.0.5
06-May-2025 00:12:04.448 INFO [main] org.apache.catalina.startup.VersionLoggerListener.log Server built:          Feb 28 2025 15:54:41 UTC
06-May-2025 00:12:04.449 INFO [main] org.apache.catalina.startup.VersionLoggerListener.log Server version number: 11.0.5.0
06-May-2025 00:12:04.449 INFO [main] org.apache.catalina.startup.VersionLoggerListener.log OS Name:               Windows 11
06-May-2025 00:12:04.449 INFO [main] org.apache.catalina.startup.VersionLoggerListener.log OS Version:            10.0
06-May-2025 00:12:04.449 INFO [main] org.apache.catalina.startup.VersionLoggerListener.log Architecture:          amd64
06-May-2025 00:12:04.449 INFO [main] org.apache.catalina.startup.VersionLoggerListener.log Java Home:             C:\Users\msi\.jdks\openjdk-24
06-May-2025 00:12:04.450 INFO [main] org.apache.catalina.startup.VersionLoggerListener.log JVM Version:           24+36-3646
06-May-2025 00:12:04.450 INFO [main] org.apache.catalina.startup.VersionLoggerListener.log JVM Vendor:            Oracle Corporation
06-May-2025 00:12:04.450 INFO [main] org.apache.catalina.startup.VersionLoggerListener.log CATALINA_BASE:         C:\Users\msi\Downloads\Food Delivery Website - Copy\Food Delivery Website - Copy
06-May-2025 00:12:04.450 INFO [main] org.apache.catalina.startup.VersionLoggerListener.log CATALINA_HOME:         C:\Program Files\Apache Software Foundation\Tomcat 11.0
06-May-2025 00:12:04.457 INFO [main] org.apache.catalina.startup.VersionLoggerListener.log Command line argument: --add-opens=java.base/java.lang=ALL-UNNAMED
06-May-2025 00:12:04.457 INFO [main] org.apache.catalina.startup.VersionLoggerListener.log Command line argument: --add-opens=java.base/java.io=ALL-UNNAMED
06-May-2025 00:12:04.457 INFO [main] org.apache.catalina.startup.VersionLoggerListener.log Command line argument: --add-opens=java.base/java.util=ALL-UNNAMED
06-May-2025 00:12:04.457 INFO [main] org.apache.catalina.startup.VersionLoggerListener.log Command line argument: --add-opens=java.base/java.util.concurrent=ALL-UNNAMED
06-May-2025 00:12:04.457 INFO [main] org.apache.catalina.startup.VersionLoggerListener.log Command line argument: --add-opens=java.rmi/sun.rmi.transport=ALL-UNNAMED
06-May-2025 00:12:04.457 INFO [main] org.apache.catalina.startup.VersionLoggerListener.log Command line argument: -Dcatalina.home=C:\Program Files\Apache Software Foundation\Tomcat 11.0
06-May-2025 00:12:04.458 INFO [main] org.apache.catalina.startup.VersionLoggerListener.log Command line argument: -Dcatalina.base=C:\Users\msi\Downloads\Food Delivery Website - Copy\Food Delivery Website - Copy
06-May-2025 00:12:04.458 INFO [main] org.apache.catalina.startup.VersionLoggerListener.log Command line argument: -Djava.io.tmpdir=C:\Users\msi\Downloads\Food Delivery Website - Copy\Food Delivery Website - Copy\temp
06-May-2025 00:12:04.458 INFO [main] org.apache.catalina.startup.VersionLoggerListener.log Command line argument: -Djava.util.logging.config.file=C:\Users\msi\Downloads\Food Delivery Website - Copy\Food Delivery Website - Copy\conf\logging.properties
06-May-2025 00:12:04.458 INFO [main] org.apache.catalina.startup.VersionLoggerListener.log Command line argument: -Djava.util.logging.manager=org.apache.juli.ClassLoaderLogManager
06-May-2025 00:12:04.458 INFO [main] org.apache.catalina.startup.VersionLoggerListener.log Command line argument: -javaagent:C:\Users\msi\AppData\Local\JetBrains\IntelliJ IDEA 2024.3.5\lib\idea_rt.jar=55283
06-May-2025 00:12:04.458 INFO [main] org.apache.catalina.startup.VersionLoggerListener.log Command line argument: -Dfile.encoding=UTF-8
06-May-2025 00:12:04.458 INFO [main] org.apache.catalina.startup.VersionLoggerListener.log Command line argument: -Dsun.stdout.encoding=UTF-8
06-May-2025 00:12:04.458 INFO [main] org.apache.catalina.startup.VersionLoggerListener.log Command line argument: -Dsun.stderr.encoding=UTF-8
06-May-2025 00:12:04.462 INFO [main] org.apache.catalina.core.AprLifecycleListener.lifecycleEvent The Apache Tomcat Native library which allows using OpenSSL was not found on the java.library.path: [C:\Users\msi\.jdks\openjdk-24\bin;C:\WINDOWS\Sun\Java\bin;C:\WINDOWS\system32;C:\WINDOWS;C:\Program Files\Common Files\Oracle\Java\javapath;C:\WINDOWS\system32;C:\WINDOWS;C:\WINDOWS\System32\Wbem;C:\WINDOWS\System32\WindowsPowerShell\v1.0\;C:\WINDOWS\System32\OpenSSH\;C:\Program Files\NVIDIA Corporation\NVIDIA NvDLISR;C:\Program Files\Git\cmd;C:\Users\msi\AppData\Local\Microsoft\WindowsApps;C:\Users\msi\AppData\Local\Programs\Microsoft VS Code\bin;;.]
06-May-2025 00:12:04.789 INFO [main] org.apache.coyote.AbstractProtocol.init Initializing ProtocolHandler ["http-nio-8080"]
06-May-2025 00:12:04.797 SEVERE [main] org.apache.catalina.util.LifecycleBase.handleSubClassException Failed to initialize component [Connector["http-nio-8080"]]
	org.apache.catalina.LifecycleException: Protocol handler initialization failed
		at org.apache.catalina.connector.Connector.initInternal(Connector.java:1056)
		at org.apache.catalina.util.LifecycleBase.init(LifecycleBase.java:122)
		at org.apache.catalina.core.StandardService.initInternal(StandardService.java:525)
		at org.apache.catalina.util.LifecycleBase.init(LifecycleBase.java:122)
		at org.apache.catalina.core.StandardServer.initInternal(StandardServer.java:953)
		at org.apache.catalina.util.LifecycleBase.init(LifecycleBase.java:122)
		at org.apache.catalina.startup.Catalina.load(Catalina.java:710)
		at org.apache.catalina.startup.Catalina.load(Catalina.java:733)
		at java.base/jdk.internal.reflect.DirectMethodHandleAccessor.invoke(DirectMethodHandleAccessor.java:104)
		at java.base/java.lang.reflect.Method.invoke(Method.java:565)
		at org.apache.catalina.startup.Bootstrap.load(Bootstrap.java:299)
		at org.apache.catalina.startup.Bootstrap.main(Bootstrap.java:469)
	Caused by: java.net.BindException: Address already in use: bind
		at java.base/sun.nio.ch.Net.bind0(Native Method)
		at java.base/sun.nio.ch.Net.bind(Net.java:511)
		at java.base/sun.nio.ch.ServerSocketChannelImpl.netBind(ServerSocketChannelImpl.java:335)
		at java.base/sun.nio.ch.ServerSocketChannelImpl.bind(ServerSocketChannelImpl.java:297)
		at org.apache.tomcat.util.net.NioEndpoint.initServerSocket(NioEndpoint.java:240)
		at org.apache.tomcat.util.net.NioEndpoint.bind(NioEndpoint.java:195)
		at org.apache.tomcat.util.net.AbstractEndpoint.bindWithCleanup(AbstractEndpoint.java:1472)
		at org.apache.tomcat.util.net.AbstractEndpoint.init(AbstractEndpoint.java:1485)
		at org.apache.coyote.AbstractProtocol.init(AbstractProtocol.java:633)
		at org.apache.coyote.http11.AbstractHttp11Protocol.init(AbstractHttp11Protocol.java:83)
		at org.apache.catalina.connector.Connector.initInternal(Connector.java:1054)
		... 11 more
06-May-2025 00:12:04.798 INFO [main] org.apache.catalina.startup.Catalina.load Server initialization in [572] milliseconds
06-May-2025 00:12:04.849 INFO [main] org.apache.catalina.core.StandardService.startInternal Starting service [Catalina]
06-May-2025 00:12:04.849 INFO [main] org.apache.catalina.core.StandardEngine.startInternal Starting Servlet engine: [Apache Tomcat/11.0.5]
06-May-2025 00:12:04.855 INFO [main] org.apache.catalina.startup.HostConfig.deployDescriptor Deploying deployment descriptor [C:\Users\msi\Downloads\Food Delivery Website - Copy\Food Delivery Website - Copy\conf\Catalina\localhost\Food.xml]
06-May-2025 00:12:05.170 INFO [main] org.apache.catalina.startup.HostConfig.deployDescriptor Deployment of deployment descriptor [C:\Users\msi\Downloads\Food Delivery Website - Copy\Food Delivery Website - Copy\conf\Catalina\localhost\Food.xml] has finished in [314] ms
06-May-2025 00:12:05.181 INFO [main] org.apache.catalina.startup.Catalina.start Server startup in [382] milliseconds
06-May-2025 00:12:05.187 SEVERE [main] org.apache.catalina.core.StandardServer.await Failed to create server shutdown socket on address [localhost] and port [8005] (base port [8005] and offset [0])
	java.net.BindException: Address already in use: bind
		at java.base/sun.nio.ch.Net.bind0(Native Method)
		at java.base/sun.nio.ch.Net.bind(Net.java:511)
		at java.base/sun.nio.ch.Net.bind(Net.java:500)
		at java.base/sun.nio.ch.NioSocketImpl.bind(NioSocketImpl.java:630)
		at java.base/java.net.ServerSocket.bind(ServerSocket.java:326)
		at java.base/java.net.ServerSocket.<init>(ServerSocket.java:222)
		at org.apache.catalina.core.StandardServer.await(StandardServer.java:532)
		at org.apache.catalina.startup.Catalina.await(Catalina.java:849)
		at org.apache.catalina.startup.Catalina.start(Catalina.java:797)
		at java.base/jdk.internal.reflect.DirectMethodHandleAccessor.invoke(DirectMethodHandleAccessor.java:104)
		at java.base/java.lang.reflect.Method.invoke(Method.java:565)
		at org.apache.catalina.startup.Bootstrap.start(Bootstrap.java:342)
		at org.apache.catalina.startup.Bootstrap.main(Bootstrap.java:470)
06-May-2025 00:12:05.187 INFO [main] org.apache.coyote.AbstractProtocol.pause Pausing ProtocolHandler ["http-nio-8080"]
06-May-2025 00:12:05.187 INFO [main] org.apache.catalina.core.StandardService.stopInternal Stopping service [Catalina]
06-May-2025 00:12:05.194 INFO [main] org.apache.coyote.AbstractProtocol.stop Stopping ProtocolHandler ["http-nio-8080"]
06-May-2025 00:12:05.195 INFO [main] org.apache.coyote.AbstractProtocol.destroy Destroying ProtocolHandler ["http-nio-8080"]
06-May-2025 00:21:21.256 INFO [Catalina-utility-1] org.apache.catalina.startup.HostConfig.undeploy Undeploying context [/Food]
06-May-2025 00:21:21.272 INFO [Catalina-utility-1] org.apache.catalina.startup.HostConfig.deployDescriptor Deploying deployment descriptor [C:\Users\msi\Downloads\Food Delivery Website - Copy\Food Delivery Website - Copy\conf\Catalina\localhost\Food.xml]
06-May-2025 00:21:21.633 INFO [Catalina-utility-1] org.apache.catalina.startup.HostConfig.deployDescriptor Deployment of deployment descriptor [C:\Users\msi\Downloads\Food Delivery Website - Copy\Food Delivery Website - Copy\conf\Catalina\localhost\Food.xml] has finished in [361] ms
06-May-2025 00:21:22.620 INFO [main] org.apache.catalina.startup.VersionLoggerListener.log Server version name:   Apache Tomcat/11.0.5
06-May-2025 00:21:22.621 INFO [main] org.apache.catalina.startup.VersionLoggerListener.log Server built:          Feb 28 2025 15:54:41 UTC
06-May-2025 00:21:22.622 INFO [main] org.apache.catalina.startup.VersionLoggerListener.log Server version number: 11.0.5.0
06-May-2025 00:21:22.622 INFO [main] org.apache.catalina.startup.VersionLoggerListener.log OS Name:               Windows 11
06-May-2025 00:21:22.622 INFO [main] org.apache.catalina.startup.VersionLoggerListener.log OS Version:            10.0
06-May-2025 00:21:22.622 INFO [main] org.apache.catalina.startup.VersionLoggerListener.log Architecture:          amd64
06-May-2025 00:21:22.622 INFO [main] org.apache.catalina.startup.VersionLoggerListener.log Java Home:             C:\Users\msi\.jdks\openjdk-24
06-May-2025 00:21:22.622 INFO [main] org.apache.catalina.startup.VersionLoggerListener.log JVM Version:           24+36-3646
06-May-2025 00:21:22.622 INFO [main] org.apache.catalina.startup.VersionLoggerListener.log JVM Vendor:            Oracle Corporation
06-May-2025 00:21:22.622 INFO [main] org.apache.catalina.startup.VersionLoggerListener.log CATALINA_BASE:         C:\Users\msi\Downloads\Food Delivery Website - Copy\Food Delivery Website - Copy
06-May-2025 00:21:22.622 INFO [main] org.apache.catalina.startup.VersionLoggerListener.log CATALINA_HOME:         C:\Program Files\Apache Software Foundation\Tomcat 11.0
06-May-2025 00:21:22.629 INFO [main] org.apache.catalina.startup.VersionLoggerListener.log Command line argument: --add-opens=java.base/java.lang=ALL-UNNAMED
06-May-2025 00:21:22.629 INFO [main] org.apache.catalina.startup.VersionLoggerListener.log Command line argument: --add-opens=java.base/java.io=ALL-UNNAMED
06-May-2025 00:21:22.629 INFO [main] org.apache.catalina.startup.VersionLoggerListener.log Command line argument: --add-opens=java.base/java.util=ALL-UNNAMED
06-May-2025 00:21:22.629 INFO [main] org.apache.catalina.startup.VersionLoggerListener.log Command line argument: --add-opens=java.base/java.util.concurrent=ALL-UNNAMED
06-May-2025 00:21:22.629 INFO [main] org.apache.catalina.startup.VersionLoggerListener.log Command line argument: --add-opens=java.rmi/sun.rmi.transport=ALL-UNNAMED
06-May-2025 00:21:22.629 INFO [main] org.apache.catalina.startup.VersionLoggerListener.log Command line argument: -Dcatalina.home=C:\Program Files\Apache Software Foundation\Tomcat 11.0
06-May-2025 00:21:22.629 INFO [main] org.apache.catalina.startup.VersionLoggerListener.log Command line argument: -Dcatalina.base=C:\Users\msi\Downloads\Food Delivery Website - Copy\Food Delivery Website - Copy
06-May-2025 00:21:22.629 INFO [main] org.apache.catalina.startup.VersionLoggerListener.log Command line argument: -Djava.io.tmpdir=C:\Users\msi\Downloads\Food Delivery Website - Copy\Food Delivery Website - Copy\temp
06-May-2025 00:21:22.629 INFO [main] org.apache.catalina.startup.VersionLoggerListener.log Command line argument: -Djava.util.logging.config.file=C:\Users\msi\Downloads\Food Delivery Website - Copy\Food Delivery Website - Copy\conf\logging.properties
06-May-2025 00:21:22.629 INFO [main] org.apache.catalina.startup.VersionLoggerListener.log Command line argument: -Djava.util.logging.manager=org.apache.juli.ClassLoaderLogManager
06-May-2025 00:21:22.629 INFO [main] org.apache.catalina.startup.VersionLoggerListener.log Command line argument: -javaagent:C:\Users\msi\AppData\Local\JetBrains\IntelliJ IDEA 2024.3.5\lib\idea_rt.jar=55909
06-May-2025 00:21:22.629 INFO [main] org.apache.catalina.startup.VersionLoggerListener.log Command line argument: -Dfile.encoding=UTF-8
06-May-2025 00:21:22.629 INFO [main] org.apache.catalina.startup.VersionLoggerListener.log Command line argument: -Dsun.stdout.encoding=UTF-8
06-May-2025 00:21:22.629 INFO [main] org.apache.catalina.startup.VersionLoggerListener.log Command line argument: -Dsun.stderr.encoding=UTF-8
06-May-2025 00:21:22.632 INFO [main] org.apache.catalina.core.AprLifecycleListener.lifecycleEvent The Apache Tomcat Native library which allows using OpenSSL was not found on the java.library.path: [C:\Users\msi\.jdks\openjdk-24\bin;C:\WINDOWS\Sun\Java\bin;C:\WINDOWS\system32;C:\WINDOWS;C:\Program Files\Common Files\Oracle\Java\javapath;C:\WINDOWS\system32;C:\WINDOWS;C:\WINDOWS\System32\Wbem;C:\WINDOWS\System32\WindowsPowerShell\v1.0\;C:\WINDOWS\System32\OpenSSH\;C:\Program Files\NVIDIA Corporation\NVIDIA NvDLISR;C:\Program Files\Git\cmd;C:\Users\msi\AppData\Local\Microsoft\WindowsApps;C:\Users\msi\AppData\Local\Programs\Microsoft VS Code\bin;;.]
06-May-2025 00:21:22.874 INFO [main] org.apache.coyote.AbstractProtocol.init Initializing ProtocolHandler ["http-nio-8080"]
06-May-2025 00:21:22.881 SEVERE [main] org.apache.catalina.util.LifecycleBase.handleSubClassException Failed to initialize component [Connector["http-nio-8080"]]
	org.apache.catalina.LifecycleException: Protocol handler initialization failed
		at org.apache.catalina.connector.Connector.initInternal(Connector.java:1056)
		at org.apache.catalina.util.LifecycleBase.init(LifecycleBase.java:122)
		at org.apache.catalina.core.StandardService.initInternal(StandardService.java:525)
		at org.apache.catalina.util.LifecycleBase.init(LifecycleBase.java:122)
		at org.apache.catalina.core.StandardServer.initInternal(StandardServer.java:953)
		at org.apache.catalina.util.LifecycleBase.init(LifecycleBase.java:122)
		at org.apache.catalina.startup.Catalina.load(Catalina.java:710)
		at org.apache.catalina.startup.Catalina.load(Catalina.java:733)
		at java.base/jdk.internal.reflect.DirectMethodHandleAccessor.invoke(DirectMethodHandleAccessor.java:104)
		at java.base/java.lang.reflect.Method.invoke(Method.java:565)
		at org.apache.catalina.startup.Bootstrap.load(Bootstrap.java:299)
		at org.apache.catalina.startup.Bootstrap.main(Bootstrap.java:469)
	Caused by: java.net.BindException: Address already in use: bind
		at java.base/sun.nio.ch.Net.bind0(Native Method)
		at java.base/sun.nio.ch.Net.bind(Net.java:511)
		at java.base/sun.nio.ch.ServerSocketChannelImpl.netBind(ServerSocketChannelImpl.java:335)
		at java.base/sun.nio.ch.ServerSocketChannelImpl.bind(ServerSocketChannelImpl.java:297)
		at org.apache.tomcat.util.net.NioEndpoint.initServerSocket(NioEndpoint.java:240)
		at org.apache.tomcat.util.net.NioEndpoint.bind(NioEndpoint.java:195)
		at org.apache.tomcat.util.net.AbstractEndpoint.bindWithCleanup(AbstractEndpoint.java:1472)
		at org.apache.tomcat.util.net.AbstractEndpoint.init(AbstractEndpoint.java:1485)
		at org.apache.coyote.AbstractProtocol.init(AbstractProtocol.java:633)
		at org.apache.coyote.http11.AbstractHttp11Protocol.init(AbstractHttp11Protocol.java:83)
		at org.apache.catalina.connector.Connector.initInternal(Connector.java:1054)
		... 11 more
06-May-2025 00:21:22.882 INFO [main] org.apache.catalina.startup.Catalina.load Server initialization in [415] milliseconds
06-May-2025 00:21:22.929 INFO [main] org.apache.catalina.core.StandardService.startInternal Starting service [Catalina]
06-May-2025 00:21:22.929 INFO [main] org.apache.catalina.core.StandardEngine.startInternal Starting Servlet engine: [Apache Tomcat/11.0.5]
06-May-2025 00:21:22.938 INFO [main] org.apache.catalina.startup.HostConfig.deployDescriptor Deploying deployment descriptor [C:\Users\msi\Downloads\Food Delivery Website - Copy\Food Delivery Website - Copy\conf\Catalina\localhost\Food.xml]
06-May-2025 00:21:23.232 INFO [main] org.apache.catalina.startup.HostConfig.deployDescriptor Deployment of deployment descriptor [C:\Users\msi\Downloads\Food Delivery Website - Copy\Food Delivery Website - Copy\conf\Catalina\localhost\Food.xml] has finished in [293] ms
06-May-2025 00:21:23.245 INFO [main] org.apache.catalina.startup.Catalina.start Server startup in [360] milliseconds
06-May-2025 00:21:23.250 SEVERE [main] org.apache.catalina.core.StandardServer.await Failed to create server shutdown socket on address [localhost] and port [8005] (base port [8005] and offset [0])
	java.net.BindException: Address already in use: bind
		at java.base/sun.nio.ch.Net.bind0(Native Method)
		at java.base/sun.nio.ch.Net.bind(Net.java:511)
		at java.base/sun.nio.ch.Net.bind(Net.java:500)
		at java.base/sun.nio.ch.NioSocketImpl.bind(NioSocketImpl.java:630)
		at java.base/java.net.ServerSocket.bind(ServerSocket.java:326)
		at java.base/java.net.ServerSocket.<init>(ServerSocket.java:222)
		at org.apache.catalina.core.StandardServer.await(StandardServer.java:532)
		at org.apache.catalina.startup.Catalina.await(Catalina.java:849)
		at org.apache.catalina.startup.Catalina.start(Catalina.java:797)
		at java.base/jdk.internal.reflect.DirectMethodHandleAccessor.invoke(DirectMethodHandleAccessor.java:104)
		at java.base/java.lang.reflect.Method.invoke(Method.java:565)
		at org.apache.catalina.startup.Bootstrap.start(Bootstrap.java:342)
		at org.apache.catalina.startup.Bootstrap.main(Bootstrap.java:470)
06-May-2025 00:21:23.250 INFO [main] org.apache.coyote.AbstractProtocol.pause Pausing ProtocolHandler ["http-nio-8080"]
06-May-2025 00:21:23.250 INFO [main] org.apache.catalina.core.StandardService.stopInternal Stopping service [Catalina]
06-May-2025 00:21:23.257 INFO [main] org.apache.coyote.AbstractProtocol.stop Stopping ProtocolHandler ["http-nio-8080"]
06-May-2025 00:21:23.258 INFO [main] org.apache.coyote.AbstractProtocol.destroy Destroying ProtocolHandler ["http-nio-8080"]
06-May-2025 00:22:32.489 INFO [main] org.apache.catalina.startup.VersionLoggerListener.log Server version name:   Apache Tomcat/11.0.5
06-May-2025 00:22:32.491 INFO [main] org.apache.catalina.startup.VersionLoggerListener.log Server built:          Feb 28 2025 15:54:41 UTC
06-May-2025 00:22:32.492 INFO [main] org.apache.catalina.startup.VersionLoggerListener.log Server version number: 11.0.5.0
06-May-2025 00:22:32.492 INFO [main] org.apache.catalina.startup.VersionLoggerListener.log OS Name:               Windows 11
06-May-2025 00:22:32.492 INFO [main] org.apache.catalina.startup.VersionLoggerListener.log OS Version:            10.0
06-May-2025 00:22:32.492 INFO [main] org.apache.catalina.startup.VersionLoggerListener.log Architecture:          amd64
06-May-2025 00:22:32.492 INFO [main] org.apache.catalina.startup.VersionLoggerListener.log Java Home:             C:\Users\msi\.jdks\openjdk-24
06-May-2025 00:22:32.492 INFO [main] org.apache.catalina.startup.VersionLoggerListener.log JVM Version:           24+36-3646
06-May-2025 00:22:32.492 INFO [main] org.apache.catalina.startup.VersionLoggerListener.log JVM Vendor:            Oracle Corporation
06-May-2025 00:22:32.492 INFO [main] org.apache.catalina.startup.VersionLoggerListener.log CATALINA_BASE:         C:\Users\msi\Downloads\Food Delivery Website - Copy\Food Delivery Website - Copy
06-May-2025 00:22:32.492 INFO [main] org.apache.catalina.startup.VersionLoggerListener.log CATALINA_HOME:         C:\Program Files\Apache Software Foundation\Tomcat 11.0
06-May-2025 00:22:32.500 INFO [main] org.apache.catalina.startup.VersionLoggerListener.log Command line argument: --add-opens=java.base/java.lang=ALL-UNNAMED
06-May-2025 00:22:32.500 INFO [main] org.apache.catalina.startup.VersionLoggerListener.log Command line argument: --add-opens=java.base/java.io=ALL-UNNAMED
06-May-2025 00:22:32.500 INFO [main] org.apache.catalina.startup.VersionLoggerListener.log Command line argument: --add-opens=java.base/java.util=ALL-UNNAMED
06-May-2025 00:22:32.501 INFO [main] org.apache.catalina.startup.VersionLoggerListener.log Command line argument: --add-opens=java.base/java.util.concurrent=ALL-UNNAMED
06-May-2025 00:22:32.501 INFO [main] org.apache.catalina.startup.VersionLoggerListener.log Command line argument: --add-opens=java.rmi/sun.rmi.transport=ALL-UNNAMED
06-May-2025 00:22:32.501 INFO [main] org.apache.catalina.startup.VersionLoggerListener.log Command line argument: -Dcatalina.home=C:\Program Files\Apache Software Foundation\Tomcat 11.0
06-May-2025 00:22:32.501 INFO [main] org.apache.catalina.startup.VersionLoggerListener.log Command line argument: -Dcatalina.base=C:\Users\msi\Downloads\Food Delivery Website - Copy\Food Delivery Website - Copy
06-May-2025 00:22:32.501 INFO [main] org.apache.catalina.startup.VersionLoggerListener.log Command line argument: -Djava.io.tmpdir=C:\Users\msi\Downloads\Food Delivery Website - Copy\Food Delivery Website - Copy\temp
06-May-2025 00:22:32.501 INFO [main] org.apache.catalina.startup.VersionLoggerListener.log Command line argument: -Djava.util.logging.config.file=C:\Users\msi\Downloads\Food Delivery Website - Copy\Food Delivery Website - Copy\conf\logging.properties
06-May-2025 00:22:32.501 INFO [main] org.apache.catalina.startup.VersionLoggerListener.log Command line argument: -Djava.util.logging.manager=org.apache.juli.ClassLoaderLogManager
06-May-2025 00:22:32.501 INFO [main] org.apache.catalina.startup.VersionLoggerListener.log Command line argument: -javaagent:C:\Users\msi\AppData\Local\JetBrains\IntelliJ IDEA 2024.3.5\lib\idea_rt.jar=55960
06-May-2025 00:22:32.501 INFO [main] org.apache.catalina.startup.VersionLoggerListener.log Command line argument: -Dfile.encoding=UTF-8
06-May-2025 00:22:32.501 INFO [main] org.apache.catalina.startup.VersionLoggerListener.log Command line argument: -Dsun.stdout.encoding=UTF-8
06-May-2025 00:22:32.501 INFO [main] org.apache.catalina.startup.VersionLoggerListener.log Command line argument: -Dsun.stderr.encoding=UTF-8
06-May-2025 00:22:32.505 INFO [main] org.apache.catalina.core.AprLifecycleListener.lifecycleEvent The Apache Tomcat Native library which allows using OpenSSL was not found on the java.library.path: [C:\Users\msi\.jdks\openjdk-24\bin;C:\WINDOWS\Sun\Java\bin;C:\WINDOWS\system32;C:\WINDOWS;C:\Program Files\Common Files\Oracle\Java\javapath;C:\WINDOWS\system32;C:\WINDOWS;C:\WINDOWS\System32\Wbem;C:\WINDOWS\System32\WindowsPowerShell\v1.0\;C:\WINDOWS\System32\OpenSSH\;C:\Program Files\NVIDIA Corporation\NVIDIA NvDLISR;C:\Program Files\Git\cmd;C:\Users\msi\AppData\Local\Microsoft\WindowsApps;C:\Users\msi\AppData\Local\Programs\Microsoft VS Code\bin;;.]
06-May-2025 00:22:32.772 INFO [main] org.apache.coyote.AbstractProtocol.init Initializing ProtocolHandler ["http-nio-8080"]
06-May-2025 00:22:32.783 SEVERE [main] org.apache.catalina.util.LifecycleBase.handleSubClassException Failed to initialize component [Connector["http-nio-8080"]]
	org.apache.catalina.LifecycleException: Protocol handler initialization failed
		at org.apache.catalina.connector.Connector.initInternal(Connector.java:1056)
		at org.apache.catalina.util.LifecycleBase.init(LifecycleBase.java:122)
		at org.apache.catalina.core.StandardService.initInternal(StandardService.java:525)
		at org.apache.catalina.util.LifecycleBase.init(LifecycleBase.java:122)
		at org.apache.catalina.core.StandardServer.initInternal(StandardServer.java:953)
		at org.apache.catalina.util.LifecycleBase.init(LifecycleBase.java:122)
		at org.apache.catalina.startup.Catalina.load(Catalina.java:710)
		at org.apache.catalina.startup.Catalina.load(Catalina.java:733)
		at java.base/jdk.internal.reflect.DirectMethodHandleAccessor.invoke(DirectMethodHandleAccessor.java:104)
		at java.base/java.lang.reflect.Method.invoke(Method.java:565)
		at org.apache.catalina.startup.Bootstrap.load(Bootstrap.java:299)
		at org.apache.catalina.startup.Bootstrap.main(Bootstrap.java:469)
	Caused by: java.net.BindException: Address already in use: bind
		at java.base/sun.nio.ch.Net.bind0(Native Method)
		at java.base/sun.nio.ch.Net.bind(Net.java:511)
		at java.base/sun.nio.ch.ServerSocketChannelImpl.netBind(ServerSocketChannelImpl.java:335)
		at java.base/sun.nio.ch.ServerSocketChannelImpl.bind(ServerSocketChannelImpl.java:297)
		at org.apache.tomcat.util.net.NioEndpoint.initServerSocket(NioEndpoint.java:240)
		at org.apache.tomcat.util.net.NioEndpoint.bind(NioEndpoint.java:195)
		at org.apache.tomcat.util.net.AbstractEndpoint.bindWithCleanup(AbstractEndpoint.java:1472)
		at org.apache.tomcat.util.net.AbstractEndpoint.init(AbstractEndpoint.java:1485)
		at org.apache.coyote.AbstractProtocol.init(AbstractProtocol.java:633)
		at org.apache.coyote.http11.AbstractHttp11Protocol.init(AbstractHttp11Protocol.java:83)
		at org.apache.catalina.connector.Connector.initInternal(Connector.java:1054)
		... 11 more
06-May-2025 00:22:32.785 INFO [main] org.apache.catalina.startup.Catalina.load Server initialization in [479] milliseconds
06-May-2025 00:22:32.849 INFO [main] org.apache.catalina.core.StandardService.startInternal Starting service [Catalina]
06-May-2025 00:22:32.849 INFO [main] org.apache.catalina.core.StandardEngine.startInternal Starting Servlet engine: [Apache Tomcat/11.0.5]
06-May-2025 00:22:32.864 INFO [main] org.apache.catalina.startup.HostConfig.deployDescriptor Deploying deployment descriptor [C:\Users\msi\Downloads\Food Delivery Website - Copy\Food Delivery Website - Copy\conf\Catalina\localhost\Food.xml]
06-May-2025 00:22:33.308 INFO [main] org.apache.catalina.startup.HostConfig.deployDescriptor Deployment of deployment descriptor [C:\Users\msi\Downloads\Food Delivery Website - Copy\Food Delivery Website - Copy\conf\Catalina\localhost\Food.xml] has finished in [442] ms
06-May-2025 00:22:33.324 INFO [main] org.apache.catalina.startup.Catalina.start Server startup in [536] milliseconds
06-May-2025 00:22:33.332 SEVERE [main] org.apache.catalina.core.StandardServer.await Failed to create server shutdown socket on address [localhost] and port [8005] (base port [8005] and offset [0])
	java.net.BindException: Address already in use: bind
		at java.base/sun.nio.ch.Net.bind0(Native Method)
		at java.base/sun.nio.ch.Net.bind(Net.java:511)
		at java.base/sun.nio.ch.Net.bind(Net.java:500)
		at java.base/sun.nio.ch.NioSocketImpl.bind(NioSocketImpl.java:630)
		at java.base/java.net.ServerSocket.bind(ServerSocket.java:326)
		at java.base/java.net.ServerSocket.<init>(ServerSocket.java:222)
		at org.apache.catalina.core.StandardServer.await(StandardServer.java:532)
		at org.apache.catalina.startup.Catalina.await(Catalina.java:849)
		at org.apache.catalina.startup.Catalina.start(Catalina.java:797)
		at java.base/jdk.internal.reflect.DirectMethodHandleAccessor.invoke(DirectMethodHandleAccessor.java:104)
		at java.base/java.lang.reflect.Method.invoke(Method.java:565)
		at org.apache.catalina.startup.Bootstrap.start(Bootstrap.java:342)
		at org.apache.catalina.startup.Bootstrap.main(Bootstrap.java:470)
06-May-2025 00:22:33.333 INFO [main] org.apache.coyote.AbstractProtocol.pause Pausing ProtocolHandler ["http-nio-8080"]
06-May-2025 00:22:33.333 INFO [main] org.apache.catalina.core.StandardService.stopInternal Stopping service [Catalina]
06-May-2025 00:22:33.344 INFO [main] org.apache.coyote.AbstractProtocol.stop Stopping ProtocolHandler ["http-nio-8080"]
06-May-2025 00:22:33.345 INFO [main] org.apache.coyote.AbstractProtocol.destroy Destroying ProtocolHandler ["http-nio-8080"]
06-May-2025 00:22:41.697 INFO [Catalina-utility-2] org.apache.catalina.startup.HostConfig.undeploy Undeploying context [/Food]
06-May-2025 00:22:41.715 INFO [Catalina-utility-2] org.apache.catalina.startup.HostConfig.deployDescriptor Deploying deployment descriptor [C:\Users\msi\Downloads\Food Delivery Website - Copy\Food Delivery Website - Copy\conf\Catalina\localhost\Food.xml]
06-May-2025 00:22:42.035 INFO [Catalina-utility-2] org.apache.catalina.startup.HostConfig.deployDescriptor Deployment of deployment descriptor [C:\Users\msi\Downloads\Food Delivery Website - Copy\Food Delivery Website - Copy\conf\Catalina\localhost\Food.xml] has finished in [320] ms
06-May-2025 00:28:25.247 INFO [Thread-1] org.apache.coyote.AbstractProtocol.pause Pausing ProtocolHandler ["http-nio-8080"]
06-May-2025 00:28:25.287 INFO [Thread-1] org.apache.catalina.core.StandardService.stopInternal Stopping service [Catalina]
06-May-2025 00:28:25.299 INFO [Thread-1] org.apache.coyote.AbstractProtocol.stop Stopping ProtocolHandler ["http-nio-8080"]
06-May-2025 00:28:25.371 INFO [Thread-1] org.apache.coyote.AbstractProtocol.destroy Destroying ProtocolHandler ["http-nio-8080"]
06-May-2025 00:29:44.081 INFO [main] org.apache.catalina.startup.VersionLoggerListener.log Server version name:   Apache Tomcat/11.0.5
06-May-2025 00:29:44.084 INFO [main] org.apache.catalina.startup.VersionLoggerListener.log Server built:          Feb 28 2025 15:54:41 UTC
06-May-2025 00:29:44.084 INFO [main] org.apache.catalina.startup.VersionLoggerListener.log Server version number: 11.0.5.0
06-May-2025 00:29:44.084 INFO [main] org.apache.catalina.startup.VersionLoggerListener.log OS Name:               Windows 11
06-May-2025 00:29:44.084 INFO [main] org.apache.catalina.startup.VersionLoggerListener.log OS Version:            10.0
06-May-2025 00:29:44.084 INFO [main] org.apache.catalina.startup.VersionLoggerListener.log Architecture:          amd64
06-May-2025 00:29:44.084 INFO [main] org.apache.catalina.startup.VersionLoggerListener.log Java Home:             C:\Users\msi\.jdks\openjdk-24
06-May-2025 00:29:44.085 INFO [main] org.apache.catalina.startup.VersionLoggerListener.log JVM Version:           24+36-3646
06-May-2025 00:29:44.085 INFO [main] org.apache.catalina.startup.VersionLoggerListener.log JVM Vendor:            Oracle Corporation
06-May-2025 00:29:44.085 INFO [main] org.apache.catalina.startup.VersionLoggerListener.log CATALINA_BASE:         C:\Users\msi\Downloads\Food Delivery Website - Copy\Food Delivery Website - Copy
06-May-2025 00:29:44.085 INFO [main] org.apache.catalina.startup.VersionLoggerListener.log CATALINA_HOME:         C:\Program Files\Apache Software Foundation\Tomcat 11.0
06-May-2025 00:29:44.095 INFO [main] org.apache.catalina.startup.VersionLoggerListener.log Command line argument: --add-opens=java.base/java.lang=ALL-UNNAMED
06-May-2025 00:29:44.095 INFO [main] org.apache.catalina.startup.VersionLoggerListener.log Command line argument: --add-opens=java.base/java.io=ALL-UNNAMED
06-May-2025 00:29:44.095 INFO [main] org.apache.catalina.startup.VersionLoggerListener.log Command line argument: --add-opens=java.base/java.util=ALL-UNNAMED
06-May-2025 00:29:44.095 INFO [main] org.apache.catalina.startup.VersionLoggerListener.log Command line argument: --add-opens=java.base/java.util.concurrent=ALL-UNNAMED
06-May-2025 00:29:44.095 INFO [main] org.apache.catalina.startup.VersionLoggerListener.log Command line argument: --add-opens=java.rmi/sun.rmi.transport=ALL-UNNAMED
06-May-2025 00:29:44.095 INFO [main] org.apache.catalina.startup.VersionLoggerListener.log Command line argument: -Dcatalina.home=C:\Program Files\Apache Software Foundation\Tomcat 11.0
06-May-2025 00:29:44.096 INFO [main] org.apache.catalina.startup.VersionLoggerListener.log Command line argument: -Dcatalina.base=C:\Users\msi\Downloads\Food Delivery Website - Copy\Food Delivery Website - Copy
06-May-2025 00:29:44.096 INFO [main] org.apache.catalina.startup.VersionLoggerListener.log Command line argument: -Djava.io.tmpdir=C:\Users\msi\Downloads\Food Delivery Website - Copy\Food Delivery Website - Copy\temp
06-May-2025 00:29:44.096 INFO [main] org.apache.catalina.startup.VersionLoggerListener.log Command line argument: -Djava.util.logging.config.file=C:\Users\msi\Downloads\Food Delivery Website - Copy\Food Delivery Website - Copy\conf\logging.properties
06-May-2025 00:29:44.096 INFO [main] org.apache.catalina.startup.VersionLoggerListener.log Command line argument: -Djava.util.logging.manager=org.apache.juli.ClassLoaderLogManager
06-May-2025 00:29:44.096 INFO [main] org.apache.catalina.startup.VersionLoggerListener.log Command line argument: -javaagent:C:\Users\msi\AppData\Local\JetBrains\IntelliJ IDEA 2024.3.5\lib\idea_rt.jar=56170
06-May-2025 00:29:44.096 INFO [main] org.apache.catalina.startup.VersionLoggerListener.log Command line argument: -Dfile.encoding=UTF-8
06-May-2025 00:29:44.096 INFO [main] org.apache.catalina.startup.VersionLoggerListener.log Command line argument: -Dsun.stdout.encoding=UTF-8
06-May-2025 00:29:44.096 INFO [main] org.apache.catalina.startup.VersionLoggerListener.log Command line argument: -Dsun.stderr.encoding=UTF-8
06-May-2025 00:29:44.099 INFO [main] org.apache.catalina.core.AprLifecycleListener.lifecycleEvent The Apache Tomcat Native library which allows using OpenSSL was not found on the java.library.path: [C:\Users\msi\.jdks\openjdk-24\bin;C:\WINDOWS\Sun\Java\bin;C:\WINDOWS\system32;C:\WINDOWS;C:\Program Files\Common Files\Oracle\Java\javapath;C:\WINDOWS\system32;C:\WINDOWS;C:\WINDOWS\System32\Wbem;C:\WINDOWS\System32\WindowsPowerShell\v1.0\;C:\WINDOWS\System32\OpenSSH\;C:\Program Files\NVIDIA Corporation\NVIDIA NvDLISR;C:\Program Files\Git\cmd;C:\Users\msi\AppData\Local\Microsoft\WindowsApps;C:\Users\msi\AppData\Local\Programs\Microsoft VS Code\bin;;.]
06-May-2025 00:29:44.345 INFO [main] org.apache.coyote.AbstractProtocol.init Initializing ProtocolHandler ["http-nio-8080"]
06-May-2025 00:29:44.362 INFO [main] org.apache.catalina.startup.Catalina.load Server initialization in [482] milliseconds
06-May-2025 00:29:44.410 INFO [main] org.apache.catalina.core.StandardService.startInternal Starting service [Catalina]
06-May-2025 00:29:44.410 INFO [main] org.apache.catalina.core.StandardEngine.startInternal Starting Servlet engine: [Apache Tomcat/11.0.5]
06-May-2025 00:29:44.418 INFO [main] org.apache.catalina.startup.HostConfig.deployDescriptor Deploying deployment descriptor [C:\Users\msi\Downloads\Food Delivery Website - Copy\Food Delivery Website - Copy\conf\Catalina\localhost\Food.xml]
06-May-2025 00:29:44.739 INFO [main] org.apache.catalina.startup.HostConfig.deployDescriptor Deployment of deployment descriptor [C:\Users\msi\Downloads\Food Delivery Website - Copy\Food Delivery Website - Copy\conf\Catalina\localhost\Food.xml] has finished in [318] ms
06-May-2025 00:29:44.745 INFO [main] org.apache.coyote.AbstractProtocol.start Starting ProtocolHandler ["http-nio-8080"]
06-May-2025 00:29:44.779 INFO [main] org.apache.catalina.startup.Catalina.start Server startup in [415] milliseconds
06-May-2025 00:30:15.825 INFO [Thread-1] org.apache.coyote.AbstractProtocol.pause Pausing ProtocolHandler ["http-nio-8080"]
06-May-2025 00:30:15.866 INFO [Thread-1] org.apache.catalina.core.StandardService.stopInternal Stopping service [Catalina]
06-May-2025 00:30:15.989 INFO [Thread-1] org.apache.coyote.AbstractProtocol.stop Stopping ProtocolHandler ["http-nio-8080"]
06-May-2025 00:30:16.000 INFO [Thread-1] org.apache.coyote.AbstractProtocol.destroy Destroying ProtocolHandler ["http-nio-8080"]
06-May-2025 00:30:35.583 INFO [main] org.apache.catalina.startup.VersionLoggerListener.log Server version name:   Apache Tomcat/11.0.5
06-May-2025 00:30:35.587 INFO [main] org.apache.catalina.startup.VersionLoggerListener.log Server built:          Feb 28 2025 15:54:41 UTC
06-May-2025 00:30:35.587 INFO [main] org.apache.catalina.startup.VersionLoggerListener.log Server version number: 11.0.5.0
06-May-2025 00:30:35.588 INFO [main] org.apache.catalina.startup.VersionLoggerListener.log OS Name:               Windows 11
06-May-2025 00:30:35.588 INFO [main] org.apache.catalina.startup.VersionLoggerListener.log OS Version:            10.0
06-May-2025 00:30:35.588 INFO [main] org.apache.catalina.startup.VersionLoggerListener.log Architecture:          amd64
06-May-2025 00:30:35.588 INFO [main] org.apache.catalina.startup.VersionLoggerListener.log Java Home:             C:\Users\msi\.jdks\openjdk-24
06-May-2025 00:30:35.588 INFO [main] org.apache.catalina.startup.VersionLoggerListener.log JVM Version:           24+36-3646
06-May-2025 00:30:35.588 INFO [main] org.apache.catalina.startup.VersionLoggerListener.log JVM Vendor:            Oracle Corporation
06-May-2025 00:30:35.588 INFO [main] org.apache.catalina.startup.VersionLoggerListener.log CATALINA_BASE:         C:\Users\msi\Downloads\Food Delivery Website - Copy\Food Delivery Website - Copy
06-May-2025 00:30:35.588 INFO [main] org.apache.catalina.startup.VersionLoggerListener.log CATALINA_HOME:         C:\Program Files\Apache Software Foundation\Tomcat 11.0
06-May-2025 00:30:35.599 INFO [main] org.apache.catalina.startup.VersionLoggerListener.log Command line argument: --add-opens=java.base/java.lang=ALL-UNNAMED
06-May-2025 00:30:35.600 INFO [main] org.apache.catalina.startup.VersionLoggerListener.log Command line argument: --add-opens=java.base/java.io=ALL-UNNAMED
06-May-2025 00:30:35.600 INFO [main] org.apache.catalina.startup.VersionLoggerListener.log Command line argument: --add-opens=java.base/java.util=ALL-UNNAMED
06-May-2025 00:30:35.600 INFO [main] org.apache.catalina.startup.VersionLoggerListener.log Command line argument: --add-opens=java.base/java.util.concurrent=ALL-UNNAMED
06-May-2025 00:30:35.600 INFO [main] org.apache.catalina.startup.VersionLoggerListener.log Command line argument: --add-opens=java.rmi/sun.rmi.transport=ALL-UNNAMED
06-May-2025 00:30:35.600 INFO [main] org.apache.catalina.startup.VersionLoggerListener.log Command line argument: -Dcatalina.home=C:\Program Files\Apache Software Foundation\Tomcat 11.0
06-May-2025 00:30:35.600 INFO [main] org.apache.catalina.startup.VersionLoggerListener.log Command line argument: -Dcatalina.base=C:\Users\msi\Downloads\Food Delivery Website - Copy\Food Delivery Website - Copy
06-May-2025 00:30:35.600 INFO [main] org.apache.catalina.startup.VersionLoggerListener.log Command line argument: -Djava.io.tmpdir=C:\Users\msi\Downloads\Food Delivery Website - Copy\Food Delivery Website - Copy\temp
06-May-2025 00:30:35.600 INFO [main] org.apache.catalina.startup.VersionLoggerListener.log Command line argument: -Djava.util.logging.config.file=C:\Users\msi\Downloads\Food Delivery Website - Copy\Food Delivery Website - Copy\conf\logging.properties
06-May-2025 00:30:35.600 INFO [main] org.apache.catalina.startup.VersionLoggerListener.log Command line argument: -Djava.util.logging.manager=org.apache.juli.ClassLoaderLogManager
06-May-2025 00:30:35.601 INFO [main] org.apache.catalina.startup.VersionLoggerListener.log Command line argument: -javaagent:C:\Users\msi\AppData\Local\JetBrains\IntelliJ IDEA 2024.3.5\lib\idea_rt.jar=56206
06-May-2025 00:30:35.601 INFO [main] org.apache.catalina.startup.VersionLoggerListener.log Command line argument: -Dfile.encoding=UTF-8
06-May-2025 00:30:35.601 INFO [main] org.apache.catalina.startup.VersionLoggerListener.log Command line argument: -Dsun.stdout.encoding=UTF-8
06-May-2025 00:30:35.601 INFO [main] org.apache.catalina.startup.VersionLoggerListener.log Command line argument: -Dsun.stderr.encoding=UTF-8
06-May-2025 00:30:35.604 INFO [main] org.apache.catalina.core.AprLifecycleListener.lifecycleEvent The Apache Tomcat Native library which allows using OpenSSL was not found on the java.library.path: [C:\Users\msi\.jdks\openjdk-24\bin;C:\WINDOWS\Sun\Java\bin;C:\WINDOWS\system32;C:\WINDOWS;C:\Program Files\Common Files\Oracle\Java\javapath;C:\WINDOWS\system32;C:\WINDOWS;C:\WINDOWS\System32\Wbem;C:\WINDOWS\System32\WindowsPowerShell\v1.0\;C:\WINDOWS\System32\OpenSSH\;C:\Program Files\NVIDIA Corporation\NVIDIA NvDLISR;C:\Program Files\Git\cmd;C:\Users\msi\AppData\Local\Microsoft\WindowsApps;C:\Users\msi\AppData\Local\Programs\Microsoft VS Code\bin;;.]
06-May-2025 00:30:35.837 INFO [main] org.apache.coyote.AbstractProtocol.init Initializing ProtocolHandler ["http-nio-8080"]
06-May-2025 00:30:35.852 INFO [main] org.apache.catalina.startup.Catalina.load Server initialization in [460] milliseconds
06-May-2025 00:30:35.903 INFO [main] org.apache.catalina.core.StandardService.startInternal Starting service [Catalina]
06-May-2025 00:30:35.904 INFO [main] org.apache.catalina.core.StandardEngine.startInternal Starting Servlet engine: [Apache Tomcat/11.0.5]
06-May-2025 00:30:35.915 INFO [main] org.apache.catalina.startup.HostConfig.deployDescriptor Deploying deployment descriptor [C:\Users\msi\Downloads\Food Delivery Website - Copy\Food Delivery Website - Copy\conf\Catalina\localhost\index.html.xml]
06-May-2025 00:30:36.219 INFO [main] org.apache.catalina.startup.HostConfig.deployDescriptor Deployment of deployment descriptor [C:\Users\msi\Downloads\Food Delivery Website - Copy\Food Delivery Website - Copy\conf\Catalina\localhost\index.html.xml] has finished in [304] ms
06-May-2025 00:30:36.222 INFO [main] org.apache.coyote.AbstractProtocol.start Starting ProtocolHandler ["http-nio-8080"]
06-May-2025 00:30:36.254 INFO [main] org.apache.catalina.startup.Catalina.start Server startup in [398] milliseconds
06-May-2025 00:31:12.522 INFO [Thread-1] org.apache.coyote.AbstractProtocol.pause Pausing ProtocolHandler ["http-nio-8080"]
06-May-2025 00:31:12.567 INFO [Thread-1] org.apache.catalina.core.StandardService.stopInternal Stopping service [Catalina]
06-May-2025 00:31:12.625 INFO [Thread-1] org.apache.coyote.AbstractProtocol.stop Stopping ProtocolHandler ["http-nio-8080"]
06-May-2025 00:31:12.671 INFO [Thread-1] org.apache.coyote.AbstractProtocol.destroy Destroying ProtocolHandler ["http-nio-8080"]
06-May-2025 00:31:15.383 INFO [main] org.apache.catalina.startup.VersionLoggerListener.log Server version name:   Apache Tomcat/11.0.5
06-May-2025 00:31:15.386 INFO [main] org.apache.catalina.startup.VersionLoggerListener.log Server built:          Feb 28 2025 15:54:41 UTC
06-May-2025 00:31:15.387 INFO [main] org.apache.catalina.startup.VersionLoggerListener.log Server version number: 11.0.5.0
06-May-2025 00:31:15.387 INFO [main] org.apache.catalina.startup.VersionLoggerListener.log OS Name:               Windows 11
06-May-2025 00:31:15.387 INFO [main] org.apache.catalina.startup.VersionLoggerListener.log OS Version:            10.0
06-May-2025 00:31:15.387 INFO [main] org.apache.catalina.startup.VersionLoggerListener.log Architecture:          amd64
06-May-2025 00:31:15.387 INFO [main] org.apache.catalina.startup.VersionLoggerListener.log Java Home:             C:\Users\msi\.jdks\openjdk-24
06-May-2025 00:31:15.387 INFO [main] org.apache.catalina.startup.VersionLoggerListener.log JVM Version:           24+36-3646
06-May-2025 00:31:15.387 INFO [main] org.apache.catalina.startup.VersionLoggerListener.log JVM Vendor:            Oracle Corporation
06-May-2025 00:31:15.387 INFO [main] org.apache.catalina.startup.VersionLoggerListener.log CATALINA_BASE:         C:\Users\msi\Downloads\Food Delivery Website - Copy\Food Delivery Website - Copy
06-May-2025 00:31:15.387 INFO [main] org.apache.catalina.startup.VersionLoggerListener.log CATALINA_HOME:         C:\Program Files\Apache Software Foundation\Tomcat 11.0
06-May-2025 00:31:15.398 INFO [main] org.apache.catalina.startup.VersionLoggerListener.log Command line argument: --add-opens=java.base/java.lang=ALL-UNNAMED
06-May-2025 00:31:15.398 INFO [main] org.apache.catalina.startup.VersionLoggerListener.log Command line argument: --add-opens=java.base/java.io=ALL-UNNAMED
06-May-2025 00:31:15.398 INFO [main] org.apache.catalina.startup.VersionLoggerListener.log Command line argument: --add-opens=java.base/java.util=ALL-UNNAMED
06-May-2025 00:31:15.398 INFO [main] org.apache.catalina.startup.VersionLoggerListener.log Command line argument: --add-opens=java.base/java.util.concurrent=ALL-UNNAMED
06-May-2025 00:31:15.398 INFO [main] org.apache.catalina.startup.VersionLoggerListener.log Command line argument: --add-opens=java.rmi/sun.rmi.transport=ALL-UNNAMED
06-May-2025 00:31:15.398 INFO [main] org.apache.catalina.startup.VersionLoggerListener.log Command line argument: -Dcatalina.home=C:\Program Files\Apache Software Foundation\Tomcat 11.0
06-May-2025 00:31:15.398 INFO [main] org.apache.catalina.startup.VersionLoggerListener.log Command line argument: -Dcatalina.base=C:\Users\msi\Downloads\Food Delivery Website - Copy\Food Delivery Website - Copy
06-May-2025 00:31:15.399 INFO [main] org.apache.catalina.startup.VersionLoggerListener.log Command line argument: -Djava.io.tmpdir=C:\Users\msi\Downloads\Food Delivery Website - Copy\Food Delivery Website - Copy\temp
06-May-2025 00:31:15.399 INFO [main] org.apache.catalina.startup.VersionLoggerListener.log Command line argument: -Djava.util.logging.config.file=C:\Users\msi\Downloads\Food Delivery Website - Copy\Food Delivery Website - Copy\conf\logging.properties
06-May-2025 00:31:15.399 INFO [main] org.apache.catalina.startup.VersionLoggerListener.log Command line argument: -Djava.util.logging.manager=org.apache.juli.ClassLoaderLogManager
06-May-2025 00:31:15.399 INFO [main] org.apache.catalina.startup.VersionLoggerListener.log Command line argument: -javaagent:C:\Users\msi\AppData\Local\JetBrains\IntelliJ IDEA 2024.3.5\lib\idea_rt.jar=56220
06-May-2025 00:31:15.399 INFO [main] org.apache.catalina.startup.VersionLoggerListener.log Command line argument: -Dfile.encoding=UTF-8
06-May-2025 00:31:15.399 INFO [main] org.apache.catalina.startup.VersionLoggerListener.log Command line argument: -Dsun.stdout.encoding=UTF-8
06-May-2025 00:31:15.399 INFO [main] org.apache.catalina.startup.VersionLoggerListener.log Command line argument: -Dsun.stderr.encoding=UTF-8
06-May-2025 00:31:15.403 INFO [main] org.apache.catalina.core.AprLifecycleListener.lifecycleEvent The Apache Tomcat Native library which allows using OpenSSL was not found on the java.library.path: [C:\Users\msi\.jdks\openjdk-24\bin;C:\WINDOWS\Sun\Java\bin;C:\WINDOWS\system32;C:\WINDOWS;C:\Program Files\Common Files\Oracle\Java\javapath;C:\WINDOWS\system32;C:\WINDOWS;C:\WINDOWS\System32\Wbem;C:\WINDOWS\System32\WindowsPowerShell\v1.0\;C:\WINDOWS\System32\OpenSSH\;C:\Program Files\NVIDIA Corporation\NVIDIA NvDLISR;C:\Program Files\Git\cmd;C:\Users\msi\AppData\Local\Microsoft\WindowsApps;C:\Users\msi\AppData\Local\Programs\Microsoft VS Code\bin;;.]
06-May-2025 00:31:15.631 INFO [main] org.apache.coyote.AbstractProtocol.init Initializing ProtocolHandler ["http-nio-8080"]
06-May-2025 00:31:15.644 INFO [main] org.apache.catalina.startup.Catalina.load Server initialization in [406] milliseconds
06-May-2025 00:31:15.687 INFO [main] org.apache.catalina.core.StandardService.startInternal Starting service [Catalina]
06-May-2025 00:31:15.687 INFO [main] org.apache.catalina.core.StandardEngine.startInternal Starting Servlet engine: [Apache Tomcat/11.0.5]
06-May-2025 00:31:15.696 INFO [main] org.apache.catalina.startup.HostConfig.deployDescriptor Deploying deployment descriptor [C:\Users\msi\Downloads\Food Delivery Website - Copy\Food Delivery Website - Copy\conf\Catalina\localhost\ROOT.xml]
06-May-2025 00:31:15.974 INFO [main] org.apache.catalina.startup.HostConfig.deployDescriptor Deployment of deployment descriptor [C:\Users\msi\Downloads\Food Delivery Website - Copy\Food Delivery Website - Copy\conf\Catalina\localhost\ROOT.xml] has finished in [277] ms
06-May-2025 00:31:15.986 INFO [main] org.apache.coyote.AbstractProtocol.start Starting ProtocolHandler ["http-nio-8080"]
06-May-2025 00:31:16.010 INFO [main] org.apache.catalina.startup.Catalina.start Server startup in [363] milliseconds
06-May-2025 00:33:36.652 INFO [Thread-1] org.apache.coyote.AbstractProtocol.pause Pausing ProtocolHandler ["http-nio-8080"]
06-May-2025 00:33:36.789 INFO [Thread-1] org.apache.catalina.core.StandardService.stopInternal Stopping service [Catalina]
06-May-2025 00:33:36.861 INFO [Thread-1] org.apache.coyote.AbstractProtocol.stop Stopping ProtocolHandler ["http-nio-8080"]
06-May-2025 00:33:36.904 INFO [Thread-1] org.apache.coyote.AbstractProtocol.destroy Destroying ProtocolHandler ["http-nio-8080"]
06-May-2025 00:33:44.640 INFO [main] org.apache.catalina.startup.VersionLoggerListener.log Server version name:   Apache Tomcat/11.0.5
06-May-2025 00:33:44.643 INFO [main] org.apache.catalina.startup.VersionLoggerListener.log Server built:          Feb 28 2025 15:54:41 UTC
06-May-2025 00:33:44.643 INFO [main] org.apache.catalina.startup.VersionLoggerListener.log Server version number: 11.0.5.0
06-May-2025 00:33:44.643 INFO [main] org.apache.catalina.startup.VersionLoggerListener.log OS Name:               Windows 11
06-May-2025 00:33:44.643 INFO [main] org.apache.catalina.startup.VersionLoggerListener.log OS Version:            10.0
06-May-2025 00:33:44.643 INFO [main] org.apache.catalina.startup.VersionLoggerListener.log Architecture:          amd64
06-May-2025 00:33:44.644 INFO [main] org.apache.catalina.startup.VersionLoggerListener.log Java Home:             C:\Users\msi\.jdks\openjdk-24
06-May-2025 00:33:44.644 INFO [main] org.apache.catalina.startup.VersionLoggerListener.log JVM Version:           24+36-3646
06-May-2025 00:33:44.644 INFO [main] org.apache.catalina.startup.VersionLoggerListener.log JVM Vendor:            Oracle Corporation
06-May-2025 00:33:44.644 INFO [main] org.apache.catalina.startup.VersionLoggerListener.log CATALINA_BASE:         C:\Users\msi\Downloads\Food Delivery Website - Copy\Food Delivery Website - Copy
06-May-2025 00:33:44.644 INFO [main] org.apache.catalina.startup.VersionLoggerListener.log CATALINA_HOME:         C:\Program Files\Apache Software Foundation\Tomcat 11.0
06-May-2025 00:33:44.653 INFO [main] org.apache.catalina.startup.VersionLoggerListener.log Command line argument: --add-opens=java.base/java.lang=ALL-UNNAMED
06-May-2025 00:33:44.654 INFO [main] org.apache.catalina.startup.VersionLoggerListener.log Command line argument: --add-opens=java.base/java.io=ALL-UNNAMED
06-May-2025 00:33:44.654 INFO [main] org.apache.catalina.startup.VersionLoggerListener.log Command line argument: --add-opens=java.base/java.util=ALL-UNNAMED
06-May-2025 00:33:44.654 INFO [main] org.apache.catalina.startup.VersionLoggerListener.log Command line argument: --add-opens=java.base/java.util.concurrent=ALL-UNNAMED
06-May-2025 00:33:44.654 INFO [main] org.apache.catalina.startup.VersionLoggerListener.log Command line argument: --add-opens=java.rmi/sun.rmi.transport=ALL-UNNAMED
06-May-2025 00:33:44.654 INFO [main] org.apache.catalina.startup.VersionLoggerListener.log Command line argument: -Dcatalina.home=C:\Program Files\Apache Software Foundation\Tomcat 11.0
06-May-2025 00:33:44.654 INFO [main] org.apache.catalina.startup.VersionLoggerListener.log Command line argument: -Dcatalina.base=C:\Users\msi\Downloads\Food Delivery Website - Copy\Food Delivery Website - Copy
06-May-2025 00:33:44.654 INFO [main] org.apache.catalina.startup.VersionLoggerListener.log Command line argument: -Djava.io.tmpdir=C:\Users\msi\Downloads\Food Delivery Website - Copy\Food Delivery Website - Copy\temp
06-May-2025 00:33:44.654 INFO [main] org.apache.catalina.startup.VersionLoggerListener.log Command line argument: -Djava.util.logging.config.file=C:\Users\msi\Downloads\Food Delivery Website - Copy\Food Delivery Website - Copy\conf\logging.properties
06-May-2025 00:33:44.654 INFO [main] org.apache.catalina.startup.VersionLoggerListener.log Command line argument: -Djava.util.logging.manager=org.apache.juli.ClassLoaderLogManager
06-May-2025 00:33:44.654 INFO [main] org.apache.catalina.startup.VersionLoggerListener.log Command line argument: -javaagent:C:\Users\msi\AppData\Local\JetBrains\IntelliJ IDEA 2024.3.5\lib\idea_rt.jar=56364
06-May-2025 00:33:44.654 INFO [main] org.apache.catalina.startup.VersionLoggerListener.log Command line argument: -Dfile.encoding=UTF-8
06-May-2025 00:33:44.654 INFO [main] org.apache.catalina.startup.VersionLoggerListener.log Command line argument: -Dsun.stdout.encoding=UTF-8
06-May-2025 00:33:44.654 INFO [main] org.apache.catalina.startup.VersionLoggerListener.log Command line argument: -Dsun.stderr.encoding=UTF-8
06-May-2025 00:33:44.658 INFO [main] org.apache.catalina.core.AprLifecycleListener.lifecycleEvent The Apache Tomcat Native library which allows using OpenSSL was not found on the java.library.path: [C:\Users\msi\.jdks\openjdk-24\bin;C:\WINDOWS\Sun\Java\bin;C:\WINDOWS\system32;C:\WINDOWS;C:\Program Files\Common Files\Oracle\Java\javapath;C:\WINDOWS\system32;C:\WINDOWS;C:\WINDOWS\System32\Wbem;C:\WINDOWS\System32\WindowsPowerShell\v1.0\;C:\WINDOWS\System32\OpenSSH\;C:\Program Files\NVIDIA Corporation\NVIDIA NvDLISR;C:\Program Files\Git\cmd;C:\Users\msi\AppData\Local\Microsoft\WindowsApps;C:\Users\msi\AppData\Local\Programs\Microsoft VS Code\bin;;.]
06-May-2025 00:33:44.927 INFO [main] org.apache.coyote.AbstractProtocol.init Initializing ProtocolHandler ["http-nio-8080"]
06-May-2025 00:33:44.948 INFO [main] org.apache.catalina.startup.Catalina.load Server initialization in [593] milliseconds
06-May-2025 00:33:45.004 INFO [main] org.apache.catalina.core.StandardService.startInternal Starting service [Catalina]
06-May-2025 00:33:45.005 INFO [main] org.apache.catalina.core.StandardEngine.startInternal Starting Servlet engine: [Apache Tomcat/11.0.5]
06-May-2025 00:33:45.013 INFO [main] org.apache.catalina.startup.HostConfig.deployDescriptor Deploying deployment descriptor [C:\Users\msi\Downloads\Food Delivery Website - Copy\Food Delivery Website - Copy\conf\Catalina\localhost\ROOT.xml]
06-May-2025 00:33:45.351 INFO [main] org.apache.catalina.startup.HostConfig.deployDescriptor Deployment of deployment descriptor [C:\Users\msi\Downloads\Food Delivery Website - Copy\Food Delivery Website - Copy\conf\Catalina\localhost\ROOT.xml] has finished in [337] ms
06-May-2025 00:33:45.360 INFO [main] org.apache.coyote.AbstractProtocol.start Starting ProtocolHandler ["http-nio-8080"]
06-May-2025 00:33:45.385 INFO [main] org.apache.catalina.startup.Catalina.start Server startup in [435] milliseconds
06-May-2025 00:34:40.206 INFO [Thread-1] org.apache.coyote.AbstractProtocol.pause Pausing ProtocolHandler ["http-nio-8080"]
06-May-2025 00:34:40.245 INFO [Thread-1] org.apache.catalina.core.StandardService.stopInternal Stopping service [Catalina]
06-May-2025 00:34:40.268 INFO [Thread-1] org.apache.coyote.AbstractProtocol.stop Stopping ProtocolHandler ["http-nio-8080"]
06-May-2025 00:34:50.185 INFO [main] org.apache.catalina.startup.VersionLoggerListener.log Server version name:   Apache Tomcat/11.0.5
06-May-2025 00:34:50.188 INFO [main] org.apache.catalina.startup.VersionLoggerListener.log Server built:          Feb 28 2025 15:54:41 UTC
06-May-2025 00:34:50.189 INFO [main] org.apache.catalina.startup.VersionLoggerListener.log Server version number: 11.0.5.0
06-May-2025 00:34:50.189 INFO [main] org.apache.catalina.startup.VersionLoggerListener.log OS Name:               Windows 11
06-May-2025 00:34:50.189 INFO [main] org.apache.catalina.startup.VersionLoggerListener.log OS Version:            10.0
06-May-2025 00:34:50.189 INFO [main] org.apache.catalina.startup.VersionLoggerListener.log Architecture:          amd64
06-May-2025 00:34:50.189 INFO [main] org.apache.catalina.startup.VersionLoggerListener.log Java Home:             C:\Users\msi\.jdks\openjdk-24
06-May-2025 00:34:50.189 INFO [main] org.apache.catalina.startup.VersionLoggerListener.log JVM Version:           24+36-3646
06-May-2025 00:34:50.189 INFO [main] org.apache.catalina.startup.VersionLoggerListener.log JVM Vendor:            Oracle Corporation
06-May-2025 00:34:50.189 INFO [main] org.apache.catalina.startup.VersionLoggerListener.log CATALINA_BASE:         C:\Users\msi\Downloads\Food Delivery Website - Copy\Food Delivery Website - Copy
06-May-2025 00:34:50.189 INFO [main] org.apache.catalina.startup.VersionLoggerListener.log CATALINA_HOME:         C:\Program Files\Apache Software Foundation\Tomcat 11.0
06-May-2025 00:34:50.198 INFO [main] org.apache.catalina.startup.VersionLoggerListener.log Command line argument: --add-opens=java.base/java.lang=ALL-UNNAMED
06-May-2025 00:34:50.198 INFO [main] org.apache.catalina.startup.VersionLoggerListener.log Command line argument: --add-opens=java.base/java.io=ALL-UNNAMED
06-May-2025 00:34:50.198 INFO [main] org.apache.catalina.startup.VersionLoggerListener.log Command line argument: --add-opens=java.base/java.util=ALL-UNNAMED
06-May-2025 00:34:50.198 INFO [main] org.apache.catalina.startup.VersionLoggerListener.log Command line argument: --add-opens=java.base/java.util.concurrent=ALL-UNNAMED
06-May-2025 00:34:50.198 INFO [main] org.apache.catalina.startup.VersionLoggerListener.log Command line argument: --add-opens=java.rmi/sun.rmi.transport=ALL-UNNAMED
06-May-2025 00:34:50.198 INFO [main] org.apache.catalina.startup.VersionLoggerListener.log Command line argument: -Dcatalina.home=C:\Program Files\Apache Software Foundation\Tomcat 11.0
06-May-2025 00:34:50.198 INFO [main] org.apache.catalina.startup.VersionLoggerListener.log Command line argument: -Dcatalina.base=C:\Users\msi\Downloads\Food Delivery Website - Copy\Food Delivery Website - Copy
06-May-2025 00:34:50.199 INFO [main] org.apache.catalina.startup.VersionLoggerListener.log Command line argument: -Djava.io.tmpdir=C:\Users\msi\Downloads\Food Delivery Website - Copy\Food Delivery Website - Copy\temp
06-May-2025 00:34:50.199 INFO [main] org.apache.catalina.startup.VersionLoggerListener.log Command line argument: -Djava.util.logging.config.file=C:\Users\msi\Downloads\Food Delivery Website - Copy\Food Delivery Website - Copy\conf\logging.properties
06-May-2025 00:34:50.199 INFO [main] org.apache.catalina.startup.VersionLoggerListener.log Command line argument: -Djava.util.logging.manager=org.apache.juli.ClassLoaderLogManager
06-May-2025 00:34:50.199 INFO [main] org.apache.catalina.startup.VersionLoggerListener.log Command line argument: -javaagent:C:\Users\msi\AppData\Local\JetBrains\IntelliJ IDEA 2024.3.5\lib\idea_rt.jar=56417
06-May-2025 00:34:50.199 INFO [main] org.apache.catalina.startup.VersionLoggerListener.log Command line argument: -Dfile.encoding=UTF-8
06-May-2025 00:34:50.199 INFO [main] org.apache.catalina.startup.VersionLoggerListener.log Command line argument: -Dsun.stdout.encoding=UTF-8
06-May-2025 00:34:50.199 INFO [main] org.apache.catalina.startup.VersionLoggerListener.log Command line argument: -Dsun.stderr.encoding=UTF-8
06-May-2025 00:34:50.207 INFO [main] org.apache.catalina.core.AprLifecycleListener.lifecycleEvent The Apache Tomcat Native library which allows using OpenSSL was not found on the java.library.path: [C:\Users\msi\.jdks\openjdk-24\bin;C:\WINDOWS\Sun\Java\bin;C:\WINDOWS\system32;C:\WINDOWS;C:\Program Files\Common Files\Oracle\Java\javapath;C:\WINDOWS\system32;C:\WINDOWS;C:\WINDOWS\System32\Wbem;C:\WINDOWS\System32\WindowsPowerShell\v1.0\;C:\WINDOWS\System32\OpenSSH\;C:\Program Files\NVIDIA Corporation\NVIDIA NvDLISR;C:\Program Files\Git\cmd;C:\Users\msi\AppData\Local\Microsoft\WindowsApps;C:\Users\msi\AppData\Local\Programs\Microsoft VS Code\bin;;.]
06-May-2025 00:34:50.453 INFO [main] org.apache.coyote.AbstractProtocol.init Initializing ProtocolHandler ["http-nio-8080"]
06-May-2025 00:34:50.469 INFO [main] org.apache.catalina.startup.Catalina.load Server initialization in [468] milliseconds
06-May-2025 00:34:50.525 INFO [main] org.apache.catalina.core.StandardService.startInternal Starting service [Catalina]
06-May-2025 00:34:50.525 INFO [main] org.apache.catalina.core.StandardEngine.startInternal Starting Servlet engine: [Apache Tomcat/11.0.5]
06-May-2025 00:34:50.537 INFO [main] org.apache.catalina.startup.HostConfig.deployDescriptor Deploying deployment descriptor [C:\Users\msi\Downloads\Food Delivery Website - Copy\Food Delivery Website - Copy\conf\Catalina\localhost\ROOT.xml]
06-May-2025 00:34:50.869 INFO [main] org.apache.catalina.startup.HostConfig.deployDescriptor Deployment of deployment descriptor [C:\Users\msi\Downloads\Food Delivery Website - Copy\Food Delivery Website - Copy\conf\Catalina\localhost\ROOT.xml] has finished in [331] ms
06-May-2025 00:34:50.873 INFO [main] org.apache.coyote.AbstractProtocol.start Starting ProtocolHandler ["http-nio-8080"]
06-May-2025 00:34:50.903 INFO [main] org.apache.catalina.startup.Catalina.start Server startup in [431] milliseconds
06-May-2025 00:36:48.695 INFO [Thread-1] org.apache.coyote.AbstractProtocol.pause Pausing ProtocolHandler ["http-nio-8080"]
06-May-2025 00:36:48.761 INFO [Thread-1] org.apache.catalina.core.StandardService.stopInternal Stopping service [Catalina]
06-May-2025 00:36:48.850 INFO [Thread-1] org.apache.coyote.AbstractProtocol.stop Stopping ProtocolHandler ["http-nio-8080"]
06-May-2025 00:36:48.860 INFO [Thread-1] org.apache.coyote.AbstractProtocol.destroy Destroying ProtocolHandler ["http-nio-8080"]
06-May-2025 00:36:50.567 INFO [main] org.apache.catalina.startup.VersionLoggerListener.log Server version name:   Apache Tomcat/11.0.5
06-May-2025 00:36:50.572 INFO [main] org.apache.catalina.startup.VersionLoggerListener.log Server built:          Feb 28 2025 15:54:41 UTC
06-May-2025 00:36:50.572 INFO [main] org.apache.catalina.startup.VersionLoggerListener.log Server version number: 11.0.5.0
06-May-2025 00:36:50.572 INFO [main] org.apache.catalina.startup.VersionLoggerListener.log OS Name:               Windows 11
06-May-2025 00:36:50.572 INFO [main] org.apache.catalina.startup.VersionLoggerListener.log OS Version:            10.0
06-May-2025 00:36:50.573 INFO [main] org.apache.catalina.startup.VersionLoggerListener.log Architecture:          amd64
06-May-2025 00:36:50.573 INFO [main] org.apache.catalina.startup.VersionLoggerListener.log Java Home:             C:\Users\msi\.jdks\openjdk-24
06-May-2025 00:36:50.573 INFO [main] org.apache.catalina.startup.VersionLoggerListener.log JVM Version:           24+36-3646
06-May-2025 00:36:50.573 INFO [main] org.apache.catalina.startup.VersionLoggerListener.log JVM Vendor:            Oracle Corporation
06-May-2025 00:36:50.573 INFO [main] org.apache.catalina.startup.VersionLoggerListener.log CATALINA_BASE:         C:\Users\msi\Downloads\Food Delivery Website - Copy\Food Delivery Website - Copy
06-May-2025 00:36:50.573 INFO [main] org.apache.catalina.startup.VersionLoggerListener.log CATALINA_HOME:         C:\Program Files\Apache Software Foundation\Tomcat 11.0
06-May-2025 00:36:50.590 INFO [main] org.apache.catalina.startup.VersionLoggerListener.log Command line argument: --add-opens=java.base/java.lang=ALL-UNNAMED
06-May-2025 00:36:50.590 INFO [main] org.apache.catalina.startup.VersionLoggerListener.log Command line argument: --add-opens=java.base/java.io=ALL-UNNAMED
06-May-2025 00:36:50.590 INFO [main] org.apache.catalina.startup.VersionLoggerListener.log Command line argument: --add-opens=java.base/java.util=ALL-UNNAMED
06-May-2025 00:36:50.590 INFO [main] org.apache.catalina.startup.VersionLoggerListener.log Command line argument: --add-opens=java.base/java.util.concurrent=ALL-UNNAMED
06-May-2025 00:36:50.590 INFO [main] org.apache.catalina.startup.VersionLoggerListener.log Command line argument: --add-opens=java.rmi/sun.rmi.transport=ALL-UNNAMED
06-May-2025 00:36:50.590 INFO [main] org.apache.catalina.startup.VersionLoggerListener.log Command line argument: -Dcatalina.home=C:\Program Files\Apache Software Foundation\Tomcat 11.0
06-May-2025 00:36:50.590 INFO [main] org.apache.catalina.startup.VersionLoggerListener.log Command line argument: -Dcatalina.base=C:\Users\msi\Downloads\Food Delivery Website - Copy\Food Delivery Website - Copy
06-May-2025 00:36:50.590 INFO [main] org.apache.catalina.startup.VersionLoggerListener.log Command line argument: -Djava.io.tmpdir=C:\Users\msi\Downloads\Food Delivery Website - Copy\Food Delivery Website - Copy\temp
06-May-2025 00:36:50.590 INFO [main] org.apache.catalina.startup.VersionLoggerListener.log Command line argument: -Djava.util.logging.config.file=C:\Users\msi\Downloads\Food Delivery Website - Copy\Food Delivery Website - Copy\conf\logging.properties
06-May-2025 00:36:50.590 INFO [main] org.apache.catalina.startup.VersionLoggerListener.log Command line argument: -Djava.util.logging.manager=org.apache.juli.ClassLoaderLogManager
06-May-2025 00:36:50.590 INFO [main] org.apache.catalina.startup.VersionLoggerListener.log Command line argument: -javaagent:C:\Users\msi\AppData\Local\JetBrains\IntelliJ IDEA 2024.3.5\lib\idea_rt.jar=56488
06-May-2025 00:36:50.590 INFO [main] org.apache.catalina.startup.VersionLoggerListener.log Command line argument: -Dfile.encoding=UTF-8
06-May-2025 00:36:50.591 INFO [main] org.apache.catalina.startup.VersionLoggerListener.log Command line argument: -Dsun.stdout.encoding=UTF-8
06-May-2025 00:36:50.591 INFO [main] org.apache.catalina.startup.VersionLoggerListener.log Command line argument: -Dsun.stderr.encoding=UTF-8
06-May-2025 00:36:50.595 INFO [main] org.apache.catalina.core.AprLifecycleListener.lifecycleEvent The Apache Tomcat Native library which allows using OpenSSL was not found on the java.library.path: [C:\Users\msi\.jdks\openjdk-24\bin;C:\WINDOWS\Sun\Java\bin;C:\WINDOWS\system32;C:\WINDOWS;C:\Program Files\Common Files\Oracle\Java\javapath;C:\WINDOWS\system32;C:\WINDOWS;C:\WINDOWS\System32\Wbem;C:\WINDOWS\System32\WindowsPowerShell\v1.0\;C:\WINDOWS\System32\OpenSSH\;C:\Program Files\NVIDIA Corporation\NVIDIA NvDLISR;C:\Program Files\Git\cmd;C:\Users\msi\AppData\Local\Microsoft\WindowsApps;C:\Users\msi\AppData\Local\Programs\Microsoft VS Code\bin;;.]
06-May-2025 00:36:50.843 INFO [main] org.apache.coyote.AbstractProtocol.init Initializing ProtocolHandler ["http-nio-8080"]
06-May-2025 00:36:50.858 INFO [main] org.apache.catalina.startup.Catalina.load Server initialization in [487] milliseconds
06-May-2025 00:36:50.920 INFO [main] org.apache.catalina.core.StandardService.startInternal Starting service [Catalina]
06-May-2025 00:36:50.921 INFO [main] org.apache.catalina.core.StandardEngine.startInternal Starting Servlet engine: [Apache Tomcat/11.0.5]
06-May-2025 00:36:50.940 INFO [main] org.apache.catalina.startup.HostConfig.deployDescriptor Deploying deployment descriptor [C:\Users\msi\Downloads\Food Delivery Website - Copy\Food Delivery Website - Copy\conf\Catalina\localhost\ROOT.xml]
06-May-2025 00:36:51.812 INFO [main] org.apache.catalina.startup.HostConfig.deployDescriptor Deployment of deployment descriptor [C:\Users\msi\Downloads\Food Delivery Website - Copy\Food Delivery Website - Copy\conf\Catalina\localhost\ROOT.xml] has finished in [871] ms
06-May-2025 00:36:51.825 INFO [main] org.apache.coyote.AbstractProtocol.start Starting ProtocolHandler ["http-nio-8080"]
06-May-2025 00:36:51.869 INFO [main] org.apache.catalina.startup.Catalina.start Server startup in [1007] milliseconds
06-May-2025 00:37:43.929 INFO [Thread-1] org.apache.coyote.AbstractProtocol.pause Pausing ProtocolHandler ["http-nio-8080"]
06-May-2025 00:37:43.994 INFO [Thread-1] org.apache.catalina.core.StandardService.stopInternal Stopping service [Catalina]
06-May-2025 00:37:44.050 INFO [Thread-1] org.apache.coyote.AbstractProtocol.stop Stopping ProtocolHandler ["http-nio-8080"]
06-May-2025 00:37:44.061 INFO [Thread-1] org.apache.coyote.AbstractProtocol.destroy Destroying ProtocolHandler ["http-nio-8080"]
06-May-2025 00:37:46.005 INFO [main] org.apache.catalina.startup.VersionLoggerListener.log Server version name:   Apache Tomcat/11.0.5
06-May-2025 00:37:46.008 INFO [main] org.apache.catalina.startup.VersionLoggerListener.log Server built:          Feb 28 2025 15:54:41 UTC
06-May-2025 00:37:46.008 INFO [main] org.apache.catalina.startup.VersionLoggerListener.log Server version number: 11.0.5.0
06-May-2025 00:37:46.008 INFO [main] org.apache.catalina.startup.VersionLoggerListener.log OS Name:               Windows 11
06-May-2025 00:37:46.008 INFO [main] org.apache.catalina.startup.VersionLoggerListener.log OS Version:            10.0
06-May-2025 00:37:46.008 INFO [main] org.apache.catalina.startup.VersionLoggerListener.log Architecture:          amd64
06-May-2025 00:37:46.009 INFO [main] org.apache.catalina.startup.VersionLoggerListener.log Java Home:             C:\Users\msi\.jdks\openjdk-24
06-May-2025 00:37:46.009 INFO [main] org.apache.catalina.startup.VersionLoggerListener.log JVM Version:           24+36-3646
06-May-2025 00:37:46.009 INFO [main] org.apache.catalina.startup.VersionLoggerListener.log JVM Vendor:            Oracle Corporation
06-May-2025 00:37:46.009 INFO [main] org.apache.catalina.startup.VersionLoggerListener.log CATALINA_BASE:         C:\Users\msi\Downloads\Food Delivery Website - Copy\Food Delivery Website - Copy
06-May-2025 00:37:46.009 INFO [main] org.apache.catalina.startup.VersionLoggerListener.log CATALINA_HOME:         C:\Program Files\Apache Software Foundation\Tomcat 11.0
06-May-2025 00:37:46.021 INFO [main] org.apache.catalina.startup.VersionLoggerListener.log Command line argument: --add-opens=java.base/java.lang=ALL-UNNAMED
06-May-2025 00:37:46.021 INFO [main] org.apache.catalina.startup.VersionLoggerListener.log Command line argument: --add-opens=java.base/java.io=ALL-UNNAMED
06-May-2025 00:37:46.021 INFO [main] org.apache.catalina.startup.VersionLoggerListener.log Command line argument: --add-opens=java.base/java.util=ALL-UNNAMED
06-May-2025 00:37:46.021 INFO [main] org.apache.catalina.startup.VersionLoggerListener.log Command line argument: --add-opens=java.base/java.util.concurrent=ALL-UNNAMED
06-May-2025 00:37:46.021 INFO [main] org.apache.catalina.startup.VersionLoggerListener.log Command line argument: --add-opens=java.rmi/sun.rmi.transport=ALL-UNNAMED
06-May-2025 00:37:46.021 INFO [main] org.apache.catalina.startup.VersionLoggerListener.log Command line argument: -Dcatalina.home=C:\Program Files\Apache Software Foundation\Tomcat 11.0
06-May-2025 00:37:46.021 INFO [main] org.apache.catalina.startup.VersionLoggerListener.log Command line argument: -Dcatalina.base=C:\Users\msi\Downloads\Food Delivery Website - Copy\Food Delivery Website - Copy
06-May-2025 00:37:46.022 INFO [main] org.apache.catalina.startup.VersionLoggerListener.log Command line argument: -Djava.io.tmpdir=C:\Users\msi\Downloads\Food Delivery Website - Copy\Food Delivery Website - Copy\temp
06-May-2025 00:37:46.022 INFO [main] org.apache.catalina.startup.VersionLoggerListener.log Command line argument: -Djava.util.logging.config.file=C:\Users\msi\Downloads\Food Delivery Website - Copy\Food Delivery Website - Copy\conf\logging.properties
06-May-2025 00:37:46.022 INFO [main] org.apache.catalina.startup.VersionLoggerListener.log Command line argument: -Djava.util.logging.manager=org.apache.juli.ClassLoaderLogManager
06-May-2025 00:37:46.022 INFO [main] org.apache.catalina.startup.VersionLoggerListener.log Command line argument: -javaagent:C:\Users\msi\AppData\Local\JetBrains\IntelliJ IDEA 2024.3.5\lib\idea_rt.jar=56524
06-May-2025 00:37:46.023 INFO [main] org.apache.catalina.startup.VersionLoggerListener.log Command line argument: -Dfile.encoding=UTF-8
06-May-2025 00:37:46.023 INFO [main] org.apache.catalina.startup.VersionLoggerListener.log Command line argument: -Dsun.stdout.encoding=UTF-8
06-May-2025 00:37:46.023 INFO [main] org.apache.catalina.startup.VersionLoggerListener.log Command line argument: -Dsun.stderr.encoding=UTF-8
06-May-2025 00:37:46.027 INFO [main] org.apache.catalina.core.AprLifecycleListener.lifecycleEvent The Apache Tomcat Native library which allows using OpenSSL was not found on the java.library.path: [C:\Users\msi\.jdks\openjdk-24\bin;C:\WINDOWS\Sun\Java\bin;C:\WINDOWS\system32;C:\WINDOWS;C:\Program Files\Common Files\Oracle\Java\javapath;C:\WINDOWS\system32;C:\WINDOWS;C:\WINDOWS\System32\Wbem;C:\WINDOWS\System32\WindowsPowerShell\v1.0\;C:\WINDOWS\System32\OpenSSH\;C:\Program Files\NVIDIA Corporation\NVIDIA NvDLISR;C:\Program Files\Git\cmd;C:\Users\msi\AppData\Local\Microsoft\WindowsApps;C:\Users\msi\AppData\Local\Programs\Microsoft VS Code\bin;;.]
06-May-2025 00:37:46.288 INFO [main] org.apache.coyote.AbstractProtocol.init Initializing ProtocolHandler ["http-nio-8080"]
06-May-2025 00:37:46.306 INFO [main] org.apache.catalina.startup.Catalina.load Server initialization in [544] milliseconds
06-May-2025 00:37:46.366 INFO [main] org.apache.catalina.core.StandardService.startInternal Starting service [Catalina]
06-May-2025 00:37:46.366 INFO [main] org.apache.catalina.core.StandardEngine.startInternal Starting Servlet engine: [Apache Tomcat/11.0.5]
06-May-2025 00:37:46.378 INFO [main] org.apache.catalina.startup.HostConfig.deployDescriptor Deploying deployment descriptor [C:\Users\msi\Downloads\Food Delivery Website - Copy\Food Delivery Website - Copy\conf\Catalina\localhost\ROOT.xml]
06-May-2025 00:37:47.078 INFO [main] org.apache.catalina.startup.HostConfig.deployDescriptor Deployment of deployment descriptor [C:\Users\msi\Downloads\Food Delivery Website - Copy\Food Delivery Website - Copy\conf\Catalina\localhost\ROOT.xml] has finished in [698] ms
06-May-2025 00:37:47.084 INFO [main] org.apache.coyote.AbstractProtocol.start Starting ProtocolHandler ["http-nio-8080"]
06-May-2025 00:37:47.119 INFO [main] org.apache.catalina.startup.Catalina.start Server startup in [811] milliseconds
06-May-2025 00:37:49.877 INFO [Thread-1] org.apache.coyote.AbstractProtocol.pause Pausing ProtocolHandler ["http-nio-8080"]
06-May-2025 00:37:49.896 INFO [Thread-1] org.apache.catalina.core.StandardService.stopInternal Stopping service [Catalina]
06-May-2025 00:37:49.965 INFO [Thread-1] org.apache.coyote.AbstractProtocol.stop Stopping ProtocolHandler ["http-nio-8080"]
06-May-2025 00:37:49.994 INFO [Thread-1] org.apache.coyote.AbstractProtocol.destroy Destroying ProtocolHandler ["http-nio-8080"]
06-May-2025 00:37:51.863 INFO [main] org.apache.catalina.startup.VersionLoggerListener.log Server version name:   Apache Tomcat/11.0.5
06-May-2025 00:37:51.867 INFO [main] org.apache.catalina.startup.VersionLoggerListener.log Server built:          Feb 28 2025 15:54:41 UTC
06-May-2025 00:37:51.867 INFO [main] org.apache.catalina.startup.VersionLoggerListener.log Server version number: 11.0.5.0
06-May-2025 00:37:51.867 INFO [main] org.apache.catalina.startup.VersionLoggerListener.log OS Name:               Windows 11
06-May-2025 00:37:51.867 INFO [main] org.apache.catalina.startup.VersionLoggerListener.log OS Version:            10.0
06-May-2025 00:37:51.867 INFO [main] org.apache.catalina.startup.VersionLoggerListener.log Architecture:          amd64
06-May-2025 00:37:51.867 INFO [main] org.apache.catalina.startup.VersionLoggerListener.log Java Home:             C:\Users\msi\.jdks\openjdk-24
06-May-2025 00:37:51.867 INFO [main] org.apache.catalina.startup.VersionLoggerListener.log JVM Version:           24+36-3646
06-May-2025 00:37:51.867 INFO [main] org.apache.catalina.startup.VersionLoggerListener.log JVM Vendor:            Oracle Corporation
06-May-2025 00:37:51.867 INFO [main] org.apache.catalina.startup.VersionLoggerListener.log CATALINA_BASE:         C:\Users\msi\Downloads\Food Delivery Website - Copy\Food Delivery Website - Copy
06-May-2025 00:37:51.869 INFO [main] org.apache.catalina.startup.VersionLoggerListener.log CATALINA_HOME:         C:\Program Files\Apache Software Foundation\Tomcat 11.0
06-May-2025 00:37:51.876 INFO [main] org.apache.catalina.startup.VersionLoggerListener.log Command line argument: --add-opens=java.base/java.lang=ALL-UNNAMED
06-May-2025 00:37:51.876 INFO [main] org.apache.catalina.startup.VersionLoggerListener.log Command line argument: --add-opens=java.base/java.io=ALL-UNNAMED
06-May-2025 00:37:51.876 INFO [main] org.apache.catalina.startup.VersionLoggerListener.log Command line argument: --add-opens=java.base/java.util=ALL-UNNAMED
06-May-2025 00:37:51.876 INFO [main] org.apache.catalina.startup.VersionLoggerListener.log Command line argument: --add-opens=java.base/java.util.concurrent=ALL-UNNAMED
06-May-2025 00:37:51.876 INFO [main] org.apache.catalina.startup.VersionLoggerListener.log Command line argument: --add-opens=java.rmi/sun.rmi.transport=ALL-UNNAMED
06-May-2025 00:37:51.877 INFO [main] org.apache.catalina.startup.VersionLoggerListener.log Command line argument: -Dcatalina.home=C:\Program Files\Apache Software Foundation\Tomcat 11.0
06-May-2025 00:37:51.877 INFO [main] org.apache.catalina.startup.VersionLoggerListener.log Command line argument: -Dcatalina.base=C:\Users\msi\Downloads\Food Delivery Website - Copy\Food Delivery Website - Copy
06-May-2025 00:37:51.877 INFO [main] org.apache.catalina.startup.VersionLoggerListener.log Command line argument: -Djava.io.tmpdir=C:\Users\msi\Downloads\Food Delivery Website - Copy\Food Delivery Website - Copy\temp
06-May-2025 00:37:51.877 INFO [main] org.apache.catalina.startup.VersionLoggerListener.log Command line argument: -Djava.util.logging.config.file=C:\Users\msi\Downloads\Food Delivery Website - Copy\Food Delivery Website - Copy\conf\logging.properties
06-May-2025 00:37:51.877 INFO [main] org.apache.catalina.startup.VersionLoggerListener.log Command line argument: -Djava.util.logging.manager=org.apache.juli.ClassLoaderLogManager
06-May-2025 00:37:51.877 INFO [main] org.apache.catalina.startup.VersionLoggerListener.log Command line argument: -javaagent:C:\Users\msi\AppData\Local\JetBrains\IntelliJ IDEA 2024.3.5\lib\idea_rt.jar=56533
06-May-2025 00:37:51.877 INFO [main] org.apache.catalina.startup.VersionLoggerListener.log Command line argument: -Dfile.encoding=UTF-8
06-May-2025 00:37:51.877 INFO [main] org.apache.catalina.startup.VersionLoggerListener.log Command line argument: -Dsun.stdout.encoding=UTF-8
06-May-2025 00:37:51.877 INFO [main] org.apache.catalina.startup.VersionLoggerListener.log Command line argument: -Dsun.stderr.encoding=UTF-8
06-May-2025 00:37:51.881 INFO [main] org.apache.catalina.core.AprLifecycleListener.lifecycleEvent The Apache Tomcat Native library which allows using OpenSSL was not found on the java.library.path: [C:\Users\msi\.jdks\openjdk-24\bin;C:\WINDOWS\Sun\Java\bin;C:\WINDOWS\system32;C:\WINDOWS;C:\Program Files\Common Files\Oracle\Java\javapath;C:\WINDOWS\system32;C:\WINDOWS;C:\WINDOWS\System32\Wbem;C:\WINDOWS\System32\WindowsPowerShell\v1.0\;C:\WINDOWS\System32\OpenSSH\;C:\Program Files\NVIDIA Corporation\NVIDIA NvDLISR;C:\Program Files\Git\cmd;C:\Users\msi\AppData\Local\Microsoft\WindowsApps;C:\Users\msi\AppData\Local\Programs\Microsoft VS Code\bin;;.]
06-May-2025 00:37:52.128 INFO [main] org.apache.coyote.AbstractProtocol.init Initializing ProtocolHandler ["http-nio-8080"]
06-May-2025 00:37:52.142 INFO [main] org.apache.catalina.startup.Catalina.load Server initialization in [442] milliseconds
06-May-2025 00:37:52.195 INFO [main] org.apache.catalina.core.StandardService.startInternal Starting service [Catalina]
06-May-2025 00:37:52.196 INFO [main] org.apache.catalina.core.StandardEngine.startInternal Starting Servlet engine: [Apache Tomcat/11.0.5]
06-May-2025 00:37:52.207 INFO [main] org.apache.catalina.startup.HostConfig.deployDescriptor Deploying deployment descriptor [C:\Users\msi\Downloads\Food Delivery Website - Copy\Food Delivery Website - Copy\conf\Catalina\localhost\ROOT.xml]
06-May-2025 00:37:53.459 INFO [main] org.apache.catalina.startup.HostConfig.deployDescriptor Deployment of deployment descriptor [C:\Users\msi\Downloads\Food Delivery Website - Copy\Food Delivery Website - Copy\conf\Catalina\localhost\ROOT.xml] has finished in [1,251] ms
06-May-2025 00:37:53.469 INFO [main] org.apache.coyote.AbstractProtocol.start Starting ProtocolHandler ["http-nio-8080"]
06-May-2025 00:37:53.561 INFO [main] org.apache.catalina.startup.Catalina.start Server startup in [1418] milliseconds
06-May-2025 00:39:27.228 INFO [Thread-1] org.apache.coyote.AbstractProtocol.pause Pausing ProtocolHandler ["http-nio-8080"]
06-May-2025 00:39:27.247 INFO [Thread-1] org.apache.catalina.core.StandardService.stopInternal Stopping service [Catalina]
06-May-2025 00:39:27.263 INFO [Thread-1] org.apache.coyote.AbstractProtocol.stop Stopping ProtocolHandler ["http-nio-8080"]
06-May-2025 00:39:27.271 INFO [Thread-1] org.apache.coyote.AbstractProtocol.destroy Destroying ProtocolHandler ["http-nio-8080"]
06-May-2025 00:39:29.122 INFO [main] org.apache.catalina.startup.VersionLoggerListener.log Server version name:   Apache Tomcat/11.0.5
06-May-2025 00:39:29.125 INFO [main] org.apache.catalina.startup.VersionLoggerListener.log Server built:          Feb 28 2025 15:54:41 UTC
06-May-2025 00:39:29.125 INFO [main] org.apache.catalina.startup.VersionLoggerListener.log Server version number: 11.0.5.0
06-May-2025 00:39:29.125 INFO [main] org.apache.catalina.startup.VersionLoggerListener.log OS Name:               Windows 11
06-May-2025 00:39:29.125 INFO [main] org.apache.catalina.startup.VersionLoggerListener.log OS Version:            10.0
06-May-2025 00:39:29.125 INFO [main] org.apache.catalina.startup.VersionLoggerListener.log Architecture:          amd64
06-May-2025 00:39:29.125 INFO [main] org.apache.catalina.startup.VersionLoggerListener.log Java Home:             C:\Users\msi\.jdks\openjdk-24
06-May-2025 00:39:29.125 INFO [main] org.apache.catalina.startup.VersionLoggerListener.log JVM Version:           24+36-3646
06-May-2025 00:39:29.125 INFO [main] org.apache.catalina.startup.VersionLoggerListener.log JVM Vendor:            Oracle Corporation
06-May-2025 00:39:29.125 INFO [main] org.apache.catalina.startup.VersionLoggerListener.log CATALINA_BASE:         C:\Users\msi\Downloads\Food Delivery Website - Copy\Food Delivery Website - Copy
06-May-2025 00:39:29.125 INFO [main] org.apache.catalina.startup.VersionLoggerListener.log CATALINA_HOME:         C:\Program Files\Apache Software Foundation\Tomcat 11.0
06-May-2025 00:39:29.133 INFO [main] org.apache.catalina.startup.VersionLoggerListener.log Command line argument: --add-opens=java.base/java.lang=ALL-UNNAMED
06-May-2025 00:39:29.133 INFO [main] org.apache.catalina.startup.VersionLoggerListener.log Command line argument: --add-opens=java.base/java.io=ALL-UNNAMED
06-May-2025 00:39:29.133 INFO [main] org.apache.catalina.startup.VersionLoggerListener.log Command line argument: --add-opens=java.base/java.util=ALL-UNNAMED
06-May-2025 00:39:29.134 INFO [main] org.apache.catalina.startup.VersionLoggerListener.log Command line argument: --add-opens=java.base/java.util.concurrent=ALL-UNNAMED
06-May-2025 00:39:29.134 INFO [main] org.apache.catalina.startup.VersionLoggerListener.log Command line argument: --add-opens=java.rmi/sun.rmi.transport=ALL-UNNAMED
06-May-2025 00:39:29.134 INFO [main] org.apache.catalina.startup.VersionLoggerListener.log Command line argument: -Dcatalina.home=C:\Program Files\Apache Software Foundation\Tomcat 11.0
06-May-2025 00:39:29.134 INFO [main] org.apache.catalina.startup.VersionLoggerListener.log Command line argument: -Dcatalina.base=C:\Users\msi\Downloads\Food Delivery Website - Copy\Food Delivery Website - Copy
06-May-2025 00:39:29.134 INFO [main] org.apache.catalina.startup.VersionLoggerListener.log Command line argument: -Djava.io.tmpdir=C:\Users\msi\Downloads\Food Delivery Website - Copy\Food Delivery Website - Copy\temp
06-May-2025 00:39:29.134 INFO [main] org.apache.catalina.startup.VersionLoggerListener.log Command line argument: -Djava.util.logging.config.file=C:\Users\msi\Downloads\Food Delivery Website - Copy\Food Delivery Website - Copy\conf\logging.properties
06-May-2025 00:39:29.134 INFO [main] org.apache.catalina.startup.VersionLoggerListener.log Command line argument: -Djava.util.logging.manager=org.apache.juli.ClassLoaderLogManager
06-May-2025 00:39:29.134 INFO [main] org.apache.catalina.startup.VersionLoggerListener.log Command line argument: -javaagent:C:\Users\msi\AppData\Local\JetBrains\IntelliJ IDEA 2024.3.5\lib\idea_rt.jar=56611
06-May-2025 00:39:29.134 INFO [main] org.apache.catalina.startup.VersionLoggerListener.log Command line argument: -Dfile.encoding=UTF-8
06-May-2025 00:39:29.134 INFO [main] org.apache.catalina.startup.VersionLoggerListener.log Command line argument: -Dsun.stdout.encoding=UTF-8
06-May-2025 00:39:29.134 INFO [main] org.apache.catalina.startup.VersionLoggerListener.log Command line argument: -Dsun.stderr.encoding=UTF-8
06-May-2025 00:39:29.138 INFO [main] org.apache.catalina.core.AprLifecycleListener.lifecycleEvent The Apache Tomcat Native library which allows using OpenSSL was not found on the java.library.path: [C:\Users\msi\.jdks\openjdk-24\bin;C:\WINDOWS\Sun\Java\bin;C:\WINDOWS\system32;C:\WINDOWS;C:\Program Files\Common Files\Oracle\Java\javapath;C:\WINDOWS\system32;C:\WINDOWS;C:\WINDOWS\System32\Wbem;C:\WINDOWS\System32\WindowsPowerShell\v1.0\;C:\WINDOWS\System32\OpenSSH\;C:\Program Files\NVIDIA Corporation\NVIDIA NvDLISR;C:\Program Files\Git\cmd;C:\Users\msi\AppData\Local\Microsoft\WindowsApps;C:\Users\msi\AppData\Local\Programs\Microsoft VS Code\bin;;.]
06-May-2025 00:39:29.385 INFO [main] org.apache.coyote.AbstractProtocol.init Initializing ProtocolHandler ["http-nio-8080"]
06-May-2025 00:39:29.401 INFO [main] org.apache.catalina.startup.Catalina.load Server initialization in [460] milliseconds
06-May-2025 00:39:29.452 INFO [main] org.apache.catalina.core.StandardService.startInternal Starting service [Catalina]
06-May-2025 00:39:29.452 INFO [main] org.apache.catalina.core.StandardEngine.startInternal Starting Servlet engine: [Apache Tomcat/11.0.5]
06-May-2025 00:39:29.464 INFO [main] org.apache.catalina.startup.HostConfig.deployDescriptor Deploying deployment descriptor [C:\Users\msi\Downloads\Food Delivery Website - Copy\Food Delivery Website - Copy\conf\Catalina\localhost\ROOT.xml]
06-May-2025 00:39:30.791 INFO [main] org.apache.catalina.startup.HostConfig.deployDescriptor Deployment of deployment descriptor [C:\Users\msi\Downloads\Food Delivery Website - Copy\Food Delivery Website - Copy\conf\Catalina\localhost\ROOT.xml] has finished in [1,323] ms
06-May-2025 00:39:30.798 INFO [main] org.apache.coyote.AbstractProtocol.start Starting ProtocolHandler ["http-nio-8080"]
06-May-2025 00:39:30.937 INFO [main] org.apache.catalina.startup.Catalina.start Server startup in [1534] milliseconds
06-May-2025 00:45:13.088 INFO [Thread-1] org.apache.coyote.AbstractProtocol.pause Pausing ProtocolHandler ["http-nio-8080"]
06-May-2025 00:45:13.103 INFO [Thread-1] org.apache.catalina.core.StandardService.stopInternal Stopping service [Catalina]
06-May-2025 00:45:13.110 INFO [Thread-1] org.apache.coyote.AbstractProtocol.stop Stopping ProtocolHandler ["http-nio-8080"]
06-May-2025 00:45:13.113 INFO [Thread-1] org.apache.coyote.AbstractProtocol.destroy Destroying ProtocolHandler ["http-nio-8080"]
06-May-2025 00:45:14.474 INFO [main] org.apache.catalina.startup.VersionLoggerListener.log Server version name:   Apache Tomcat/11.0.5
06-May-2025 00:45:14.476 INFO [main] org.apache.catalina.startup.VersionLoggerListener.log Server built:          Feb 28 2025 15:54:41 UTC
06-May-2025 00:45:14.477 INFO [main] org.apache.catalina.startup.VersionLoggerListener.log Server version number: 11.0.5.0
06-May-2025 00:45:14.477 INFO [main] org.apache.catalina.startup.VersionLoggerListener.log OS Name:               Windows 11
06-May-2025 00:45:14.477 INFO [main] org.apache.catalina.startup.VersionLoggerListener.log OS Version:            10.0
06-May-2025 00:45:14.477 INFO [main] org.apache.catalina.startup.VersionLoggerListener.log Architecture:          amd64
06-May-2025 00:45:14.477 INFO [main] org.apache.catalina.startup.VersionLoggerListener.log Java Home:             C:\Users\msi\.jdks\openjdk-24
06-May-2025 00:45:14.477 INFO [main] org.apache.catalina.startup.VersionLoggerListener.log JVM Version:           24+36-3646
06-May-2025 00:45:14.477 INFO [main] org.apache.catalina.startup.VersionLoggerListener.log JVM Vendor:            Oracle Corporation
06-May-2025 00:45:14.478 INFO [main] org.apache.catalina.startup.VersionLoggerListener.log CATALINA_BASE:         C:\Users\msi\Downloads\Food Delivery Website - Copy\Food Delivery Website - Copy
06-May-2025 00:45:14.478 INFO [main] org.apache.catalina.startup.VersionLoggerListener.log CATALINA_HOME:         C:\Program Files\Apache Software Foundation\Tomcat 11.0
06-May-2025 00:45:14.485 INFO [main] org.apache.catalina.startup.VersionLoggerListener.log Command line argument: --add-opens=java.base/java.lang=ALL-UNNAMED
06-May-2025 00:45:14.485 INFO [main] org.apache.catalina.startup.VersionLoggerListener.log Command line argument: --add-opens=java.base/java.io=ALL-UNNAMED
06-May-2025 00:45:14.485 INFO [main] org.apache.catalina.startup.VersionLoggerListener.log Command line argument: --add-opens=java.base/java.util=ALL-UNNAMED
06-May-2025 00:45:14.485 INFO [main] org.apache.catalina.startup.VersionLoggerListener.log Command line argument: --add-opens=java.base/java.util.concurrent=ALL-UNNAMED
06-May-2025 00:45:14.485 INFO [main] org.apache.catalina.startup.VersionLoggerListener.log Command line argument: --add-opens=java.rmi/sun.rmi.transport=ALL-UNNAMED
06-May-2025 00:45:14.485 INFO [main] org.apache.catalina.startup.VersionLoggerListener.log Command line argument: -Dcatalina.home=C:\Program Files\Apache Software Foundation\Tomcat 11.0
06-May-2025 00:45:14.486 INFO [main] org.apache.catalina.startup.VersionLoggerListener.log Command line argument: -Dcatalina.base=C:\Users\msi\Downloads\Food Delivery Website - Copy\Food Delivery Website - Copy
06-May-2025 00:45:14.486 INFO [main] org.apache.catalina.startup.VersionLoggerListener.log Command line argument: -Djava.io.tmpdir=C:\Users\msi\Downloads\Food Delivery Website - Copy\Food Delivery Website - Copy\temp
06-May-2025 00:45:14.486 INFO [main] org.apache.catalina.startup.VersionLoggerListener.log Command line argument: -Djava.util.logging.config.file=C:\Users\msi\Downloads\Food Delivery Website - Copy\Food Delivery Website - Copy\conf\logging.properties
06-May-2025 00:45:14.486 INFO [main] org.apache.catalina.startup.VersionLoggerListener.log Command line argument: -Djava.util.logging.manager=org.apache.juli.ClassLoaderLogManager
06-May-2025 00:45:14.486 INFO [main] org.apache.catalina.startup.VersionLoggerListener.log Command line argument: -javaagent:C:\Users\msi\AppData\Local\JetBrains\IntelliJ IDEA 2024.3.5\lib\idea_rt.jar=56774
06-May-2025 00:45:14.486 INFO [main] org.apache.catalina.startup.VersionLoggerListener.log Command line argument: -Dfile.encoding=UTF-8
06-May-2025 00:45:14.486 INFO [main] org.apache.catalina.startup.VersionLoggerListener.log Command line argument: -Dsun.stdout.encoding=UTF-8
06-May-2025 00:45:14.486 INFO [main] org.apache.catalina.startup.VersionLoggerListener.log Command line argument: -Dsun.stderr.encoding=UTF-8
06-May-2025 00:45:14.489 INFO [main] org.apache.catalina.core.AprLifecycleListener.lifecycleEvent The Apache Tomcat Native library which allows using OpenSSL was not found on the java.library.path: [C:\Users\msi\.jdks\openjdk-24\bin;C:\WINDOWS\Sun\Java\bin;C:\WINDOWS\system32;C:\WINDOWS;C:\Program Files\Common Files\Oracle\Java\javapath;C:\WINDOWS\system32;C:\WINDOWS;C:\WINDOWS\System32\Wbem;C:\WINDOWS\System32\WindowsPowerShell\v1.0\;C:\WINDOWS\System32\OpenSSH\;C:\Program Files\NVIDIA Corporation\NVIDIA NvDLISR;C:\Program Files\Git\cmd;C:\Users\msi\AppData\Local\Microsoft\WindowsApps;C:\Users\msi\AppData\Local\Programs\Microsoft VS Code\bin;;.]
06-May-2025 00:45:14.716 INFO [main] org.apache.coyote.AbstractProtocol.init Initializing ProtocolHandler ["http-nio-8080"]
06-May-2025 00:45:14.729 INFO [main] org.apache.catalina.startup.Catalina.load Server initialization in [433] milliseconds
06-May-2025 00:45:14.785 INFO [main] org.apache.catalina.core.StandardService.startInternal Starting service [Catalina]
06-May-2025 00:45:14.785 INFO [main] org.apache.catalina.core.StandardEngine.startInternal Starting Servlet engine: [Apache Tomcat/11.0.5]
06-May-2025 00:45:14.794 INFO [main] org.apache.catalina.startup.HostConfig.deployDescriptor Deploying deployment descriptor [C:\Users\msi\Downloads\Food Delivery Website - Copy\Food Delivery Website - Copy\conf\Catalina\localhost\ROOT.xml]
06-May-2025 00:45:15.084 INFO [main] org.apache.catalina.startup.HostConfig.deployDescriptor Deployment of deployment descriptor [C:\Users\msi\Downloads\Food Delivery Website - Copy\Food Delivery Website - Copy\conf\Catalina\localhost\ROOT.xml] has finished in [289] ms
06-May-2025 00:45:15.095 INFO [main] org.apache.coyote.AbstractProtocol.start Starting ProtocolHandler ["http-nio-8080"]
06-May-2025 00:45:15.118 INFO [main] org.apache.catalina.startup.Catalina.start Server startup in [388] milliseconds
06-May-2025 00:49:21.831 INFO [Thread-1] org.apache.coyote.AbstractProtocol.pause Pausing ProtocolHandler ["http-nio-8080"]
06-May-2025 00:49:21.845 INFO [Thread-1] org.apache.catalina.core.StandardService.stopInternal Stopping service [Catalina]
06-May-2025 00:49:21.853 INFO [Thread-1] org.apache.coyote.AbstractProtocol.stop Stopping ProtocolHandler ["http-nio-8080"]
06-May-2025 00:49:21.856 INFO [Thread-1] org.apache.coyote.AbstractProtocol.destroy Destroying ProtocolHandler ["http-nio-8080"]
06-May-2025 00:49:23.765 INFO [main] org.apache.catalina.startup.VersionLoggerListener.log Server version name:   Apache Tomcat/11.0.5
06-May-2025 00:49:23.767 INFO [main] org.apache.catalina.startup.VersionLoggerListener.log Server built:          Feb 28 2025 15:54:41 UTC
06-May-2025 00:49:23.767 INFO [main] org.apache.catalina.startup.VersionLoggerListener.log Server version number: 11.0.5.0
06-May-2025 00:49:23.767 INFO [main] org.apache.catalina.startup.VersionLoggerListener.log OS Name:               Windows 11
06-May-2025 00:49:23.767 INFO [main] org.apache.catalina.startup.VersionLoggerListener.log OS Version:            10.0
06-May-2025 00:49:23.767 INFO [main] org.apache.catalina.startup.VersionLoggerListener.log Architecture:          amd64
06-May-2025 00:49:23.767 INFO [main] org.apache.catalina.startup.VersionLoggerListener.log Java Home:             C:\Users\msi\.jdks\openjdk-24
06-May-2025 00:49:23.768 INFO [main] org.apache.catalina.startup.VersionLoggerListener.log JVM Version:           24+36-3646
06-May-2025 00:49:23.768 INFO [main] org.apache.catalina.startup.VersionLoggerListener.log JVM Vendor:            Oracle Corporation
06-May-2025 00:49:23.768 INFO [main] org.apache.catalina.startup.VersionLoggerListener.log CATALINA_BASE:         C:\Users\msi\Downloads\Food Delivery Website - Copy\Food Delivery Website - Copy
06-May-2025 00:49:23.768 INFO [main] org.apache.catalina.startup.VersionLoggerListener.log CATALINA_HOME:         C:\Program Files\Apache Software Foundation\Tomcat 11.0
06-May-2025 00:49:23.775 INFO [main] org.apache.catalina.startup.VersionLoggerListener.log Command line argument: --add-opens=java.base/java.lang=ALL-UNNAMED
06-May-2025 00:49:23.775 INFO [main] org.apache.catalina.startup.VersionLoggerListener.log Command line argument: --add-opens=java.base/java.io=ALL-UNNAMED
06-May-2025 00:49:23.775 INFO [main] org.apache.catalina.startup.VersionLoggerListener.log Command line argument: --add-opens=java.base/java.util=ALL-UNNAMED
06-May-2025 00:49:23.775 INFO [main] org.apache.catalina.startup.VersionLoggerListener.log Command line argument: --add-opens=java.base/java.util.concurrent=ALL-UNNAMED
06-May-2025 00:49:23.775 INFO [main] org.apache.catalina.startup.VersionLoggerListener.log Command line argument: --add-opens=java.rmi/sun.rmi.transport=ALL-UNNAMED
06-May-2025 00:49:23.775 INFO [main] org.apache.catalina.startup.VersionLoggerListener.log Command line argument: -Dcatalina.home=C:\Program Files\Apache Software Foundation\Tomcat 11.0
06-May-2025 00:49:23.775 INFO [main] org.apache.catalina.startup.VersionLoggerListener.log Command line argument: -Dcatalina.base=C:\Users\msi\Downloads\Food Delivery Website - Copy\Food Delivery Website - Copy
06-May-2025 00:49:23.776 INFO [main] org.apache.catalina.startup.VersionLoggerListener.log Command line argument: -Djava.io.tmpdir=C:\Users\msi\Downloads\Food Delivery Website - Copy\Food Delivery Website - Copy\temp
06-May-2025 00:49:23.776 INFO [main] org.apache.catalina.startup.VersionLoggerListener.log Command line argument: -Djava.util.logging.config.file=C:\Users\msi\Downloads\Food Delivery Website - Copy\Food Delivery Website - Copy\conf\logging.properties
06-May-2025 00:49:23.776 INFO [main] org.apache.catalina.startup.VersionLoggerListener.log Command line argument: -Djava.util.logging.manager=org.apache.juli.ClassLoaderLogManager
06-May-2025 00:49:23.776 INFO [main] org.apache.catalina.startup.VersionLoggerListener.log Command line argument: -javaagent:C:\Users\msi\AppData\Local\JetBrains\IntelliJ IDEA 2024.3.5\lib\idea_rt.jar=56882
06-May-2025 00:49:23.776 INFO [main] org.apache.catalina.startup.VersionLoggerListener.log Command line argument: -Dfile.encoding=UTF-8
06-May-2025 00:49:23.776 INFO [main] org.apache.catalina.startup.VersionLoggerListener.log Command line argument: -Dsun.stdout.encoding=UTF-8
06-May-2025 00:49:23.776 INFO [main] org.apache.catalina.startup.VersionLoggerListener.log Command line argument: -Dsun.stderr.encoding=UTF-8
06-May-2025 00:49:23.779 INFO [main] org.apache.catalina.core.AprLifecycleListener.lifecycleEvent The Apache Tomcat Native library which allows using OpenSSL was not found on the java.library.path: [C:\Users\msi\.jdks\openjdk-24\bin;C:\WINDOWS\Sun\Java\bin;C:\WINDOWS\system32;C:\WINDOWS;C:\Program Files\Common Files\Oracle\Java\javapath;C:\WINDOWS\system32;C:\WINDOWS;C:\WINDOWS\System32\Wbem;C:\WINDOWS\System32\WindowsPowerShell\v1.0\;C:\WINDOWS\System32\OpenSSH\;C:\Program Files\NVIDIA Corporation\NVIDIA NvDLISR;C:\Program Files\Git\cmd;C:\Users\msi\AppData\Local\Microsoft\WindowsApps;C:\Users\msi\AppData\Local\Programs\Microsoft VS Code\bin;;.]
06-May-2025 00:49:23.997 INFO [main] org.apache.coyote.AbstractProtocol.init Initializing ProtocolHandler ["http-nio-8080"]
06-May-2025 00:49:24.016 INFO [main] org.apache.catalina.startup.Catalina.load Server initialization in [402] milliseconds
06-May-2025 00:49:24.076 INFO [main] org.apache.catalina.core.StandardService.startInternal Starting service [Catalina]
06-May-2025 00:49:24.076 INFO [main] org.apache.catalina.core.StandardEngine.startInternal Starting Servlet engine: [Apache Tomcat/11.0.5]
06-May-2025 00:49:24.085 INFO [main] org.apache.catalina.startup.HostConfig.deployDescriptor Deploying deployment descriptor [C:\Users\msi\Downloads\Food Delivery Website - Copy\Food Delivery Website - Copy\conf\Catalina\localhost\ROOT.xml]
06-May-2025 00:49:24.360 INFO [main] org.apache.catalina.startup.HostConfig.deployDescriptor Deployment of deployment descriptor [C:\Users\msi\Downloads\Food Delivery Website - Copy\Food Delivery Website - Copy\conf\Catalina\localhost\ROOT.xml] has finished in [274] ms
06-May-2025 00:49:24.369 INFO [main] org.apache.coyote.AbstractProtocol.start Starting ProtocolHandler ["http-nio-8080"]
06-May-2025 00:49:24.390 INFO [main] org.apache.catalina.startup.Catalina.start Server startup in [370] milliseconds
06-May-2025 00:49:47.673 INFO [main] org.apache.catalina.startup.VersionLoggerListener.log Server version name:   Apache Tomcat/11.0.5
06-May-2025 00:49:47.675 INFO [main] org.apache.catalina.startup.VersionLoggerListener.log Server built:          Feb 28 2025 15:54:41 UTC
06-May-2025 00:49:47.676 INFO [main] org.apache.catalina.startup.VersionLoggerListener.log Server version number: 11.0.5.0
06-May-2025 00:49:47.676 INFO [main] org.apache.catalina.startup.VersionLoggerListener.log OS Name:               Windows 11
06-May-2025 00:49:47.676 INFO [main] org.apache.catalina.startup.VersionLoggerListener.log OS Version:            10.0
06-May-2025 00:49:47.676 INFO [main] org.apache.catalina.startup.VersionLoggerListener.log Architecture:          amd64
06-May-2025 00:49:47.676 INFO [main] org.apache.catalina.startup.VersionLoggerListener.log Java Home:             C:\Users\msi\.jdks\openjdk-24
06-May-2025 00:49:47.676 INFO [main] org.apache.catalina.startup.VersionLoggerListener.log JVM Version:           24+36-3646
06-May-2025 00:49:47.676 INFO [main] org.apache.catalina.startup.VersionLoggerListener.log JVM Vendor:            Oracle Corporation
06-May-2025 00:49:47.676 INFO [main] org.apache.catalina.startup.VersionLoggerListener.log CATALINA_BASE:         C:\Users\msi\Downloads\Food Delivery Website - Copy\Food Delivery Website - Copy
06-May-2025 00:49:47.676 INFO [main] org.apache.catalina.startup.VersionLoggerListener.log CATALINA_HOME:         C:\Program Files\Apache Software Foundation\Tomcat 11.0
06-May-2025 00:49:47.686 INFO [main] org.apache.catalina.startup.VersionLoggerListener.log Command line argument: --add-opens=java.base/java.lang=ALL-UNNAMED
06-May-2025 00:49:47.686 INFO [main] org.apache.catalina.startup.VersionLoggerListener.log Command line argument: --add-opens=java.base/java.io=ALL-UNNAMED
06-May-2025 00:49:47.686 INFO [main] org.apache.catalina.startup.VersionLoggerListener.log Command line argument: --add-opens=java.base/java.util=ALL-UNNAMED
06-May-2025 00:49:47.686 INFO [main] org.apache.catalina.startup.VersionLoggerListener.log Command line argument: --add-opens=java.base/java.util.concurrent=ALL-UNNAMED
06-May-2025 00:49:47.686 INFO [main] org.apache.catalina.startup.VersionLoggerListener.log Command line argument: --add-opens=java.rmi/sun.rmi.transport=ALL-UNNAMED
06-May-2025 00:49:47.687 INFO [main] org.apache.catalina.startup.VersionLoggerListener.log Command line argument: -Dcatalina.home=C:\Program Files\Apache Software Foundation\Tomcat 11.0
06-May-2025 00:49:47.687 INFO [main] org.apache.catalina.startup.VersionLoggerListener.log Command line argument: -Dcatalina.base=C:\Users\msi\Downloads\Food Delivery Website - Copy\Food Delivery Website - Copy
06-May-2025 00:49:47.687 INFO [main] org.apache.catalina.startup.VersionLoggerListener.log Command line argument: -Djava.io.tmpdir=C:\Users\msi\Downloads\Food Delivery Website - Copy\Food Delivery Website - Copy\temp
06-May-2025 00:49:47.687 INFO [main] org.apache.catalina.startup.VersionLoggerListener.log Command line argument: -Djava.util.logging.config.file=C:\Users\msi\Downloads\Food Delivery Website - Copy\Food Delivery Website - Copy\conf\logging.properties
06-May-2025 00:49:47.687 INFO [main] org.apache.catalina.startup.VersionLoggerListener.log Command line argument: -Djava.util.logging.manager=org.apache.juli.ClassLoaderLogManager
06-May-2025 00:49:47.687 INFO [main] org.apache.catalina.startup.VersionLoggerListener.log Command line argument: -javaagent:C:\Users\msi\AppData\Local\JetBrains\IntelliJ IDEA 2024.3.5\lib\idea_rt.jar=56915
06-May-2025 00:49:47.687 INFO [main] org.apache.catalina.startup.VersionLoggerListener.log Command line argument: -Dfile.encoding=UTF-8
06-May-2025 00:49:47.687 INFO [main] org.apache.catalina.startup.VersionLoggerListener.log Command line argument: -Dsun.stdout.encoding=UTF-8
06-May-2025 00:49:47.687 INFO [main] org.apache.catalina.startup.VersionLoggerListener.log Command line argument: -Dsun.stderr.encoding=UTF-8
06-May-2025 00:49:47.691 INFO [main] org.apache.catalina.core.AprLifecycleListener.lifecycleEvent The Apache Tomcat Native library which allows using OpenSSL was not found on the java.library.path: [C:\Users\msi\.jdks\openjdk-24\bin;C:\WINDOWS\Sun\Java\bin;C:\WINDOWS\system32;C:\WINDOWS;C:\Program Files\Common Files\Oracle\Java\javapath;C:\WINDOWS\system32;C:\WINDOWS;C:\WINDOWS\System32\Wbem;C:\WINDOWS\System32\WindowsPowerShell\v1.0\;C:\WINDOWS\System32\OpenSSH\;C:\Program Files\NVIDIA Corporation\NVIDIA NvDLISR;C:\Program Files\Git\cmd;C:\Users\msi\AppData\Local\Microsoft\WindowsApps;C:\Users\msi\AppData\Local\Programs\Microsoft VS Code\bin;;.]
06-May-2025 00:49:47.909 INFO [main] org.apache.coyote.AbstractProtocol.init Initializing ProtocolHandler ["http-nio-8080"]
06-May-2025 00:49:47.920 SEVERE [main] org.apache.catalina.util.LifecycleBase.handleSubClassException Failed to initialize component [Connector["http-nio-8080"]]
	org.apache.catalina.LifecycleException: Protocol handler initialization failed
		at org.apache.catalina.connector.Connector.initInternal(Connector.java:1056)
		at org.apache.catalina.util.LifecycleBase.init(LifecycleBase.java:122)
		at org.apache.catalina.core.StandardService.initInternal(StandardService.java:525)
		at org.apache.catalina.util.LifecycleBase.init(LifecycleBase.java:122)
		at org.apache.catalina.core.StandardServer.initInternal(StandardServer.java:953)
		at org.apache.catalina.util.LifecycleBase.init(LifecycleBase.java:122)
		at org.apache.catalina.startup.Catalina.load(Catalina.java:710)
		at org.apache.catalina.startup.Catalina.load(Catalina.java:733)
		at java.base/jdk.internal.reflect.DirectMethodHandleAccessor.invoke(DirectMethodHandleAccessor.java:104)
		at java.base/java.lang.reflect.Method.invoke(Method.java:565)
		at org.apache.catalina.startup.Bootstrap.load(Bootstrap.java:299)
		at org.apache.catalina.startup.Bootstrap.main(Bootstrap.java:469)
	Caused by: java.net.BindException: Address already in use: bind
		at java.base/sun.nio.ch.Net.bind0(Native Method)
		at java.base/sun.nio.ch.Net.bind(Net.java:511)
		at java.base/sun.nio.ch.ServerSocketChannelImpl.netBind(ServerSocketChannelImpl.java:335)
		at java.base/sun.nio.ch.ServerSocketChannelImpl.bind(ServerSocketChannelImpl.java:297)
		at org.apache.tomcat.util.net.NioEndpoint.initServerSocket(NioEndpoint.java:240)
		at org.apache.tomcat.util.net.NioEndpoint.bind(NioEndpoint.java:195)
		at org.apache.tomcat.util.net.AbstractEndpoint.bindWithCleanup(AbstractEndpoint.java:1472)
		at org.apache.tomcat.util.net.AbstractEndpoint.init(AbstractEndpoint.java:1485)
		at org.apache.coyote.AbstractProtocol.init(AbstractProtocol.java:633)
		at org.apache.coyote.http11.AbstractHttp11Protocol.init(AbstractHttp11Protocol.java:83)
		at org.apache.catalina.connector.Connector.initInternal(Connector.java:1054)
		... 11 more
06-May-2025 00:49:47.920 INFO [main] org.apache.catalina.startup.Catalina.load Server initialization in [409] milliseconds
06-May-2025 00:49:47.978 INFO [main] org.apache.catalina.core.StandardService.startInternal Starting service [Catalina]
06-May-2025 00:49:47.979 INFO [main] org.apache.catalina.core.StandardEngine.startInternal Starting Servlet engine: [Apache Tomcat/11.0.5]
06-May-2025 00:49:47.990 INFO [main] org.apache.catalina.startup.HostConfig.deployDescriptor Deploying deployment descriptor [C:\Users\msi\Downloads\Food Delivery Website - Copy\Food Delivery Website - Copy\conf\Catalina\localhost\ROOT.xml]
06-May-2025 00:49:48.318 INFO [main] org.apache.catalina.startup.HostConfig.deployDescriptor Deployment of deployment descriptor [C:\Users\msi\Downloads\Food Delivery Website - Copy\Food Delivery Website - Copy\conf\Catalina\localhost\ROOT.xml] has finished in [327] ms
06-May-2025 00:49:48.328 INFO [main] org.apache.catalina.startup.Catalina.start Server startup in [405] milliseconds
06-May-2025 00:49:48.334 SEVERE [main] org.apache.catalina.core.StandardServer.await Failed to create server shutdown socket on address [localhost] and port [8005] (base port [8005] and offset [0])
	java.net.BindException: Address already in use: bind
		at java.base/sun.nio.ch.Net.bind0(Native Method)
		at java.base/sun.nio.ch.Net.bind(Net.java:511)
		at java.base/sun.nio.ch.Net.bind(Net.java:500)
		at java.base/sun.nio.ch.NioSocketImpl.bind(NioSocketImpl.java:630)
		at java.base/java.net.ServerSocket.bind(ServerSocket.java:326)
		at java.base/java.net.ServerSocket.<init>(ServerSocket.java:222)
		at org.apache.catalina.core.StandardServer.await(StandardServer.java:532)
		at org.apache.catalina.startup.Catalina.await(Catalina.java:849)
		at org.apache.catalina.startup.Catalina.start(Catalina.java:797)
		at java.base/jdk.internal.reflect.DirectMethodHandleAccessor.invoke(DirectMethodHandleAccessor.java:104)
		at java.base/java.lang.reflect.Method.invoke(Method.java:565)
		at org.apache.catalina.startup.Bootstrap.start(Bootstrap.java:342)
		at org.apache.catalina.startup.Bootstrap.main(Bootstrap.java:470)
06-May-2025 00:49:48.334 INFO [main] org.apache.coyote.AbstractProtocol.pause Pausing ProtocolHandler ["http-nio-8080"]
06-May-2025 00:49:48.334 INFO [main] org.apache.catalina.core.StandardService.stopInternal Stopping service [Catalina]
06-May-2025 00:49:48.341 INFO [main] org.apache.coyote.AbstractProtocol.stop Stopping ProtocolHandler ["http-nio-8080"]
06-May-2025 00:49:48.341 INFO [main] org.apache.coyote.AbstractProtocol.destroy Destroying ProtocolHandler ["http-nio-8080"]
06-May-2025 00:49:54.428 INFO [Catalina-utility-2] org.apache.catalina.startup.HostConfig.undeploy Undeploying context []
06-May-2025 00:49:54.439 INFO [Catalina-utility-2] org.apache.catalina.startup.HostConfig.deployDescriptor Deploying deployment descriptor [C:\Users\msi\Downloads\Food Delivery Website - Copy\Food Delivery Website - Copy\conf\Catalina\localhost\ROOT.xml]
06-May-2025 00:49:54.493 INFO [Catalina-utility-2] org.apache.catalina.startup.HostConfig.deployDescriptor Deployment of deployment descriptor [C:\Users\msi\Downloads\Food Delivery Website - Copy\Food Delivery Website - Copy\conf\Catalina\localhost\ROOT.xml] has finished in [54] ms
06-May-2025 00:52:06.631 INFO [main] org.apache.catalina.startup.VersionLoggerListener.log Server version name:   Apache Tomcat/11.0.5
06-May-2025 00:52:06.633 INFO [main] org.apache.catalina.startup.VersionLoggerListener.log Server built:          Feb 28 2025 15:54:41 UTC
06-May-2025 00:52:06.633 INFO [main] org.apache.catalina.startup.VersionLoggerListener.log Server version number: 11.0.5.0
06-May-2025 00:52:06.633 INFO [main] org.apache.catalina.startup.VersionLoggerListener.log OS Name:               Windows 11
06-May-2025 00:52:06.634 INFO [main] org.apache.catalina.startup.VersionLoggerListener.log OS Version:            10.0
06-May-2025 00:52:06.634 INFO [main] org.apache.catalina.startup.VersionLoggerListener.log Architecture:          amd64
06-May-2025 00:52:06.634 INFO [main] org.apache.catalina.startup.VersionLoggerListener.log Java Home:             C:\Users\msi\.jdks\openjdk-24
06-May-2025 00:52:06.634 INFO [main] org.apache.catalina.startup.VersionLoggerListener.log JVM Version:           24+36-3646
06-May-2025 00:52:06.634 INFO [main] org.apache.catalina.startup.VersionLoggerListener.log JVM Vendor:            Oracle Corporation
06-May-2025 00:52:06.634 INFO [main] org.apache.catalina.startup.VersionLoggerListener.log CATALINA_BASE:         C:\Users\msi\Downloads\Food Delivery Website - Copy\Food Delivery Website - Copy
06-May-2025 00:52:06.634 INFO [main] org.apache.catalina.startup.VersionLoggerListener.log CATALINA_HOME:         C:\Program Files\Apache Software Foundation\Tomcat 11.0
06-May-2025 00:52:06.642 INFO [main] org.apache.catalina.startup.VersionLoggerListener.log Command line argument: --add-opens=java.base/java.lang=ALL-UNNAMED
06-May-2025 00:52:06.642 INFO [main] org.apache.catalina.startup.VersionLoggerListener.log Command line argument: --add-opens=java.base/java.io=ALL-UNNAMED
06-May-2025 00:52:06.642 INFO [main] org.apache.catalina.startup.VersionLoggerListener.log Command line argument: --add-opens=java.base/java.util=ALL-UNNAMED
06-May-2025 00:52:06.642 INFO [main] org.apache.catalina.startup.VersionLoggerListener.log Command line argument: --add-opens=java.base/java.util.concurrent=ALL-UNNAMED
06-May-2025 00:52:06.642 INFO [main] org.apache.catalina.startup.VersionLoggerListener.log Command line argument: --add-opens=java.rmi/sun.rmi.transport=ALL-UNNAMED
06-May-2025 00:52:06.642 INFO [main] org.apache.catalina.startup.VersionLoggerListener.log Command line argument: -Dcatalina.home=C:\Program Files\Apache Software Foundation\Tomcat 11.0
06-May-2025 00:52:06.642 INFO [main] org.apache.catalina.startup.VersionLoggerListener.log Command line argument: -Dcatalina.base=C:\Users\msi\Downloads\Food Delivery Website - Copy\Food Delivery Website - Copy
06-May-2025 00:52:06.642 INFO [main] org.apache.catalina.startup.VersionLoggerListener.log Command line argument: -Djava.io.tmpdir=C:\Users\msi\Downloads\Food Delivery Website - Copy\Food Delivery Website - Copy\temp
06-May-2025 00:52:06.642 INFO [main] org.apache.catalina.startup.VersionLoggerListener.log Command line argument: -Djava.util.logging.config.file=C:\Users\msi\Downloads\Food Delivery Website - Copy\Food Delivery Website - Copy\conf\logging.properties
06-May-2025 00:52:06.642 INFO [main] org.apache.catalina.startup.VersionLoggerListener.log Command line argument: -Djava.util.logging.manager=org.apache.juli.ClassLoaderLogManager
06-May-2025 00:52:06.642 INFO [main] org.apache.catalina.startup.VersionLoggerListener.log Command line argument: -javaagent:C:\Users\msi\AppData\Local\JetBrains\IntelliJ IDEA 2024.3.5\lib\idea_rt.jar=56973
06-May-2025 00:52:06.642 INFO [main] org.apache.catalina.startup.VersionLoggerListener.log Command line argument: -Dfile.encoding=UTF-8
06-May-2025 00:52:06.642 INFO [main] org.apache.catalina.startup.VersionLoggerListener.log Command line argument: -Dsun.stdout.encoding=UTF-8
06-May-2025 00:52:06.642 INFO [main] org.apache.catalina.startup.VersionLoggerListener.log Command line argument: -Dsun.stderr.encoding=UTF-8
06-May-2025 00:52:06.646 INFO [main] org.apache.catalina.core.AprLifecycleListener.lifecycleEvent The Apache Tomcat Native library which allows using OpenSSL was not found on the java.library.path: [C:\Users\msi\.jdks\openjdk-24\bin;C:\WINDOWS\Sun\Java\bin;C:\WINDOWS\system32;C:\WINDOWS;C:\Program Files\Common Files\Oracle\Java\javapath;C:\WINDOWS\system32;C:\WINDOWS;C:\WINDOWS\System32\Wbem;C:\WINDOWS\System32\WindowsPowerShell\v1.0\;C:\WINDOWS\System32\OpenSSH\;C:\Program Files\NVIDIA Corporation\NVIDIA NvDLISR;C:\Program Files\Git\cmd;C:\Users\msi\AppData\Local\Microsoft\WindowsApps;C:\Users\msi\AppData\Local\Programs\Microsoft VS Code\bin;;.]
06-May-2025 00:52:06.875 INFO [main] org.apache.coyote.AbstractProtocol.init Initializing ProtocolHandler ["http-nio-8080"]
06-May-2025 00:52:06.886 SEVERE [main] org.apache.catalina.util.LifecycleBase.handleSubClassException Failed to initialize component [Connector["http-nio-8080"]]
	org.apache.catalina.LifecycleException: Protocol handler initialization failed
		at org.apache.catalina.connector.Connector.initInternal(Connector.java:1056)
		at org.apache.catalina.util.LifecycleBase.init(LifecycleBase.java:122)
		at org.apache.catalina.core.StandardService.initInternal(StandardService.java:525)
		at org.apache.catalina.util.LifecycleBase.init(LifecycleBase.java:122)
		at org.apache.catalina.core.StandardServer.initInternal(StandardServer.java:953)
		at org.apache.catalina.util.LifecycleBase.init(LifecycleBase.java:122)
		at org.apache.catalina.startup.Catalina.load(Catalina.java:710)
		at org.apache.catalina.startup.Catalina.load(Catalina.java:733)
		at java.base/jdk.internal.reflect.DirectMethodHandleAccessor.invoke(DirectMethodHandleAccessor.java:104)
		at java.base/java.lang.reflect.Method.invoke(Method.java:565)
		at org.apache.catalina.startup.Bootstrap.load(Bootstrap.java:299)
		at org.apache.catalina.startup.Bootstrap.main(Bootstrap.java:469)
	Caused by: java.net.BindException: Address already in use: bind
		at java.base/sun.nio.ch.Net.bind0(Native Method)
		at java.base/sun.nio.ch.Net.bind(Net.java:511)
		at java.base/sun.nio.ch.ServerSocketChannelImpl.netBind(ServerSocketChannelImpl.java:335)
		at java.base/sun.nio.ch.ServerSocketChannelImpl.bind(ServerSocketChannelImpl.java:297)
		at org.apache.tomcat.util.net.NioEndpoint.initServerSocket(NioEndpoint.java:240)
		at org.apache.tomcat.util.net.NioEndpoint.bind(NioEndpoint.java:195)
		at org.apache.tomcat.util.net.AbstractEndpoint.bindWithCleanup(AbstractEndpoint.java:1472)
		at org.apache.tomcat.util.net.AbstractEndpoint.init(AbstractEndpoint.java:1485)
		at org.apache.coyote.AbstractProtocol.init(AbstractProtocol.java:633)
		at org.apache.coyote.http11.AbstractHttp11Protocol.init(AbstractHttp11Protocol.java:83)
		at org.apache.catalina.connector.Connector.initInternal(Connector.java:1054)
		... 11 more
06-May-2025 00:52:06.887 INFO [main] org.apache.catalina.startup.Catalina.load Server initialization in [402] milliseconds
06-May-2025 00:52:06.942 INFO [main] org.apache.catalina.core.StandardService.startInternal Starting service [Catalina]
06-May-2025 00:52:06.943 INFO [main] org.apache.catalina.core.StandardEngine.startInternal Starting Servlet engine: [Apache Tomcat/11.0.5]
06-May-2025 00:52:06.953 INFO [main] org.apache.catalina.startup.HostConfig.deployDescriptor Deploying deployment descriptor [C:\Users\msi\Downloads\Food Delivery Website - Copy\Food Delivery Website - Copy\conf\Catalina\localhost\ROOT.xml]
06-May-2025 00:52:07.249 INFO [main] org.apache.catalina.startup.HostConfig.deployDescriptor Deployment of deployment descriptor [C:\Users\msi\Downloads\Food Delivery Website - Copy\Food Delivery Website - Copy\conf\Catalina\localhost\ROOT.xml] has finished in [295] ms
06-May-2025 00:52:07.259 INFO [main] org.apache.catalina.startup.Catalina.start Server startup in [369] milliseconds
06-May-2025 00:52:07.263 SEVERE [main] org.apache.catalina.core.StandardServer.await Failed to create server shutdown socket on address [localhost] and port [8005] (base port [8005] and offset [0])
	java.net.BindException: Address already in use: bind
		at java.base/sun.nio.ch.Net.bind0(Native Method)
		at java.base/sun.nio.ch.Net.bind(Net.java:511)
		at java.base/sun.nio.ch.Net.bind(Net.java:500)
		at java.base/sun.nio.ch.NioSocketImpl.bind(NioSocketImpl.java:630)
		at java.base/java.net.ServerSocket.bind(ServerSocket.java:326)
		at java.base/java.net.ServerSocket.<init>(ServerSocket.java:222)
		at org.apache.catalina.core.StandardServer.await(StandardServer.java:532)
		at org.apache.catalina.startup.Catalina.await(Catalina.java:849)
		at org.apache.catalina.startup.Catalina.start(Catalina.java:797)
		at java.base/jdk.internal.reflect.DirectMethodHandleAccessor.invoke(DirectMethodHandleAccessor.java:104)
		at java.base/java.lang.reflect.Method.invoke(Method.java:565)
		at org.apache.catalina.startup.Bootstrap.start(Bootstrap.java:342)
		at org.apache.catalina.startup.Bootstrap.main(Bootstrap.java:470)
06-May-2025 00:52:07.264 INFO [main] org.apache.coyote.AbstractProtocol.pause Pausing ProtocolHandler ["http-nio-8080"]
06-May-2025 00:52:07.264 INFO [main] org.apache.catalina.core.StandardService.stopInternal Stopping service [Catalina]
06-May-2025 00:52:07.273 INFO [main] org.apache.coyote.AbstractProtocol.stop Stopping ProtocolHandler ["http-nio-8080"]
06-May-2025 00:52:07.274 INFO [main] org.apache.coyote.AbstractProtocol.destroy Destroying ProtocolHandler ["http-nio-8080"]
06-May-2025 00:52:14.600 INFO [Catalina-utility-1] org.apache.catalina.startup.HostConfig.undeploy Undeploying context []
06-May-2025 00:52:14.600 INFO [Catalina-utility-1] org.apache.catalina.core.StandardWrapper.unload Waiting for [1] instance(s) to be deallocated for Servlet [jsp]
06-May-2025 00:52:14.738 INFO [Catalina-utility-1] org.apache.catalina.startup.HostConfig.deployDescriptor Deploying deployment descriptor [C:\Users\msi\Downloads\Food Delivery Website - Copy\Food Delivery Website - Copy\conf\Catalina\localhost\ROOT.xml]
06-May-2025 00:52:14.898 INFO [Catalina-utility-1] org.apache.catalina.startup.HostConfig.deployDescriptor Deployment of deployment descriptor [C:\Users\msi\Downloads\Food Delivery Website - Copy\Food Delivery Website - Copy\conf\Catalina\localhost\ROOT.xml] has finished in [160] ms
06-May-2025 00:55:09.177 INFO [main] org.apache.catalina.startup.VersionLoggerListener.log Server version name:   Apache Tomcat/11.0.5
06-May-2025 00:55:09.181 INFO [main] org.apache.catalina.startup.VersionLoggerListener.log Server built:          Feb 28 2025 15:54:41 UTC
06-May-2025 00:55:09.181 INFO [main] org.apache.catalina.startup.VersionLoggerListener.log Server version number: 11.0.5.0
06-May-2025 00:55:09.181 INFO [main] org.apache.catalina.startup.VersionLoggerListener.log OS Name:               Windows 11
06-May-2025 00:55:09.181 INFO [main] org.apache.catalina.startup.VersionLoggerListener.log OS Version:            10.0
06-May-2025 00:55:09.182 INFO [main] org.apache.catalina.startup.VersionLoggerListener.log Architecture:          amd64
06-May-2025 00:55:09.182 INFO [main] org.apache.catalina.startup.VersionLoggerListener.log Java Home:             C:\Users\msi\.jdks\openjdk-24
06-May-2025 00:55:09.182 INFO [main] org.apache.catalina.startup.VersionLoggerListener.log JVM Version:           24+36-3646
06-May-2025 00:55:09.182 INFO [main] org.apache.catalina.startup.VersionLoggerListener.log JVM Vendor:            Oracle Corporation
06-May-2025 00:55:09.182 INFO [main] org.apache.catalina.startup.VersionLoggerListener.log CATALINA_BASE:         C:\Users\msi\Downloads\Food Delivery Website - Copy\Food Delivery Website - Copy
06-May-2025 00:55:09.182 INFO [main] org.apache.catalina.startup.VersionLoggerListener.log CATALINA_HOME:         C:\Program Files\Apache Software Foundation\Tomcat 11.0
06-May-2025 00:55:09.190 INFO [main] org.apache.catalina.startup.VersionLoggerListener.log Command line argument: --add-opens=java.base/java.lang=ALL-UNNAMED
06-May-2025 00:55:09.190 INFO [main] org.apache.catalina.startup.VersionLoggerListener.log Command line argument: --add-opens=java.base/java.io=ALL-UNNAMED
06-May-2025 00:55:09.190 INFO [main] org.apache.catalina.startup.VersionLoggerListener.log Command line argument: --add-opens=java.base/java.util=ALL-UNNAMED
06-May-2025 00:55:09.190 INFO [main] org.apache.catalina.startup.VersionLoggerListener.log Command line argument: --add-opens=java.base/java.util.concurrent=ALL-UNNAMED
06-May-2025 00:55:09.190 INFO [main] org.apache.catalina.startup.VersionLoggerListener.log Command line argument: --add-opens=java.rmi/sun.rmi.transport=ALL-UNNAMED
06-May-2025 00:55:09.190 INFO [main] org.apache.catalina.startup.VersionLoggerListener.log Command line argument: -Dcatalina.home=C:\Program Files\Apache Software Foundation\Tomcat 11.0
06-May-2025 00:55:09.190 INFO [main] org.apache.catalina.startup.VersionLoggerListener.log Command line argument: -Dcatalina.base=C:\Users\msi\Downloads\Food Delivery Website - Copy\Food Delivery Website - Copy
06-May-2025 00:55:09.190 INFO [main] org.apache.catalina.startup.VersionLoggerListener.log Command line argument: -Djava.io.tmpdir=C:\Users\msi\Downloads\Food Delivery Website - Copy\Food Delivery Website - Copy\temp
06-May-2025 00:55:09.190 INFO [main] org.apache.catalina.startup.VersionLoggerListener.log Command line argument: -Djava.util.logging.config.file=C:\Users\msi\Downloads\Food Delivery Website - Copy\Food Delivery Website - Copy\conf\logging.properties
06-May-2025 00:55:09.190 INFO [main] org.apache.catalina.startup.VersionLoggerListener.log Command line argument: -Djava.util.logging.manager=org.apache.juli.ClassLoaderLogManager
06-May-2025 00:55:09.190 INFO [main] org.apache.catalina.startup.VersionLoggerListener.log Command line argument: -javaagent:C:\Users\msi\AppData\Local\JetBrains\IntelliJ IDEA 2024.3.5\lib\idea_rt.jar=57124
06-May-2025 00:55:09.190 INFO [main] org.apache.catalina.startup.VersionLoggerListener.log Command line argument: -Dfile.encoding=UTF-8
06-May-2025 00:55:09.190 INFO [main] org.apache.catalina.startup.VersionLoggerListener.log Command line argument: -Dsun.stdout.encoding=UTF-8
06-May-2025 00:55:09.190 INFO [main] org.apache.catalina.startup.VersionLoggerListener.log Command line argument: -Dsun.stderr.encoding=UTF-8
06-May-2025 00:55:09.194 INFO [main] org.apache.catalina.core.AprLifecycleListener.lifecycleEvent The Apache Tomcat Native library which allows using OpenSSL was not found on the java.library.path: [C:\Users\msi\.jdks\openjdk-24\bin;C:\WINDOWS\Sun\Java\bin;C:\WINDOWS\system32;C:\WINDOWS;C:\Program Files\Common Files\Oracle\Java\javapath;C:\WINDOWS\system32;C:\WINDOWS;C:\WINDOWS\System32\Wbem;C:\WINDOWS\System32\WindowsPowerShell\v1.0\;C:\WINDOWS\System32\OpenSSH\;C:\Program Files\NVIDIA Corporation\NVIDIA NvDLISR;C:\Program Files\Git\cmd;C:\Users\msi\AppData\Local\Microsoft\WindowsApps;C:\Users\msi\AppData\Local\Programs\Microsoft VS Code\bin;;.]
06-May-2025 00:55:09.410 INFO [main] org.apache.coyote.AbstractProtocol.init Initializing ProtocolHandler ["http-nio-8080"]
06-May-2025 00:55:09.417 SEVERE [main] org.apache.catalina.util.LifecycleBase.handleSubClassException Failed to initialize component [Connector["http-nio-8080"]]
	org.apache.catalina.LifecycleException: Protocol handler initialization failed
		at org.apache.catalina.connector.Connector.initInternal(Connector.java:1056)
		at org.apache.catalina.util.LifecycleBase.init(LifecycleBase.java:122)
		at org.apache.catalina.core.StandardService.initInternal(StandardService.java:525)
		at org.apache.catalina.util.LifecycleBase.init(LifecycleBase.java:122)
		at org.apache.catalina.core.StandardServer.initInternal(StandardServer.java:953)
		at org.apache.catalina.util.LifecycleBase.init(LifecycleBase.java:122)
		at org.apache.catalina.startup.Catalina.load(Catalina.java:710)
		at org.apache.catalina.startup.Catalina.load(Catalina.java:733)
		at java.base/jdk.internal.reflect.DirectMethodHandleAccessor.invoke(DirectMethodHandleAccessor.java:104)
		at java.base/java.lang.reflect.Method.invoke(Method.java:565)
		at org.apache.catalina.startup.Bootstrap.load(Bootstrap.java:299)
		at org.apache.catalina.startup.Bootstrap.main(Bootstrap.java:469)
	Caused by: java.net.BindException: Address already in use: bind
		at java.base/sun.nio.ch.Net.bind0(Native Method)
		at java.base/sun.nio.ch.Net.bind(Net.java:511)
		at java.base/sun.nio.ch.ServerSocketChannelImpl.netBind(ServerSocketChannelImpl.java:335)
		at java.base/sun.nio.ch.ServerSocketChannelImpl.bind(ServerSocketChannelImpl.java:297)
		at org.apache.tomcat.util.net.NioEndpoint.initServerSocket(NioEndpoint.java:240)
		at org.apache.tomcat.util.net.NioEndpoint.bind(NioEndpoint.java:195)
		at org.apache.tomcat.util.net.AbstractEndpoint.bindWithCleanup(AbstractEndpoint.java:1472)
		at org.apache.tomcat.util.net.AbstractEndpoint.init(AbstractEndpoint.java:1485)
		at org.apache.coyote.AbstractProtocol.init(AbstractProtocol.java:633)
		at org.apache.coyote.http11.AbstractHttp11Protocol.init(AbstractHttp11Protocol.java:83)
		at org.apache.catalina.connector.Connector.initInternal(Connector.java:1054)
		... 11 more
06-May-2025 00:55:09.418 INFO [main] org.apache.catalina.startup.Catalina.load Server initialization in [389] milliseconds
06-May-2025 00:55:09.472 INFO [main] org.apache.catalina.core.StandardService.startInternal Starting service [Catalina]
06-May-2025 00:55:09.472 INFO [main] org.apache.catalina.core.StandardEngine.startInternal Starting Servlet engine: [Apache Tomcat/11.0.5]
06-May-2025 00:55:09.483 INFO [main] org.apache.catalina.startup.HostConfig.deployDescriptor Deploying deployment descriptor [C:\Users\msi\Downloads\Food Delivery Website - Copy\Food Delivery Website - Copy\conf\Catalina\localhost\ROOT.xml]
06-May-2025 00:55:09.790 INFO [main] org.apache.catalina.startup.HostConfig.deployDescriptor Deployment of deployment descriptor [C:\Users\msi\Downloads\Food Delivery Website - Copy\Food Delivery Website - Copy\conf\Catalina\localhost\ROOT.xml] has finished in [306] ms
06-May-2025 00:55:09.799 INFO [main] org.apache.catalina.startup.Catalina.start Server startup in [379] milliseconds
06-May-2025 00:55:09.805 SEVERE [main] org.apache.catalina.core.StandardServer.await Failed to create server shutdown socket on address [localhost] and port [8005] (base port [8005] and offset [0])
	java.net.BindException: Address already in use: bind
		at java.base/sun.nio.ch.Net.bind0(Native Method)
		at java.base/sun.nio.ch.Net.bind(Net.java:511)
		at java.base/sun.nio.ch.Net.bind(Net.java:500)
		at java.base/sun.nio.ch.NioSocketImpl.bind(NioSocketImpl.java:630)
		at java.base/java.net.ServerSocket.bind(ServerSocket.java:326)
		at java.base/java.net.ServerSocket.<init>(ServerSocket.java:222)
		at org.apache.catalina.core.StandardServer.await(StandardServer.java:532)
		at org.apache.catalina.startup.Catalina.await(Catalina.java:849)
		at org.apache.catalina.startup.Catalina.start(Catalina.java:797)
		at java.base/jdk.internal.reflect.DirectMethodHandleAccessor.invoke(DirectMethodHandleAccessor.java:104)
		at java.base/java.lang.reflect.Method.invoke(Method.java:565)
		at org.apache.catalina.startup.Bootstrap.start(Bootstrap.java:342)
		at org.apache.catalina.startup.Bootstrap.main(Bootstrap.java:470)
06-May-2025 00:55:09.805 INFO [main] org.apache.coyote.AbstractProtocol.pause Pausing ProtocolHandler ["http-nio-8080"]
06-May-2025 00:55:09.805 INFO [main] org.apache.catalina.core.StandardService.stopInternal Stopping service [Catalina]
06-May-2025 00:55:09.811 INFO [main] org.apache.coyote.AbstractProtocol.stop Stopping ProtocolHandler ["http-nio-8080"]
06-May-2025 00:55:09.812 INFO [main] org.apache.coyote.AbstractProtocol.destroy Destroying ProtocolHandler ["http-nio-8080"]
06-May-2025 00:55:15.980 INFO [Catalina-utility-2] org.apache.catalina.startup.HostConfig.undeploy Undeploying context []
06-May-2025 00:55:15.986 INFO [Catalina-utility-2] org.apache.catalina.startup.HostConfig.deployDescriptor Deploying deployment descriptor [C:\Users\msi\Downloads\Food Delivery Website - Copy\Food Delivery Website - Copy\conf\Catalina\localhost\ROOT.xml]
06-May-2025 00:55:16.034 INFO [Catalina-utility-2] org.apache.catalina.startup.HostConfig.deployDescriptor Deployment of deployment descriptor [C:\Users\msi\Downloads\Food Delivery Website - Copy\Food Delivery Website - Copy\conf\Catalina\localhost\ROOT.xml] has finished in [48] ms
06-May-2025 00:56:55.616 INFO [main] org.apache.catalina.startup.VersionLoggerListener.log Server version name:   Apache Tomcat/11.0.5
06-May-2025 00:56:55.618 INFO [main] org.apache.catalina.startup.VersionLoggerListener.log Server built:          Feb 28 2025 15:54:41 UTC
06-May-2025 00:56:55.619 INFO [main] org.apache.catalina.startup.VersionLoggerListener.log Server version number: 11.0.5.0
06-May-2025 00:56:55.619 INFO [main] org.apache.catalina.startup.VersionLoggerListener.log OS Name:               Windows 11
06-May-2025 00:56:55.619 INFO [main] org.apache.catalina.startup.VersionLoggerListener.log OS Version:            10.0
06-May-2025 00:56:55.619 INFO [main] org.apache.catalina.startup.VersionLoggerListener.log Architecture:          amd64
06-May-2025 00:56:55.619 INFO [main] org.apache.catalina.startup.VersionLoggerListener.log Java Home:             C:\Users\msi\.jdks\openjdk-24
06-May-2025 00:56:55.619 INFO [main] org.apache.catalina.startup.VersionLoggerListener.log JVM Version:           24+36-3646
06-May-2025 00:56:55.619 INFO [main] org.apache.catalina.startup.VersionLoggerListener.log JVM Vendor:            Oracle Corporation
06-May-2025 00:56:55.620 INFO [main] org.apache.catalina.startup.VersionLoggerListener.log CATALINA_BASE:         C:\Users\msi\Downloads\Food Delivery Website - Copy\Food Delivery Website - Copy
06-May-2025 00:56:55.620 INFO [main] org.apache.catalina.startup.VersionLoggerListener.log CATALINA_HOME:         C:\Program Files\Apache Software Foundation\Tomcat 11.0
06-May-2025 00:56:55.627 INFO [main] org.apache.catalina.startup.VersionLoggerListener.log Command line argument: --add-opens=java.base/java.lang=ALL-UNNAMED
06-May-2025 00:56:55.627 INFO [main] org.apache.catalina.startup.VersionLoggerListener.log Command line argument: --add-opens=java.base/java.io=ALL-UNNAMED
06-May-2025 00:56:55.627 INFO [main] org.apache.catalina.startup.VersionLoggerListener.log Command line argument: --add-opens=java.base/java.util=ALL-UNNAMED
06-May-2025 00:56:55.627 INFO [main] org.apache.catalina.startup.VersionLoggerListener.log Command line argument: --add-opens=java.base/java.util.concurrent=ALL-UNNAMED
06-May-2025 00:56:55.627 INFO [main] org.apache.catalina.startup.VersionLoggerListener.log Command line argument: --add-opens=java.rmi/sun.rmi.transport=ALL-UNNAMED
06-May-2025 00:56:55.627 INFO [main] org.apache.catalina.startup.VersionLoggerListener.log Command line argument: -Dcatalina.home=C:\Program Files\Apache Software Foundation\Tomcat 11.0
06-May-2025 00:56:55.627 INFO [main] org.apache.catalina.startup.VersionLoggerListener.log Command line argument: -Dcatalina.base=C:\Users\msi\Downloads\Food Delivery Website - Copy\Food Delivery Website - Copy
06-May-2025 00:56:55.627 INFO [main] org.apache.catalina.startup.VersionLoggerListener.log Command line argument: -Djava.io.tmpdir=C:\Users\msi\Downloads\Food Delivery Website - Copy\Food Delivery Website - Copy\temp
06-May-2025 00:56:55.627 INFO [main] org.apache.catalina.startup.VersionLoggerListener.log Command line argument: -Djava.util.logging.config.file=C:\Users\msi\Downloads\Food Delivery Website - Copy\Food Delivery Website - Copy\conf\logging.properties
06-May-2025 00:56:55.627 INFO [main] org.apache.catalina.startup.VersionLoggerListener.log Command line argument: -Djava.util.logging.manager=org.apache.juli.ClassLoaderLogManager
06-May-2025 00:56:55.627 INFO [main] org.apache.catalina.startup.VersionLoggerListener.log Command line argument: -javaagent:C:\Users\msi\AppData\Local\JetBrains\IntelliJ IDEA 2024.3.5\lib\idea_rt.jar=60943
06-May-2025 00:56:55.627 INFO [main] org.apache.catalina.startup.VersionLoggerListener.log Command line argument: -Dfile.encoding=UTF-8
06-May-2025 00:56:55.627 INFO [main] org.apache.catalina.startup.VersionLoggerListener.log Command line argument: -Dsun.stdout.encoding=UTF-8
06-May-2025 00:56:55.627 INFO [main] org.apache.catalina.startup.VersionLoggerListener.log Command line argument: -Dsun.stderr.encoding=UTF-8
06-May-2025 00:56:55.630 INFO [main] org.apache.catalina.core.AprLifecycleListener.lifecycleEvent The Apache Tomcat Native library which allows using OpenSSL was not found on the java.library.path: [C:\Users\msi\.jdks\openjdk-24\bin;C:\WINDOWS\Sun\Java\bin;C:\WINDOWS\system32;C:\WINDOWS;C:\Program Files\Common Files\Oracle\Java\javapath;C:\WINDOWS\system32;C:\WINDOWS;C:\WINDOWS\System32\Wbem;C:\WINDOWS\System32\WindowsPowerShell\v1.0\;C:\WINDOWS\System32\OpenSSH\;C:\Program Files\NVIDIA Corporation\NVIDIA NvDLISR;C:\Program Files\Git\cmd;C:\Users\msi\AppData\Local\Microsoft\WindowsApps;C:\Users\msi\AppData\Local\Programs\Microsoft VS Code\bin;;.]
06-May-2025 00:56:55.850 INFO [main] org.apache.coyote.AbstractProtocol.init Initializing ProtocolHandler ["http-nio-8080"]
06-May-2025 00:56:55.859 SEVERE [main] org.apache.catalina.util.LifecycleBase.handleSubClassException Failed to initialize component [Connector["http-nio-8080"]]
	org.apache.catalina.LifecycleException: Protocol handler initialization failed
		at org.apache.catalina.connector.Connector.initInternal(Connector.java:1056)
		at org.apache.catalina.util.LifecycleBase.init(LifecycleBase.java:122)
		at org.apache.catalina.core.StandardService.initInternal(StandardService.java:525)
		at org.apache.catalina.util.LifecycleBase.init(LifecycleBase.java:122)
		at org.apache.catalina.core.StandardServer.initInternal(StandardServer.java:953)
		at org.apache.catalina.util.LifecycleBase.init(LifecycleBase.java:122)
		at org.apache.catalina.startup.Catalina.load(Catalina.java:710)
		at org.apache.catalina.startup.Catalina.load(Catalina.java:733)
		at java.base/jdk.internal.reflect.DirectMethodHandleAccessor.invoke(DirectMethodHandleAccessor.java:104)
		at java.base/java.lang.reflect.Method.invoke(Method.java:565)
		at org.apache.catalina.startup.Bootstrap.load(Bootstrap.java:299)
		at org.apache.catalina.startup.Bootstrap.main(Bootstrap.java:469)
	Caused by: java.net.BindException: Address already in use: bind
		at java.base/sun.nio.ch.Net.bind0(Native Method)
		at java.base/sun.nio.ch.Net.bind(Net.java:511)
		at java.base/sun.nio.ch.ServerSocketChannelImpl.netBind(ServerSocketChannelImpl.java:335)
		at java.base/sun.nio.ch.ServerSocketChannelImpl.bind(ServerSocketChannelImpl.java:297)
		at org.apache.tomcat.util.net.NioEndpoint.initServerSocket(NioEndpoint.java:240)
		at org.apache.tomcat.util.net.NioEndpoint.bind(NioEndpoint.java:195)
		at org.apache.tomcat.util.net.AbstractEndpoint.bindWithCleanup(AbstractEndpoint.java:1472)
		at org.apache.tomcat.util.net.AbstractEndpoint.init(AbstractEndpoint.java:1485)
		at org.apache.coyote.AbstractProtocol.init(AbstractProtocol.java:633)
		at org.apache.coyote.http11.AbstractHttp11Protocol.init(AbstractHttp11Protocol.java:83)
		at org.apache.catalina.connector.Connector.initInternal(Connector.java:1054)
		... 11 more
06-May-2025 00:56:55.860 INFO [main] org.apache.catalina.startup.Catalina.load Server initialization in [407] milliseconds
06-May-2025 00:56:55.923 INFO [main] org.apache.catalina.core.StandardService.startInternal Starting service [Catalina]
06-May-2025 00:56:55.924 INFO [main] org.apache.catalina.core.StandardEngine.startInternal Starting Servlet engine: [Apache Tomcat/11.0.5]
06-May-2025 00:56:55.937 INFO [main] org.apache.catalina.startup.HostConfig.deployDescriptor Deploying deployment descriptor [C:\Users\msi\Downloads\Food Delivery Website - Copy\Food Delivery Website - Copy\conf\Catalina\localhost\ROOT.xml]
06-May-2025 00:56:56.197 INFO [Catalina-utility-2] org.apache.catalina.startup.HostConfig.undeploy Undeploying context []
06-May-2025 00:56:56.203 INFO [Catalina-utility-2] org.apache.catalina.startup.HostConfig.deployDescriptor Deploying deployment descriptor [C:\Users\msi\Downloads\Food Delivery Website - Copy\Food Delivery Website - Copy\conf\Catalina\localhost\ROOT.xml]
06-May-2025 00:56:56.249 INFO [Catalina-utility-2] org.apache.catalina.startup.HostConfig.deployDescriptor Deployment of deployment descriptor [C:\Users\msi\Downloads\Food Delivery Website - Copy\Food Delivery Website - Copy\conf\Catalina\localhost\ROOT.xml] has finished in [46] ms
06-May-2025 00:56:56.253 INFO [main] org.apache.catalina.startup.HostConfig.deployDescriptor Deployment of deployment descriptor [C:\Users\msi\Downloads\Food Delivery Website - Copy\Food Delivery Website - Copy\conf\Catalina\localhost\ROOT.xml] has finished in [315] ms
06-May-2025 00:56:56.264 INFO [main] org.apache.catalina.startup.Catalina.start Server startup in [402] milliseconds
06-May-2025 00:56:56.269 SEVERE [main] org.apache.catalina.core.StandardServer.await Failed to create server shutdown socket on address [localhost] and port [8005] (base port [8005] and offset [0])
	java.net.BindException: Address already in use: bind
		at java.base/sun.nio.ch.Net.bind0(Native Method)
		at java.base/sun.nio.ch.Net.bind(Net.java:511)
		at java.base/sun.nio.ch.Net.bind(Net.java:500)
		at java.base/sun.nio.ch.NioSocketImpl.bind(NioSocketImpl.java:630)
		at java.base/java.net.ServerSocket.bind(ServerSocket.java:326)
		at java.base/java.net.ServerSocket.<init>(ServerSocket.java:222)
		at org.apache.catalina.core.StandardServer.await(StandardServer.java:532)
		at org.apache.catalina.startup.Catalina.await(Catalina.java:849)
		at org.apache.catalina.startup.Catalina.start(Catalina.java:797)
		at java.base/jdk.internal.reflect.DirectMethodHandleAccessor.invoke(DirectMethodHandleAccessor.java:104)
		at java.base/java.lang.reflect.Method.invoke(Method.java:565)
		at org.apache.catalina.startup.Bootstrap.start(Bootstrap.java:342)
		at org.apache.catalina.startup.Bootstrap.main(Bootstrap.java:470)
06-May-2025 00:56:56.270 INFO [main] org.apache.coyote.AbstractProtocol.pause Pausing ProtocolHandler ["http-nio-8080"]
06-May-2025 00:56:56.270 INFO [main] org.apache.catalina.core.StandardService.stopInternal Stopping service [Catalina]
06-May-2025 00:56:56.278 INFO [main] org.apache.coyote.AbstractProtocol.stop Stopping ProtocolHandler ["http-nio-8080"]
06-May-2025 00:56:56.279 INFO [main] org.apache.coyote.AbstractProtocol.destroy Destroying ProtocolHandler ["http-nio-8080"]
06-May-2025 00:58:41.171 INFO [main] org.apache.catalina.startup.VersionLoggerListener.log Server version name:   Apache Tomcat/11.0.5
06-May-2025 00:58:41.173 INFO [main] org.apache.catalina.startup.VersionLoggerListener.log Server built:          Feb 28 2025 15:54:41 UTC
06-May-2025 00:58:41.173 INFO [main] org.apache.catalina.startup.VersionLoggerListener.log Server version number: 11.0.5.0
06-May-2025 00:58:41.173 INFO [main] org.apache.catalina.startup.VersionLoggerListener.log OS Name:               Windows 11
06-May-2025 00:58:41.173 INFO [main] org.apache.catalina.startup.VersionLoggerListener.log OS Version:            10.0
06-May-2025 00:58:41.173 INFO [main] org.apache.catalina.startup.VersionLoggerListener.log Architecture:          amd64
06-May-2025 00:58:41.173 INFO [main] org.apache.catalina.startup.VersionLoggerListener.log Java Home:             C:\Users\msi\.jdks\openjdk-24
06-May-2025 00:58:41.173 INFO [main] org.apache.catalina.startup.VersionLoggerListener.log JVM Version:           24+36-3646
06-May-2025 00:58:41.173 INFO [main] org.apache.catalina.startup.VersionLoggerListener.log JVM Vendor:            Oracle Corporation
06-May-2025 00:58:41.173 INFO [main] org.apache.catalina.startup.VersionLoggerListener.log CATALINA_BASE:         C:\Users\msi\Downloads\Food Delivery Website - Copy\Food Delivery Website - Copy
06-May-2025 00:58:41.173 INFO [main] org.apache.catalina.startup.VersionLoggerListener.log CATALINA_HOME:         C:\Program Files\Apache Software Foundation\Tomcat 11.0
06-May-2025 00:58:41.181 INFO [main] org.apache.catalina.startup.VersionLoggerListener.log Command line argument: --add-opens=java.base/java.lang=ALL-UNNAMED
06-May-2025 00:58:41.181 INFO [main] org.apache.catalina.startup.VersionLoggerListener.log Command line argument: --add-opens=java.base/java.io=ALL-UNNAMED
06-May-2025 00:58:41.181 INFO [main] org.apache.catalina.startup.VersionLoggerListener.log Command line argument: --add-opens=java.base/java.util=ALL-UNNAMED
06-May-2025 00:58:41.181 INFO [main] org.apache.catalina.startup.VersionLoggerListener.log Command line argument: --add-opens=java.base/java.util.concurrent=ALL-UNNAMED
06-May-2025 00:58:41.181 INFO [main] org.apache.catalina.startup.VersionLoggerListener.log Command line argument: --add-opens=java.rmi/sun.rmi.transport=ALL-UNNAMED
06-May-2025 00:58:41.181 INFO [main] org.apache.catalina.startup.VersionLoggerListener.log Command line argument: -Dcatalina.home=C:\Program Files\Apache Software Foundation\Tomcat 11.0
06-May-2025 00:58:41.181 INFO [main] org.apache.catalina.startup.VersionLoggerListener.log Command line argument: -Dcatalina.base=C:\Users\msi\Downloads\Food Delivery Website - Copy\Food Delivery Website - Copy
06-May-2025 00:58:41.181 INFO [main] org.apache.catalina.startup.VersionLoggerListener.log Command line argument: -Djava.io.tmpdir=C:\Users\msi\Downloads\Food Delivery Website - Copy\Food Delivery Website - Copy\temp
06-May-2025 00:58:41.181 INFO [main] org.apache.catalina.startup.VersionLoggerListener.log Command line argument: -Djava.util.logging.config.file=C:\Users\msi\Downloads\Food Delivery Website - Copy\Food Delivery Website - Copy\conf\logging.properties
06-May-2025 00:58:41.181 INFO [main] org.apache.catalina.startup.VersionLoggerListener.log Command line argument: -Djava.util.logging.manager=org.apache.juli.ClassLoaderLogManager
06-May-2025 00:58:41.181 INFO [main] org.apache.catalina.startup.VersionLoggerListener.log Command line argument: -javaagent:C:\Users\msi\AppData\Local\JetBrains\IntelliJ IDEA 2024.3.5\lib\idea_rt.jar=60985
06-May-2025 00:58:41.181 INFO [main] org.apache.catalina.startup.VersionLoggerListener.log Command line argument: -Dfile.encoding=UTF-8
06-May-2025 00:58:41.182 INFO [main] org.apache.catalina.startup.VersionLoggerListener.log Command line argument: -Dsun.stdout.encoding=UTF-8
06-May-2025 00:58:41.182 INFO [main] org.apache.catalina.startup.VersionLoggerListener.log Command line argument: -Dsun.stderr.encoding=UTF-8
06-May-2025 00:58:41.185 INFO [main] org.apache.catalina.core.AprLifecycleListener.lifecycleEvent The Apache Tomcat Native library which allows using OpenSSL was not found on the java.library.path: [C:\Users\msi\.jdks\openjdk-24\bin;C:\WINDOWS\Sun\Java\bin;C:\WINDOWS\system32;C:\WINDOWS;C:\Program Files\Common Files\Oracle\Java\javapath;C:\WINDOWS\system32;C:\WINDOWS;C:\WINDOWS\System32\Wbem;C:\WINDOWS\System32\WindowsPowerShell\v1.0\;C:\WINDOWS\System32\OpenSSH\;C:\Program Files\NVIDIA Corporation\NVIDIA NvDLISR;C:\Program Files\Git\cmd;C:\Users\msi\AppData\Local\Microsoft\WindowsApps;C:\Users\msi\AppData\Local\Programs\Microsoft VS Code\bin;;.]
06-May-2025 00:58:41.405 INFO [main] org.apache.coyote.AbstractProtocol.init Initializing ProtocolHandler ["http-nio-8080"]
06-May-2025 00:58:41.416 SEVERE [main] org.apache.catalina.util.LifecycleBase.handleSubClassException Failed to initialize component [Connector["http-nio-8080"]]
	org.apache.catalina.LifecycleException: Protocol handler initialization failed
		at org.apache.catalina.connector.Connector.initInternal(Connector.java:1056)
		at org.apache.catalina.util.LifecycleBase.init(LifecycleBase.java:122)
		at org.apache.catalina.core.StandardService.initInternal(StandardService.java:525)
		at org.apache.catalina.util.LifecycleBase.init(LifecycleBase.java:122)
		at org.apache.catalina.core.StandardServer.initInternal(StandardServer.java:953)
		at org.apache.catalina.util.LifecycleBase.init(LifecycleBase.java:122)
		at org.apache.catalina.startup.Catalina.load(Catalina.java:710)
		at org.apache.catalina.startup.Catalina.load(Catalina.java:733)
		at java.base/jdk.internal.reflect.DirectMethodHandleAccessor.invoke(DirectMethodHandleAccessor.java:104)
		at java.base/java.lang.reflect.Method.invoke(Method.java:565)
		at org.apache.catalina.startup.Bootstrap.load(Bootstrap.java:299)
		at org.apache.catalina.startup.Bootstrap.main(Bootstrap.java:469)
	Caused by: java.net.BindException: Address already in use: bind
		at java.base/sun.nio.ch.Net.bind0(Native Method)
		at java.base/sun.nio.ch.Net.bind(Net.java:511)
		at java.base/sun.nio.ch.ServerSocketChannelImpl.netBind(ServerSocketChannelImpl.java:335)
		at java.base/sun.nio.ch.ServerSocketChannelImpl.bind(ServerSocketChannelImpl.java:297)
		at org.apache.tomcat.util.net.NioEndpoint.initServerSocket(NioEndpoint.java:240)
		at org.apache.tomcat.util.net.NioEndpoint.bind(NioEndpoint.java:195)
		at org.apache.tomcat.util.net.AbstractEndpoint.bindWithCleanup(AbstractEndpoint.java:1472)
		at org.apache.tomcat.util.net.AbstractEndpoint.init(AbstractEndpoint.java:1485)
		at org.apache.coyote.AbstractProtocol.init(AbstractProtocol.java:633)
		at org.apache.coyote.http11.AbstractHttp11Protocol.init(AbstractHttp11Protocol.java:83)
		at org.apache.catalina.connector.Connector.initInternal(Connector.java:1054)
		... 11 more
06-May-2025 00:58:41.417 INFO [main] org.apache.catalina.startup.Catalina.load Server initialization in [415] milliseconds
06-May-2025 00:58:41.469 INFO [main] org.apache.catalina.core.StandardService.startInternal Starting service [Catalina]
06-May-2025 00:58:41.469 INFO [main] org.apache.catalina.core.StandardEngine.startInternal Starting Servlet engine: [Apache Tomcat/11.0.5]
06-May-2025 00:58:41.480 INFO [main] org.apache.catalina.startup.HostConfig.deployDescriptor Deploying deployment descriptor [C:\Users\msi\Downloads\Food Delivery Website - Copy\Food Delivery Website - Copy\conf\Catalina\localhost\ROOT.xml]
06-May-2025 00:58:41.782 INFO [main] org.apache.catalina.startup.HostConfig.deployDescriptor Deployment of deployment descriptor [C:\Users\msi\Downloads\Food Delivery Website - Copy\Food Delivery Website - Copy\conf\Catalina\localhost\ROOT.xml] has finished in [301] ms
06-May-2025 00:58:41.791 INFO [main] org.apache.catalina.startup.Catalina.start Server startup in [372] milliseconds
06-May-2025 00:58:41.797 SEVERE [main] org.apache.catalina.core.StandardServer.await Failed to create server shutdown socket on address [localhost] and port [8005] (base port [8005] and offset [0])
	java.net.BindException: Address already in use: bind
		at java.base/sun.nio.ch.Net.bind0(Native Method)
		at java.base/sun.nio.ch.Net.bind(Net.java:511)
		at java.base/sun.nio.ch.Net.bind(Net.java:500)
		at java.base/sun.nio.ch.NioSocketImpl.bind(NioSocketImpl.java:630)
		at java.base/java.net.ServerSocket.bind(ServerSocket.java:326)
		at java.base/java.net.ServerSocket.<init>(ServerSocket.java:222)
		at org.apache.catalina.core.StandardServer.await(StandardServer.java:532)
		at org.apache.catalina.startup.Catalina.await(Catalina.java:849)
		at org.apache.catalina.startup.Catalina.start(Catalina.java:797)
		at java.base/jdk.internal.reflect.DirectMethodHandleAccessor.invoke(DirectMethodHandleAccessor.java:104)
		at java.base/java.lang.reflect.Method.invoke(Method.java:565)
		at org.apache.catalina.startup.Bootstrap.start(Bootstrap.java:342)
		at org.apache.catalina.startup.Bootstrap.main(Bootstrap.java:470)
06-May-2025 00:58:41.798 INFO [main] org.apache.coyote.AbstractProtocol.pause Pausing ProtocolHandler ["http-nio-8080"]
06-May-2025 00:58:41.798 INFO [main] org.apache.catalina.core.StandardService.stopInternal Stopping service [Catalina]
06-May-2025 00:58:41.805 INFO [main] org.apache.coyote.AbstractProtocol.stop Stopping ProtocolHandler ["http-nio-8080"]
06-May-2025 00:58:41.806 INFO [main] org.apache.coyote.AbstractProtocol.destroy Destroying ProtocolHandler ["http-nio-8080"]
06-May-2025 00:58:46.542 INFO [Catalina-utility-1] org.apache.catalina.startup.HostConfig.undeploy Undeploying context []
06-May-2025 00:58:46.551 INFO [Catalina-utility-1] org.apache.catalina.startup.HostConfig.deployDescriptor Deploying deployment descriptor [C:\Users\msi\Downloads\Food Delivery Website - Copy\Food Delivery Website - Copy\conf\Catalina\localhost\ROOT.xml]
06-May-2025 00:58:46.590 INFO [Catalina-utility-1] org.apache.catalina.startup.HostConfig.deployDescriptor Deployment of deployment descriptor [C:\Users\msi\Downloads\Food Delivery Website - Copy\Food Delivery Website - Copy\conf\Catalina\localhost\ROOT.xml] has finished in [39] ms
06-May-2025 00:59:52.686 INFO [main] org.apache.catalina.startup.VersionLoggerListener.log Server version name:   Apache Tomcat/11.0.5
06-May-2025 00:59:52.689 INFO [main] org.apache.catalina.startup.VersionLoggerListener.log Server built:          Feb 28 2025 15:54:41 UTC
06-May-2025 00:59:52.689 INFO [main] org.apache.catalina.startup.VersionLoggerListener.log Server version number: 11.0.5.0
06-May-2025 00:59:52.689 INFO [main] org.apache.catalina.startup.VersionLoggerListener.log OS Name:               Windows 11
06-May-2025 00:59:52.689 INFO [main] org.apache.catalina.startup.VersionLoggerListener.log OS Version:            10.0
06-May-2025 00:59:52.689 INFO [main] org.apache.catalina.startup.VersionLoggerListener.log Architecture:          amd64
06-May-2025 00:59:52.689 INFO [main] org.apache.catalina.startup.VersionLoggerListener.log Java Home:             C:\Users\msi\.jdks\openjdk-24
06-May-2025 00:59:52.689 INFO [main] org.apache.catalina.startup.VersionLoggerListener.log JVM Version:           24+36-3646
06-May-2025 00:59:52.689 INFO [main] org.apache.catalina.startup.VersionLoggerListener.log JVM Vendor:            Oracle Corporation
06-May-2025 00:59:52.690 INFO [main] org.apache.catalina.startup.VersionLoggerListener.log CATALINA_BASE:         C:\Users\msi\Downloads\Food Delivery Website - Copy\Food Delivery Website - Copy
06-May-2025 00:59:52.690 INFO [main] org.apache.catalina.startup.VersionLoggerListener.log CATALINA_HOME:         C:\Program Files\Apache Software Foundation\Tomcat 11.0
06-May-2025 00:59:52.703 INFO [main] org.apache.catalina.startup.VersionLoggerListener.log Command line argument: --add-opens=java.base/java.lang=ALL-UNNAMED
06-May-2025 00:59:52.703 INFO [main] org.apache.catalina.startup.VersionLoggerListener.log Command line argument: --add-opens=java.base/java.io=ALL-UNNAMED
06-May-2025 00:59:52.703 INFO [main] org.apache.catalina.startup.VersionLoggerListener.log Command line argument: --add-opens=java.base/java.util=ALL-UNNAMED
06-May-2025 00:59:52.704 INFO [main] org.apache.catalina.startup.VersionLoggerListener.log Command line argument: --add-opens=java.base/java.util.concurrent=ALL-UNNAMED
06-May-2025 00:59:52.704 INFO [main] org.apache.catalina.startup.VersionLoggerListener.log Command line argument: --add-opens=java.rmi/sun.rmi.transport=ALL-UNNAMED
06-May-2025 00:59:52.704 INFO [main] org.apache.catalina.startup.VersionLoggerListener.log Command line argument: -Dcatalina.home=C:\Program Files\Apache Software Foundation\Tomcat 11.0
06-May-2025 00:59:52.704 INFO [main] org.apache.catalina.startup.VersionLoggerListener.log Command line argument: -Dcatalina.base=C:\Users\msi\Downloads\Food Delivery Website - Copy\Food Delivery Website - Copy
06-May-2025 00:59:52.704 INFO [main] org.apache.catalina.startup.VersionLoggerListener.log Command line argument: -Djava.io.tmpdir=C:\Users\msi\Downloads\Food Delivery Website - Copy\Food Delivery Website - Copy\temp
06-May-2025 00:59:52.704 INFO [main] org.apache.catalina.startup.VersionLoggerListener.log Command line argument: -Djava.util.logging.config.file=C:\Users\msi\Downloads\Food Delivery Website - Copy\Food Delivery Website - Copy\conf\logging.properties
06-May-2025 00:59:52.704 INFO [main] org.apache.catalina.startup.VersionLoggerListener.log Command line argument: -Djava.util.logging.manager=org.apache.juli.ClassLoaderLogManager
06-May-2025 00:59:52.704 INFO [main] org.apache.catalina.startup.VersionLoggerListener.log Command line argument: -javaagent:C:\Users\msi\AppData\Local\JetBrains\IntelliJ IDEA 2024.3.5\lib\idea_rt.jar=61019
06-May-2025 00:59:52.704 INFO [main] org.apache.catalina.startup.VersionLoggerListener.log Command line argument: -Dfile.encoding=UTF-8
06-May-2025 00:59:52.704 INFO [main] org.apache.catalina.startup.VersionLoggerListener.log Command line argument: -Dsun.stdout.encoding=UTF-8
06-May-2025 00:59:52.704 INFO [main] org.apache.catalina.startup.VersionLoggerListener.log Command line argument: -Dsun.stderr.encoding=UTF-8
06-May-2025 00:59:52.708 INFO [main] org.apache.catalina.core.AprLifecycleListener.lifecycleEvent The Apache Tomcat Native library which allows using OpenSSL was not found on the java.library.path: [C:\Users\msi\.jdks\openjdk-24\bin;C:\WINDOWS\Sun\Java\bin;C:\WINDOWS\system32;C:\WINDOWS;C:\Program Files\Common Files\Oracle\Java\javapath;C:\WINDOWS\system32;C:\WINDOWS;C:\WINDOWS\System32\Wbem;C:\WINDOWS\System32\WindowsPowerShell\v1.0\;C:\WINDOWS\System32\OpenSSH\;C:\Program Files\NVIDIA Corporation\NVIDIA NvDLISR;C:\Program Files\Git\cmd;C:\Users\msi\AppData\Local\Microsoft\WindowsApps;C:\Users\msi\AppData\Local\Programs\Microsoft VS Code\bin;;.]
06-May-2025 00:59:53.007 INFO [main] org.apache.coyote.AbstractProtocol.init Initializing ProtocolHandler ["http-nio-8080"]
06-May-2025 00:59:53.015 SEVERE [main] org.apache.catalina.util.LifecycleBase.handleSubClassException Failed to initialize component [Connector["http-nio-8080"]]
	org.apache.catalina.LifecycleException: Protocol handler initialization failed
		at org.apache.catalina.connector.Connector.initInternal(Connector.java:1056)
		at org.apache.catalina.util.LifecycleBase.init(LifecycleBase.java:122)
		at org.apache.catalina.core.StandardService.initInternal(StandardService.java:525)
		at org.apache.catalina.util.LifecycleBase.init(LifecycleBase.java:122)
		at org.apache.catalina.core.StandardServer.initInternal(StandardServer.java:953)
		at org.apache.catalina.util.LifecycleBase.init(LifecycleBase.java:122)
		at org.apache.catalina.startup.Catalina.load(Catalina.java:710)
		at org.apache.catalina.startup.Catalina.load(Catalina.java:733)
		at java.base/jdk.internal.reflect.DirectMethodHandleAccessor.invoke(DirectMethodHandleAccessor.java:104)
		at java.base/java.lang.reflect.Method.invoke(Method.java:565)
		at org.apache.catalina.startup.Bootstrap.load(Bootstrap.java:299)
		at org.apache.catalina.startup.Bootstrap.main(Bootstrap.java:469)
	Caused by: java.net.BindException: Address already in use: bind
		at java.base/sun.nio.ch.Net.bind0(Native Method)
		at java.base/sun.nio.ch.Net.bind(Net.java:511)
		at java.base/sun.nio.ch.ServerSocketChannelImpl.netBind(ServerSocketChannelImpl.java:335)
		at java.base/sun.nio.ch.ServerSocketChannelImpl.bind(ServerSocketChannelImpl.java:297)
		at org.apache.tomcat.util.net.NioEndpoint.initServerSocket(NioEndpoint.java:240)
		at org.apache.tomcat.util.net.NioEndpoint.bind(NioEndpoint.java:195)
		at org.apache.tomcat.util.net.AbstractEndpoint.bindWithCleanup(AbstractEndpoint.java:1472)
		at org.apache.tomcat.util.net.AbstractEndpoint.init(AbstractEndpoint.java:1485)
		at org.apache.coyote.AbstractProtocol.init(AbstractProtocol.java:633)
		at org.apache.coyote.http11.AbstractHttp11Protocol.init(AbstractHttp11Protocol.java:83)
		at org.apache.catalina.connector.Connector.initInternal(Connector.java:1054)
		... 11 more
06-May-2025 00:59:53.016 INFO [main] org.apache.catalina.startup.Catalina.load Server initialization in [519] milliseconds
06-May-2025 00:59:53.065 INFO [main] org.apache.catalina.core.StandardService.startInternal Starting service [Catalina]
06-May-2025 00:59:53.065 INFO [main] org.apache.catalina.core.StandardEngine.startInternal Starting Servlet engine: [Apache Tomcat/11.0.5]
06-May-2025 00:59:53.076 INFO [main] org.apache.catalina.startup.HostConfig.deployDescriptor Deploying deployment descriptor [C:\Users\msi\Downloads\Food Delivery Website - Copy\Food Delivery Website - Copy\conf\Catalina\localhost\ROOT.xml]
06-May-2025 00:59:53.408 INFO [main] org.apache.catalina.startup.HostConfig.deployDescriptor Deployment of deployment descriptor [C:\Users\msi\Downloads\Food Delivery Website - Copy\Food Delivery Website - Copy\conf\Catalina\localhost\ROOT.xml] has finished in [331] ms
06-May-2025 00:59:53.420 INFO [main] org.apache.catalina.startup.Catalina.start Server startup in [402] milliseconds
06-May-2025 00:59:53.426 SEVERE [main] org.apache.catalina.core.StandardServer.await Failed to create server shutdown socket on address [localhost] and port [8005] (base port [8005] and offset [0])
	java.net.BindException: Address already in use: bind
		at java.base/sun.nio.ch.Net.bind0(Native Method)
		at java.base/sun.nio.ch.Net.bind(Net.java:511)
		at java.base/sun.nio.ch.Net.bind(Net.java:500)
		at java.base/sun.nio.ch.NioSocketImpl.bind(NioSocketImpl.java:630)
		at java.base/java.net.ServerSocket.bind(ServerSocket.java:326)
		at java.base/java.net.ServerSocket.<init>(ServerSocket.java:222)
		at org.apache.catalina.core.StandardServer.await(StandardServer.java:532)
		at org.apache.catalina.startup.Catalina.await(Catalina.java:849)
		at org.apache.catalina.startup.Catalina.start(Catalina.java:797)
		at java.base/jdk.internal.reflect.DirectMethodHandleAccessor.invoke(DirectMethodHandleAccessor.java:104)
		at java.base/java.lang.reflect.Method.invoke(Method.java:565)
		at org.apache.catalina.startup.Bootstrap.start(Bootstrap.java:342)
		at org.apache.catalina.startup.Bootstrap.main(Bootstrap.java:470)
06-May-2025 00:59:53.426 INFO [main] org.apache.coyote.AbstractProtocol.pause Pausing ProtocolHandler ["http-nio-8080"]
06-May-2025 00:59:53.426 INFO [main] org.apache.catalina.core.StandardService.stopInternal Stopping service [Catalina]
06-May-2025 00:59:53.434 INFO [main] org.apache.coyote.AbstractProtocol.stop Stopping ProtocolHandler ["http-nio-8080"]
06-May-2025 00:59:53.434 INFO [main] org.apache.coyote.AbstractProtocol.destroy Destroying ProtocolHandler ["http-nio-8080"]
06-May-2025 00:59:56.645 INFO [Catalina-utility-1] org.apache.catalina.startup.HostConfig.undeploy Undeploying context []
06-May-2025 00:59:56.656 INFO [Catalina-utility-1] org.apache.catalina.startup.HostConfig.deployDescriptor Deploying deployment descriptor [C:\Users\msi\Downloads\Food Delivery Website - Copy\Food Delivery Website - Copy\conf\Catalina\localhost\ROOT.xml]
06-May-2025 00:59:56.696 INFO [Catalina-utility-1] org.apache.catalina.startup.HostConfig.deployDescriptor Deployment of deployment descriptor [C:\Users\msi\Downloads\Food Delivery Website - Copy\Food Delivery Website - Copy\conf\Catalina\localhost\ROOT.xml] has finished in [40] ms
06-May-2025 01:00:18.369 INFO [main] org.apache.catalina.startup.VersionLoggerListener.log Server version name:   Apache Tomcat/11.0.5
06-May-2025 01:00:18.371 INFO [main] org.apache.catalina.startup.VersionLoggerListener.log Server built:          Feb 28 2025 15:54:41 UTC
06-May-2025 01:00:18.371 INFO [main] org.apache.catalina.startup.VersionLoggerListener.log Server version number: 11.0.5.0
06-May-2025 01:00:18.371 INFO [main] org.apache.catalina.startup.VersionLoggerListener.log OS Name:               Windows 11
06-May-2025 01:00:18.373 INFO [main] org.apache.catalina.startup.VersionLoggerListener.log OS Version:            10.0
06-May-2025 01:00:18.373 INFO [main] org.apache.catalina.startup.VersionLoggerListener.log Architecture:          amd64
06-May-2025 01:00:18.373 INFO [main] org.apache.catalina.startup.VersionLoggerListener.log Java Home:             C:\Users\msi\.jdks\openjdk-24
06-May-2025 01:00:18.373 INFO [main] org.apache.catalina.startup.VersionLoggerListener.log JVM Version:           24+36-3646
06-May-2025 01:00:18.373 INFO [main] org.apache.catalina.startup.VersionLoggerListener.log JVM Vendor:            Oracle Corporation
06-May-2025 01:00:18.373 INFO [main] org.apache.catalina.startup.VersionLoggerListener.log CATALINA_BASE:         C:\Users\msi\Downloads\Food Delivery Website - Copy\Food Delivery Website - Copy
06-May-2025 01:00:18.373 INFO [main] org.apache.catalina.startup.VersionLoggerListener.log CATALINA_HOME:         C:\Program Files\Apache Software Foundation\Tomcat 11.0
06-May-2025 01:00:18.382 INFO [main] org.apache.catalina.startup.VersionLoggerListener.log Command line argument: --add-opens=java.base/java.lang=ALL-UNNAMED
06-May-2025 01:00:18.382 INFO [main] org.apache.catalina.startup.VersionLoggerListener.log Command line argument: --add-opens=java.base/java.io=ALL-UNNAMED
06-May-2025 01:00:18.382 INFO [main] org.apache.catalina.startup.VersionLoggerListener.log Command line argument: --add-opens=java.base/java.util=ALL-UNNAMED
06-May-2025 01:00:18.382 INFO [main] org.apache.catalina.startup.VersionLoggerListener.log Command line argument: --add-opens=java.base/java.util.concurrent=ALL-UNNAMED
06-May-2025 01:00:18.382 INFO [main] org.apache.catalina.startup.VersionLoggerListener.log Command line argument: --add-opens=java.rmi/sun.rmi.transport=ALL-UNNAMED
06-May-2025 01:00:18.382 INFO [main] org.apache.catalina.startup.VersionLoggerListener.log Command line argument: -Dcatalina.home=C:\Program Files\Apache Software Foundation\Tomcat 11.0
06-May-2025 01:00:18.382 INFO [main] org.apache.catalina.startup.VersionLoggerListener.log Command line argument: -Dcatalina.base=C:\Users\msi\Downloads\Food Delivery Website - Copy\Food Delivery Website - Copy
06-May-2025 01:00:18.382 INFO [main] org.apache.catalina.startup.VersionLoggerListener.log Command line argument: -Djava.io.tmpdir=C:\Users\msi\Downloads\Food Delivery Website - Copy\Food Delivery Website - Copy\temp
06-May-2025 01:00:18.383 INFO [main] org.apache.catalina.startup.VersionLoggerListener.log Command line argument: -Djava.util.logging.config.file=C:\Users\msi\Downloads\Food Delivery Website - Copy\Food Delivery Website - Copy\conf\logging.properties
06-May-2025 01:00:18.383 INFO [main] org.apache.catalina.startup.VersionLoggerListener.log Command line argument: -Djava.util.logging.manager=org.apache.juli.ClassLoaderLogManager
06-May-2025 01:00:18.383 INFO [main] org.apache.catalina.startup.VersionLoggerListener.log Command line argument: -javaagent:C:\Users\msi\AppData\Local\JetBrains\IntelliJ IDEA 2024.3.5\lib\idea_rt.jar=61039
06-May-2025 01:00:18.383 INFO [main] org.apache.catalina.startup.VersionLoggerListener.log Command line argument: -Dfile.encoding=UTF-8
06-May-2025 01:00:18.383 INFO [main] org.apache.catalina.startup.VersionLoggerListener.log Command line argument: -Dsun.stdout.encoding=UTF-8
06-May-2025 01:00:18.383 INFO [main] org.apache.catalina.startup.VersionLoggerListener.log Command line argument: -Dsun.stderr.encoding=UTF-8
06-May-2025 01:00:18.387 INFO [main] org.apache.catalina.core.AprLifecycleListener.lifecycleEvent The Apache Tomcat Native library which allows using OpenSSL was not found on the java.library.path: [C:\Users\msi\.jdks\openjdk-24\bin;C:\WINDOWS\Sun\Java\bin;C:\WINDOWS\system32;C:\WINDOWS;C:\Program Files\Common Files\Oracle\Java\javapath;C:\WINDOWS\system32;C:\WINDOWS;C:\WINDOWS\System32\Wbem;C:\WINDOWS\System32\WindowsPowerShell\v1.0\;C:\WINDOWS\System32\OpenSSH\;C:\Program Files\NVIDIA Corporation\NVIDIA NvDLISR;C:\Program Files\Git\cmd;C:\Users\msi\AppData\Local\Microsoft\WindowsApps;C:\Users\msi\AppData\Local\Programs\Microsoft VS Code\bin;;.]
06-May-2025 01:00:18.618 INFO [main] org.apache.coyote.AbstractProtocol.init Initializing ProtocolHandler ["http-nio-8080"]
06-May-2025 01:00:18.627 SEVERE [main] org.apache.catalina.util.LifecycleBase.handleSubClassException Failed to initialize component [Connector["http-nio-8080"]]
	org.apache.catalina.LifecycleException: Protocol handler initialization failed
		at org.apache.catalina.connector.Connector.initInternal(Connector.java:1056)
		at org.apache.catalina.util.LifecycleBase.init(LifecycleBase.java:122)
		at org.apache.catalina.core.StandardService.initInternal(StandardService.java:525)
		at org.apache.catalina.util.LifecycleBase.init(LifecycleBase.java:122)
		at org.apache.catalina.core.StandardServer.initInternal(StandardServer.java:953)
		at org.apache.catalina.util.LifecycleBase.init(LifecycleBase.java:122)
		at org.apache.catalina.startup.Catalina.load(Catalina.java:710)
		at org.apache.catalina.startup.Catalina.load(Catalina.java:733)
		at java.base/jdk.internal.reflect.DirectMethodHandleAccessor.invoke(DirectMethodHandleAccessor.java:104)
		at java.base/java.lang.reflect.Method.invoke(Method.java:565)
		at org.apache.catalina.startup.Bootstrap.load(Bootstrap.java:299)
		at org.apache.catalina.startup.Bootstrap.main(Bootstrap.java:469)
	Caused by: java.net.BindException: Address already in use: bind
		at java.base/sun.nio.ch.Net.bind0(Native Method)
		at java.base/sun.nio.ch.Net.bind(Net.java:511)
		at java.base/sun.nio.ch.ServerSocketChannelImpl.netBind(ServerSocketChannelImpl.java:335)
		at java.base/sun.nio.ch.ServerSocketChannelImpl.bind(ServerSocketChannelImpl.java:297)
		at org.apache.tomcat.util.net.NioEndpoint.initServerSocket(NioEndpoint.java:240)
		at org.apache.tomcat.util.net.NioEndpoint.bind(NioEndpoint.java:195)
		at org.apache.tomcat.util.net.AbstractEndpoint.bindWithCleanup(AbstractEndpoint.java:1472)
		at org.apache.tomcat.util.net.AbstractEndpoint.init(AbstractEndpoint.java:1485)
		at org.apache.coyote.AbstractProtocol.init(AbstractProtocol.java:633)
		at org.apache.coyote.http11.AbstractHttp11Protocol.init(AbstractHttp11Protocol.java:83)
		at org.apache.catalina.connector.Connector.initInternal(Connector.java:1054)
		... 11 more
06-May-2025 01:00:18.628 INFO [main] org.apache.catalina.startup.Catalina.load Server initialization in [446] milliseconds
06-May-2025 01:00:18.681 INFO [main] org.apache.catalina.core.StandardService.startInternal Starting service [Catalina]
06-May-2025 01:00:18.682 INFO [main] org.apache.catalina.core.StandardEngine.startInternal Starting Servlet engine: [Apache Tomcat/11.0.5]
06-May-2025 01:00:18.692 INFO [main] org.apache.catalina.startup.HostConfig.deployDescriptor Deploying deployment descriptor [C:\Users\msi\Downloads\Food Delivery Website - Copy\Food Delivery Website - Copy\conf\Catalina\localhost\ROOT.xml]
06-May-2025 01:00:18.999 INFO [main] org.apache.catalina.startup.HostConfig.deployDescriptor Deployment of deployment descriptor [C:\Users\msi\Downloads\Food Delivery Website - Copy\Food Delivery Website - Copy\conf\Catalina\localhost\ROOT.xml] has finished in [305] ms
06-May-2025 01:00:19.013 INFO [main] org.apache.catalina.startup.Catalina.start Server startup in [380] milliseconds
06-May-2025 01:00:19.019 SEVERE [main] org.apache.catalina.core.StandardServer.await Failed to create server shutdown socket on address [localhost] and port [8005] (base port [8005] and offset [0])
	java.net.BindException: Address already in use: bind
		at java.base/sun.nio.ch.Net.bind0(Native Method)
		at java.base/sun.nio.ch.Net.bind(Net.java:511)
		at java.base/sun.nio.ch.Net.bind(Net.java:500)
		at java.base/sun.nio.ch.NioSocketImpl.bind(NioSocketImpl.java:630)
		at java.base/java.net.ServerSocket.bind(ServerSocket.java:326)
		at java.base/java.net.ServerSocket.<init>(ServerSocket.java:222)
		at org.apache.catalina.core.StandardServer.await(StandardServer.java:532)
		at org.apache.catalina.startup.Catalina.await(Catalina.java:849)
		at org.apache.catalina.startup.Catalina.start(Catalina.java:797)
		at java.base/jdk.internal.reflect.DirectMethodHandleAccessor.invoke(DirectMethodHandleAccessor.java:104)
		at java.base/java.lang.reflect.Method.invoke(Method.java:565)
		at org.apache.catalina.startup.Bootstrap.start(Bootstrap.java:342)
		at org.apache.catalina.startup.Bootstrap.main(Bootstrap.java:470)
06-May-2025 01:00:19.019 INFO [main] org.apache.coyote.AbstractProtocol.pause Pausing ProtocolHandler ["http-nio-8080"]
06-May-2025 01:00:19.019 INFO [main] org.apache.catalina.core.StandardService.stopInternal Stopping service [Catalina]
06-May-2025 01:00:19.026 INFO [main] org.apache.coyote.AbstractProtocol.stop Stopping ProtocolHandler ["http-nio-8080"]
06-May-2025 01:00:19.027 INFO [main] org.apache.coyote.AbstractProtocol.destroy Destroying ProtocolHandler ["http-nio-8080"]
06-May-2025 01:00:26.718 INFO [Catalina-utility-2] org.apache.catalina.startup.HostConfig.undeploy Undeploying context []
06-May-2025 01:00:26.735 INFO [Catalina-utility-2] org.apache.catalina.startup.HostConfig.deployDescriptor Deploying deployment descriptor [C:\Users\msi\Downloads\Food Delivery Website - Copy\Food Delivery Website - Copy\conf\Catalina\localhost\ROOT.xml]
06-May-2025 01:00:26.859 INFO [Catalina-utility-2] org.apache.catalina.startup.HostConfig.deployDescriptor Deployment of deployment descriptor [C:\Users\msi\Downloads\Food Delivery Website - Copy\Food Delivery Website - Copy\conf\Catalina\localhost\ROOT.xml] has finished in [124] ms
06-May-2025 01:01:29.369 INFO [main] org.apache.catalina.startup.VersionLoggerListener.log Server version name:   Apache Tomcat/11.0.5
06-May-2025 01:01:29.371 INFO [main] org.apache.catalina.startup.VersionLoggerListener.log Server built:          Feb 28 2025 15:54:41 UTC
06-May-2025 01:01:29.372 INFO [main] org.apache.catalina.startup.VersionLoggerListener.log Server version number: 11.0.5.0
06-May-2025 01:01:29.372 INFO [main] org.apache.catalina.startup.VersionLoggerListener.log OS Name:               Windows 11
06-May-2025 01:01:29.372 INFO [main] org.apache.catalina.startup.VersionLoggerListener.log OS Version:            10.0
06-May-2025 01:01:29.372 INFO [main] org.apache.catalina.startup.VersionLoggerListener.log Architecture:          amd64
06-May-2025 01:01:29.372 INFO [main] org.apache.catalina.startup.VersionLoggerListener.log Java Home:             C:\Users\msi\.jdks\openjdk-24
06-May-2025 01:01:29.372 INFO [main] org.apache.catalina.startup.VersionLoggerListener.log JVM Version:           24+36-3646
06-May-2025 01:01:29.372 INFO [main] org.apache.catalina.startup.VersionLoggerListener.log JVM Vendor:            Oracle Corporation
06-May-2025 01:01:29.372 INFO [main] org.apache.catalina.startup.VersionLoggerListener.log CATALINA_BASE:         C:\Users\msi\Downloads\Food Delivery Website - Copy\Food Delivery Website - Copy
06-May-2025 01:01:29.372 INFO [main] org.apache.catalina.startup.VersionLoggerListener.log CATALINA_HOME:         C:\Program Files\Apache Software Foundation\Tomcat 11.0
06-May-2025 01:01:29.380 INFO [main] org.apache.catalina.startup.VersionLoggerListener.log Command line argument: --add-opens=java.base/java.lang=ALL-UNNAMED
06-May-2025 01:01:29.380 INFO [main] org.apache.catalina.startup.VersionLoggerListener.log Command line argument: --add-opens=java.base/java.io=ALL-UNNAMED
06-May-2025 01:01:29.380 INFO [main] org.apache.catalina.startup.VersionLoggerListener.log Command line argument: --add-opens=java.base/java.util=ALL-UNNAMED
06-May-2025 01:01:29.380 INFO [main] org.apache.catalina.startup.VersionLoggerListener.log Command line argument: --add-opens=java.base/java.util.concurrent=ALL-UNNAMED
06-May-2025 01:01:29.380 INFO [main] org.apache.catalina.startup.VersionLoggerListener.log Command line argument: --add-opens=java.rmi/sun.rmi.transport=ALL-UNNAMED
06-May-2025 01:01:29.380 INFO [main] org.apache.catalina.startup.VersionLoggerListener.log Command line argument: -Dcatalina.home=C:\Program Files\Apache Software Foundation\Tomcat 11.0
06-May-2025 01:01:29.380 INFO [main] org.apache.catalina.startup.VersionLoggerListener.log Command line argument: -Dcatalina.base=C:\Users\msi\Downloads\Food Delivery Website - Copy\Food Delivery Website - Copy
06-May-2025 01:01:29.380 INFO [main] org.apache.catalina.startup.VersionLoggerListener.log Command line argument: -Djava.io.tmpdir=C:\Users\msi\Downloads\Food Delivery Website - Copy\Food Delivery Website - Copy\temp
06-May-2025 01:01:29.381 INFO [main] org.apache.catalina.startup.VersionLoggerListener.log Command line argument: -Djava.util.logging.config.file=C:\Users\msi\Downloads\Food Delivery Website - Copy\Food Delivery Website - Copy\conf\logging.properties
06-May-2025 01:01:29.381 INFO [main] org.apache.catalina.startup.VersionLoggerListener.log Command line argument: -Djava.util.logging.manager=org.apache.juli.ClassLoaderLogManager
06-May-2025 01:01:29.381 INFO [main] org.apache.catalina.startup.VersionLoggerListener.log Command line argument: -javaagent:C:\Users\msi\AppData\Local\JetBrains\IntelliJ IDEA 2024.3.5\lib\idea_rt.jar=61068
06-May-2025 01:01:29.381 INFO [main] org.apache.catalina.startup.VersionLoggerListener.log Command line argument: -Dfile.encoding=UTF-8
06-May-2025 01:01:29.381 INFO [main] org.apache.catalina.startup.VersionLoggerListener.log Command line argument: -Dsun.stdout.encoding=UTF-8
06-May-2025 01:01:29.381 INFO [main] org.apache.catalina.startup.VersionLoggerListener.log Command line argument: -Dsun.stderr.encoding=UTF-8
06-May-2025 01:01:29.384 INFO [main] org.apache.catalina.core.AprLifecycleListener.lifecycleEvent The Apache Tomcat Native library which allows using OpenSSL was not found on the java.library.path: [C:\Users\msi\.jdks\openjdk-24\bin;C:\WINDOWS\Sun\Java\bin;C:\WINDOWS\system32;C:\WINDOWS;C:\Program Files\Common Files\Oracle\Java\javapath;C:\WINDOWS\system32;C:\WINDOWS;C:\WINDOWS\System32\Wbem;C:\WINDOWS\System32\WindowsPowerShell\v1.0\;C:\WINDOWS\System32\OpenSSH\;C:\Program Files\NVIDIA Corporation\NVIDIA NvDLISR;C:\Program Files\Git\cmd;C:\Users\msi\AppData\Local\Microsoft\WindowsApps;C:\Users\msi\AppData\Local\Programs\Microsoft VS Code\bin;;.]
06-May-2025 01:01:29.611 INFO [main] org.apache.coyote.AbstractProtocol.init Initializing ProtocolHandler ["http-nio-8080"]
06-May-2025 01:01:29.620 SEVERE [main] org.apache.catalina.util.LifecycleBase.handleSubClassException Failed to initialize component [Connector["http-nio-8080"]]
	org.apache.catalina.LifecycleException: Protocol handler initialization failed
		at org.apache.catalina.connector.Connector.initInternal(Connector.java:1056)
		at org.apache.catalina.util.LifecycleBase.init(LifecycleBase.java:122)
		at org.apache.catalina.core.StandardService.initInternal(StandardService.java:525)
		at org.apache.catalina.util.LifecycleBase.init(LifecycleBase.java:122)
		at org.apache.catalina.core.StandardServer.initInternal(StandardServer.java:953)
		at org.apache.catalina.util.LifecycleBase.init(LifecycleBase.java:122)
		at org.apache.catalina.startup.Catalina.load(Catalina.java:710)
		at org.apache.catalina.startup.Catalina.load(Catalina.java:733)
		at java.base/jdk.internal.reflect.DirectMethodHandleAccessor.invoke(DirectMethodHandleAccessor.java:104)
		at java.base/java.lang.reflect.Method.invoke(Method.java:565)
		at org.apache.catalina.startup.Bootstrap.load(Bootstrap.java:299)
		at org.apache.catalina.startup.Bootstrap.main(Bootstrap.java:469)
	Caused by: java.net.BindException: Address already in use: bind
		at java.base/sun.nio.ch.Net.bind0(Native Method)
		at java.base/sun.nio.ch.Net.bind(Net.java:511)
		at java.base/sun.nio.ch.ServerSocketChannelImpl.netBind(ServerSocketChannelImpl.java:335)
		at java.base/sun.nio.ch.ServerSocketChannelImpl.bind(ServerSocketChannelImpl.java:297)
		at org.apache.tomcat.util.net.NioEndpoint.initServerSocket(NioEndpoint.java:240)
		at org.apache.tomcat.util.net.NioEndpoint.bind(NioEndpoint.java:195)
		at org.apache.tomcat.util.net.AbstractEndpoint.bindWithCleanup(AbstractEndpoint.java:1472)
		at org.apache.tomcat.util.net.AbstractEndpoint.init(AbstractEndpoint.java:1485)
		at org.apache.coyote.AbstractProtocol.init(AbstractProtocol.java:633)
		at org.apache.coyote.http11.AbstractHttp11Protocol.init(AbstractHttp11Protocol.java:83)
		at org.apache.catalina.connector.Connector.initInternal(Connector.java:1054)
		... 11 more
06-May-2025 01:01:29.621 INFO [main] org.apache.catalina.startup.Catalina.load Server initialization in [411] milliseconds
06-May-2025 01:01:29.677 INFO [main] org.apache.catalina.core.StandardService.startInternal Starting service [Catalina]
06-May-2025 01:01:29.677 INFO [main] org.apache.catalina.core.StandardEngine.startInternal Starting Servlet engine: [Apache Tomcat/11.0.5]
06-May-2025 01:01:29.689 INFO [main] org.apache.catalina.startup.HostConfig.deployDescriptor Deploying deployment descriptor [C:\Users\msi\Downloads\Food Delivery Website - Copy\Food Delivery Website - Copy\conf\Catalina\localhost\ROOT.xml]
06-May-2025 01:01:29.988 INFO [main] org.apache.catalina.startup.HostConfig.deployDescriptor Deployment of deployment descriptor [C:\Users\msi\Downloads\Food Delivery Website - Copy\Food Delivery Website - Copy\conf\Catalina\localhost\ROOT.xml] has finished in [298] ms
06-May-2025 01:01:29.999 INFO [main] org.apache.catalina.startup.Catalina.start Server startup in [375] milliseconds
06-May-2025 01:01:30.005 SEVERE [main] org.apache.catalina.core.StandardServer.await Failed to create server shutdown socket on address [localhost] and port [8005] (base port [8005] and offset [0])
	java.net.BindException: Address already in use: bind
		at java.base/sun.nio.ch.Net.bind0(Native Method)
		at java.base/sun.nio.ch.Net.bind(Net.java:511)
		at java.base/sun.nio.ch.Net.bind(Net.java:500)
		at java.base/sun.nio.ch.NioSocketImpl.bind(NioSocketImpl.java:630)
		at java.base/java.net.ServerSocket.bind(ServerSocket.java:326)
		at java.base/java.net.ServerSocket.<init>(ServerSocket.java:222)
		at org.apache.catalina.core.StandardServer.await(StandardServer.java:532)
		at org.apache.catalina.startup.Catalina.await(Catalina.java:849)
		at org.apache.catalina.startup.Catalina.start(Catalina.java:797)
		at java.base/jdk.internal.reflect.DirectMethodHandleAccessor.invoke(DirectMethodHandleAccessor.java:104)
		at java.base/java.lang.reflect.Method.invoke(Method.java:565)
		at org.apache.catalina.startup.Bootstrap.start(Bootstrap.java:342)
		at org.apache.catalina.startup.Bootstrap.main(Bootstrap.java:470)
06-May-2025 01:01:30.005 INFO [main] org.apache.coyote.AbstractProtocol.pause Pausing ProtocolHandler ["http-nio-8080"]
06-May-2025 01:01:30.005 INFO [main] org.apache.catalina.core.StandardService.stopInternal Stopping service [Catalina]
06-May-2025 01:01:30.012 INFO [main] org.apache.coyote.AbstractProtocol.stop Stopping ProtocolHandler ["http-nio-8080"]
06-May-2025 01:01:30.012 INFO [main] org.apache.coyote.AbstractProtocol.destroy Destroying ProtocolHandler ["http-nio-8080"]
06-May-2025 01:01:36.894 INFO [Catalina-utility-1] org.apache.catalina.startup.HostConfig.undeploy Undeploying context []
06-May-2025 01:01:36.922 INFO [Catalina-utility-1] org.apache.catalina.startup.HostConfig.deployDescriptor Deploying deployment descriptor [C:\Users\msi\Downloads\Food Delivery Website - Copy\Food Delivery Website - Copy\conf\Catalina\localhost\ROOT.xml]
06-May-2025 01:01:36.959 INFO [Catalina-utility-1] org.apache.catalina.startup.HostConfig.deployDescriptor Deployment of deployment descriptor [C:\Users\msi\Downloads\Food Delivery Website - Copy\Food Delivery Website - Copy\conf\Catalina\localhost\ROOT.xml] has finished in [37] ms
06-May-2025 01:05:19.488 INFO [main] org.apache.catalina.startup.VersionLoggerListener.log Server version name:   Apache Tomcat/11.0.5
06-May-2025 01:05:19.492 INFO [main] org.apache.catalina.startup.VersionLoggerListener.log Server built:          Feb 28 2025 15:54:41 UTC
06-May-2025 01:05:19.492 INFO [main] org.apache.catalina.startup.VersionLoggerListener.log Server version number: 11.0.5.0
06-May-2025 01:05:19.492 INFO [main] org.apache.catalina.startup.VersionLoggerListener.log OS Name:               Windows 11
06-May-2025 01:05:19.492 INFO [main] org.apache.catalina.startup.VersionLoggerListener.log OS Version:            10.0
06-May-2025 01:05:19.492 INFO [main] org.apache.catalina.startup.VersionLoggerListener.log Architecture:          amd64
06-May-2025 01:05:19.493 INFO [main] org.apache.catalina.startup.VersionLoggerListener.log Java Home:             C:\Users\msi\.jdks\openjdk-24
06-May-2025 01:05:19.493 INFO [main] org.apache.catalina.startup.VersionLoggerListener.log JVM Version:           24+36-3646
06-May-2025 01:05:19.493 INFO [main] org.apache.catalina.startup.VersionLoggerListener.log JVM Vendor:            Oracle Corporation
06-May-2025 01:05:19.493 INFO [main] org.apache.catalina.startup.VersionLoggerListener.log CATALINA_BASE:         C:\Users\msi\Downloads\Food Delivery Website - Copy\Food Delivery Website - Copy
06-May-2025 01:05:19.493 INFO [main] org.apache.catalina.startup.VersionLoggerListener.log CATALINA_HOME:         C:\Program Files\Apache Software Foundation\Tomcat 11.0
06-May-2025 01:05:19.503 INFO [main] org.apache.catalina.startup.VersionLoggerListener.log Command line argument: --add-opens=java.base/java.lang=ALL-UNNAMED
06-May-2025 01:05:19.504 INFO [main] org.apache.catalina.startup.VersionLoggerListener.log Command line argument: --add-opens=java.base/java.io=ALL-UNNAMED
06-May-2025 01:05:19.504 INFO [main] org.apache.catalina.startup.VersionLoggerListener.log Command line argument: --add-opens=java.base/java.util=ALL-UNNAMED
06-May-2025 01:05:19.504 INFO [main] org.apache.catalina.startup.VersionLoggerListener.log Command line argument: --add-opens=java.base/java.util.concurrent=ALL-UNNAMED
06-May-2025 01:05:19.504 INFO [main] org.apache.catalina.startup.VersionLoggerListener.log Command line argument: --add-opens=java.rmi/sun.rmi.transport=ALL-UNNAMED
06-May-2025 01:05:19.504 INFO [main] org.apache.catalina.startup.VersionLoggerListener.log Command line argument: -Dcatalina.home=C:\Program Files\Apache Software Foundation\Tomcat 11.0
06-May-2025 01:05:19.504 INFO [main] org.apache.catalina.startup.VersionLoggerListener.log Command line argument: -Dcatalina.base=C:\Users\msi\Downloads\Food Delivery Website - Copy\Food Delivery Website - Copy
06-May-2025 01:05:19.504 INFO [main] org.apache.catalina.startup.VersionLoggerListener.log Command line argument: -Djava.io.tmpdir=C:\Users\msi\Downloads\Food Delivery Website - Copy\Food Delivery Website - Copy\temp
06-May-2025 01:05:19.504 INFO [main] org.apache.catalina.startup.VersionLoggerListener.log Command line argument: -Djava.util.logging.config.file=C:\Users\msi\Downloads\Food Delivery Website - Copy\Food Delivery Website - Copy\conf\logging.properties
06-May-2025 01:05:19.505 INFO [main] org.apache.catalina.startup.VersionLoggerListener.log Command line argument: -Djava.util.logging.manager=org.apache.juli.ClassLoaderLogManager
06-May-2025 01:05:19.505 INFO [main] org.apache.catalina.startup.VersionLoggerListener.log Command line argument: -javaagent:C:\Users\msi\AppData\Local\JetBrains\IntelliJ IDEA 2024.3.5\lib\idea_rt.jar=61209
06-May-2025 01:05:19.505 INFO [main] org.apache.catalina.startup.VersionLoggerListener.log Command line argument: -Dfile.encoding=UTF-8
06-May-2025 01:05:19.505 INFO [main] org.apache.catalina.startup.VersionLoggerListener.log Command line argument: -Dsun.stdout.encoding=UTF-8
06-May-2025 01:05:19.505 INFO [main] org.apache.catalina.startup.VersionLoggerListener.log Command line argument: -Dsun.stderr.encoding=UTF-8
06-May-2025 01:05:19.509 INFO [main] org.apache.catalina.core.AprLifecycleListener.lifecycleEvent The Apache Tomcat Native library which allows using OpenSSL was not found on the java.library.path: [C:\Users\msi\.jdks\openjdk-24\bin;C:\WINDOWS\Sun\Java\bin;C:\WINDOWS\system32;C:\WINDOWS;C:\Program Files\Common Files\Oracle\Java\javapath;C:\WINDOWS\system32;C:\WINDOWS;C:\WINDOWS\System32\Wbem;C:\WINDOWS\System32\WindowsPowerShell\v1.0\;C:\WINDOWS\System32\OpenSSH\;C:\Program Files\NVIDIA Corporation\NVIDIA NvDLISR;C:\Program Files\Git\cmd;C:\Users\msi\AppData\Local\Microsoft\WindowsApps;C:\Users\msi\AppData\Local\Programs\Microsoft VS Code\bin;;.]
06-May-2025 01:05:19.743 INFO [main] org.apache.coyote.AbstractProtocol.init Initializing ProtocolHandler ["http-nio-8080"]
06-May-2025 01:05:19.753 SEVERE [main] org.apache.catalina.util.LifecycleBase.handleSubClassException Failed to initialize component [Connector["http-nio-8080"]]
	org.apache.catalina.LifecycleException: Protocol handler initialization failed
		at org.apache.catalina.connector.Connector.initInternal(Connector.java:1056)
		at org.apache.catalina.util.LifecycleBase.init(LifecycleBase.java:122)
		at org.apache.catalina.core.StandardService.initInternal(StandardService.java:525)
		at org.apache.catalina.util.LifecycleBase.init(LifecycleBase.java:122)
		at org.apache.catalina.core.StandardServer.initInternal(StandardServer.java:953)
		at org.apache.catalina.util.LifecycleBase.init(LifecycleBase.java:122)
		at org.apache.catalina.startup.Catalina.load(Catalina.java:710)
		at org.apache.catalina.startup.Catalina.load(Catalina.java:733)
		at java.base/jdk.internal.reflect.DirectMethodHandleAccessor.invoke(DirectMethodHandleAccessor.java:104)
		at java.base/java.lang.reflect.Method.invoke(Method.java:565)
		at org.apache.catalina.startup.Bootstrap.load(Bootstrap.java:299)
		at org.apache.catalina.startup.Bootstrap.main(Bootstrap.java:469)
	Caused by: java.net.BindException: Address already in use: bind
		at java.base/sun.nio.ch.Net.bind0(Native Method)
		at java.base/sun.nio.ch.Net.bind(Net.java:511)
		at java.base/sun.nio.ch.ServerSocketChannelImpl.netBind(ServerSocketChannelImpl.java:335)
		at java.base/sun.nio.ch.ServerSocketChannelImpl.bind(ServerSocketChannelImpl.java:297)
		at org.apache.tomcat.util.net.NioEndpoint.initServerSocket(NioEndpoint.java:240)
		at org.apache.tomcat.util.net.NioEndpoint.bind(NioEndpoint.java:195)
		at org.apache.tomcat.util.net.AbstractEndpoint.bindWithCleanup(AbstractEndpoint.java:1472)
		at org.apache.tomcat.util.net.AbstractEndpoint.init(AbstractEndpoint.java:1485)
		at org.apache.coyote.AbstractProtocol.init(AbstractProtocol.java:633)
		at org.apache.coyote.http11.AbstractHttp11Protocol.init(AbstractHttp11Protocol.java:83)
		at org.apache.catalina.connector.Connector.initInternal(Connector.java:1054)
		... 11 more
06-May-2025 01:05:19.754 INFO [main] org.apache.catalina.startup.Catalina.load Server initialization in [434] milliseconds
06-May-2025 01:05:19.806 INFO [main] org.apache.catalina.core.StandardService.startInternal Starting service [Catalina]
06-May-2025 01:05:19.807 INFO [main] org.apache.catalina.core.StandardEngine.startInternal Starting Servlet engine: [Apache Tomcat/11.0.5]
06-May-2025 01:05:19.815 INFO [main] org.apache.catalina.startup.HostConfig.deployDescriptor Deploying deployment descriptor [C:\Users\msi\Downloads\Food Delivery Website - Copy\Food Delivery Website - Copy\conf\Catalina\localhost\ROOT.xml]
06-May-2025 01:05:20.126 INFO [main] org.apache.catalina.startup.HostConfig.deployDescriptor Deployment of deployment descriptor [C:\Users\msi\Downloads\Food Delivery Website - Copy\Food Delivery Website - Copy\conf\Catalina\localhost\ROOT.xml] has finished in [310] ms
06-May-2025 01:05:20.137 INFO [main] org.apache.catalina.startup.Catalina.start Server startup in [381] milliseconds
06-May-2025 01:05:20.143 SEVERE [main] org.apache.catalina.core.StandardServer.await Failed to create server shutdown socket on address [localhost] and port [8005] (base port [8005] and offset [0])
	java.net.BindException: Address already in use: bind
		at java.base/sun.nio.ch.Net.bind0(Native Method)
		at java.base/sun.nio.ch.Net.bind(Net.java:511)
		at java.base/sun.nio.ch.Net.bind(Net.java:500)
		at java.base/sun.nio.ch.NioSocketImpl.bind(NioSocketImpl.java:630)
		at java.base/java.net.ServerSocket.bind(ServerSocket.java:326)
		at java.base/java.net.ServerSocket.<init>(ServerSocket.java:222)
		at org.apache.catalina.core.StandardServer.await(StandardServer.java:532)
		at org.apache.catalina.startup.Catalina.await(Catalina.java:849)
		at org.apache.catalina.startup.Catalina.start(Catalina.java:797)
		at java.base/jdk.internal.reflect.DirectMethodHandleAccessor.invoke(DirectMethodHandleAccessor.java:104)
		at java.base/java.lang.reflect.Method.invoke(Method.java:565)
		at org.apache.catalina.startup.Bootstrap.start(Bootstrap.java:342)
		at org.apache.catalina.startup.Bootstrap.main(Bootstrap.java:470)
06-May-2025 01:05:20.143 INFO [main] org.apache.coyote.AbstractProtocol.pause Pausing ProtocolHandler ["http-nio-8080"]
06-May-2025 01:05:20.143 INFO [main] org.apache.catalina.core.StandardService.stopInternal Stopping service [Catalina]
06-May-2025 01:05:20.152 INFO [main] org.apache.coyote.AbstractProtocol.stop Stopping ProtocolHandler ["http-nio-8080"]
06-May-2025 01:05:20.153 INFO [main] org.apache.coyote.AbstractProtocol.destroy Destroying ProtocolHandler ["http-nio-8080"]
06-May-2025 01:05:28.178 INFO [Catalina-utility-2] org.apache.catalina.startup.HostConfig.undeploy Undeploying context []
06-May-2025 01:05:28.290 INFO [Catalina-utility-2] org.apache.catalina.startup.HostConfig.deployDescriptor Deploying deployment descriptor [C:\Users\msi\Downloads\Food Delivery Website - Copy\Food Delivery Website - Copy\conf\Catalina\localhost\ROOT.xml]
06-May-2025 01:05:28.541 INFO [Catalina-utility-2] org.apache.catalina.startup.HostConfig.deployDescriptor Deployment of deployment descriptor [C:\Users\msi\Downloads\Food Delivery Website - Copy\Food Delivery Website - Copy\conf\Catalina\localhost\ROOT.xml] has finished in [251] ms
06-May-2025 01:06:32.268 INFO [main] org.apache.catalina.startup.VersionLoggerListener.log Server version name:   Apache Tomcat/11.0.5
06-May-2025 01:06:32.270 INFO [main] org.apache.catalina.startup.VersionLoggerListener.log Server built:          Feb 28 2025 15:54:41 UTC
06-May-2025 01:06:32.271 INFO [main] org.apache.catalina.startup.VersionLoggerListener.log Server version number: 11.0.5.0
06-May-2025 01:06:32.271 INFO [main] org.apache.catalina.startup.VersionLoggerListener.log OS Name:               Windows 11
06-May-2025 01:06:32.271 INFO [main] org.apache.catalina.startup.VersionLoggerListener.log OS Version:            10.0
06-May-2025 01:06:32.271 INFO [main] org.apache.catalina.startup.VersionLoggerListener.log Architecture:          amd64
06-May-2025 01:06:32.271 INFO [main] org.apache.catalina.startup.VersionLoggerListener.log Java Home:             C:\Users\msi\.jdks\openjdk-24
06-May-2025 01:06:32.271 INFO [main] org.apache.catalina.startup.VersionLoggerListener.log JVM Version:           24+36-3646
06-May-2025 01:06:32.271 INFO [main] org.apache.catalina.startup.VersionLoggerListener.log JVM Vendor:            Oracle Corporation
06-May-2025 01:06:32.271 INFO [main] org.apache.catalina.startup.VersionLoggerListener.log CATALINA_BASE:         C:\Users\msi\Downloads\Food Delivery Website - Copy\Food Delivery Website - Copy
06-May-2025 01:06:32.271 INFO [main] org.apache.catalina.startup.VersionLoggerListener.log CATALINA_HOME:         C:\Program Files\Apache Software Foundation\Tomcat 11.0
06-May-2025 01:06:32.280 INFO [main] org.apache.catalina.startup.VersionLoggerListener.log Command line argument: --add-opens=java.base/java.lang=ALL-UNNAMED
06-May-2025 01:06:32.280 INFO [main] org.apache.catalina.startup.VersionLoggerListener.log Command line argument: --add-opens=java.base/java.io=ALL-UNNAMED
06-May-2025 01:06:32.281 INFO [main] org.apache.catalina.startup.VersionLoggerListener.log Command line argument: --add-opens=java.base/java.util=ALL-UNNAMED
06-May-2025 01:06:32.281 INFO [main] org.apache.catalina.startup.VersionLoggerListener.log Command line argument: --add-opens=java.base/java.util.concurrent=ALL-UNNAMED
06-May-2025 01:06:32.281 INFO [main] org.apache.catalina.startup.VersionLoggerListener.log Command line argument: --add-opens=java.rmi/sun.rmi.transport=ALL-UNNAMED
06-May-2025 01:06:32.281 INFO [main] org.apache.catalina.startup.VersionLoggerListener.log Command line argument: -Dcatalina.home=C:\Program Files\Apache Software Foundation\Tomcat 11.0
06-May-2025 01:06:32.281 INFO [main] org.apache.catalina.startup.VersionLoggerListener.log Command line argument: -Dcatalina.base=C:\Users\msi\Downloads\Food Delivery Website - Copy\Food Delivery Website - Copy
06-May-2025 01:06:32.281 INFO [main] org.apache.catalina.startup.VersionLoggerListener.log Command line argument: -Djava.io.tmpdir=C:\Users\msi\Downloads\Food Delivery Website - Copy\Food Delivery Website - Copy\temp
06-May-2025 01:06:32.281 INFO [main] org.apache.catalina.startup.VersionLoggerListener.log Command line argument: -Djava.util.logging.config.file=C:\Users\msi\Downloads\Food Delivery Website - Copy\Food Delivery Website - Copy\conf\logging.properties
06-May-2025 01:06:32.281 INFO [main] org.apache.catalina.startup.VersionLoggerListener.log Command line argument: -Djava.util.logging.manager=org.apache.juli.ClassLoaderLogManager
06-May-2025 01:06:32.282 INFO [main] org.apache.catalina.startup.VersionLoggerListener.log Command line argument: -javaagent:C:\Users\msi\AppData\Local\JetBrains\IntelliJ IDEA 2024.3.5\lib\idea_rt.jar=61247
06-May-2025 01:06:32.282 INFO [main] org.apache.catalina.startup.VersionLoggerListener.log Command line argument: -Dfile.encoding=UTF-8
06-May-2025 01:06:32.282 INFO [main] org.apache.catalina.startup.VersionLoggerListener.log Command line argument: -Dsun.stdout.encoding=UTF-8
06-May-2025 01:06:32.282 INFO [main] org.apache.catalina.startup.VersionLoggerListener.log Command line argument: -Dsun.stderr.encoding=UTF-8
06-May-2025 01:06:32.285 INFO [main] org.apache.catalina.core.AprLifecycleListener.lifecycleEvent The Apache Tomcat Native library which allows using OpenSSL was not found on the java.library.path: [C:\Users\msi\.jdks\openjdk-24\bin;C:\WINDOWS\Sun\Java\bin;C:\WINDOWS\system32;C:\WINDOWS;C:\Program Files\Common Files\Oracle\Java\javapath;C:\WINDOWS\system32;C:\WINDOWS;C:\WINDOWS\System32\Wbem;C:\WINDOWS\System32\WindowsPowerShell\v1.0\;C:\WINDOWS\System32\OpenSSH\;C:\Program Files\NVIDIA Corporation\NVIDIA NvDLISR;C:\Program Files\Git\cmd;C:\Users\msi\AppData\Local\Microsoft\WindowsApps;C:\Users\msi\AppData\Local\Programs\Microsoft VS Code\bin;;.]
06-May-2025 01:06:32.512 INFO [main] org.apache.coyote.AbstractProtocol.init Initializing ProtocolHandler ["http-nio-8080"]
06-May-2025 01:06:32.520 SEVERE [main] org.apache.catalina.util.LifecycleBase.handleSubClassException Failed to initialize component [Connector["http-nio-8080"]]
	org.apache.catalina.LifecycleException: Protocol handler initialization failed
		at org.apache.catalina.connector.Connector.initInternal(Connector.java:1056)
		at org.apache.catalina.util.LifecycleBase.init(LifecycleBase.java:122)
		at org.apache.catalina.core.StandardService.initInternal(StandardService.java:525)
		at org.apache.catalina.util.LifecycleBase.init(LifecycleBase.java:122)
		at org.apache.catalina.core.StandardServer.initInternal(StandardServer.java:953)
		at org.apache.catalina.util.LifecycleBase.init(LifecycleBase.java:122)
		at org.apache.catalina.startup.Catalina.load(Catalina.java:710)
		at org.apache.catalina.startup.Catalina.load(Catalina.java:733)
		at java.base/jdk.internal.reflect.DirectMethodHandleAccessor.invoke(DirectMethodHandleAccessor.java:104)
		at java.base/java.lang.reflect.Method.invoke(Method.java:565)
		at org.apache.catalina.startup.Bootstrap.load(Bootstrap.java:299)
		at org.apache.catalina.startup.Bootstrap.main(Bootstrap.java:469)
	Caused by: java.net.BindException: Address already in use: bind
		at java.base/sun.nio.ch.Net.bind0(Native Method)
		at java.base/sun.nio.ch.Net.bind(Net.java:511)
		at java.base/sun.nio.ch.ServerSocketChannelImpl.netBind(ServerSocketChannelImpl.java:335)
		at java.base/sun.nio.ch.ServerSocketChannelImpl.bind(ServerSocketChannelImpl.java:297)
		at org.apache.tomcat.util.net.NioEndpoint.initServerSocket(NioEndpoint.java:240)
		at org.apache.tomcat.util.net.NioEndpoint.bind(NioEndpoint.java:195)
		at org.apache.tomcat.util.net.AbstractEndpoint.bindWithCleanup(AbstractEndpoint.java:1472)
		at org.apache.tomcat.util.net.AbstractEndpoint.init(AbstractEndpoint.java:1485)
		at org.apache.coyote.AbstractProtocol.init(AbstractProtocol.java:633)
		at org.apache.coyote.http11.AbstractHttp11Protocol.init(AbstractHttp11Protocol.java:83)
		at org.apache.catalina.connector.Connector.initInternal(Connector.java:1054)
		... 11 more
06-May-2025 01:06:32.521 INFO [main] org.apache.catalina.startup.Catalina.load Server initialization in [407] milliseconds
06-May-2025 01:06:32.576 INFO [main] org.apache.catalina.core.StandardService.startInternal Starting service [Catalina]
06-May-2025 01:06:32.576 INFO [main] org.apache.catalina.core.StandardEngine.startInternal Starting Servlet engine: [Apache Tomcat/11.0.5]
06-May-2025 01:06:32.583 INFO [main] org.apache.catalina.startup.HostConfig.deployDescriptor Deploying deployment descriptor [C:\Users\msi\Downloads\Food Delivery Website - Copy\Food Delivery Website - Copy\conf\Catalina\localhost\ROOT.xml]
06-May-2025 01:06:32.895 INFO [main] org.apache.catalina.startup.HostConfig.deployDescriptor Deployment of deployment descriptor [C:\Users\msi\Downloads\Food Delivery Website - Copy\Food Delivery Website - Copy\conf\Catalina\localhost\ROOT.xml] has finished in [312] ms
06-May-2025 01:06:32.906 INFO [main] org.apache.catalina.startup.Catalina.start Server startup in [383] milliseconds
06-May-2025 01:06:32.911 SEVERE [main] org.apache.catalina.core.StandardServer.await Failed to create server shutdown socket on address [localhost] and port [8005] (base port [8005] and offset [0])
	java.net.BindException: Address already in use: bind
		at java.base/sun.nio.ch.Net.bind0(Native Method)
		at java.base/sun.nio.ch.Net.bind(Net.java:511)
		at java.base/sun.nio.ch.Net.bind(Net.java:500)
		at java.base/sun.nio.ch.NioSocketImpl.bind(NioSocketImpl.java:630)
		at java.base/java.net.ServerSocket.bind(ServerSocket.java:326)
		at java.base/java.net.ServerSocket.<init>(ServerSocket.java:222)
		at org.apache.catalina.core.StandardServer.await(StandardServer.java:532)
		at org.apache.catalina.startup.Catalina.await(Catalina.java:849)
		at org.apache.catalina.startup.Catalina.start(Catalina.java:797)
		at java.base/jdk.internal.reflect.DirectMethodHandleAccessor.invoke(DirectMethodHandleAccessor.java:104)
		at java.base/java.lang.reflect.Method.invoke(Method.java:565)
		at org.apache.catalina.startup.Bootstrap.start(Bootstrap.java:342)
		at org.apache.catalina.startup.Bootstrap.main(Bootstrap.java:470)
06-May-2025 01:06:32.912 INFO [main] org.apache.coyote.AbstractProtocol.pause Pausing ProtocolHandler ["http-nio-8080"]
06-May-2025 01:06:32.912 INFO [main] org.apache.catalina.core.StandardService.stopInternal Stopping service [Catalina]
06-May-2025 01:06:32.918 INFO [main] org.apache.coyote.AbstractProtocol.stop Stopping ProtocolHandler ["http-nio-8080"]
06-May-2025 01:06:32.919 INFO [main] org.apache.coyote.AbstractProtocol.destroy Destroying ProtocolHandler ["http-nio-8080"]
06-May-2025 01:06:38.572 INFO [Catalina-utility-2] org.apache.catalina.startup.HostConfig.undeploy Undeploying context []
06-May-2025 01:06:38.598 INFO [Catalina-utility-2] org.apache.catalina.startup.HostConfig.deployDescriptor Deploying deployment descriptor [C:\Users\msi\Downloads\Food Delivery Website - Copy\Food Delivery Website - Copy\conf\Catalina\localhost\ROOT.xml]
06-May-2025 01:06:38.636 INFO [Catalina-utility-2] org.apache.catalina.startup.HostConfig.deployDescriptor Deployment of deployment descriptor [C:\Users\msi\Downloads\Food Delivery Website - Copy\Food Delivery Website - Copy\conf\Catalina\localhost\ROOT.xml] has finished in [39] ms
06-May-2025 01:08:04.649 INFO [main] org.apache.catalina.startup.VersionLoggerListener.log Server version name:   Apache Tomcat/11.0.5
06-May-2025 01:08:04.651 INFO [main] org.apache.catalina.startup.VersionLoggerListener.log Server built:          Feb 28 2025 15:54:41 UTC
06-May-2025 01:08:04.651 INFO [main] org.apache.catalina.startup.VersionLoggerListener.log Server version number: 11.0.5.0
06-May-2025 01:08:04.651 INFO [main] org.apache.catalina.startup.VersionLoggerListener.log OS Name:               Windows 11
06-May-2025 01:08:04.651 INFO [main] org.apache.catalina.startup.VersionLoggerListener.log OS Version:            10.0
06-May-2025 01:08:04.652 INFO [main] org.apache.catalina.startup.VersionLoggerListener.log Architecture:          amd64
06-May-2025 01:08:04.652 INFO [main] org.apache.catalina.startup.VersionLoggerListener.log Java Home:             C:\Users\msi\.jdks\openjdk-24
06-May-2025 01:08:04.652 INFO [main] org.apache.catalina.startup.VersionLoggerListener.log JVM Version:           24+36-3646
06-May-2025 01:08:04.652 INFO [main] org.apache.catalina.startup.VersionLoggerListener.log JVM Vendor:            Oracle Corporation
06-May-2025 01:08:04.652 INFO [main] org.apache.catalina.startup.VersionLoggerListener.log CATALINA_BASE:         C:\Users\msi\Downloads\Food Delivery Website - Copy\Food Delivery Website - Copy
06-May-2025 01:08:04.652 INFO [main] org.apache.catalina.startup.VersionLoggerListener.log CATALINA_HOME:         C:\Program Files\Apache Software Foundation\Tomcat 11.0
06-May-2025 01:08:04.660 INFO [main] org.apache.catalina.startup.VersionLoggerListener.log Command line argument: --add-opens=java.base/java.lang=ALL-UNNAMED
06-May-2025 01:08:04.660 INFO [main] org.apache.catalina.startup.VersionLoggerListener.log Command line argument: --add-opens=java.base/java.io=ALL-UNNAMED
06-May-2025 01:08:04.660 INFO [main] org.apache.catalina.startup.VersionLoggerListener.log Command line argument: --add-opens=java.base/java.util=ALL-UNNAMED
06-May-2025 01:08:04.660 INFO [main] org.apache.catalina.startup.VersionLoggerListener.log Command line argument: --add-opens=java.base/java.util.concurrent=ALL-UNNAMED
06-May-2025 01:08:04.660 INFO [main] org.apache.catalina.startup.VersionLoggerListener.log Command line argument: --add-opens=java.rmi/sun.rmi.transport=ALL-UNNAMED
06-May-2025 01:08:04.660 INFO [main] org.apache.catalina.startup.VersionLoggerListener.log Command line argument: -Dcatalina.home=C:\Program Files\Apache Software Foundation\Tomcat 11.0
06-May-2025 01:08:04.660 INFO [main] org.apache.catalina.startup.VersionLoggerListener.log Command line argument: -Dcatalina.base=C:\Users\msi\Downloads\Food Delivery Website - Copy\Food Delivery Website - Copy
06-May-2025 01:08:04.660 INFO [main] org.apache.catalina.startup.VersionLoggerListener.log Command line argument: -Djava.io.tmpdir=C:\Users\msi\Downloads\Food Delivery Website - Copy\Food Delivery Website - Copy\temp
06-May-2025 01:08:04.660 INFO [main] org.apache.catalina.startup.VersionLoggerListener.log Command line argument: -Djava.util.logging.config.file=C:\Users\msi\Downloads\Food Delivery Website - Copy\Food Delivery Website - Copy\conf\logging.properties
06-May-2025 01:08:04.660 INFO [main] org.apache.catalina.startup.VersionLoggerListener.log Command line argument: -Djava.util.logging.manager=org.apache.juli.ClassLoaderLogManager
06-May-2025 01:08:04.660 INFO [main] org.apache.catalina.startup.VersionLoggerListener.log Command line argument: -javaagent:C:\Users\msi\AppData\Local\JetBrains\IntelliJ IDEA 2024.3.5\lib\idea_rt.jar=61305
06-May-2025 01:08:04.661 INFO [main] org.apache.catalina.startup.VersionLoggerListener.log Command line argument: -Dfile.encoding=UTF-8
06-May-2025 01:08:04.661 INFO [main] org.apache.catalina.startup.VersionLoggerListener.log Command line argument: -Dsun.stdout.encoding=UTF-8
06-May-2025 01:08:04.661 INFO [main] org.apache.catalina.startup.VersionLoggerListener.log Command line argument: -Dsun.stderr.encoding=UTF-8
06-May-2025 01:08:04.664 INFO [main] org.apache.catalina.core.AprLifecycleListener.lifecycleEvent The Apache Tomcat Native library which allows using OpenSSL was not found on the java.library.path: [C:\Users\msi\.jdks\openjdk-24\bin;C:\WINDOWS\Sun\Java\bin;C:\WINDOWS\system32;C:\WINDOWS;C:\Program Files\Common Files\Oracle\Java\javapath;C:\WINDOWS\system32;C:\WINDOWS;C:\WINDOWS\System32\Wbem;C:\WINDOWS\System32\WindowsPowerShell\v1.0\;C:\WINDOWS\System32\OpenSSH\;C:\Program Files\NVIDIA Corporation\NVIDIA NvDLISR;C:\Program Files\Git\cmd;C:\Users\msi\AppData\Local\Microsoft\WindowsApps;C:\Users\msi\AppData\Local\Programs\Microsoft VS Code\bin;;.]
06-May-2025 01:08:04.918 INFO [main] org.apache.coyote.AbstractProtocol.init Initializing ProtocolHandler ["http-nio-8080"]
06-May-2025 01:08:04.926 SEVERE [main] org.apache.catalina.util.LifecycleBase.handleSubClassException Failed to initialize component [Connector["http-nio-8080"]]
	org.apache.catalina.LifecycleException: Protocol handler initialization failed
		at org.apache.catalina.connector.Connector.initInternal(Connector.java:1056)
		at org.apache.catalina.util.LifecycleBase.init(LifecycleBase.java:122)
		at org.apache.catalina.core.StandardService.initInternal(StandardService.java:525)
		at org.apache.catalina.util.LifecycleBase.init(LifecycleBase.java:122)
		at org.apache.catalina.core.StandardServer.initInternal(StandardServer.java:953)
		at org.apache.catalina.util.LifecycleBase.init(LifecycleBase.java:122)
		at org.apache.catalina.startup.Catalina.load(Catalina.java:710)
		at org.apache.catalina.startup.Catalina.load(Catalina.java:733)
		at java.base/jdk.internal.reflect.DirectMethodHandleAccessor.invoke(DirectMethodHandleAccessor.java:104)
		at java.base/java.lang.reflect.Method.invoke(Method.java:565)
		at org.apache.catalina.startup.Bootstrap.load(Bootstrap.java:299)
		at org.apache.catalina.startup.Bootstrap.main(Bootstrap.java:469)
	Caused by: java.net.BindException: Address already in use: bind
		at java.base/sun.nio.ch.Net.bind0(Native Method)
		at java.base/sun.nio.ch.Net.bind(Net.java:511)
		at java.base/sun.nio.ch.ServerSocketChannelImpl.netBind(ServerSocketChannelImpl.java:335)
		at java.base/sun.nio.ch.ServerSocketChannelImpl.bind(ServerSocketChannelImpl.java:297)
		at org.apache.tomcat.util.net.NioEndpoint.initServerSocket(NioEndpoint.java:240)
		at org.apache.tomcat.util.net.NioEndpoint.bind(NioEndpoint.java:195)
		at org.apache.tomcat.util.net.AbstractEndpoint.bindWithCleanup(AbstractEndpoint.java:1472)
		at org.apache.tomcat.util.net.AbstractEndpoint.init(AbstractEndpoint.java:1485)
		at org.apache.coyote.AbstractProtocol.init(AbstractProtocol.java:633)
		at org.apache.coyote.http11.AbstractHttp11Protocol.init(AbstractHttp11Protocol.java:83)
		at org.apache.catalina.connector.Connector.initInternal(Connector.java:1054)
		... 11 more
06-May-2025 01:08:04.927 INFO [main] org.apache.catalina.startup.Catalina.load Server initialization in [462] milliseconds
06-May-2025 01:08:04.984 INFO [main] org.apache.catalina.core.StandardService.startInternal Starting service [Catalina]
06-May-2025 01:08:04.984 INFO [main] org.apache.catalina.core.StandardEngine.startInternal Starting Servlet engine: [Apache Tomcat/11.0.5]
06-May-2025 01:08:04.993 INFO [main] org.apache.catalina.startup.HostConfig.deployDescriptor Deploying deployment descriptor [C:\Users\msi\Downloads\Food Delivery Website - Copy\Food Delivery Website - Copy\conf\Catalina\localhost\ROOT.xml]
06-May-2025 01:08:05.303 INFO [main] org.apache.catalina.startup.HostConfig.deployDescriptor Deployment of deployment descriptor [C:\Users\msi\Downloads\Food Delivery Website - Copy\Food Delivery Website - Copy\conf\Catalina\localhost\ROOT.xml] has finished in [309] ms
06-May-2025 01:08:05.314 INFO [main] org.apache.catalina.startup.Catalina.start Server startup in [386] milliseconds
06-May-2025 01:08:05.321 SEVERE [main] org.apache.catalina.core.StandardServer.await Failed to create server shutdown socket on address [localhost] and port [8005] (base port [8005] and offset [0])
	java.net.BindException: Address already in use: bind
		at java.base/sun.nio.ch.Net.bind0(Native Method)
		at java.base/sun.nio.ch.Net.bind(Net.java:511)
		at java.base/sun.nio.ch.Net.bind(Net.java:500)
		at java.base/sun.nio.ch.NioSocketImpl.bind(NioSocketImpl.java:630)
		at java.base/java.net.ServerSocket.bind(ServerSocket.java:326)
		at java.base/java.net.ServerSocket.<init>(ServerSocket.java:222)
		at org.apache.catalina.core.StandardServer.await(StandardServer.java:532)
		at org.apache.catalina.startup.Catalina.await(Catalina.java:849)
		at org.apache.catalina.startup.Catalina.start(Catalina.java:797)
		at java.base/jdk.internal.reflect.DirectMethodHandleAccessor.invoke(DirectMethodHandleAccessor.java:104)
		at java.base/java.lang.reflect.Method.invoke(Method.java:565)
		at org.apache.catalina.startup.Bootstrap.start(Bootstrap.java:342)
		at org.apache.catalina.startup.Bootstrap.main(Bootstrap.java:470)
06-May-2025 01:08:05.322 INFO [main] org.apache.coyote.AbstractProtocol.pause Pausing ProtocolHandler ["http-nio-8080"]
06-May-2025 01:08:05.322 INFO [main] org.apache.catalina.core.StandardService.stopInternal Stopping service [Catalina]
06-May-2025 01:08:05.329 INFO [main] org.apache.coyote.AbstractProtocol.stop Stopping ProtocolHandler ["http-nio-8080"]
06-May-2025 01:08:05.330 INFO [main] org.apache.coyote.AbstractProtocol.destroy Destroying ProtocolHandler ["http-nio-8080"]
06-May-2025 01:08:09.987 INFO [Catalina-utility-1] org.apache.catalina.startup.HostConfig.undeploy Undeploying context []
06-May-2025 01:08:10.006 INFO [Catalina-utility-1] org.apache.catalina.startup.HostConfig.deployDescriptor Deploying deployment descriptor [C:\Users\msi\Downloads\Food Delivery Website - Copy\Food Delivery Website - Copy\conf\Catalina\localhost\ROOT.xml]
06-May-2025 01:08:10.038 INFO [Catalina-utility-1] org.apache.catalina.startup.HostConfig.deployDescriptor Deployment of deployment descriptor [C:\Users\msi\Downloads\Food Delivery Website - Copy\Food Delivery Website - Copy\conf\Catalina\localhost\ROOT.xml] has finished in [32] ms
06-May-2025 01:11:01.153 INFO [main] org.apache.catalina.startup.VersionLoggerListener.log Server version name:   Apache Tomcat/11.0.5
06-May-2025 01:11:01.156 INFO [main] org.apache.catalina.startup.VersionLoggerListener.log Server built:          Feb 28 2025 15:54:41 UTC
06-May-2025 01:11:01.156 INFO [main] org.apache.catalina.startup.VersionLoggerListener.log Server version number: 11.0.5.0
06-May-2025 01:11:01.156 INFO [main] org.apache.catalina.startup.VersionLoggerListener.log OS Name:               Windows 11
06-May-2025 01:11:01.156 INFO [main] org.apache.catalina.startup.VersionLoggerListener.log OS Version:            10.0
06-May-2025 01:11:01.156 INFO [main] org.apache.catalina.startup.VersionLoggerListener.log Architecture:          amd64
06-May-2025 01:11:01.156 INFO [main] org.apache.catalina.startup.VersionLoggerListener.log Java Home:             C:\Users\msi\.jdks\openjdk-24
06-May-2025 01:11:01.156 INFO [main] org.apache.catalina.startup.VersionLoggerListener.log JVM Version:           24+36-3646
06-May-2025 01:11:01.156 INFO [main] org.apache.catalina.startup.VersionLoggerListener.log JVM Vendor:            Oracle Corporation
06-May-2025 01:11:01.156 INFO [main] org.apache.catalina.startup.VersionLoggerListener.log CATALINA_BASE:         C:\Users\msi\Downloads\Food Delivery Website - Copy\Food Delivery Website - Copy
06-May-2025 01:11:01.156 INFO [main] org.apache.catalina.startup.VersionLoggerListener.log CATALINA_HOME:         C:\Program Files\Apache Software Foundation\Tomcat 11.0
06-May-2025 01:11:01.164 INFO [main] org.apache.catalina.startup.VersionLoggerListener.log Command line argument: --add-opens=java.base/java.lang=ALL-UNNAMED
06-May-2025 01:11:01.164 INFO [main] org.apache.catalina.startup.VersionLoggerListener.log Command line argument: --add-opens=java.base/java.io=ALL-UNNAMED
06-May-2025 01:11:01.164 INFO [main] org.apache.catalina.startup.VersionLoggerListener.log Command line argument: --add-opens=java.base/java.util=ALL-UNNAMED
06-May-2025 01:11:01.164 INFO [main] org.apache.catalina.startup.VersionLoggerListener.log Command line argument: --add-opens=java.base/java.util.concurrent=ALL-UNNAMED
06-May-2025 01:11:01.164 INFO [main] org.apache.catalina.startup.VersionLoggerListener.log Command line argument: --add-opens=java.rmi/sun.rmi.transport=ALL-UNNAMED
06-May-2025 01:11:01.164 INFO [main] org.apache.catalina.startup.VersionLoggerListener.log Command line argument: -Dcatalina.home=C:\Program Files\Apache Software Foundation\Tomcat 11.0
06-May-2025 01:11:01.164 INFO [main] org.apache.catalina.startup.VersionLoggerListener.log Command line argument: -Dcatalina.base=C:\Users\msi\Downloads\Food Delivery Website - Copy\Food Delivery Website - Copy
06-May-2025 01:11:01.164 INFO [main] org.apache.catalina.startup.VersionLoggerListener.log Command line argument: -Djava.io.tmpdir=C:\Users\msi\Downloads\Food Delivery Website - Copy\Food Delivery Website - Copy\temp
06-May-2025 01:11:01.164 INFO [main] org.apache.catalina.startup.VersionLoggerListener.log Command line argument: -Djava.util.logging.config.file=C:\Users\msi\Downloads\Food Delivery Website - Copy\Food Delivery Website - Copy\conf\logging.properties
06-May-2025 01:11:01.164 INFO [main] org.apache.catalina.startup.VersionLoggerListener.log Command line argument: -Djava.util.logging.manager=org.apache.juli.ClassLoaderLogManager
06-May-2025 01:11:01.164 INFO [main] org.apache.catalina.startup.VersionLoggerListener.log Command line argument: -javaagent:C:\Users\msi\AppData\Local\JetBrains\IntelliJ IDEA 2024.3.5\lib\idea_rt.jar=61386
06-May-2025 01:11:01.164 INFO [main] org.apache.catalina.startup.VersionLoggerListener.log Command line argument: -Dfile.encoding=UTF-8
06-May-2025 01:11:01.164 INFO [main] org.apache.catalina.startup.VersionLoggerListener.log Command line argument: -Dsun.stdout.encoding=UTF-8
06-May-2025 01:11:01.164 INFO [main] org.apache.catalina.startup.VersionLoggerListener.log Command line argument: -Dsun.stderr.encoding=UTF-8
06-May-2025 01:11:01.167 INFO [main] org.apache.catalina.core.AprLifecycleListener.lifecycleEvent The Apache Tomcat Native library which allows using OpenSSL was not found on the java.library.path: [C:\Users\msi\.jdks\openjdk-24\bin;C:\WINDOWS\Sun\Java\bin;C:\WINDOWS\system32;C:\WINDOWS;C:\Program Files\Common Files\Oracle\Java\javapath;C:\WINDOWS\system32;C:\WINDOWS;C:\WINDOWS\System32\Wbem;C:\WINDOWS\System32\WindowsPowerShell\v1.0\;C:\WINDOWS\System32\OpenSSH\;C:\Program Files\NVIDIA Corporation\NVIDIA NvDLISR;C:\Program Files\Git\cmd;C:\Users\msi\AppData\Local\Microsoft\WindowsApps;C:\Users\msi\AppData\Local\Programs\Microsoft VS Code\bin;;.]
06-May-2025 01:11:01.380 INFO [main] org.apache.coyote.AbstractProtocol.init Initializing ProtocolHandler ["http-nio-8080"]
06-May-2025 01:11:01.389 SEVERE [main] org.apache.catalina.util.LifecycleBase.handleSubClassException Failed to initialize component [Connector["http-nio-8080"]]
	org.apache.catalina.LifecycleException: Protocol handler initialization failed
		at org.apache.catalina.connector.Connector.initInternal(Connector.java:1056)
		at org.apache.catalina.util.LifecycleBase.init(LifecycleBase.java:122)
		at org.apache.catalina.core.StandardService.initInternal(StandardService.java:525)
		at org.apache.catalina.util.LifecycleBase.init(LifecycleBase.java:122)
		at org.apache.catalina.core.StandardServer.initInternal(StandardServer.java:953)
		at org.apache.catalina.util.LifecycleBase.init(LifecycleBase.java:122)
		at org.apache.catalina.startup.Catalina.load(Catalina.java:710)
		at org.apache.catalina.startup.Catalina.load(Catalina.java:733)
		at java.base/jdk.internal.reflect.DirectMethodHandleAccessor.invoke(DirectMethodHandleAccessor.java:104)
		at java.base/java.lang.reflect.Method.invoke(Method.java:565)
		at org.apache.catalina.startup.Bootstrap.load(Bootstrap.java:299)
		at org.apache.catalina.startup.Bootstrap.main(Bootstrap.java:469)
	Caused by: java.net.BindException: Address already in use: bind
		at java.base/sun.nio.ch.Net.bind0(Native Method)
		at java.base/sun.nio.ch.Net.bind(Net.java:511)
		at java.base/sun.nio.ch.ServerSocketChannelImpl.netBind(ServerSocketChannelImpl.java:335)
		at java.base/sun.nio.ch.ServerSocketChannelImpl.bind(ServerSocketChannelImpl.java:297)
		at org.apache.tomcat.util.net.NioEndpoint.initServerSocket(NioEndpoint.java:240)
		at org.apache.tomcat.util.net.NioEndpoint.bind(NioEndpoint.java:195)
		at org.apache.tomcat.util.net.AbstractEndpoint.bindWithCleanup(AbstractEndpoint.java:1472)
		at org.apache.tomcat.util.net.AbstractEndpoint.init(AbstractEndpoint.java:1485)
		at org.apache.coyote.AbstractProtocol.init(AbstractProtocol.java:633)
		at org.apache.coyote.http11.AbstractHttp11Protocol.init(AbstractHttp11Protocol.java:83)
		at org.apache.catalina.connector.Connector.initInternal(Connector.java:1054)
		... 11 more
06-May-2025 01:11:01.389 INFO [main] org.apache.catalina.startup.Catalina.load Server initialization in [401] milliseconds
06-May-2025 01:11:01.441 INFO [main] org.apache.catalina.core.StandardService.startInternal Starting service [Catalina]
06-May-2025 01:11:01.441 INFO [main] org.apache.catalina.core.StandardEngine.startInternal Starting Servlet engine: [Apache Tomcat/11.0.5]
06-May-2025 01:11:01.452 INFO [main] org.apache.catalina.startup.HostConfig.deployDescriptor Deploying deployment descriptor [C:\Users\msi\Downloads\Food Delivery Website - Copy\Food Delivery Website - Copy\conf\Catalina\localhost\ROOT.xml]
06-May-2025 01:11:01.742 INFO [main] org.apache.catalina.startup.HostConfig.deployDescriptor Deployment of deployment descriptor [C:\Users\msi\Downloads\Food Delivery Website - Copy\Food Delivery Website - Copy\conf\Catalina\localhost\ROOT.xml] has finished in [289] ms
06-May-2025 01:11:01.751 INFO [main] org.apache.catalina.startup.Catalina.start Server startup in [359] milliseconds
06-May-2025 01:11:01.756 SEVERE [main] org.apache.catalina.core.StandardServer.await Failed to create server shutdown socket on address [localhost] and port [8005] (base port [8005] and offset [0])
	java.net.BindException: Address already in use: bind
		at java.base/sun.nio.ch.Net.bind0(Native Method)
		at java.base/sun.nio.ch.Net.bind(Net.java:511)
		at java.base/sun.nio.ch.Net.bind(Net.java:500)
		at java.base/sun.nio.ch.NioSocketImpl.bind(NioSocketImpl.java:630)
		at java.base/java.net.ServerSocket.bind(ServerSocket.java:326)
		at java.base/java.net.ServerSocket.<init>(ServerSocket.java:222)
		at org.apache.catalina.core.StandardServer.await(StandardServer.java:532)
		at org.apache.catalina.startup.Catalina.await(Catalina.java:849)
		at org.apache.catalina.startup.Catalina.start(Catalina.java:797)
		at java.base/jdk.internal.reflect.DirectMethodHandleAccessor.invoke(DirectMethodHandleAccessor.java:104)
		at java.base/java.lang.reflect.Method.invoke(Method.java:565)
		at org.apache.catalina.startup.Bootstrap.start(Bootstrap.java:342)
		at org.apache.catalina.startup.Bootstrap.main(Bootstrap.java:470)
06-May-2025 01:11:01.757 INFO [main] org.apache.coyote.AbstractProtocol.pause Pausing ProtocolHandler ["http-nio-8080"]
06-May-2025 01:11:01.757 INFO [main] org.apache.catalina.core.StandardService.stopInternal Stopping service [Catalina]
06-May-2025 01:11:01.763 INFO [main] org.apache.coyote.AbstractProtocol.stop Stopping ProtocolHandler ["http-nio-8080"]
06-May-2025 01:11:01.764 INFO [main] org.apache.coyote.AbstractProtocol.destroy Destroying ProtocolHandler ["http-nio-8080"]
06-May-2025 01:11:10.733 INFO [Catalina-utility-2] org.apache.catalina.startup.HostConfig.undeploy Undeploying context []
06-May-2025 01:11:10.788 INFO [Catalina-utility-2] org.apache.catalina.startup.HostConfig.deployDescriptor Deploying deployment descriptor [C:\Users\msi\Downloads\Food Delivery Website - Copy\Food Delivery Website - Copy\conf\Catalina\localhost\ROOT.xml]
06-May-2025 01:11:10.927 INFO [Catalina-utility-2] org.apache.catalina.startup.HostConfig.deployDescriptor Deployment of deployment descriptor [C:\Users\msi\Downloads\Food Delivery Website - Copy\Food Delivery Website - Copy\conf\Catalina\localhost\ROOT.xml] has finished in [139] ms
06-May-2025 01:11:58.274 INFO [main] org.apache.catalina.startup.VersionLoggerListener.log Server version name:   Apache Tomcat/11.0.5
06-May-2025 01:11:58.277 INFO [main] org.apache.catalina.startup.VersionLoggerListener.log Server built:          Feb 28 2025 15:54:41 UTC
06-May-2025 01:11:58.277 INFO [main] org.apache.catalina.startup.VersionLoggerListener.log Server version number: 11.0.5.0
06-May-2025 01:11:58.277 INFO [main] org.apache.catalina.startup.VersionLoggerListener.log OS Name:               Windows 11
06-May-2025 01:11:58.277 INFO [main] org.apache.catalina.startup.VersionLoggerListener.log OS Version:            10.0
06-May-2025 01:11:58.277 INFO [main] org.apache.catalina.startup.VersionLoggerListener.log Architecture:          amd64
06-May-2025 01:11:58.278 INFO [main] org.apache.catalina.startup.VersionLoggerListener.log Java Home:             C:\Users\msi\.jdks\openjdk-24
06-May-2025 01:11:58.278 INFO [main] org.apache.catalina.startup.VersionLoggerListener.log JVM Version:           24+36-3646
06-May-2025 01:11:58.278 INFO [main] org.apache.catalina.startup.VersionLoggerListener.log JVM Vendor:            Oracle Corporation
06-May-2025 01:11:58.278 INFO [main] org.apache.catalina.startup.VersionLoggerListener.log CATALINA_BASE:         C:\Users\msi\Downloads\Food Delivery Website - Copy\Food Delivery Website - Copy
06-May-2025 01:11:58.278 INFO [main] org.apache.catalina.startup.VersionLoggerListener.log CATALINA_HOME:         C:\Program Files\Apache Software Foundation\Tomcat 11.0
06-May-2025 01:11:58.285 INFO [main] org.apache.catalina.startup.VersionLoggerListener.log Command line argument: --add-opens=java.base/java.lang=ALL-UNNAMED
06-May-2025 01:11:58.285 INFO [main] org.apache.catalina.startup.VersionLoggerListener.log Command line argument: --add-opens=java.base/java.io=ALL-UNNAMED
06-May-2025 01:11:58.285 INFO [main] org.apache.catalina.startup.VersionLoggerListener.log Command line argument: --add-opens=java.base/java.util=ALL-UNNAMED
06-May-2025 01:11:58.285 INFO [main] org.apache.catalina.startup.VersionLoggerListener.log Command line argument: --add-opens=java.base/java.util.concurrent=ALL-UNNAMED
06-May-2025 01:11:58.285 INFO [main] org.apache.catalina.startup.VersionLoggerListener.log Command line argument: --add-opens=java.rmi/sun.rmi.transport=ALL-UNNAMED
06-May-2025 01:11:58.285 INFO [main] org.apache.catalina.startup.VersionLoggerListener.log Command line argument: -Dcatalina.home=C:\Program Files\Apache Software Foundation\Tomcat 11.0
06-May-2025 01:11:58.285 INFO [main] org.apache.catalina.startup.VersionLoggerListener.log Command line argument: -Dcatalina.base=C:\Users\msi\Downloads\Food Delivery Website - Copy\Food Delivery Website - Copy
06-May-2025 01:11:58.285 INFO [main] org.apache.catalina.startup.VersionLoggerListener.log Command line argument: -Djava.io.tmpdir=C:\Users\msi\Downloads\Food Delivery Website - Copy\Food Delivery Website - Copy\temp
06-May-2025 01:11:58.285 INFO [main] org.apache.catalina.startup.VersionLoggerListener.log Command line argument: -Djava.util.logging.config.file=C:\Users\msi\Downloads\Food Delivery Website - Copy\Food Delivery Website - Copy\conf\logging.properties
06-May-2025 01:11:58.286 INFO [main] org.apache.catalina.startup.VersionLoggerListener.log Command line argument: -Djava.util.logging.manager=org.apache.juli.ClassLoaderLogManager
06-May-2025 01:11:58.286 INFO [main] org.apache.catalina.startup.VersionLoggerListener.log Command line argument: -javaagent:C:\Users\msi\AppData\Local\JetBrains\IntelliJ IDEA 2024.3.5\lib\idea_rt.jar=61449
06-May-2025 01:11:58.286 INFO [main] org.apache.catalina.startup.VersionLoggerListener.log Command line argument: -Dfile.encoding=UTF-8
06-May-2025 01:11:58.286 INFO [main] org.apache.catalina.startup.VersionLoggerListener.log Command line argument: -Dsun.stdout.encoding=UTF-8
06-May-2025 01:11:58.286 INFO [main] org.apache.catalina.startup.VersionLoggerListener.log Command line argument: -Dsun.stderr.encoding=UTF-8
06-May-2025 01:11:58.289 INFO [main] org.apache.catalina.core.AprLifecycleListener.lifecycleEvent The Apache Tomcat Native library which allows using OpenSSL was not found on the java.library.path: [C:\Users\msi\.jdks\openjdk-24\bin;C:\WINDOWS\Sun\Java\bin;C:\WINDOWS\system32;C:\WINDOWS;C:\Program Files\Common Files\Oracle\Java\javapath;C:\WINDOWS\system32;C:\WINDOWS;C:\WINDOWS\System32\Wbem;C:\WINDOWS\System32\WindowsPowerShell\v1.0\;C:\WINDOWS\System32\OpenSSH\;C:\Program Files\NVIDIA Corporation\NVIDIA NvDLISR;C:\Program Files\Git\cmd;C:\Users\msi\AppData\Local\Microsoft\WindowsApps;C:\Users\msi\AppData\Local\Programs\Microsoft VS Code\bin;;.]
06-May-2025 01:11:58.508 INFO [main] org.apache.coyote.AbstractProtocol.init Initializing ProtocolHandler ["http-nio-8080"]
06-May-2025 01:11:58.516 SEVERE [main] org.apache.catalina.util.LifecycleBase.handleSubClassException Failed to initialize component [Connector["http-nio-8080"]]
	org.apache.catalina.LifecycleException: Protocol handler initialization failed
		at org.apache.catalina.connector.Connector.initInternal(Connector.java:1056)
		at org.apache.catalina.util.LifecycleBase.init(LifecycleBase.java:122)
		at org.apache.catalina.core.StandardService.initInternal(StandardService.java:525)
		at org.apache.catalina.util.LifecycleBase.init(LifecycleBase.java:122)
		at org.apache.catalina.core.StandardServer.initInternal(StandardServer.java:953)
		at org.apache.catalina.util.LifecycleBase.init(LifecycleBase.java:122)
		at org.apache.catalina.startup.Catalina.load(Catalina.java:710)
		at org.apache.catalina.startup.Catalina.load(Catalina.java:733)
		at java.base/jdk.internal.reflect.DirectMethodHandleAccessor.invoke(DirectMethodHandleAccessor.java:104)
		at java.base/java.lang.reflect.Method.invoke(Method.java:565)
		at org.apache.catalina.startup.Bootstrap.load(Bootstrap.java:299)
		at org.apache.catalina.startup.Bootstrap.main(Bootstrap.java:469)
	Caused by: java.net.BindException: Address already in use: bind
		at java.base/sun.nio.ch.Net.bind0(Native Method)
		at java.base/sun.nio.ch.Net.bind(Net.java:511)
		at java.base/sun.nio.ch.ServerSocketChannelImpl.netBind(ServerSocketChannelImpl.java:335)
		at java.base/sun.nio.ch.ServerSocketChannelImpl.bind(ServerSocketChannelImpl.java:297)
		at org.apache.tomcat.util.net.NioEndpoint.initServerSocket(NioEndpoint.java:240)
		at org.apache.tomcat.util.net.NioEndpoint.bind(NioEndpoint.java:195)
		at org.apache.tomcat.util.net.AbstractEndpoint.bindWithCleanup(AbstractEndpoint.java:1472)
		at org.apache.tomcat.util.net.AbstractEndpoint.init(AbstractEndpoint.java:1485)
		at org.apache.coyote.AbstractProtocol.init(AbstractProtocol.java:633)
		at org.apache.coyote.http11.AbstractHttp11Protocol.init(AbstractHttp11Protocol.java:83)
		at org.apache.catalina.connector.Connector.initInternal(Connector.java:1054)
		... 11 more
06-May-2025 01:11:58.517 INFO [main] org.apache.catalina.startup.Catalina.load Server initialization in [421] milliseconds
06-May-2025 01:11:58.563 INFO [main] org.apache.catalina.core.StandardService.startInternal Starting service [Catalina]
06-May-2025 01:11:58.563 INFO [main] org.apache.catalina.core.StandardEngine.startInternal Starting Servlet engine: [Apache Tomcat/11.0.5]
06-May-2025 01:11:58.574 INFO [main] org.apache.catalina.startup.HostConfig.deployDescriptor Deploying deployment descriptor [C:\Users\msi\Downloads\Food Delivery Website - Copy\Food Delivery Website - Copy\conf\Catalina\localhost\ROOT.xml]
06-May-2025 01:11:58.886 INFO [main] org.apache.catalina.startup.HostConfig.deployDescriptor Deployment of deployment descriptor [C:\Users\msi\Downloads\Food Delivery Website - Copy\Food Delivery Website - Copy\conf\Catalina\localhost\ROOT.xml] has finished in [311] ms
06-May-2025 01:11:58.897 INFO [main] org.apache.catalina.startup.Catalina.start Server startup in [378] milliseconds
06-May-2025 01:11:58.902 SEVERE [main] org.apache.catalina.core.StandardServer.await Failed to create server shutdown socket on address [localhost] and port [8005] (base port [8005] and offset [0])
	java.net.BindException: Address already in use: bind
		at java.base/sun.nio.ch.Net.bind0(Native Method)
		at java.base/sun.nio.ch.Net.bind(Net.java:511)
		at java.base/sun.nio.ch.Net.bind(Net.java:500)
		at java.base/sun.nio.ch.NioSocketImpl.bind(NioSocketImpl.java:630)
		at java.base/java.net.ServerSocket.bind(ServerSocket.java:326)
		at java.base/java.net.ServerSocket.<init>(ServerSocket.java:222)
		at org.apache.catalina.core.StandardServer.await(StandardServer.java:532)
		at org.apache.catalina.startup.Catalina.await(Catalina.java:849)
		at org.apache.catalina.startup.Catalina.start(Catalina.java:797)
		at java.base/jdk.internal.reflect.DirectMethodHandleAccessor.invoke(DirectMethodHandleAccessor.java:104)
		at java.base/java.lang.reflect.Method.invoke(Method.java:565)
		at org.apache.catalina.startup.Bootstrap.start(Bootstrap.java:342)
		at org.apache.catalina.startup.Bootstrap.main(Bootstrap.java:470)
06-May-2025 01:11:58.902 INFO [main] org.apache.coyote.AbstractProtocol.pause Pausing ProtocolHandler ["http-nio-8080"]
06-May-2025 01:11:58.902 INFO [main] org.apache.catalina.core.StandardService.stopInternal Stopping service [Catalina]
06-May-2025 01:11:58.909 INFO [main] org.apache.coyote.AbstractProtocol.stop Stopping ProtocolHandler ["http-nio-8080"]
06-May-2025 01:11:58.909 INFO [main] org.apache.coyote.AbstractProtocol.destroy Destroying ProtocolHandler ["http-nio-8080"]
06-May-2025 01:12:00.962 INFO [Catalina-utility-2] org.apache.catalina.startup.HostConfig.undeploy Undeploying context []
06-May-2025 01:12:01.113 INFO [Catalina-utility-2] org.apache.catalina.startup.HostConfig.deployDescriptor Deploying deployment descriptor [C:\Users\msi\Downloads\Food Delivery Website - Copy\Food Delivery Website - Copy\conf\Catalina\localhost\ROOT.xml]
06-May-2025 01:12:01.372 INFO [Catalina-utility-2] org.apache.catalina.startup.HostConfig.deployDescriptor Deployment of deployment descriptor [C:\Users\msi\Downloads\Food Delivery Website - Copy\Food Delivery Website - Copy\conf\Catalina\localhost\ROOT.xml] has finished in [271] ms
06-May-2025 01:15:51.612 INFO [main] org.apache.catalina.startup.VersionLoggerListener.log Server version name:   Apache Tomcat/11.0.5
06-May-2025 01:15:51.615 INFO [main] org.apache.catalina.startup.VersionLoggerListener.log Server built:          Feb 28 2025 15:54:41 UTC
06-May-2025 01:15:51.616 INFO [main] org.apache.catalina.startup.VersionLoggerListener.log Server version number: 11.0.5.0
06-May-2025 01:15:51.616 INFO [main] org.apache.catalina.startup.VersionLoggerListener.log OS Name:               Windows 11
06-May-2025 01:15:51.616 INFO [main] org.apache.catalina.startup.VersionLoggerListener.log OS Version:            10.0
06-May-2025 01:15:51.616 INFO [main] org.apache.catalina.startup.VersionLoggerListener.log Architecture:          amd64
06-May-2025 01:15:51.616 INFO [main] org.apache.catalina.startup.VersionLoggerListener.log Java Home:             C:\Users\msi\.jdks\openjdk-24
06-May-2025 01:15:51.616 INFO [main] org.apache.catalina.startup.VersionLoggerListener.log JVM Version:           24+36-3646
06-May-2025 01:15:51.616 INFO [main] org.apache.catalina.startup.VersionLoggerListener.log JVM Vendor:            Oracle Corporation
06-May-2025 01:15:51.616 INFO [main] org.apache.catalina.startup.VersionLoggerListener.log CATALINA_BASE:         C:\Users\msi\Downloads\Food Delivery Website - Copy\Food Delivery Website - Copy
06-May-2025 01:15:51.617 INFO [main] org.apache.catalina.startup.VersionLoggerListener.log CATALINA_HOME:         C:\Program Files\Apache Software Foundation\Tomcat 11.0
06-May-2025 01:15:51.627 INFO [main] org.apache.catalina.startup.VersionLoggerListener.log Command line argument: --add-opens=java.base/java.lang=ALL-UNNAMED
06-May-2025 01:15:51.627 INFO [main] org.apache.catalina.startup.VersionLoggerListener.log Command line argument: --add-opens=java.base/java.io=ALL-UNNAMED
06-May-2025 01:15:51.627 INFO [main] org.apache.catalina.startup.VersionLoggerListener.log Command line argument: --add-opens=java.base/java.util=ALL-UNNAMED
06-May-2025 01:15:51.627 INFO [main] org.apache.catalina.startup.VersionLoggerListener.log Command line argument: --add-opens=java.base/java.util.concurrent=ALL-UNNAMED
06-May-2025 01:15:51.627 INFO [main] org.apache.catalina.startup.VersionLoggerListener.log Command line argument: --add-opens=java.rmi/sun.rmi.transport=ALL-UNNAMED
06-May-2025 01:15:51.627 INFO [main] org.apache.catalina.startup.VersionLoggerListener.log Command line argument: -Dcatalina.home=C:\Program Files\Apache Software Foundation\Tomcat 11.0
06-May-2025 01:15:51.628 INFO [main] org.apache.catalina.startup.VersionLoggerListener.log Command line argument: -Dcatalina.base=C:\Users\msi\Downloads\Food Delivery Website - Copy\Food Delivery Website - Copy
06-May-2025 01:15:51.628 INFO [main] org.apache.catalina.startup.VersionLoggerListener.log Command line argument: -Djava.io.tmpdir=C:\Users\msi\Downloads\Food Delivery Website - Copy\Food Delivery Website - Copy\temp
06-May-2025 01:15:51.628 INFO [main] org.apache.catalina.startup.VersionLoggerListener.log Command line argument: -Djava.util.logging.config.file=C:\Users\msi\Downloads\Food Delivery Website - Copy\Food Delivery Website - Copy\conf\logging.properties
06-May-2025 01:15:51.628 INFO [main] org.apache.catalina.startup.VersionLoggerListener.log Command line argument: -Djava.util.logging.manager=org.apache.juli.ClassLoaderLogManager
06-May-2025 01:15:51.628 INFO [main] org.apache.catalina.startup.VersionLoggerListener.log Command line argument: -javaagent:C:\Users\msi\AppData\Local\JetBrains\IntelliJ IDEA 2024.3.5\lib\idea_rt.jar=61590
06-May-2025 01:15:51.628 INFO [main] org.apache.catalina.startup.VersionLoggerListener.log Command line argument: -Dfile.encoding=UTF-8
06-May-2025 01:15:51.628 INFO [main] org.apache.catalina.startup.VersionLoggerListener.log Command line argument: -Dsun.stdout.encoding=UTF-8
06-May-2025 01:15:51.629 INFO [main] org.apache.catalina.startup.VersionLoggerListener.log Command line argument: -Dsun.stderr.encoding=UTF-8
06-May-2025 01:15:51.633 INFO [main] org.apache.catalina.core.AprLifecycleListener.lifecycleEvent The Apache Tomcat Native library which allows using OpenSSL was not found on the java.library.path: [C:\Users\msi\.jdks\openjdk-24\bin;C:\WINDOWS\Sun\Java\bin;C:\WINDOWS\system32;C:\WINDOWS;C:\Program Files\Common Files\Oracle\Java\javapath;C:\WINDOWS\system32;C:\WINDOWS;C:\WINDOWS\System32\Wbem;C:\WINDOWS\System32\WindowsPowerShell\v1.0\;C:\WINDOWS\System32\OpenSSH\;C:\Program Files\NVIDIA Corporation\NVIDIA NvDLISR;C:\Program Files\Git\cmd;C:\Users\msi\AppData\Local\Microsoft\WindowsApps;C:\Users\msi\AppData\Local\Programs\Microsoft VS Code\bin;;.]
06-May-2025 01:15:51.904 INFO [main] org.apache.coyote.AbstractProtocol.init Initializing ProtocolHandler ["http-nio-8080"]
06-May-2025 01:15:51.912 SEVERE [main] org.apache.catalina.util.LifecycleBase.handleSubClassException Failed to initialize component [Connector["http-nio-8080"]]
	org.apache.catalina.LifecycleException: Protocol handler initialization failed
		at org.apache.catalina.connector.Connector.initInternal(Connector.java:1056)
		at org.apache.catalina.util.LifecycleBase.init(LifecycleBase.java:122)
		at org.apache.catalina.core.StandardService.initInternal(StandardService.java:525)
		at org.apache.catalina.util.LifecycleBase.init(LifecycleBase.java:122)
		at org.apache.catalina.core.StandardServer.initInternal(StandardServer.java:953)
		at org.apache.catalina.util.LifecycleBase.init(LifecycleBase.java:122)
		at org.apache.catalina.startup.Catalina.load(Catalina.java:710)
		at org.apache.catalina.startup.Catalina.load(Catalina.java:733)
		at java.base/jdk.internal.reflect.DirectMethodHandleAccessor.invoke(DirectMethodHandleAccessor.java:104)
		at java.base/java.lang.reflect.Method.invoke(Method.java:565)
		at org.apache.catalina.startup.Bootstrap.load(Bootstrap.java:299)
		at org.apache.catalina.startup.Bootstrap.main(Bootstrap.java:469)
	Caused by: java.net.BindException: Address already in use: bind
		at java.base/sun.nio.ch.Net.bind0(Native Method)
		at java.base/sun.nio.ch.Net.bind(Net.java:511)
		at java.base/sun.nio.ch.ServerSocketChannelImpl.netBind(ServerSocketChannelImpl.java:335)
		at java.base/sun.nio.ch.ServerSocketChannelImpl.bind(ServerSocketChannelImpl.java:297)
		at org.apache.tomcat.util.net.NioEndpoint.initServerSocket(NioEndpoint.java:240)
		at org.apache.tomcat.util.net.NioEndpoint.bind(NioEndpoint.java:195)
		at org.apache.tomcat.util.net.AbstractEndpoint.bindWithCleanup(AbstractEndpoint.java:1472)
		at org.apache.tomcat.util.net.AbstractEndpoint.init(AbstractEndpoint.java:1485)
		at org.apache.coyote.AbstractProtocol.init(AbstractProtocol.java:633)
		at org.apache.coyote.http11.AbstractHttp11Protocol.init(AbstractHttp11Protocol.java:83)
		at org.apache.catalina.connector.Connector.initInternal(Connector.java:1054)
		... 11 more
06-May-2025 01:15:51.914 INFO [main] org.apache.catalina.startup.Catalina.load Server initialization in [490] milliseconds
06-May-2025 01:15:51.967 INFO [main] org.apache.catalina.core.StandardService.startInternal Starting service [Catalina]
06-May-2025 01:15:51.967 INFO [main] org.apache.catalina.core.StandardEngine.startInternal Starting Servlet engine: [Apache Tomcat/11.0.5]
06-May-2025 01:15:51.976 INFO [main] org.apache.catalina.startup.HostConfig.deployDescriptor Deploying deployment descriptor [C:\Users\msi\Downloads\Food Delivery Website - Copy\Food Delivery Website - Copy\conf\Catalina\localhost\ROOT.xml]
06-May-2025 01:15:52.305 INFO [main] org.apache.catalina.startup.HostConfig.deployDescriptor Deployment of deployment descriptor [C:\Users\msi\Downloads\Food Delivery Website - Copy\Food Delivery Website - Copy\conf\Catalina\localhost\ROOT.xml] has finished in [328] ms
06-May-2025 01:15:52.316 INFO [main] org.apache.catalina.startup.Catalina.start Server startup in [399] milliseconds
06-May-2025 01:15:52.321 SEVERE [main] org.apache.catalina.core.StandardServer.await Failed to create server shutdown socket on address [localhost] and port [8005] (base port [8005] and offset [0])
	java.net.BindException: Address already in use: bind
		at java.base/sun.nio.ch.Net.bind0(Native Method)
		at java.base/sun.nio.ch.Net.bind(Net.java:511)
		at java.base/sun.nio.ch.Net.bind(Net.java:500)
		at java.base/sun.nio.ch.NioSocketImpl.bind(NioSocketImpl.java:630)
		at java.base/java.net.ServerSocket.bind(ServerSocket.java:326)
		at java.base/java.net.ServerSocket.<init>(ServerSocket.java:222)
		at org.apache.catalina.core.StandardServer.await(StandardServer.java:532)
		at org.apache.catalina.startup.Catalina.await(Catalina.java:849)
		at org.apache.catalina.startup.Catalina.start(Catalina.java:797)
		at java.base/jdk.internal.reflect.DirectMethodHandleAccessor.invoke(DirectMethodHandleAccessor.java:104)
		at java.base/java.lang.reflect.Method.invoke(Method.java:565)
		at org.apache.catalina.startup.Bootstrap.start(Bootstrap.java:342)
		at org.apache.catalina.startup.Bootstrap.main(Bootstrap.java:470)
06-May-2025 01:15:52.322 INFO [main] org.apache.coyote.AbstractProtocol.pause Pausing ProtocolHandler ["http-nio-8080"]
06-May-2025 01:15:52.322 INFO [main] org.apache.catalina.core.StandardService.stopInternal Stopping service [Catalina]
06-May-2025 01:15:52.330 INFO [main] org.apache.coyote.AbstractProtocol.stop Stopping ProtocolHandler ["http-nio-8080"]
06-May-2025 01:15:52.330 INFO [main] org.apache.coyote.AbstractProtocol.destroy Destroying ProtocolHandler ["http-nio-8080"]
06-May-2025 01:15:54.852 INFO [Catalina-utility-1] org.apache.catalina.startup.HostConfig.undeploy Undeploying context []
06-May-2025 01:15:54.853 INFO [Catalina-utility-1] org.apache.catalina.core.StandardWrapper.unload Waiting for [1] instance(s) to be deallocated for Servlet [jsp]
06-May-2025 01:15:54.966 INFO [Catalina-utility-1] org.apache.catalina.startup.HostConfig.deployDescriptor Deploying deployment descriptor [C:\Users\msi\Downloads\Food Delivery Website - Copy\Food Delivery Website - Copy\conf\Catalina\localhost\ROOT.xml]
06-May-2025 01:15:55.014 INFO [Catalina-utility-1] org.apache.catalina.startup.HostConfig.deployDescriptor Deployment of deployment descriptor [C:\Users\msi\Downloads\Food Delivery Website - Copy\Food Delivery Website - Copy\conf\Catalina\localhost\ROOT.xml] has finished in [48] ms
06-May-2025 01:16:21.485 INFO [main] org.apache.catalina.startup.VersionLoggerListener.log Server version name:   Apache Tomcat/11.0.5
06-May-2025 01:16:21.487 INFO [main] org.apache.catalina.startup.VersionLoggerListener.log Server built:          Feb 28 2025 15:54:41 UTC
06-May-2025 01:16:21.488 INFO [main] org.apache.catalina.startup.VersionLoggerListener.log Server version number: 11.0.5.0
06-May-2025 01:16:21.488 INFO [main] org.apache.catalina.startup.VersionLoggerListener.log OS Name:               Windows 11
06-May-2025 01:16:21.488 INFO [main] org.apache.catalina.startup.VersionLoggerListener.log OS Version:            10.0
06-May-2025 01:16:21.488 INFO [main] org.apache.catalina.startup.VersionLoggerListener.log Architecture:          amd64
06-May-2025 01:16:21.488 INFO [main] org.apache.catalina.startup.VersionLoggerListener.log Java Home:             C:\Users\msi\.jdks\openjdk-24
06-May-2025 01:16:21.488 INFO [main] org.apache.catalina.startup.VersionLoggerListener.log JVM Version:           24+36-3646
06-May-2025 01:16:21.488 INFO [main] org.apache.catalina.startup.VersionLoggerListener.log JVM Vendor:            Oracle Corporation
06-May-2025 01:16:21.489 INFO [main] org.apache.catalina.startup.VersionLoggerListener.log CATALINA_BASE:         C:\Users\msi\Downloads\Food Delivery Website - Copy\Food Delivery Website - Copy
06-May-2025 01:16:21.489 INFO [main] org.apache.catalina.startup.VersionLoggerListener.log CATALINA_HOME:         C:\Program Files\Apache Software Foundation\Tomcat 11.0
06-May-2025 01:16:21.499 INFO [main] org.apache.catalina.startup.VersionLoggerListener.log Command line argument: --add-opens=java.base/java.lang=ALL-UNNAMED
06-May-2025 01:16:21.499 INFO [main] org.apache.catalina.startup.VersionLoggerListener.log Command line argument: --add-opens=java.base/java.io=ALL-UNNAMED
06-May-2025 01:16:21.499 INFO [main] org.apache.catalina.startup.VersionLoggerListener.log Command line argument: --add-opens=java.base/java.util=ALL-UNNAMED
06-May-2025 01:16:21.499 INFO [main] org.apache.catalina.startup.VersionLoggerListener.log Command line argument: --add-opens=java.base/java.util.concurrent=ALL-UNNAMED
06-May-2025 01:16:21.499 INFO [main] org.apache.catalina.startup.VersionLoggerListener.log Command line argument: --add-opens=java.rmi/sun.rmi.transport=ALL-UNNAMED
06-May-2025 01:16:21.499 INFO [main] org.apache.catalina.startup.VersionLoggerListener.log Command line argument: -Dcatalina.home=C:\Program Files\Apache Software Foundation\Tomcat 11.0
06-May-2025 01:16:21.499 INFO [main] org.apache.catalina.startup.VersionLoggerListener.log Command line argument: -Dcatalina.base=C:\Users\msi\Downloads\Food Delivery Website - Copy\Food Delivery Website - Copy
06-May-2025 01:16:21.499 INFO [main] org.apache.catalina.startup.VersionLoggerListener.log Command line argument: -Djava.io.tmpdir=C:\Users\msi\Downloads\Food Delivery Website - Copy\Food Delivery Website - Copy\temp
06-May-2025 01:16:21.499 INFO [main] org.apache.catalina.startup.VersionLoggerListener.log Command line argument: -Djava.util.logging.config.file=C:\Users\msi\Downloads\Food Delivery Website - Copy\Food Delivery Website - Copy\conf\logging.properties
06-May-2025 01:16:21.499 INFO [main] org.apache.catalina.startup.VersionLoggerListener.log Command line argument: -Djava.util.logging.manager=org.apache.juli.ClassLoaderLogManager
06-May-2025 01:16:21.499 INFO [main] org.apache.catalina.startup.VersionLoggerListener.log Command line argument: -javaagent:C:\Users\msi\AppData\Local\JetBrains\IntelliJ IDEA 2024.3.5\lib\idea_rt.jar=61640
06-May-2025 01:16:21.499 INFO [main] org.apache.catalina.startup.VersionLoggerListener.log Command line argument: -Dfile.encoding=UTF-8
06-May-2025 01:16:21.499 INFO [main] org.apache.catalina.startup.VersionLoggerListener.log Command line argument: -Dsun.stdout.encoding=UTF-8
06-May-2025 01:16:21.499 INFO [main] org.apache.catalina.startup.VersionLoggerListener.log Command line argument: -Dsun.stderr.encoding=UTF-8
06-May-2025 01:16:21.503 INFO [main] org.apache.catalina.core.AprLifecycleListener.lifecycleEvent The Apache Tomcat Native library which allows using OpenSSL was not found on the java.library.path: [C:\Users\msi\.jdks\openjdk-24\bin;C:\WINDOWS\Sun\Java\bin;C:\WINDOWS\system32;C:\WINDOWS;C:\Program Files\Common Files\Oracle\Java\javapath;C:\WINDOWS\system32;C:\WINDOWS;C:\WINDOWS\System32\Wbem;C:\WINDOWS\System32\WindowsPowerShell\v1.0\;C:\WINDOWS\System32\OpenSSH\;C:\Program Files\NVIDIA Corporation\NVIDIA NvDLISR;C:\Program Files\Git\cmd;C:\Users\msi\AppData\Local\Microsoft\WindowsApps;C:\Users\msi\AppData\Local\Programs\Microsoft VS Code\bin;;.]
06-May-2025 01:16:21.737 INFO [main] org.apache.coyote.AbstractProtocol.init Initializing ProtocolHandler ["http-nio-8080"]
06-May-2025 01:16:21.746 SEVERE [main] org.apache.catalina.util.LifecycleBase.handleSubClassException Failed to initialize component [Connector["http-nio-8080"]]
	org.apache.catalina.LifecycleException: Protocol handler initialization failed
		at org.apache.catalina.connector.Connector.initInternal(Connector.java:1056)
		at org.apache.catalina.util.LifecycleBase.init(LifecycleBase.java:122)
		at org.apache.catalina.core.StandardService.initInternal(StandardService.java:525)
		at org.apache.catalina.util.LifecycleBase.init(LifecycleBase.java:122)
		at org.apache.catalina.core.StandardServer.initInternal(StandardServer.java:953)
		at org.apache.catalina.util.LifecycleBase.init(LifecycleBase.java:122)
		at org.apache.catalina.startup.Catalina.load(Catalina.java:710)
		at org.apache.catalina.startup.Catalina.load(Catalina.java:733)
		at java.base/jdk.internal.reflect.DirectMethodHandleAccessor.invoke(DirectMethodHandleAccessor.java:104)
		at java.base/java.lang.reflect.Method.invoke(Method.java:565)
		at org.apache.catalina.startup.Bootstrap.load(Bootstrap.java:299)
		at org.apache.catalina.startup.Bootstrap.main(Bootstrap.java:469)
	Caused by: java.net.BindException: Address already in use: bind
		at java.base/sun.nio.ch.Net.bind0(Native Method)
		at java.base/sun.nio.ch.Net.bind(Net.java:511)
		at java.base/sun.nio.ch.ServerSocketChannelImpl.netBind(ServerSocketChannelImpl.java:335)
		at java.base/sun.nio.ch.ServerSocketChannelImpl.bind(ServerSocketChannelImpl.java:297)
		at org.apache.tomcat.util.net.NioEndpoint.initServerSocket(NioEndpoint.java:240)
		at org.apache.tomcat.util.net.NioEndpoint.bind(NioEndpoint.java:195)
		at org.apache.tomcat.util.net.AbstractEndpoint.bindWithCleanup(AbstractEndpoint.java:1472)
		at org.apache.tomcat.util.net.AbstractEndpoint.init(AbstractEndpoint.java:1485)
		at org.apache.coyote.AbstractProtocol.init(AbstractProtocol.java:633)
		at org.apache.coyote.http11.AbstractHttp11Protocol.init(AbstractHttp11Protocol.java:83)
		at org.apache.catalina.connector.Connector.initInternal(Connector.java:1054)
		... 11 more
06-May-2025 01:16:21.748 INFO [main] org.apache.catalina.startup.Catalina.load Server initialization in [478] milliseconds
06-May-2025 01:16:21.814 INFO [main] org.apache.catalina.core.StandardService.startInternal Starting service [Catalina]
06-May-2025 01:16:21.814 INFO [main] org.apache.catalina.core.StandardEngine.startInternal Starting Servlet engine: [Apache Tomcat/11.0.5]
06-May-2025 01:16:21.827 INFO [main] org.apache.catalina.startup.HostConfig.deployDescriptor Deploying deployment descriptor [C:\Users\msi\Downloads\Food Delivery Website - Copy\Food Delivery Website - Copy\conf\Catalina\localhost\ROOT.xml]
06-May-2025 01:16:22.198 INFO [main] org.apache.catalina.startup.HostConfig.deployDescriptor Deployment of deployment descriptor [C:\Users\msi\Downloads\Food Delivery Website - Copy\Food Delivery Website - Copy\conf\Catalina\localhost\ROOT.xml] has finished in [370] ms
06-May-2025 01:16:22.211 INFO [main] org.apache.catalina.startup.Catalina.start Server startup in [461] milliseconds
06-May-2025 01:16:22.218 SEVERE [main] org.apache.catalina.core.StandardServer.await Failed to create server shutdown socket on address [localhost] and port [8005] (base port [8005] and offset [0])
	java.net.BindException: Address already in use: bind
		at java.base/sun.nio.ch.Net.bind0(Native Method)
		at java.base/sun.nio.ch.Net.bind(Net.java:511)
		at java.base/sun.nio.ch.Net.bind(Net.java:500)
		at java.base/sun.nio.ch.NioSocketImpl.bind(NioSocketImpl.java:630)
		at java.base/java.net.ServerSocket.bind(ServerSocket.java:326)
		at java.base/java.net.ServerSocket.<init>(ServerSocket.java:222)
		at org.apache.catalina.core.StandardServer.await(StandardServer.java:532)
		at org.apache.catalina.startup.Catalina.await(Catalina.java:849)
		at org.apache.catalina.startup.Catalina.start(Catalina.java:797)
		at java.base/jdk.internal.reflect.DirectMethodHandleAccessor.invoke(DirectMethodHandleAccessor.java:104)
		at java.base/java.lang.reflect.Method.invoke(Method.java:565)
		at org.apache.catalina.startup.Bootstrap.start(Bootstrap.java:342)
		at org.apache.catalina.startup.Bootstrap.main(Bootstrap.java:470)
06-May-2025 01:16:22.218 INFO [main] org.apache.coyote.AbstractProtocol.pause Pausing ProtocolHandler ["http-nio-8080"]
06-May-2025 01:16:22.218 INFO [main] org.apache.catalina.core.StandardService.stopInternal Stopping service [Catalina]
06-May-2025 01:16:22.227 INFO [main] org.apache.coyote.AbstractProtocol.stop Stopping ProtocolHandler ["http-nio-8080"]
06-May-2025 01:16:22.227 INFO [main] org.apache.coyote.AbstractProtocol.destroy Destroying ProtocolHandler ["http-nio-8080"]
06-May-2025 01:16:26.058 INFO [Catalina-utility-2] org.apache.catalina.startup.HostConfig.undeploy Undeploying context []
06-May-2025 01:16:26.067 INFO [Catalina-utility-2] org.apache.catalina.startup.HostConfig.deployDescriptor Deploying deployment descriptor [C:\Users\msi\Downloads\Food Delivery Website - Copy\Food Delivery Website - Copy\conf\Catalina\localhost\ROOT.xml]
06-May-2025 01:16:26.114 INFO [Catalina-utility-2] org.apache.catalina.startup.HostConfig.deployDescriptor Deployment of deployment descriptor [C:\Users\msi\Downloads\Food Delivery Website - Copy\Food Delivery Website - Copy\conf\Catalina\localhost\ROOT.xml] has finished in [47] ms
06-May-2025 01:16:57.424 INFO [main] org.apache.catalina.startup.VersionLoggerListener.log Server version name:   Apache Tomcat/11.0.5
06-May-2025 01:16:57.426 INFO [main] org.apache.catalina.startup.VersionLoggerListener.log Server built:          Feb 28 2025 15:54:41 UTC
06-May-2025 01:16:57.426 INFO [main] org.apache.catalina.startup.VersionLoggerListener.log Server version number: 11.0.5.0
06-May-2025 01:16:57.426 INFO [main] org.apache.catalina.startup.VersionLoggerListener.log OS Name:               Windows 11
06-May-2025 01:16:57.427 INFO [main] org.apache.catalina.startup.VersionLoggerListener.log OS Version:            10.0
06-May-2025 01:16:57.427 INFO [main] org.apache.catalina.startup.VersionLoggerListener.log Architecture:          amd64
06-May-2025 01:16:57.427 INFO [main] org.apache.catalina.startup.VersionLoggerListener.log Java Home:             C:\Users\msi\.jdks\openjdk-24
06-May-2025 01:16:57.427 INFO [main] org.apache.catalina.startup.VersionLoggerListener.log JVM Version:           24+36-3646
06-May-2025 01:16:57.427 INFO [main] org.apache.catalina.startup.VersionLoggerListener.log JVM Vendor:            Oracle Corporation
06-May-2025 01:16:57.427 INFO [main] org.apache.catalina.startup.VersionLoggerListener.log CATALINA_BASE:         C:\Users\msi\Downloads\Food Delivery Website - Copy\Food Delivery Website - Copy
06-May-2025 01:16:57.427 INFO [main] org.apache.catalina.startup.VersionLoggerListener.log CATALINA_HOME:         C:\Program Files\Apache Software Foundation\Tomcat 11.0
06-May-2025 01:16:57.437 INFO [main] org.apache.catalina.startup.VersionLoggerListener.log Command line argument: --add-opens=java.base/java.lang=ALL-UNNAMED
06-May-2025 01:16:57.437 INFO [main] org.apache.catalina.startup.VersionLoggerListener.log Command line argument: --add-opens=java.base/java.io=ALL-UNNAMED
06-May-2025 01:16:57.437 INFO [main] org.apache.catalina.startup.VersionLoggerListener.log Command line argument: --add-opens=java.base/java.util=ALL-UNNAMED
06-May-2025 01:16:57.437 INFO [main] org.apache.catalina.startup.VersionLoggerListener.log Command line argument: --add-opens=java.base/java.util.concurrent=ALL-UNNAMED
06-May-2025 01:16:57.438 INFO [main] org.apache.catalina.startup.VersionLoggerListener.log Command line argument: --add-opens=java.rmi/sun.rmi.transport=ALL-UNNAMED
06-May-2025 01:16:57.438 INFO [main] org.apache.catalina.startup.VersionLoggerListener.log Command line argument: -Dcatalina.home=C:\Program Files\Apache Software Foundation\Tomcat 11.0
06-May-2025 01:16:57.438 INFO [main] org.apache.catalina.startup.VersionLoggerListener.log Command line argument: -Dcatalina.base=C:\Users\msi\Downloads\Food Delivery Website - Copy\Food Delivery Website - Copy
06-May-2025 01:16:57.438 INFO [main] org.apache.catalina.startup.VersionLoggerListener.log Command line argument: -Djava.io.tmpdir=C:\Users\msi\Downloads\Food Delivery Website - Copy\Food Delivery Website - Copy\temp
06-May-2025 01:16:57.438 INFO [main] org.apache.catalina.startup.VersionLoggerListener.log Command line argument: -Djava.util.logging.config.file=C:\Users\msi\Downloads\Food Delivery Website - Copy\Food Delivery Website - Copy\conf\logging.properties
06-May-2025 01:16:57.438 INFO [main] org.apache.catalina.startup.VersionLoggerListener.log Command line argument: -Djava.util.logging.manager=org.apache.juli.ClassLoaderLogManager
06-May-2025 01:16:57.438 INFO [main] org.apache.catalina.startup.VersionLoggerListener.log Command line argument: -javaagent:C:\Users\msi\AppData\Local\JetBrains\IntelliJ IDEA 2024.3.5\lib\idea_rt.jar=61651
06-May-2025 01:16:57.438 INFO [main] org.apache.catalina.startup.VersionLoggerListener.log Command line argument: -Dfile.encoding=UTF-8
06-May-2025 01:16:57.438 INFO [main] org.apache.catalina.startup.VersionLoggerListener.log Command line argument: -Dsun.stdout.encoding=UTF-8
06-May-2025 01:16:57.438 INFO [main] org.apache.catalina.startup.VersionLoggerListener.log Command line argument: -Dsun.stderr.encoding=UTF-8
06-May-2025 01:16:57.442 INFO [main] org.apache.catalina.core.AprLifecycleListener.lifecycleEvent The Apache Tomcat Native library which allows using OpenSSL was not found on the java.library.path: [C:\Users\msi\.jdks\openjdk-24\bin;C:\WINDOWS\Sun\Java\bin;C:\WINDOWS\system32;C:\WINDOWS;C:\Program Files\Common Files\Oracle\Java\javapath;C:\WINDOWS\system32;C:\WINDOWS;C:\WINDOWS\System32\Wbem;C:\WINDOWS\System32\WindowsPowerShell\v1.0\;C:\WINDOWS\System32\OpenSSH\;C:\Program Files\NVIDIA Corporation\NVIDIA NvDLISR;C:\Program Files\Git\cmd;C:\Users\msi\AppData\Local\Microsoft\WindowsApps;C:\Users\msi\AppData\Local\Programs\Microsoft VS Code\bin;;.]
06-May-2025 01:16:57.674 INFO [main] org.apache.coyote.AbstractProtocol.init Initializing ProtocolHandler ["http-nio-8080"]
06-May-2025 01:16:57.682 SEVERE [main] org.apache.catalina.util.LifecycleBase.handleSubClassException Failed to initialize component [Connector["http-nio-8080"]]
	org.apache.catalina.LifecycleException: Protocol handler initialization failed
		at org.apache.catalina.connector.Connector.initInternal(Connector.java:1056)
		at org.apache.catalina.util.LifecycleBase.init(LifecycleBase.java:122)
		at org.apache.catalina.core.StandardService.initInternal(StandardService.java:525)
		at org.apache.catalina.util.LifecycleBase.init(LifecycleBase.java:122)
		at org.apache.catalina.core.StandardServer.initInternal(StandardServer.java:953)
		at org.apache.catalina.util.LifecycleBase.init(LifecycleBase.java:122)
		at org.apache.catalina.startup.Catalina.load(Catalina.java:710)
		at org.apache.catalina.startup.Catalina.load(Catalina.java:733)
		at java.base/jdk.internal.reflect.DirectMethodHandleAccessor.invoke(DirectMethodHandleAccessor.java:104)
		at java.base/java.lang.reflect.Method.invoke(Method.java:565)
		at org.apache.catalina.startup.Bootstrap.load(Bootstrap.java:299)
		at org.apache.catalina.startup.Bootstrap.main(Bootstrap.java:469)
	Caused by: java.net.BindException: Address already in use: bind
		at java.base/sun.nio.ch.Net.bind0(Native Method)
		at java.base/sun.nio.ch.Net.bind(Net.java:511)
		at java.base/sun.nio.ch.ServerSocketChannelImpl.netBind(ServerSocketChannelImpl.java:335)
		at java.base/sun.nio.ch.ServerSocketChannelImpl.bind(ServerSocketChannelImpl.java:297)
		at org.apache.tomcat.util.net.NioEndpoint.initServerSocket(NioEndpoint.java:240)
		at org.apache.tomcat.util.net.NioEndpoint.bind(NioEndpoint.java:195)
		at org.apache.tomcat.util.net.AbstractEndpoint.bindWithCleanup(AbstractEndpoint.java:1472)
		at org.apache.tomcat.util.net.AbstractEndpoint.init(AbstractEndpoint.java:1485)
		at org.apache.coyote.AbstractProtocol.init(AbstractProtocol.java:633)
		at org.apache.coyote.http11.AbstractHttp11Protocol.init(AbstractHttp11Protocol.java:83)
		at org.apache.catalina.connector.Connector.initInternal(Connector.java:1054)
		... 11 more
06-May-2025 01:16:57.684 INFO [main] org.apache.catalina.startup.Catalina.load Server initialization in [430] milliseconds
06-May-2025 01:16:57.733 INFO [main] org.apache.catalina.core.StandardService.startInternal Starting service [Catalina]
06-May-2025 01:16:57.734 INFO [main] org.apache.catalina.core.StandardEngine.startInternal Starting Servlet engine: [Apache Tomcat/11.0.5]
06-May-2025 01:16:57.743 INFO [main] org.apache.catalina.startup.HostConfig.deployDescriptor Deploying deployment descriptor [C:\Users\msi\Downloads\Food Delivery Website - Copy\Food Delivery Website - Copy\conf\Catalina\localhost\ROOT.xml]
06-May-2025 01:16:58.033 INFO [main] org.apache.catalina.startup.HostConfig.deployDescriptor Deployment of deployment descriptor [C:\Users\msi\Downloads\Food Delivery Website - Copy\Food Delivery Website - Copy\conf\Catalina\localhost\ROOT.xml] has finished in [289] ms
06-May-2025 01:16:58.043 INFO [main] org.apache.catalina.startup.Catalina.start Server startup in [357] milliseconds
06-May-2025 01:16:58.048 SEVERE [main] org.apache.catalina.core.StandardServer.await Failed to create server shutdown socket on address [localhost] and port [8005] (base port [8005] and offset [0])
	java.net.BindException: Address already in use: bind
		at java.base/sun.nio.ch.Net.bind0(Native Method)
		at java.base/sun.nio.ch.Net.bind(Net.java:511)
		at java.base/sun.nio.ch.Net.bind(Net.java:500)
		at java.base/sun.nio.ch.NioSocketImpl.bind(NioSocketImpl.java:630)
		at java.base/java.net.ServerSocket.bind(ServerSocket.java:326)
		at java.base/java.net.ServerSocket.<init>(ServerSocket.java:222)
		at org.apache.catalina.core.StandardServer.await(StandardServer.java:532)
		at org.apache.catalina.startup.Catalina.await(Catalina.java:849)
		at org.apache.catalina.startup.Catalina.start(Catalina.java:797)
		at java.base/jdk.internal.reflect.DirectMethodHandleAccessor.invoke(DirectMethodHandleAccessor.java:104)
		at java.base/java.lang.reflect.Method.invoke(Method.java:565)
		at org.apache.catalina.startup.Bootstrap.start(Bootstrap.java:342)
		at org.apache.catalina.startup.Bootstrap.main(Bootstrap.java:470)
06-May-2025 01:16:58.049 INFO [main] org.apache.coyote.AbstractProtocol.pause Pausing ProtocolHandler ["http-nio-8080"]
06-May-2025 01:16:58.049 INFO [main] org.apache.catalina.core.StandardService.stopInternal Stopping service [Catalina]
06-May-2025 01:16:58.055 INFO [main] org.apache.coyote.AbstractProtocol.stop Stopping ProtocolHandler ["http-nio-8080"]
06-May-2025 01:16:58.056 INFO [main] org.apache.coyote.AbstractProtocol.destroy Destroying ProtocolHandler ["http-nio-8080"]
06-May-2025 01:17:06.148 INFO [Catalina-utility-1] org.apache.catalina.startup.HostConfig.undeploy Undeploying context []
06-May-2025 01:17:06.340 INFO [Catalina-utility-1] org.apache.catalina.startup.HostConfig.deployDescriptor Deploying deployment descriptor [C:\Users\msi\Downloads\Food Delivery Website - Copy\Food Delivery Website - Copy\conf\Catalina\localhost\ROOT.xml]
06-May-2025 01:17:06.564 INFO [Catalina-utility-1] org.apache.catalina.startup.HostConfig.deployDescriptor Deployment of deployment descriptor [C:\Users\msi\Downloads\Food Delivery Website - Copy\Food Delivery Website - Copy\conf\Catalina\localhost\ROOT.xml] has finished in [224] ms
06-May-2025 01:17:20.075 INFO [main] org.apache.catalina.startup.VersionLoggerListener.log Server version name:   Apache Tomcat/11.0.5
06-May-2025 01:17:20.086 INFO [main] org.apache.catalina.startup.VersionLoggerListener.log Server built:          Feb 28 2025 15:54:41 UTC
06-May-2025 01:17:20.086 INFO [main] org.apache.catalina.startup.VersionLoggerListener.log Server version number: 11.0.5.0
06-May-2025 01:17:20.086 INFO [main] org.apache.catalina.startup.VersionLoggerListener.log OS Name:               Windows 11
06-May-2025 01:17:20.086 INFO [main] org.apache.catalina.startup.VersionLoggerListener.log OS Version:            10.0
06-May-2025 01:17:20.086 INFO [main] org.apache.catalina.startup.VersionLoggerListener.log Architecture:          amd64
06-May-2025 01:17:20.086 INFO [main] org.apache.catalina.startup.VersionLoggerListener.log Java Home:             C:\Users\msi\.jdks\openjdk-24
06-May-2025 01:17:20.087 INFO [main] org.apache.catalina.startup.VersionLoggerListener.log JVM Version:           24+36-3646
06-May-2025 01:17:20.087 INFO [main] org.apache.catalina.startup.VersionLoggerListener.log JVM Vendor:            Oracle Corporation
06-May-2025 01:17:20.087 INFO [main] org.apache.catalina.startup.VersionLoggerListener.log CATALINA_BASE:         C:\Users\msi\Downloads\Food Delivery Website - Copy\Food Delivery Website - Copy
06-May-2025 01:17:20.087 INFO [main] org.apache.catalina.startup.VersionLoggerListener.log CATALINA_HOME:         C:\Program Files\Apache Software Foundation\Tomcat 11.0
06-May-2025 01:17:20.095 INFO [main] org.apache.catalina.startup.VersionLoggerListener.log Command line argument: --add-opens=java.base/java.lang=ALL-UNNAMED
06-May-2025 01:17:20.096 INFO [main] org.apache.catalina.startup.VersionLoggerListener.log Command line argument: --add-opens=java.base/java.io=ALL-UNNAMED
06-May-2025 01:17:20.096 INFO [main] org.apache.catalina.startup.VersionLoggerListener.log Command line argument: --add-opens=java.base/java.util=ALL-UNNAMED
06-May-2025 01:17:20.096 INFO [main] org.apache.catalina.startup.VersionLoggerListener.log Command line argument: --add-opens=java.base/java.util.concurrent=ALL-UNNAMED
06-May-2025 01:17:20.096 INFO [main] org.apache.catalina.startup.VersionLoggerListener.log Command line argument: --add-opens=java.rmi/sun.rmi.transport=ALL-UNNAMED
06-May-2025 01:17:20.096 INFO [main] org.apache.catalina.startup.VersionLoggerListener.log Command line argument: -Dcatalina.home=C:\Program Files\Apache Software Foundation\Tomcat 11.0
06-May-2025 01:17:20.096 INFO [main] org.apache.catalina.startup.VersionLoggerListener.log Command line argument: -Dcatalina.base=C:\Users\msi\Downloads\Food Delivery Website - Copy\Food Delivery Website - Copy
06-May-2025 01:17:20.096 INFO [main] org.apache.catalina.startup.VersionLoggerListener.log Command line argument: -Djava.io.tmpdir=C:\Users\msi\Downloads\Food Delivery Website - Copy\Food Delivery Website - Copy\temp
06-May-2025 01:17:20.096 INFO [main] org.apache.catalina.startup.VersionLoggerListener.log Command line argument: -Djava.util.logging.config.file=C:\Users\msi\Downloads\Food Delivery Website - Copy\Food Delivery Website - Copy\conf\logging.properties
06-May-2025 01:17:20.096 INFO [main] org.apache.catalina.startup.VersionLoggerListener.log Command line argument: -Djava.util.logging.manager=org.apache.juli.ClassLoaderLogManager
06-May-2025 01:17:20.096 INFO [main] org.apache.catalina.startup.VersionLoggerListener.log Command line argument: -javaagent:C:\Users\msi\AppData\Local\JetBrains\IntelliJ IDEA 2024.3.5\lib\idea_rt.jar=61669
06-May-2025 01:17:20.096 INFO [main] org.apache.catalina.startup.VersionLoggerListener.log Command line argument: -Dfile.encoding=UTF-8
06-May-2025 01:17:20.096 INFO [main] org.apache.catalina.startup.VersionLoggerListener.log Command line argument: -Dsun.stdout.encoding=UTF-8
06-May-2025 01:17:20.096 INFO [main] org.apache.catalina.startup.VersionLoggerListener.log Command line argument: -Dsun.stderr.encoding=UTF-8
06-May-2025 01:17:20.104 INFO [main] org.apache.catalina.core.AprLifecycleListener.lifecycleEvent The Apache Tomcat Native library which allows using OpenSSL was not found on the java.library.path: [C:\Users\msi\.jdks\openjdk-24\bin;C:\WINDOWS\Sun\Java\bin;C:\WINDOWS\system32;C:\WINDOWS;C:\Program Files\Common Files\Oracle\Java\javapath;C:\WINDOWS\system32;C:\WINDOWS;C:\WINDOWS\System32\Wbem;C:\WINDOWS\System32\WindowsPowerShell\v1.0\;C:\WINDOWS\System32\OpenSSH\;C:\Program Files\NVIDIA Corporation\NVIDIA NvDLISR;C:\Program Files\Git\cmd;C:\Users\msi\AppData\Local\Microsoft\WindowsApps;C:\Users\msi\AppData\Local\Programs\Microsoft VS Code\bin;;.]
06-May-2025 01:17:20.456 INFO [main] org.apache.coyote.AbstractProtocol.init Initializing ProtocolHandler ["http-nio-8080"]
06-May-2025 01:17:20.466 SEVERE [main] org.apache.catalina.util.LifecycleBase.handleSubClassException Failed to initialize component [Connector["http-nio-8080"]]
	org.apache.catalina.LifecycleException: Protocol handler initialization failed
		at org.apache.catalina.connector.Connector.initInternal(Connector.java:1056)
		at org.apache.catalina.util.LifecycleBase.init(LifecycleBase.java:122)
		at org.apache.catalina.core.StandardService.initInternal(StandardService.java:525)
		at org.apache.catalina.util.LifecycleBase.init(LifecycleBase.java:122)
		at org.apache.catalina.core.StandardServer.initInternal(StandardServer.java:953)
		at org.apache.catalina.util.LifecycleBase.init(LifecycleBase.java:122)
		at org.apache.catalina.startup.Catalina.load(Catalina.java:710)
		at org.apache.catalina.startup.Catalina.load(Catalina.java:733)
		at java.base/jdk.internal.reflect.DirectMethodHandleAccessor.invoke(DirectMethodHandleAccessor.java:104)
		at java.base/java.lang.reflect.Method.invoke(Method.java:565)
		at org.apache.catalina.startup.Bootstrap.load(Bootstrap.java:299)
		at org.apache.catalina.startup.Bootstrap.main(Bootstrap.java:469)
	Caused by: java.net.BindException: Address already in use: bind
		at java.base/sun.nio.ch.Net.bind0(Native Method)
		at java.base/sun.nio.ch.Net.bind(Net.java:511)
		at java.base/sun.nio.ch.ServerSocketChannelImpl.netBind(ServerSocketChannelImpl.java:335)
		at java.base/sun.nio.ch.ServerSocketChannelImpl.bind(ServerSocketChannelImpl.java:297)
		at org.apache.tomcat.util.net.NioEndpoint.initServerSocket(NioEndpoint.java:240)
		at org.apache.tomcat.util.net.NioEndpoint.bind(NioEndpoint.java:195)
		at org.apache.tomcat.util.net.AbstractEndpoint.bindWithCleanup(AbstractEndpoint.java:1472)
		at org.apache.tomcat.util.net.AbstractEndpoint.init(AbstractEndpoint.java:1485)
		at org.apache.coyote.AbstractProtocol.init(AbstractProtocol.java:633)
		at org.apache.coyote.http11.AbstractHttp11Protocol.init(AbstractHttp11Protocol.java:83)
		at org.apache.catalina.connector.Connector.initInternal(Connector.java:1054)
		... 11 more
06-May-2025 01:17:20.467 INFO [main] org.apache.catalina.startup.Catalina.load Server initialization in [532] milliseconds
06-May-2025 01:17:20.524 INFO [main] org.apache.catalina.core.StandardService.startInternal Starting service [Catalina]
06-May-2025 01:17:20.524 INFO [main] org.apache.catalina.core.StandardEngine.startInternal Starting Servlet engine: [Apache Tomcat/11.0.5]
06-May-2025 01:17:20.533 INFO [main] org.apache.catalina.startup.HostConfig.deployDescriptor Deploying deployment descriptor [C:\Users\msi\Downloads\Food Delivery Website - Copy\Food Delivery Website - Copy\conf\Catalina\localhost\ROOT.xml]
06-May-2025 01:17:20.875 INFO [main] org.apache.catalina.startup.HostConfig.deployDescriptor Deployment of deployment descriptor [C:\Users\msi\Downloads\Food Delivery Website - Copy\Food Delivery Website - Copy\conf\Catalina\localhost\ROOT.xml] has finished in [341] ms
06-May-2025 01:17:20.888 INFO [main] org.apache.catalina.startup.Catalina.start Server startup in [419] milliseconds
06-May-2025 01:17:20.895 SEVERE [main] org.apache.catalina.core.StandardServer.await Failed to create server shutdown socket on address [localhost] and port [8005] (base port [8005] and offset [0])
	java.net.BindException: Address already in use: bind
		at java.base/sun.nio.ch.Net.bind0(Native Method)
		at java.base/sun.nio.ch.Net.bind(Net.java:511)
		at java.base/sun.nio.ch.Net.bind(Net.java:500)
		at java.base/sun.nio.ch.NioSocketImpl.bind(NioSocketImpl.java:630)
		at java.base/java.net.ServerSocket.bind(ServerSocket.java:326)
		at java.base/java.net.ServerSocket.<init>(ServerSocket.java:222)
		at org.apache.catalina.core.StandardServer.await(StandardServer.java:532)
		at org.apache.catalina.startup.Catalina.await(Catalina.java:849)
		at org.apache.catalina.startup.Catalina.start(Catalina.java:797)
		at java.base/jdk.internal.reflect.DirectMethodHandleAccessor.invoke(DirectMethodHandleAccessor.java:104)
		at java.base/java.lang.reflect.Method.invoke(Method.java:565)
		at org.apache.catalina.startup.Bootstrap.start(Bootstrap.java:342)
		at org.apache.catalina.startup.Bootstrap.main(Bootstrap.java:470)
06-May-2025 01:17:20.896 INFO [main] org.apache.coyote.AbstractProtocol.pause Pausing ProtocolHandler ["http-nio-8080"]
06-May-2025 01:17:20.896 INFO [main] org.apache.catalina.core.StandardService.stopInternal Stopping service [Catalina]
06-May-2025 01:17:20.904 INFO [main] org.apache.coyote.AbstractProtocol.stop Stopping ProtocolHandler ["http-nio-8080"]
06-May-2025 01:17:20.904 INFO [main] org.apache.coyote.AbstractProtocol.destroy Destroying ProtocolHandler ["http-nio-8080"]
06-May-2025 01:17:26.595 INFO [Catalina-utility-1] org.apache.catalina.startup.HostConfig.undeploy Undeploying context []
06-May-2025 01:17:26.697 INFO [Catalina-utility-1] org.apache.catalina.startup.HostConfig.deployDescriptor Deploying deployment descriptor [C:\Users\msi\Downloads\Food Delivery Website - Copy\Food Delivery Website - Copy\conf\Catalina\localhost\ROOT.xml]
06-May-2025 01:17:26.930 INFO [Catalina-utility-1] org.apache.catalina.startup.HostConfig.deployDescriptor Deployment of deployment descriptor [C:\Users\msi\Downloads\Food Delivery Website - Copy\Food Delivery Website - Copy\conf\Catalina\localhost\ROOT.xml] has finished in [232] ms
06-May-2025 01:20:18.418 INFO [main] org.apache.catalina.startup.VersionLoggerListener.log Server version name:   Apache Tomcat/11.0.5
06-May-2025 01:20:18.421 INFO [main] org.apache.catalina.startup.VersionLoggerListener.log Server built:          Feb 28 2025 15:54:41 UTC
06-May-2025 01:20:18.421 INFO [main] org.apache.catalina.startup.VersionLoggerListener.log Server version number: 11.0.5.0
06-May-2025 01:20:18.422 INFO [main] org.apache.catalina.startup.VersionLoggerListener.log OS Name:               Windows 11
06-May-2025 01:20:18.422 INFO [main] org.apache.catalina.startup.VersionLoggerListener.log OS Version:            10.0
06-May-2025 01:20:18.422 INFO [main] org.apache.catalina.startup.VersionLoggerListener.log Architecture:          amd64
06-May-2025 01:20:18.422 INFO [main] org.apache.catalina.startup.VersionLoggerListener.log Java Home:             C:\Users\msi\.jdks\openjdk-24
06-May-2025 01:20:18.422 INFO [main] org.apache.catalina.startup.VersionLoggerListener.log JVM Version:           24+36-3646
06-May-2025 01:20:18.422 INFO [main] org.apache.catalina.startup.VersionLoggerListener.log JVM Vendor:            Oracle Corporation
06-May-2025 01:20:18.422 INFO [main] org.apache.catalina.startup.VersionLoggerListener.log CATALINA_BASE:         C:\Users\msi\Downloads\Food Delivery Website - Copy\Food Delivery Website - Copy
06-May-2025 01:20:18.422 INFO [main] org.apache.catalina.startup.VersionLoggerListener.log CATALINA_HOME:         C:\Program Files\Apache Software Foundation\Tomcat 11.0
06-May-2025 01:20:18.431 INFO [main] org.apache.catalina.startup.VersionLoggerListener.log Command line argument: --add-opens=java.base/java.lang=ALL-UNNAMED
06-May-2025 01:20:18.431 INFO [main] org.apache.catalina.startup.VersionLoggerListener.log Command line argument: --add-opens=java.base/java.io=ALL-UNNAMED
06-May-2025 01:20:18.431 INFO [main] org.apache.catalina.startup.VersionLoggerListener.log Command line argument: --add-opens=java.base/java.util=ALL-UNNAMED
06-May-2025 01:20:18.431 INFO [main] org.apache.catalina.startup.VersionLoggerListener.log Command line argument: --add-opens=java.base/java.util.concurrent=ALL-UNNAMED
06-May-2025 01:20:18.431 INFO [main] org.apache.catalina.startup.VersionLoggerListener.log Command line argument: --add-opens=java.rmi/sun.rmi.transport=ALL-UNNAMED
06-May-2025 01:20:18.431 INFO [main] org.apache.catalina.startup.VersionLoggerListener.log Command line argument: -Dcatalina.home=C:\Program Files\Apache Software Foundation\Tomcat 11.0
06-May-2025 01:20:18.431 INFO [main] org.apache.catalina.startup.VersionLoggerListener.log Command line argument: -Dcatalina.base=C:\Users\msi\Downloads\Food Delivery Website - Copy\Food Delivery Website - Copy
06-May-2025 01:20:18.431 INFO [main] org.apache.catalina.startup.VersionLoggerListener.log Command line argument: -Djava.io.tmpdir=C:\Users\msi\Downloads\Food Delivery Website - Copy\Food Delivery Website - Copy\temp
06-May-2025 01:20:18.431 INFO [main] org.apache.catalina.startup.VersionLoggerListener.log Command line argument: -Djava.util.logging.config.file=C:\Users\msi\Downloads\Food Delivery Website - Copy\Food Delivery Website - Copy\conf\logging.properties
06-May-2025 01:20:18.431 INFO [main] org.apache.catalina.startup.VersionLoggerListener.log Command line argument: -Djava.util.logging.manager=org.apache.juli.ClassLoaderLogManager
06-May-2025 01:20:18.431 INFO [main] org.apache.catalina.startup.VersionLoggerListener.log Command line argument: -javaagent:C:\Users\msi\AppData\Local\JetBrains\IntelliJ IDEA 2024.3.5\lib\idea_rt.jar=61718
06-May-2025 01:20:18.431 INFO [main] org.apache.catalina.startup.VersionLoggerListener.log Command line argument: -Dfile.encoding=UTF-8
06-May-2025 01:20:18.432 INFO [main] org.apache.catalina.startup.VersionLoggerListener.log Command line argument: -Dsun.stdout.encoding=UTF-8
06-May-2025 01:20:18.432 INFO [main] org.apache.catalina.startup.VersionLoggerListener.log Command line argument: -Dsun.stderr.encoding=UTF-8
06-May-2025 01:20:18.436 INFO [main] org.apache.catalina.core.AprLifecycleListener.lifecycleEvent The Apache Tomcat Native library which allows using OpenSSL was not found on the java.library.path: [C:\Users\msi\.jdks\openjdk-24\bin;C:\WINDOWS\Sun\Java\bin;C:\WINDOWS\system32;C:\WINDOWS;C:\Program Files\Common Files\Oracle\Java\javapath;C:\WINDOWS\system32;C:\WINDOWS;C:\WINDOWS\System32\Wbem;C:\WINDOWS\System32\WindowsPowerShell\v1.0\;C:\WINDOWS\System32\OpenSSH\;C:\Program Files\NVIDIA Corporation\NVIDIA NvDLISR;C:\Program Files\Git\cmd;C:\Users\msi\AppData\Local\Microsoft\WindowsApps;C:\Users\msi\AppData\Local\Programs\Microsoft VS Code\bin;;.]
06-May-2025 01:20:18.697 INFO [main] org.apache.coyote.AbstractProtocol.init Initializing ProtocolHandler ["http-nio-8080"]
06-May-2025 01:20:18.707 SEVERE [main] org.apache.catalina.util.LifecycleBase.handleSubClassException Failed to initialize component [Connector["http-nio-8080"]]
	org.apache.catalina.LifecycleException: Protocol handler initialization failed
		at org.apache.catalina.connector.Connector.initInternal(Connector.java:1056)
		at org.apache.catalina.util.LifecycleBase.init(LifecycleBase.java:122)
		at org.apache.catalina.core.StandardService.initInternal(StandardService.java:525)
		at org.apache.catalina.util.LifecycleBase.init(LifecycleBase.java:122)
		at org.apache.catalina.core.StandardServer.initInternal(StandardServer.java:953)
		at org.apache.catalina.util.LifecycleBase.init(LifecycleBase.java:122)
		at org.apache.catalina.startup.Catalina.load(Catalina.java:710)
		at org.apache.catalina.startup.Catalina.load(Catalina.java:733)
		at java.base/jdk.internal.reflect.DirectMethodHandleAccessor.invoke(DirectMethodHandleAccessor.java:104)
		at java.base/java.lang.reflect.Method.invoke(Method.java:565)
		at org.apache.catalina.startup.Bootstrap.load(Bootstrap.java:299)
		at org.apache.catalina.startup.Bootstrap.main(Bootstrap.java:469)
	Caused by: java.net.BindException: Address already in use: bind
		at java.base/sun.nio.ch.Net.bind0(Native Method)
		at java.base/sun.nio.ch.Net.bind(Net.java:511)
		at java.base/sun.nio.ch.ServerSocketChannelImpl.netBind(ServerSocketChannelImpl.java:335)
		at java.base/sun.nio.ch.ServerSocketChannelImpl.bind(ServerSocketChannelImpl.java:297)
		at org.apache.tomcat.util.net.NioEndpoint.initServerSocket(NioEndpoint.java:240)
		at org.apache.tomcat.util.net.NioEndpoint.bind(NioEndpoint.java:195)
		at org.apache.tomcat.util.net.AbstractEndpoint.bindWithCleanup(AbstractEndpoint.java:1472)
		at org.apache.tomcat.util.net.AbstractEndpoint.init(AbstractEndpoint.java:1485)
		at org.apache.coyote.AbstractProtocol.init(AbstractProtocol.java:633)
		at org.apache.coyote.http11.AbstractHttp11Protocol.init(AbstractHttp11Protocol.java:83)
		at org.apache.catalina.connector.Connector.initInternal(Connector.java:1054)
		... 11 more
06-May-2025 01:20:18.708 INFO [main] org.apache.catalina.startup.Catalina.load Server initialization in [501] milliseconds
06-May-2025 01:20:18.755 INFO [main] org.apache.catalina.core.StandardService.startInternal Starting service [Catalina]
06-May-2025 01:20:18.755 INFO [main] org.apache.catalina.core.StandardEngine.startInternal Starting Servlet engine: [Apache Tomcat/11.0.5]
06-May-2025 01:20:18.764 INFO [main] org.apache.catalina.startup.HostConfig.deployDescriptor Deploying deployment descriptor [C:\Users\msi\Downloads\Food Delivery Website - Copy\Food Delivery Website - Copy\conf\Catalina\localhost\ROOT.xml]
06-May-2025 01:20:19.015 INFO [Catalina-utility-1] org.apache.catalina.startup.HostConfig.undeploy Undeploying context []
06-May-2025 01:20:19.021 INFO [Catalina-utility-1] org.apache.catalina.startup.HostConfig.deployDescriptor Deploying deployment descriptor [C:\Users\msi\Downloads\Food Delivery Website - Copy\Food Delivery Website - Copy\conf\Catalina\localhost\ROOT.xml]
06-May-2025 01:20:19.062 INFO [Catalina-utility-1] org.apache.catalina.startup.HostConfig.deployDescriptor Deployment of deployment descriptor [C:\Users\msi\Downloads\Food Delivery Website - Copy\Food Delivery Website - Copy\conf\Catalina\localhost\ROOT.xml] has finished in [41] ms
06-May-2025 01:20:19.078 INFO [main] org.apache.catalina.startup.HostConfig.deployDescriptor Deployment of deployment descriptor [C:\Users\msi\Downloads\Food Delivery Website - Copy\Food Delivery Website - Copy\conf\Catalina\localhost\ROOT.xml] has finished in [313] ms
06-May-2025 01:20:19.091 INFO [main] org.apache.catalina.startup.Catalina.start Server startup in [381] milliseconds
06-May-2025 01:20:19.097 SEVERE [main] org.apache.catalina.core.StandardServer.await Failed to create server shutdown socket on address [localhost] and port [8005] (base port [8005] and offset [0])
	java.net.BindException: Address already in use: bind
		at java.base/sun.nio.ch.Net.bind0(Native Method)
		at java.base/sun.nio.ch.Net.bind(Net.java:511)
		at java.base/sun.nio.ch.Net.bind(Net.java:500)
		at java.base/sun.nio.ch.NioSocketImpl.bind(NioSocketImpl.java:630)
		at java.base/java.net.ServerSocket.bind(ServerSocket.java:326)
		at java.base/java.net.ServerSocket.<init>(ServerSocket.java:222)
		at org.apache.catalina.core.StandardServer.await(StandardServer.java:532)
		at org.apache.catalina.startup.Catalina.await(Catalina.java:849)
		at org.apache.catalina.startup.Catalina.start(Catalina.java:797)
		at java.base/jdk.internal.reflect.DirectMethodHandleAccessor.invoke(DirectMethodHandleAccessor.java:104)
		at java.base/java.lang.reflect.Method.invoke(Method.java:565)
		at org.apache.catalina.startup.Bootstrap.start(Bootstrap.java:342)
		at org.apache.catalina.startup.Bootstrap.main(Bootstrap.java:470)
06-May-2025 01:20:19.097 INFO [main] org.apache.coyote.AbstractProtocol.pause Pausing ProtocolHandler ["http-nio-8080"]
06-May-2025 01:20:19.097 INFO [main] org.apache.catalina.core.StandardService.stopInternal Stopping service [Catalina]
06-May-2025 01:20:19.104 INFO [main] org.apache.coyote.AbstractProtocol.stop Stopping ProtocolHandler ["http-nio-8080"]
06-May-2025 01:20:19.104 INFO [main] org.apache.coyote.AbstractProtocol.destroy Destroying ProtocolHandler ["http-nio-8080"]
06-May-2025 01:22:10.326 INFO [main] org.apache.catalina.startup.VersionLoggerListener.log Server version name:   Apache Tomcat/11.0.5
06-May-2025 01:22:10.330 INFO [main] org.apache.catalina.startup.VersionLoggerListener.log Server built:          Feb 28 2025 15:54:41 UTC
06-May-2025 01:22:10.330 INFO [main] org.apache.catalina.startup.VersionLoggerListener.log Server version number: 11.0.5.0
06-May-2025 01:22:10.330 INFO [main] org.apache.catalina.startup.VersionLoggerListener.log OS Name:               Windows 11
06-May-2025 01:22:10.330 INFO [main] org.apache.catalina.startup.VersionLoggerListener.log OS Version:            10.0
06-May-2025 01:22:10.330 INFO [main] org.apache.catalina.startup.VersionLoggerListener.log Architecture:          amd64
06-May-2025 01:22:10.330 INFO [main] org.apache.catalina.startup.VersionLoggerListener.log Java Home:             C:\Users\msi\.jdks\openjdk-24
06-May-2025 01:22:10.330 INFO [main] org.apache.catalina.startup.VersionLoggerListener.log JVM Version:           24+36-3646
06-May-2025 01:22:10.331 INFO [main] org.apache.catalina.startup.VersionLoggerListener.log JVM Vendor:            Oracle Corporation
06-May-2025 01:22:10.331 INFO [main] org.apache.catalina.startup.VersionLoggerListener.log CATALINA_BASE:         C:\Users\msi\Downloads\Food Delivery Website - Copy\Food Delivery Website - Copy
06-May-2025 01:22:10.331 INFO [main] org.apache.catalina.startup.VersionLoggerListener.log CATALINA_HOME:         C:\Program Files\Apache Software Foundation\Tomcat 11.0
06-May-2025 01:22:10.341 INFO [main] org.apache.catalina.startup.VersionLoggerListener.log Command line argument: --add-opens=java.base/java.lang=ALL-UNNAMED
06-May-2025 01:22:10.341 INFO [main] org.apache.catalina.startup.VersionLoggerListener.log Command line argument: --add-opens=java.base/java.io=ALL-UNNAMED
06-May-2025 01:22:10.341 INFO [main] org.apache.catalina.startup.VersionLoggerListener.log Command line argument: --add-opens=java.base/java.util=ALL-UNNAMED
06-May-2025 01:22:10.341 INFO [main] org.apache.catalina.startup.VersionLoggerListener.log Command line argument: --add-opens=java.base/java.util.concurrent=ALL-UNNAMED
06-May-2025 01:22:10.342 INFO [main] org.apache.catalina.startup.VersionLoggerListener.log Command line argument: --add-opens=java.rmi/sun.rmi.transport=ALL-UNNAMED
06-May-2025 01:22:10.342 INFO [main] org.apache.catalina.startup.VersionLoggerListener.log Command line argument: -Dcatalina.home=C:\Program Files\Apache Software Foundation\Tomcat 11.0
06-May-2025 01:22:10.342 INFO [main] org.apache.catalina.startup.VersionLoggerListener.log Command line argument: -Dcatalina.base=C:\Users\msi\Downloads\Food Delivery Website - Copy\Food Delivery Website - Copy
06-May-2025 01:22:10.342 INFO [main] org.apache.catalina.startup.VersionLoggerListener.log Command line argument: -Djava.io.tmpdir=C:\Users\msi\Downloads\Food Delivery Website - Copy\Food Delivery Website - Copy\temp
06-May-2025 01:22:10.342 INFO [main] org.apache.catalina.startup.VersionLoggerListener.log Command line argument: -Djava.util.logging.config.file=C:\Users\msi\Downloads\Food Delivery Website - Copy\Food Delivery Website - Copy\conf\logging.properties
06-May-2025 01:22:10.342 INFO [main] org.apache.catalina.startup.VersionLoggerListener.log Command line argument: -Djava.util.logging.manager=org.apache.juli.ClassLoaderLogManager
06-May-2025 01:22:10.342 INFO [main] org.apache.catalina.startup.VersionLoggerListener.log Command line argument: -javaagent:C:\Users\msi\AppData\Local\JetBrains\IntelliJ IDEA 2024.3.5\lib\idea_rt.jar=61766
06-May-2025 01:22:10.342 INFO [main] org.apache.catalina.startup.VersionLoggerListener.log Command line argument: -Dfile.encoding=UTF-8
06-May-2025 01:22:10.342 INFO [main] org.apache.catalina.startup.VersionLoggerListener.log Command line argument: -Dsun.stdout.encoding=UTF-8
06-May-2025 01:22:10.343 INFO [main] org.apache.catalina.startup.VersionLoggerListener.log Command line argument: -Dsun.stderr.encoding=UTF-8
06-May-2025 01:22:10.346 INFO [main] org.apache.catalina.core.AprLifecycleListener.lifecycleEvent The Apache Tomcat Native library which allows using OpenSSL was not found on the java.library.path: [C:\Users\msi\.jdks\openjdk-24\bin;C:\WINDOWS\Sun\Java\bin;C:\WINDOWS\system32;C:\WINDOWS;C:\Program Files\Common Files\Oracle\Java\javapath;C:\WINDOWS\system32;C:\WINDOWS;C:\WINDOWS\System32\Wbem;C:\WINDOWS\System32\WindowsPowerShell\v1.0\;C:\WINDOWS\System32\OpenSSH\;C:\Program Files\NVIDIA Corporation\NVIDIA NvDLISR;C:\Program Files\Git\cmd;C:\Users\msi\AppData\Local\Microsoft\WindowsApps;C:\Users\msi\AppData\Local\Programs\Microsoft VS Code\bin;;.]
06-May-2025 01:22:10.599 INFO [main] org.apache.coyote.AbstractProtocol.init Initializing ProtocolHandler ["http-nio-8080"]
06-May-2025 01:22:10.609 SEVERE [main] org.apache.catalina.util.LifecycleBase.handleSubClassException Failed to initialize component [Connector["http-nio-8080"]]
	org.apache.catalina.LifecycleException: Protocol handler initialization failed
		at org.apache.catalina.connector.Connector.initInternal(Connector.java:1056)
		at org.apache.catalina.util.LifecycleBase.init(LifecycleBase.java:122)
		at org.apache.catalina.core.StandardService.initInternal(StandardService.java:525)
		at org.apache.catalina.util.LifecycleBase.init(LifecycleBase.java:122)
		at org.apache.catalina.core.StandardServer.initInternal(StandardServer.java:953)
		at org.apache.catalina.util.LifecycleBase.init(LifecycleBase.java:122)
		at org.apache.catalina.startup.Catalina.load(Catalina.java:710)
		at org.apache.catalina.startup.Catalina.load(Catalina.java:733)
		at java.base/jdk.internal.reflect.DirectMethodHandleAccessor.invoke(DirectMethodHandleAccessor.java:104)
		at java.base/java.lang.reflect.Method.invoke(Method.java:565)
		at org.apache.catalina.startup.Bootstrap.load(Bootstrap.java:299)
		at org.apache.catalina.startup.Bootstrap.main(Bootstrap.java:469)
	Caused by: java.net.BindException: Address already in use: bind
		at java.base/sun.nio.ch.Net.bind0(Native Method)
		at java.base/sun.nio.ch.Net.bind(Net.java:511)
		at java.base/sun.nio.ch.ServerSocketChannelImpl.netBind(ServerSocketChannelImpl.java:335)
		at java.base/sun.nio.ch.ServerSocketChannelImpl.bind(ServerSocketChannelImpl.java:297)
		at org.apache.tomcat.util.net.NioEndpoint.initServerSocket(NioEndpoint.java:240)
		at org.apache.tomcat.util.net.NioEndpoint.bind(NioEndpoint.java:195)
		at org.apache.tomcat.util.net.AbstractEndpoint.bindWithCleanup(AbstractEndpoint.java:1472)
		at org.apache.tomcat.util.net.AbstractEndpoint.init(AbstractEndpoint.java:1485)
		at org.apache.coyote.AbstractProtocol.init(AbstractProtocol.java:633)
		at org.apache.coyote.http11.AbstractHttp11Protocol.init(AbstractHttp11Protocol.java:83)
		at org.apache.catalina.connector.Connector.initInternal(Connector.java:1054)
		... 11 more
06-May-2025 01:22:10.611 INFO [main] org.apache.catalina.startup.Catalina.load Server initialization in [476] milliseconds
06-May-2025 01:22:10.665 INFO [main] org.apache.catalina.core.StandardService.startInternal Starting service [Catalina]
06-May-2025 01:22:10.665 INFO [main] org.apache.catalina.core.StandardEngine.startInternal Starting Servlet engine: [Apache Tomcat/11.0.5]
06-May-2025 01:22:10.675 INFO [main] org.apache.catalina.startup.HostConfig.deployDescriptor Deploying deployment descriptor [C:\Users\msi\Downloads\Food Delivery Website - Copy\Food Delivery Website - Copy\conf\Catalina\localhost\ROOT.xml]
06-May-2025 01:22:11.035 INFO [main] org.apache.catalina.startup.HostConfig.deployDescriptor Deployment of deployment descriptor [C:\Users\msi\Downloads\Food Delivery Website - Copy\Food Delivery Website - Copy\conf\Catalina\localhost\ROOT.xml] has finished in [359] ms
06-May-2025 01:22:11.046 INFO [main] org.apache.catalina.startup.Catalina.start Server startup in [433] milliseconds
06-May-2025 01:22:11.052 SEVERE [main] org.apache.catalina.core.StandardServer.await Failed to create server shutdown socket on address [localhost] and port [8005] (base port [8005] and offset [0])
	java.net.BindException: Address already in use: bind
		at java.base/sun.nio.ch.Net.bind0(Native Method)
		at java.base/sun.nio.ch.Net.bind(Net.java:511)
		at java.base/sun.nio.ch.Net.bind(Net.java:500)
		at java.base/sun.nio.ch.NioSocketImpl.bind(NioSocketImpl.java:630)
		at java.base/java.net.ServerSocket.bind(ServerSocket.java:326)
		at java.base/java.net.ServerSocket.<init>(ServerSocket.java:222)
		at org.apache.catalina.core.StandardServer.await(StandardServer.java:532)
		at org.apache.catalina.startup.Catalina.await(Catalina.java:849)
		at org.apache.catalina.startup.Catalina.start(Catalina.java:797)
		at java.base/jdk.internal.reflect.DirectMethodHandleAccessor.invoke(DirectMethodHandleAccessor.java:104)
		at java.base/java.lang.reflect.Method.invoke(Method.java:565)
		at org.apache.catalina.startup.Bootstrap.start(Bootstrap.java:342)
		at org.apache.catalina.startup.Bootstrap.main(Bootstrap.java:470)
06-May-2025 01:22:11.052 INFO [main] org.apache.coyote.AbstractProtocol.pause Pausing ProtocolHandler ["http-nio-8080"]
06-May-2025 01:22:11.052 INFO [main] org.apache.catalina.core.StandardService.stopInternal Stopping service [Catalina]
06-May-2025 01:22:11.061 INFO [main] org.apache.coyote.AbstractProtocol.stop Stopping ProtocolHandler ["http-nio-8080"]
06-May-2025 01:22:11.061 INFO [main] org.apache.coyote.AbstractProtocol.destroy Destroying ProtocolHandler ["http-nio-8080"]
06-May-2025 01:22:19.384 INFO [Catalina-utility-1] org.apache.catalina.startup.HostConfig.undeploy Undeploying context []
06-May-2025 01:22:19.405 INFO [Catalina-utility-1] org.apache.catalina.startup.HostConfig.deployDescriptor Deploying deployment descriptor [C:\Users\msi\Downloads\Food Delivery Website - Copy\Food Delivery Website - Copy\conf\Catalina\localhost\ROOT.xml]
06-May-2025 01:22:19.523 INFO [Catalina-utility-1] org.apache.catalina.startup.HostConfig.deployDescriptor Deployment of deployment descriptor [C:\Users\msi\Downloads\Food Delivery Website - Copy\Food Delivery Website - Copy\conf\Catalina\localhost\ROOT.xml] has finished in [118] ms
06-May-2025 01:24:23.711 INFO [main] org.apache.catalina.startup.VersionLoggerListener.log Server version name:   Apache Tomcat/11.0.5
06-May-2025 01:24:23.713 INFO [main] org.apache.catalina.startup.VersionLoggerListener.log Server built:          Feb 28 2025 15:54:41 UTC
06-May-2025 01:24:23.713 INFO [main] org.apache.catalina.startup.VersionLoggerListener.log Server version number: 11.0.5.0
06-May-2025 01:24:23.713 INFO [main] org.apache.catalina.startup.VersionLoggerListener.log OS Name:               Windows 11
06-May-2025 01:24:23.714 INFO [main] org.apache.catalina.startup.VersionLoggerListener.log OS Version:            10.0
06-May-2025 01:24:23.714 INFO [main] org.apache.catalina.startup.VersionLoggerListener.log Architecture:          amd64
06-May-2025 01:24:23.714 INFO [main] org.apache.catalina.startup.VersionLoggerListener.log Java Home:             C:\Users\msi\.jdks\openjdk-24
06-May-2025 01:24:23.714 INFO [main] org.apache.catalina.startup.VersionLoggerListener.log JVM Version:           24+36-3646
06-May-2025 01:24:23.714 INFO [main] org.apache.catalina.startup.VersionLoggerListener.log JVM Vendor:            Oracle Corporation
06-May-2025 01:24:23.714 INFO [main] org.apache.catalina.startup.VersionLoggerListener.log CATALINA_BASE:         C:\Users\msi\Downloads\Food Delivery Website - Copy\Food Delivery Website - Copy
06-May-2025 01:24:23.714 INFO [main] org.apache.catalina.startup.VersionLoggerListener.log CATALINA_HOME:         C:\Program Files\Apache Software Foundation\Tomcat 11.0
06-May-2025 01:24:23.724 INFO [main] org.apache.catalina.startup.VersionLoggerListener.log Command line argument: --add-opens=java.base/java.lang=ALL-UNNAMED
06-May-2025 01:24:23.724 INFO [main] org.apache.catalina.startup.VersionLoggerListener.log Command line argument: --add-opens=java.base/java.io=ALL-UNNAMED
06-May-2025 01:24:23.724 INFO [main] org.apache.catalina.startup.VersionLoggerListener.log Command line argument: --add-opens=java.base/java.util=ALL-UNNAMED
06-May-2025 01:24:23.725 INFO [main] org.apache.catalina.startup.VersionLoggerListener.log Command line argument: --add-opens=java.base/java.util.concurrent=ALL-UNNAMED
06-May-2025 01:24:23.725 INFO [main] org.apache.catalina.startup.VersionLoggerListener.log Command line argument: --add-opens=java.rmi/sun.rmi.transport=ALL-UNNAMED
06-May-2025 01:24:23.725 INFO [main] org.apache.catalina.startup.VersionLoggerListener.log Command line argument: -Dcatalina.home=C:\Program Files\Apache Software Foundation\Tomcat 11.0
06-May-2025 01:24:23.725 INFO [main] org.apache.catalina.startup.VersionLoggerListener.log Command line argument: -Dcatalina.base=C:\Users\msi\Downloads\Food Delivery Website - Copy\Food Delivery Website - Copy
06-May-2025 01:24:23.725 INFO [main] org.apache.catalina.startup.VersionLoggerListener.log Command line argument: -Djava.io.tmpdir=C:\Users\msi\Downloads\Food Delivery Website - Copy\Food Delivery Website - Copy\temp
06-May-2025 01:24:23.725 INFO [main] org.apache.catalina.startup.VersionLoggerListener.log Command line argument: -Djava.util.logging.config.file=C:\Users\msi\Downloads\Food Delivery Website - Copy\Food Delivery Website - Copy\conf\logging.properties
06-May-2025 01:24:23.725 INFO [main] org.apache.catalina.startup.VersionLoggerListener.log Command line argument: -Djava.util.logging.manager=org.apache.juli.ClassLoaderLogManager
06-May-2025 01:24:23.725 INFO [main] org.apache.catalina.startup.VersionLoggerListener.log Command line argument: -javaagent:C:\Users\msi\AppData\Local\JetBrains\IntelliJ IDEA 2024.3.5\lib\idea_rt.jar=61860
06-May-2025 01:24:23.725 INFO [main] org.apache.catalina.startup.VersionLoggerListener.log Command line argument: -Dfile.encoding=UTF-8
06-May-2025 01:24:23.725 INFO [main] org.apache.catalina.startup.VersionLoggerListener.log Command line argument: -Dsun.stdout.encoding=UTF-8
06-May-2025 01:24:23.725 INFO [main] org.apache.catalina.startup.VersionLoggerListener.log Command line argument: -Dsun.stderr.encoding=UTF-8
06-May-2025 01:24:23.729 INFO [main] org.apache.catalina.core.AprLifecycleListener.lifecycleEvent The Apache Tomcat Native library which allows using OpenSSL was not found on the java.library.path: [C:\Users\msi\.jdks\openjdk-24\bin;C:\WINDOWS\Sun\Java\bin;C:\WINDOWS\system32;C:\WINDOWS;C:\Program Files\Common Files\Oracle\Java\javapath;C:\WINDOWS\system32;C:\WINDOWS;C:\WINDOWS\System32\Wbem;C:\WINDOWS\System32\WindowsPowerShell\v1.0\;C:\WINDOWS\System32\OpenSSH\;C:\Program Files\NVIDIA Corporation\NVIDIA NvDLISR;C:\Program Files\Git\cmd;C:\Users\msi\AppData\Local\Microsoft\WindowsApps;C:\Users\msi\AppData\Local\Programs\Microsoft VS Code\bin;;.]
06-May-2025 01:24:23.937 INFO [main] org.apache.coyote.AbstractProtocol.init Initializing ProtocolHandler ["http-nio-8080"]
06-May-2025 01:24:23.945 SEVERE [main] org.apache.catalina.util.LifecycleBase.handleSubClassException Failed to initialize component [Connector["http-nio-8080"]]
	org.apache.catalina.LifecycleException: Protocol handler initialization failed
		at org.apache.catalina.connector.Connector.initInternal(Connector.java:1056)
		at org.apache.catalina.util.LifecycleBase.init(LifecycleBase.java:122)
		at org.apache.catalina.core.StandardService.initInternal(StandardService.java:525)
		at org.apache.catalina.util.LifecycleBase.init(LifecycleBase.java:122)
		at org.apache.catalina.core.StandardServer.initInternal(StandardServer.java:953)
		at org.apache.catalina.util.LifecycleBase.init(LifecycleBase.java:122)
		at org.apache.catalina.startup.Catalina.load(Catalina.java:710)
		at org.apache.catalina.startup.Catalina.load(Catalina.java:733)
		at java.base/jdk.internal.reflect.DirectMethodHandleAccessor.invoke(DirectMethodHandleAccessor.java:104)
		at java.base/java.lang.reflect.Method.invoke(Method.java:565)
		at org.apache.catalina.startup.Bootstrap.load(Bootstrap.java:299)
		at org.apache.catalina.startup.Bootstrap.main(Bootstrap.java:469)
	Caused by: java.net.BindException: Address already in use: bind
		at java.base/sun.nio.ch.Net.bind0(Native Method)
		at java.base/sun.nio.ch.Net.bind(Net.java:511)
		at java.base/sun.nio.ch.ServerSocketChannelImpl.netBind(ServerSocketChannelImpl.java:335)
		at java.base/sun.nio.ch.ServerSocketChannelImpl.bind(ServerSocketChannelImpl.java:297)
		at org.apache.tomcat.util.net.NioEndpoint.initServerSocket(NioEndpoint.java:240)
		at org.apache.tomcat.util.net.NioEndpoint.bind(NioEndpoint.java:195)
		at org.apache.tomcat.util.net.AbstractEndpoint.bindWithCleanup(AbstractEndpoint.java:1472)
		at org.apache.tomcat.util.net.AbstractEndpoint.init(AbstractEndpoint.java:1485)
		at org.apache.coyote.AbstractProtocol.init(AbstractProtocol.java:633)
		at org.apache.coyote.http11.AbstractHttp11Protocol.init(AbstractHttp11Protocol.java:83)
		at org.apache.catalina.connector.Connector.initInternal(Connector.java:1054)
		... 11 more
06-May-2025 01:24:23.946 INFO [main] org.apache.catalina.startup.Catalina.load Server initialization in [399] milliseconds
06-May-2025 01:24:23.997 INFO [main] org.apache.catalina.core.StandardService.startInternal Starting service [Catalina]
06-May-2025 01:24:23.997 INFO [main] org.apache.catalina.core.StandardEngine.startInternal Starting Servlet engine: [Apache Tomcat/11.0.5]
06-May-2025 01:24:24.008 INFO [main] org.apache.catalina.startup.HostConfig.deployDescriptor Deploying deployment descriptor [C:\Users\msi\Downloads\Food Delivery Website - Copy\Food Delivery Website - Copy\conf\Catalina\localhost\ROOT.xml]
06-May-2025 01:24:24.312 INFO [main] org.apache.catalina.startup.HostConfig.deployDescriptor Deployment of deployment descriptor [C:\Users\msi\Downloads\Food Delivery Website - Copy\Food Delivery Website - Copy\conf\Catalina\localhost\ROOT.xml] has finished in [303] ms
06-May-2025 01:24:24.323 INFO [main] org.apache.catalina.startup.Catalina.start Server startup in [374] milliseconds
06-May-2025 01:24:24.328 SEVERE [main] org.apache.catalina.core.StandardServer.await Failed to create server shutdown socket on address [localhost] and port [8005] (base port [8005] and offset [0])
	java.net.BindException: Address already in use: bind
		at java.base/sun.nio.ch.Net.bind0(Native Method)
		at java.base/sun.nio.ch.Net.bind(Net.java:511)
		at java.base/sun.nio.ch.Net.bind(Net.java:500)
		at java.base/sun.nio.ch.NioSocketImpl.bind(NioSocketImpl.java:630)
		at java.base/java.net.ServerSocket.bind(ServerSocket.java:326)
		at java.base/java.net.ServerSocket.<init>(ServerSocket.java:222)
		at org.apache.catalina.core.StandardServer.await(StandardServer.java:532)
		at org.apache.catalina.startup.Catalina.await(Catalina.java:849)
		at org.apache.catalina.startup.Catalina.start(Catalina.java:797)
		at java.base/jdk.internal.reflect.DirectMethodHandleAccessor.invoke(DirectMethodHandleAccessor.java:104)
		at java.base/java.lang.reflect.Method.invoke(Method.java:565)
		at org.apache.catalina.startup.Bootstrap.start(Bootstrap.java:342)
		at org.apache.catalina.startup.Bootstrap.main(Bootstrap.java:470)
06-May-2025 01:24:24.329 INFO [main] org.apache.coyote.AbstractProtocol.pause Pausing ProtocolHandler ["http-nio-8080"]
06-May-2025 01:24:24.329 INFO [main] org.apache.catalina.core.StandardService.stopInternal Stopping service [Catalina]
06-May-2025 01:24:24.335 INFO [main] org.apache.coyote.AbstractProtocol.stop Stopping ProtocolHandler ["http-nio-8080"]
06-May-2025 01:24:24.336 INFO [main] org.apache.coyote.AbstractProtocol.destroy Destroying ProtocolHandler ["http-nio-8080"]
06-May-2025 01:24:33.680 INFO [Catalina-utility-1] org.apache.catalina.startup.HostConfig.undeploy Undeploying context []
06-May-2025 01:24:33.731 INFO [Catalina-utility-1] org.apache.catalina.startup.HostConfig.deployDescriptor Deploying deployment descriptor [C:\Users\msi\Downloads\Food Delivery Website - Copy\Food Delivery Website - Copy\conf\Catalina\localhost\ROOT.xml]
06-May-2025 01:24:33.885 INFO [Catalina-utility-1] org.apache.catalina.startup.HostConfig.deployDescriptor Deployment of deployment descriptor [C:\Users\msi\Downloads\Food Delivery Website - Copy\Food Delivery Website - Copy\conf\Catalina\localhost\ROOT.xml] has finished in [154] ms
06-May-2025 01:24:53.778 INFO [main] org.apache.catalina.startup.VersionLoggerListener.log Server version name:   Apache Tomcat/11.0.5
06-May-2025 01:24:53.781 INFO [main] org.apache.catalina.startup.VersionLoggerListener.log Server built:          Feb 28 2025 15:54:41 UTC
06-May-2025 01:24:53.782 INFO [main] org.apache.catalina.startup.VersionLoggerListener.log Server version number: 11.0.5.0
06-May-2025 01:24:53.782 INFO [main] org.apache.catalina.startup.VersionLoggerListener.log OS Name:               Windows 11
06-May-2025 01:24:53.783 INFO [main] org.apache.catalina.startup.VersionLoggerListener.log OS Version:            10.0
06-May-2025 01:24:53.783 INFO [main] org.apache.catalina.startup.VersionLoggerListener.log Architecture:          amd64
06-May-2025 01:24:53.783 INFO [main] org.apache.catalina.startup.VersionLoggerListener.log Java Home:             C:\Users\msi\.jdks\openjdk-24
06-May-2025 01:24:53.783 INFO [main] org.apache.catalina.startup.VersionLoggerListener.log JVM Version:           24+36-3646
06-May-2025 01:24:53.783 INFO [main] org.apache.catalina.startup.VersionLoggerListener.log JVM Vendor:            Oracle Corporation
06-May-2025 01:24:53.784 INFO [main] org.apache.catalina.startup.VersionLoggerListener.log CATALINA_BASE:         C:\Users\msi\Downloads\Food Delivery Website - Copy\Food Delivery Website - Copy
06-May-2025 01:24:53.784 INFO [main] org.apache.catalina.startup.VersionLoggerListener.log CATALINA_HOME:         C:\Program Files\Apache Software Foundation\Tomcat 11.0
06-May-2025 01:24:53.795 INFO [main] org.apache.catalina.startup.VersionLoggerListener.log Command line argument: --add-opens=java.base/java.lang=ALL-UNNAMED
06-May-2025 01:24:53.795 INFO [main] org.apache.catalina.startup.VersionLoggerListener.log Command line argument: --add-opens=java.base/java.io=ALL-UNNAMED
06-May-2025 01:24:53.796 INFO [main] org.apache.catalina.startup.VersionLoggerListener.log Command line argument: --add-opens=java.base/java.util=ALL-UNNAMED
06-May-2025 01:24:53.796 INFO [main] org.apache.catalina.startup.VersionLoggerListener.log Command line argument: --add-opens=java.base/java.util.concurrent=ALL-UNNAMED
06-May-2025 01:24:53.796 INFO [main] org.apache.catalina.startup.VersionLoggerListener.log Command line argument: --add-opens=java.rmi/sun.rmi.transport=ALL-UNNAMED
06-May-2025 01:24:53.796 INFO [main] org.apache.catalina.startup.VersionLoggerListener.log Command line argument: -Dcatalina.home=C:\Program Files\Apache Software Foundation\Tomcat 11.0
06-May-2025 01:24:53.796 INFO [main] org.apache.catalina.startup.VersionLoggerListener.log Command line argument: -Dcatalina.base=C:\Users\msi\Downloads\Food Delivery Website - Copy\Food Delivery Website - Copy
06-May-2025 01:24:53.796 INFO [main] org.apache.catalina.startup.VersionLoggerListener.log Command line argument: -Djava.io.tmpdir=C:\Users\msi\Downloads\Food Delivery Website - Copy\Food Delivery Website - Copy\temp
06-May-2025 01:24:53.796 INFO [main] org.apache.catalina.startup.VersionLoggerListener.log Command line argument: -Djava.util.logging.config.file=C:\Users\msi\Downloads\Food Delivery Website - Copy\Food Delivery Website - Copy\conf\logging.properties
06-May-2025 01:24:53.796 INFO [main] org.apache.catalina.startup.VersionLoggerListener.log Command line argument: -Djava.util.logging.manager=org.apache.juli.ClassLoaderLogManager
06-May-2025 01:24:53.797 INFO [main] org.apache.catalina.startup.VersionLoggerListener.log Command line argument: -javaagent:C:\Users\msi\AppData\Local\JetBrains\IntelliJ IDEA 2024.3.5\lib\idea_rt.jar=61876
06-May-2025 01:24:53.797 INFO [main] org.apache.catalina.startup.VersionLoggerListener.log Command line argument: -Dfile.encoding=UTF-8
06-May-2025 01:24:53.797 INFO [main] org.apache.catalina.startup.VersionLoggerListener.log Command line argument: -Dsun.stdout.encoding=UTF-8
06-May-2025 01:24:53.797 INFO [main] org.apache.catalina.startup.VersionLoggerListener.log Command line argument: -Dsun.stderr.encoding=UTF-8
06-May-2025 01:24:53.800 INFO [main] org.apache.catalina.core.AprLifecycleListener.lifecycleEvent The Apache Tomcat Native library which allows using OpenSSL was not found on the java.library.path: [C:\Users\msi\.jdks\openjdk-24\bin;C:\WINDOWS\Sun\Java\bin;C:\WINDOWS\system32;C:\WINDOWS;C:\Program Files\Common Files\Oracle\Java\javapath;C:\WINDOWS\system32;C:\WINDOWS;C:\WINDOWS\System32\Wbem;C:\WINDOWS\System32\WindowsPowerShell\v1.0\;C:\WINDOWS\System32\OpenSSH\;C:\Program Files\NVIDIA Corporation\NVIDIA NvDLISR;C:\Program Files\Git\cmd;C:\Users\msi\AppData\Local\Microsoft\WindowsApps;C:\Users\msi\AppData\Local\Programs\Microsoft VS Code\bin;;.]
06-May-2025 01:24:54.178 INFO [main] org.apache.coyote.AbstractProtocol.init Initializing ProtocolHandler ["http-nio-8080"]
06-May-2025 01:24:54.190 SEVERE [main] org.apache.catalina.util.LifecycleBase.handleSubClassException Failed to initialize component [Connector["http-nio-8080"]]
	org.apache.catalina.LifecycleException: Protocol handler initialization failed
		at org.apache.catalina.connector.Connector.initInternal(Connector.java:1056)
		at org.apache.catalina.util.LifecycleBase.init(LifecycleBase.java:122)
		at org.apache.catalina.core.StandardService.initInternal(StandardService.java:525)
		at org.apache.catalina.util.LifecycleBase.init(LifecycleBase.java:122)
		at org.apache.catalina.core.StandardServer.initInternal(StandardServer.java:953)
		at org.apache.catalina.util.LifecycleBase.init(LifecycleBase.java:122)
		at org.apache.catalina.startup.Catalina.load(Catalina.java:710)
		at org.apache.catalina.startup.Catalina.load(Catalina.java:733)
		at java.base/jdk.internal.reflect.DirectMethodHandleAccessor.invoke(DirectMethodHandleAccessor.java:104)
		at java.base/java.lang.reflect.Method.invoke(Method.java:565)
		at org.apache.catalina.startup.Bootstrap.load(Bootstrap.java:299)
		at org.apache.catalina.startup.Bootstrap.main(Bootstrap.java:469)
	Caused by: java.net.BindException: Address already in use: bind
		at java.base/sun.nio.ch.Net.bind0(Native Method)
		at java.base/sun.nio.ch.Net.bind(Net.java:511)
		at java.base/sun.nio.ch.ServerSocketChannelImpl.netBind(ServerSocketChannelImpl.java:335)
		at java.base/sun.nio.ch.ServerSocketChannelImpl.bind(ServerSocketChannelImpl.java:297)
		at org.apache.tomcat.util.net.NioEndpoint.initServerSocket(NioEndpoint.java:240)
		at org.apache.tomcat.util.net.NioEndpoint.bind(NioEndpoint.java:195)
		at org.apache.tomcat.util.net.AbstractEndpoint.bindWithCleanup(AbstractEndpoint.java:1472)
		at org.apache.tomcat.util.net.AbstractEndpoint.init(AbstractEndpoint.java:1485)
		at org.apache.coyote.AbstractProtocol.init(AbstractProtocol.java:633)
		at org.apache.coyote.http11.AbstractHttp11Protocol.init(AbstractHttp11Protocol.java:83)
		at org.apache.catalina.connector.Connector.initInternal(Connector.java:1054)
		... 11 more
06-May-2025 01:24:54.190 INFO [main] org.apache.catalina.startup.Catalina.load Server initialization in [632] milliseconds
06-May-2025 01:24:54.251 INFO [main] org.apache.catalina.core.StandardService.startInternal Starting service [Catalina]
06-May-2025 01:24:54.251 INFO [main] org.apache.catalina.core.StandardEngine.startInternal Starting Servlet engine: [Apache Tomcat/11.0.5]
06-May-2025 01:24:54.265 INFO [main] org.apache.catalina.startup.HostConfig.deployDescriptor Deploying deployment descriptor [C:\Users\msi\Downloads\Food Delivery Website - Copy\Food Delivery Website - Copy\conf\Catalina\localhost\ROOT.xml]
06-May-2025 01:24:54.630 INFO [main] org.apache.catalina.startup.HostConfig.deployDescriptor Deployment of deployment descriptor [C:\Users\msi\Downloads\Food Delivery Website - Copy\Food Delivery Website - Copy\conf\Catalina\localhost\ROOT.xml] has finished in [364] ms
06-May-2025 01:24:54.641 INFO [main] org.apache.catalina.startup.Catalina.start Server startup in [448] milliseconds
06-May-2025 01:24:54.648 SEVERE [main] org.apache.catalina.core.StandardServer.await Failed to create server shutdown socket on address [localhost] and port [8005] (base port [8005] and offset [0])
	java.net.BindException: Address already in use: bind
		at java.base/sun.nio.ch.Net.bind0(Native Method)
		at java.base/sun.nio.ch.Net.bind(Net.java:511)
		at java.base/sun.nio.ch.Net.bind(Net.java:500)
		at java.base/sun.nio.ch.NioSocketImpl.bind(NioSocketImpl.java:630)
		at java.base/java.net.ServerSocket.bind(ServerSocket.java:326)
		at java.base/java.net.ServerSocket.<init>(ServerSocket.java:222)
		at org.apache.catalina.core.StandardServer.await(StandardServer.java:532)
		at org.apache.catalina.startup.Catalina.await(Catalina.java:849)
		at org.apache.catalina.startup.Catalina.start(Catalina.java:797)
		at java.base/jdk.internal.reflect.DirectMethodHandleAccessor.invoke(DirectMethodHandleAccessor.java:104)
		at java.base/java.lang.reflect.Method.invoke(Method.java:565)
		at org.apache.catalina.startup.Bootstrap.start(Bootstrap.java:342)
		at org.apache.catalina.startup.Bootstrap.main(Bootstrap.java:470)
06-May-2025 01:24:54.648 INFO [main] org.apache.coyote.AbstractProtocol.pause Pausing ProtocolHandler ["http-nio-8080"]
06-May-2025 01:24:54.648 INFO [main] org.apache.catalina.core.StandardService.stopInternal Stopping service [Catalina]
06-May-2025 01:24:54.657 INFO [main] org.apache.coyote.AbstractProtocol.stop Stopping ProtocolHandler ["http-nio-8080"]
06-May-2025 01:24:54.658 INFO [main] org.apache.coyote.AbstractProtocol.destroy Destroying ProtocolHandler ["http-nio-8080"]
06-May-2025 01:25:04.041 INFO [Catalina-utility-1] org.apache.catalina.startup.HostConfig.undeploy Undeploying context []
06-May-2025 01:25:04.076 INFO [Catalina-utility-1] org.apache.catalina.startup.HostConfig.deployDescriptor Deploying deployment descriptor [C:\Users\msi\Downloads\Food Delivery Website - Copy\Food Delivery Website - Copy\conf\Catalina\localhost\ROOT.xml]
06-May-2025 01:25:04.290 INFO [Catalina-utility-1] org.apache.catalina.startup.HostConfig.deployDescriptor Deployment of deployment descriptor [C:\Users\msi\Downloads\Food Delivery Website - Copy\Food Delivery Website - Copy\conf\Catalina\localhost\ROOT.xml] has finished in [214] ms
06-May-2025 01:25:20.758 INFO [main] org.apache.catalina.startup.VersionLoggerListener.log Server version name:   Apache Tomcat/11.0.5
06-May-2025 01:25:20.760 INFO [main] org.apache.catalina.startup.VersionLoggerListener.log Server built:          Feb 28 2025 15:54:41 UTC
06-May-2025 01:25:20.760 INFO [main] org.apache.catalina.startup.VersionLoggerListener.log Server version number: 11.0.5.0
06-May-2025 01:25:20.760 INFO [main] org.apache.catalina.startup.VersionLoggerListener.log OS Name:               Windows 11
06-May-2025 01:25:20.760 INFO [main] org.apache.catalina.startup.VersionLoggerListener.log OS Version:            10.0
06-May-2025 01:25:20.760 INFO [main] org.apache.catalina.startup.VersionLoggerListener.log Architecture:          amd64
06-May-2025 01:25:20.760 INFO [main] org.apache.catalina.startup.VersionLoggerListener.log Java Home:             C:\Users\msi\.jdks\openjdk-24
06-May-2025 01:25:20.760 INFO [main] org.apache.catalina.startup.VersionLoggerListener.log JVM Version:           24+36-3646
06-May-2025 01:25:20.760 INFO [main] org.apache.catalina.startup.VersionLoggerListener.log JVM Vendor:            Oracle Corporation
06-May-2025 01:25:20.760 INFO [main] org.apache.catalina.startup.VersionLoggerListener.log CATALINA_BASE:         C:\Users\msi\Downloads\Food Delivery Website - Copy\Food Delivery Website - Copy
06-May-2025 01:25:20.760 INFO [main] org.apache.catalina.startup.VersionLoggerListener.log CATALINA_HOME:         C:\Program Files\Apache Software Foundation\Tomcat 11.0
06-May-2025 01:25:20.767 INFO [main] org.apache.catalina.startup.VersionLoggerListener.log Command line argument: --add-opens=java.base/java.lang=ALL-UNNAMED
06-May-2025 01:25:20.768 INFO [main] org.apache.catalina.startup.VersionLoggerListener.log Command line argument: --add-opens=java.base/java.io=ALL-UNNAMED
06-May-2025 01:25:20.768 INFO [main] org.apache.catalina.startup.VersionLoggerListener.log Command line argument: --add-opens=java.base/java.util=ALL-UNNAMED
06-May-2025 01:25:20.768 INFO [main] org.apache.catalina.startup.VersionLoggerListener.log Command line argument: --add-opens=java.base/java.util.concurrent=ALL-UNNAMED
06-May-2025 01:25:20.768 INFO [main] org.apache.catalina.startup.VersionLoggerListener.log Command line argument: --add-opens=java.rmi/sun.rmi.transport=ALL-UNNAMED
06-May-2025 01:25:20.768 INFO [main] org.apache.catalina.startup.VersionLoggerListener.log Command line argument: -Dcatalina.home=C:\Program Files\Apache Software Foundation\Tomcat 11.0
06-May-2025 01:25:20.768 INFO [main] org.apache.catalina.startup.VersionLoggerListener.log Command line argument: -Dcatalina.base=C:\Users\msi\Downloads\Food Delivery Website - Copy\Food Delivery Website - Copy
06-May-2025 01:25:20.768 INFO [main] org.apache.catalina.startup.VersionLoggerListener.log Command line argument: -Djava.io.tmpdir=C:\Users\msi\Downloads\Food Delivery Website - Copy\Food Delivery Website - Copy\temp
06-May-2025 01:25:20.768 INFO [main] org.apache.catalina.startup.VersionLoggerListener.log Command line argument: -Djava.util.logging.config.file=C:\Users\msi\Downloads\Food Delivery Website - Copy\Food Delivery Website - Copy\conf\logging.properties
06-May-2025 01:25:20.768 INFO [main] org.apache.catalina.startup.VersionLoggerListener.log Command line argument: -Djava.util.logging.manager=org.apache.juli.ClassLoaderLogManager
06-May-2025 01:25:20.768 INFO [main] org.apache.catalina.startup.VersionLoggerListener.log Command line argument: -javaagent:C:\Users\msi\AppData\Local\JetBrains\IntelliJ IDEA 2024.3.5\lib\idea_rt.jar=61901
06-May-2025 01:25:20.768 INFO [main] org.apache.catalina.startup.VersionLoggerListener.log Command line argument: -Dfile.encoding=UTF-8
06-May-2025 01:25:20.768 INFO [main] org.apache.catalina.startup.VersionLoggerListener.log Command line argument: -Dsun.stdout.encoding=UTF-8
06-May-2025 01:25:20.768 INFO [main] org.apache.catalina.startup.VersionLoggerListener.log Command line argument: -Dsun.stderr.encoding=UTF-8
06-May-2025 01:25:20.771 INFO [main] org.apache.catalina.core.AprLifecycleListener.lifecycleEvent The Apache Tomcat Native library which allows using OpenSSL was not found on the java.library.path: [C:\Users\msi\.jdks\openjdk-24\bin;C:\WINDOWS\Sun\Java\bin;C:\WINDOWS\system32;C:\WINDOWS;C:\Program Files\Common Files\Oracle\Java\javapath;C:\WINDOWS\system32;C:\WINDOWS;C:\WINDOWS\System32\Wbem;C:\WINDOWS\System32\WindowsPowerShell\v1.0\;C:\WINDOWS\System32\OpenSSH\;C:\Program Files\NVIDIA Corporation\NVIDIA NvDLISR;C:\Program Files\Git\cmd;C:\Users\msi\AppData\Local\Microsoft\WindowsApps;C:\Users\msi\AppData\Local\Programs\Microsoft VS Code\bin;;.]
06-May-2025 01:25:21.002 INFO [main] org.apache.coyote.AbstractProtocol.init Initializing ProtocolHandler ["http-nio-8080"]
06-May-2025 01:25:21.012 SEVERE [main] org.apache.catalina.util.LifecycleBase.handleSubClassException Failed to initialize component [Connector["http-nio-8080"]]
	org.apache.catalina.LifecycleException: Protocol handler initialization failed
		at org.apache.catalina.connector.Connector.initInternal(Connector.java:1056)
		at org.apache.catalina.util.LifecycleBase.init(LifecycleBase.java:122)
		at org.apache.catalina.core.StandardService.initInternal(StandardService.java:525)
		at org.apache.catalina.util.LifecycleBase.init(LifecycleBase.java:122)
		at org.apache.catalina.core.StandardServer.initInternal(StandardServer.java:953)
		at org.apache.catalina.util.LifecycleBase.init(LifecycleBase.java:122)
		at org.apache.catalina.startup.Catalina.load(Catalina.java:710)
		at org.apache.catalina.startup.Catalina.load(Catalina.java:733)
		at java.base/jdk.internal.reflect.DirectMethodHandleAccessor.invoke(DirectMethodHandleAccessor.java:104)
		at java.base/java.lang.reflect.Method.invoke(Method.java:565)
		at org.apache.catalina.startup.Bootstrap.load(Bootstrap.java:299)
		at org.apache.catalina.startup.Bootstrap.main(Bootstrap.java:469)
	Caused by: java.net.BindException: Address already in use: bind
		at java.base/sun.nio.ch.Net.bind0(Native Method)
		at java.base/sun.nio.ch.Net.bind(Net.java:511)
		at java.base/sun.nio.ch.ServerSocketChannelImpl.netBind(ServerSocketChannelImpl.java:335)
		at java.base/sun.nio.ch.ServerSocketChannelImpl.bind(ServerSocketChannelImpl.java:297)
		at org.apache.tomcat.util.net.NioEndpoint.initServerSocket(NioEndpoint.java:240)
		at org.apache.tomcat.util.net.NioEndpoint.bind(NioEndpoint.java:195)
		at org.apache.tomcat.util.net.AbstractEndpoint.bindWithCleanup(AbstractEndpoint.java:1472)
		at org.apache.tomcat.util.net.AbstractEndpoint.init(AbstractEndpoint.java:1485)
		at org.apache.coyote.AbstractProtocol.init(AbstractProtocol.java:633)
		at org.apache.coyote.http11.AbstractHttp11Protocol.init(AbstractHttp11Protocol.java:83)
		at org.apache.catalina.connector.Connector.initInternal(Connector.java:1054)
		... 11 more
06-May-2025 01:25:21.013 INFO [main] org.apache.catalina.startup.Catalina.load Server initialization in [410] milliseconds
06-May-2025 01:25:21.065 INFO [main] org.apache.catalina.core.StandardService.startInternal Starting service [Catalina]
06-May-2025 01:25:21.066 INFO [main] org.apache.catalina.core.StandardEngine.startInternal Starting Servlet engine: [Apache Tomcat/11.0.5]
06-May-2025 01:25:21.075 INFO [main] org.apache.catalina.startup.HostConfig.deployDescriptor Deploying deployment descriptor [C:\Users\msi\Downloads\Food Delivery Website - Copy\Food Delivery Website - Copy\conf\Catalina\localhost\ROOT.xml]
06-May-2025 01:25:21.370 INFO [main] org.apache.catalina.startup.HostConfig.deployDescriptor Deployment of deployment descriptor [C:\Users\msi\Downloads\Food Delivery Website - Copy\Food Delivery Website - Copy\conf\Catalina\localhost\ROOT.xml] has finished in [294] ms
06-May-2025 01:25:21.381 INFO [main] org.apache.catalina.startup.Catalina.start Server startup in [365] milliseconds
06-May-2025 01:25:21.387 SEVERE [main] org.apache.catalina.core.StandardServer.await Failed to create server shutdown socket on address [localhost] and port [8005] (base port [8005] and offset [0])
	java.net.BindException: Address already in use: bind
		at java.base/sun.nio.ch.Net.bind0(Native Method)
		at java.base/sun.nio.ch.Net.bind(Net.java:511)
		at java.base/sun.nio.ch.Net.bind(Net.java:500)
		at java.base/sun.nio.ch.NioSocketImpl.bind(NioSocketImpl.java:630)
		at java.base/java.net.ServerSocket.bind(ServerSocket.java:326)
		at java.base/java.net.ServerSocket.<init>(ServerSocket.java:222)
		at org.apache.catalina.core.StandardServer.await(StandardServer.java:532)
		at org.apache.catalina.startup.Catalina.await(Catalina.java:849)
		at org.apache.catalina.startup.Catalina.start(Catalina.java:797)
		at java.base/jdk.internal.reflect.DirectMethodHandleAccessor.invoke(DirectMethodHandleAccessor.java:104)
		at java.base/java.lang.reflect.Method.invoke(Method.java:565)
		at org.apache.catalina.startup.Bootstrap.start(Bootstrap.java:342)
		at org.apache.catalina.startup.Bootstrap.main(Bootstrap.java:470)
06-May-2025 01:25:21.387 INFO [main] org.apache.coyote.AbstractProtocol.pause Pausing ProtocolHandler ["http-nio-8080"]
06-May-2025 01:25:21.387 INFO [main] org.apache.catalina.core.StandardService.stopInternal Stopping service [Catalina]
06-May-2025 01:25:21.394 INFO [main] org.apache.coyote.AbstractProtocol.stop Stopping ProtocolHandler ["http-nio-8080"]
06-May-2025 01:25:21.394 INFO [main] org.apache.coyote.AbstractProtocol.destroy Destroying ProtocolHandler ["http-nio-8080"]
06-May-2025 01:25:24.299 INFO [Catalina-utility-2] org.apache.catalina.startup.HostConfig.undeploy Undeploying context []
06-May-2025 01:25:24.308 INFO [Catalina-utility-2] org.apache.catalina.startup.HostConfig.deployDescriptor Deploying deployment descriptor [C:\Users\msi\Downloads\Food Delivery Website - Copy\Food Delivery Website - Copy\conf\Catalina\localhost\ROOT.xml]
06-May-2025 01:25:24.351 INFO [Catalina-utility-2] org.apache.catalina.startup.HostConfig.deployDescriptor Deployment of deployment descriptor [C:\Users\msi\Downloads\Food Delivery Website - Copy\Food Delivery Website - Copy\conf\Catalina\localhost\ROOT.xml] has finished in [43] ms
06-May-2025 01:26:00.157 INFO [main] org.apache.catalina.startup.VersionLoggerListener.log Server version name:   Apache Tomcat/11.0.5
06-May-2025 01:26:00.160 INFO [main] org.apache.catalina.startup.VersionLoggerListener.log Server built:          Feb 28 2025 15:54:41 UTC
06-May-2025 01:26:00.160 INFO [main] org.apache.catalina.startup.VersionLoggerListener.log Server version number: 11.0.5.0
06-May-2025 01:26:00.160 INFO [main] org.apache.catalina.startup.VersionLoggerListener.log OS Name:               Windows 11
06-May-2025 01:26:00.160 INFO [main] org.apache.catalina.startup.VersionLoggerListener.log OS Version:            10.0
06-May-2025 01:26:00.160 INFO [main] org.apache.catalina.startup.VersionLoggerListener.log Architecture:          amd64
06-May-2025 01:26:00.160 INFO [main] org.apache.catalina.startup.VersionLoggerListener.log Java Home:             C:\Users\msi\.jdks\openjdk-24
06-May-2025 01:26:00.160 INFO [main] org.apache.catalina.startup.VersionLoggerListener.log JVM Version:           24+36-3646
06-May-2025 01:26:00.160 INFO [main] org.apache.catalina.startup.VersionLoggerListener.log JVM Vendor:            Oracle Corporation
06-May-2025 01:26:00.161 INFO [main] org.apache.catalina.startup.VersionLoggerListener.log CATALINA_BASE:         C:\Users\msi\Downloads\Food Delivery Website - Copy\Food Delivery Website - Copy
06-May-2025 01:26:00.161 INFO [main] org.apache.catalina.startup.VersionLoggerListener.log CATALINA_HOME:         C:\Program Files\Apache Software Foundation\Tomcat 11.0
06-May-2025 01:26:00.169 INFO [main] org.apache.catalina.startup.VersionLoggerListener.log Command line argument: --add-opens=java.base/java.lang=ALL-UNNAMED
06-May-2025 01:26:00.169 INFO [main] org.apache.catalina.startup.VersionLoggerListener.log Command line argument: --add-opens=java.base/java.io=ALL-UNNAMED
06-May-2025 01:26:00.169 INFO [main] org.apache.catalina.startup.VersionLoggerListener.log Command line argument: --add-opens=java.base/java.util=ALL-UNNAMED
06-May-2025 01:26:00.169 INFO [main] org.apache.catalina.startup.VersionLoggerListener.log Command line argument: --add-opens=java.base/java.util.concurrent=ALL-UNNAMED
06-May-2025 01:26:00.169 INFO [main] org.apache.catalina.startup.VersionLoggerListener.log Command line argument: --add-opens=java.rmi/sun.rmi.transport=ALL-UNNAMED
06-May-2025 01:26:00.169 INFO [main] org.apache.catalina.startup.VersionLoggerListener.log Command line argument: -Dcatalina.home=C:\Program Files\Apache Software Foundation\Tomcat 11.0
06-May-2025 01:26:00.169 INFO [main] org.apache.catalina.startup.VersionLoggerListener.log Command line argument: -Dcatalina.base=C:\Users\msi\Downloads\Food Delivery Website - Copy\Food Delivery Website - Copy
06-May-2025 01:26:00.170 INFO [main] org.apache.catalina.startup.VersionLoggerListener.log Command line argument: -Djava.io.tmpdir=C:\Users\msi\Downloads\Food Delivery Website - Copy\Food Delivery Website - Copy\temp
06-May-2025 01:26:00.170 INFO [main] org.apache.catalina.startup.VersionLoggerListener.log Command line argument: -Djava.util.logging.config.file=C:\Users\msi\Downloads\Food Delivery Website - Copy\Food Delivery Website - Copy\conf\logging.properties
06-May-2025 01:26:00.170 INFO [main] org.apache.catalina.startup.VersionLoggerListener.log Command line argument: -Djava.util.logging.manager=org.apache.juli.ClassLoaderLogManager
06-May-2025 01:26:00.170 INFO [main] org.apache.catalina.startup.VersionLoggerListener.log Command line argument: -javaagent:C:\Users\msi\AppData\Local\JetBrains\IntelliJ IDEA 2024.3.5\lib\idea_rt.jar=61923
06-May-2025 01:26:00.170 INFO [main] org.apache.catalina.startup.VersionLoggerListener.log Command line argument: -Dfile.encoding=UTF-8
06-May-2025 01:26:00.170 INFO [main] org.apache.catalina.startup.VersionLoggerListener.log Command line argument: -Dsun.stdout.encoding=UTF-8
06-May-2025 01:26:00.170 INFO [main] org.apache.catalina.startup.VersionLoggerListener.log Command line argument: -Dsun.stderr.encoding=UTF-8
06-May-2025 01:26:00.174 INFO [main] org.apache.catalina.core.AprLifecycleListener.lifecycleEvent The Apache Tomcat Native library which allows using OpenSSL was not found on the java.library.path: [C:\Users\msi\.jdks\openjdk-24\bin;C:\WINDOWS\Sun\Java\bin;C:\WINDOWS\system32;C:\WINDOWS;C:\Program Files\Common Files\Oracle\Java\javapath;C:\WINDOWS\system32;C:\WINDOWS;C:\WINDOWS\System32\Wbem;C:\WINDOWS\System32\WindowsPowerShell\v1.0\;C:\WINDOWS\System32\OpenSSH\;C:\Program Files\NVIDIA Corporation\NVIDIA NvDLISR;C:\Program Files\Git\cmd;C:\Users\msi\AppData\Local\Microsoft\WindowsApps;C:\Users\msi\AppData\Local\Programs\Microsoft VS Code\bin;;.]
06-May-2025 01:26:00.495 INFO [main] org.apache.coyote.AbstractProtocol.init Initializing ProtocolHandler ["http-nio-8080"]
06-May-2025 01:26:00.513 SEVERE [main] org.apache.catalina.util.LifecycleBase.handleSubClassException Failed to initialize component [Connector["http-nio-8080"]]
	org.apache.catalina.LifecycleException: Protocol handler initialization failed
		at org.apache.catalina.connector.Connector.initInternal(Connector.java:1056)
		at org.apache.catalina.util.LifecycleBase.init(LifecycleBase.java:122)
		at org.apache.catalina.core.StandardService.initInternal(StandardService.java:525)
		at org.apache.catalina.util.LifecycleBase.init(LifecycleBase.java:122)
		at org.apache.catalina.core.StandardServer.initInternal(StandardServer.java:953)
		at org.apache.catalina.util.LifecycleBase.init(LifecycleBase.java:122)
		at org.apache.catalina.startup.Catalina.load(Catalina.java:710)
		at org.apache.catalina.startup.Catalina.load(Catalina.java:733)
		at java.base/jdk.internal.reflect.DirectMethodHandleAccessor.invoke(DirectMethodHandleAccessor.java:104)
		at java.base/java.lang.reflect.Method.invoke(Method.java:565)
		at org.apache.catalina.startup.Bootstrap.load(Bootstrap.java:299)
		at org.apache.catalina.startup.Bootstrap.main(Bootstrap.java:469)
	Caused by: java.net.BindException: Address already in use: bind
		at java.base/sun.nio.ch.Net.bind0(Native Method)
		at java.base/sun.nio.ch.Net.bind(Net.java:511)
		at java.base/sun.nio.ch.ServerSocketChannelImpl.netBind(ServerSocketChannelImpl.java:335)
		at java.base/sun.nio.ch.ServerSocketChannelImpl.bind(ServerSocketChannelImpl.java:297)
		at org.apache.tomcat.util.net.NioEndpoint.initServerSocket(NioEndpoint.java:240)
		at org.apache.tomcat.util.net.NioEndpoint.bind(NioEndpoint.java:195)
		at org.apache.tomcat.util.net.AbstractEndpoint.bindWithCleanup(AbstractEndpoint.java:1472)
		at org.apache.tomcat.util.net.AbstractEndpoint.init(AbstractEndpoint.java:1485)
		at org.apache.coyote.AbstractProtocol.init(AbstractProtocol.java:633)
		at org.apache.coyote.http11.AbstractHttp11Protocol.init(AbstractHttp11Protocol.java:83)
		at org.apache.catalina.connector.Connector.initInternal(Connector.java:1054)
		... 11 more
06-May-2025 01:26:00.515 INFO [main] org.apache.catalina.startup.Catalina.load Server initialization in [552] milliseconds
06-May-2025 01:26:00.585 INFO [main] org.apache.catalina.core.StandardService.startInternal Starting service [Catalina]
06-May-2025 01:26:00.585 INFO [main] org.apache.catalina.core.StandardEngine.startInternal Starting Servlet engine: [Apache Tomcat/11.0.5]
06-May-2025 01:26:00.596 INFO [main] org.apache.catalina.startup.HostConfig.deployDescriptor Deploying deployment descriptor [C:\Users\msi\Downloads\Food Delivery Website - Copy\Food Delivery Website - Copy\conf\Catalina\localhost\ROOT.xml]
06-May-2025 01:26:00.912 INFO [main] org.apache.catalina.startup.HostConfig.deployDescriptor Deployment of deployment descriptor [C:\Users\msi\Downloads\Food Delivery Website - Copy\Food Delivery Website - Copy\conf\Catalina\localhost\ROOT.xml] has finished in [315] ms
06-May-2025 01:26:00.924 INFO [main] org.apache.catalina.startup.Catalina.start Server startup in [406] milliseconds
06-May-2025 01:26:00.931 SEVERE [main] org.apache.catalina.core.StandardServer.await Failed to create server shutdown socket on address [localhost] and port [8005] (base port [8005] and offset [0])
	java.net.BindException: Address already in use: bind
		at java.base/sun.nio.ch.Net.bind0(Native Method)
		at java.base/sun.nio.ch.Net.bind(Net.java:511)
		at java.base/sun.nio.ch.Net.bind(Net.java:500)
		at java.base/sun.nio.ch.NioSocketImpl.bind(NioSocketImpl.java:630)
		at java.base/java.net.ServerSocket.bind(ServerSocket.java:326)
		at java.base/java.net.ServerSocket.<init>(ServerSocket.java:222)
		at org.apache.catalina.core.StandardServer.await(StandardServer.java:532)
		at org.apache.catalina.startup.Catalina.await(Catalina.java:849)
		at org.apache.catalina.startup.Catalina.start(Catalina.java:797)
		at java.base/jdk.internal.reflect.DirectMethodHandleAccessor.invoke(DirectMethodHandleAccessor.java:104)
		at java.base/java.lang.reflect.Method.invoke(Method.java:565)
		at org.apache.catalina.startup.Bootstrap.start(Bootstrap.java:342)
		at org.apache.catalina.startup.Bootstrap.main(Bootstrap.java:470)
06-May-2025 01:26:00.931 INFO [main] org.apache.coyote.AbstractProtocol.pause Pausing ProtocolHandler ["http-nio-8080"]
06-May-2025 01:26:00.931 INFO [main] org.apache.catalina.core.StandardService.stopInternal Stopping service [Catalina]
06-May-2025 01:26:00.939 INFO [main] org.apache.coyote.AbstractProtocol.stop Stopping ProtocolHandler ["http-nio-8080"]
06-May-2025 01:26:00.939 INFO [main] org.apache.coyote.AbstractProtocol.destroy Destroying ProtocolHandler ["http-nio-8080"]
06-May-2025 01:26:04.370 INFO [Catalina-utility-1] org.apache.catalina.startup.HostConfig.undeploy Undeploying context []
06-May-2025 01:26:04.406 INFO [Catalina-utility-1] org.apache.catalina.startup.HostConfig.deployDescriptor Deploying deployment descriptor [C:\Users\msi\Downloads\Food Delivery Website - Copy\Food Delivery Website - Copy\conf\Catalina\localhost\ROOT.xml]
06-May-2025 01:26:04.442 INFO [Catalina-utility-1] org.apache.catalina.startup.HostConfig.deployDescriptor Deployment of deployment descriptor [C:\Users\msi\Downloads\Food Delivery Website - Copy\Food Delivery Website - Copy\conf\Catalina\localhost\ROOT.xml] has finished in [36] ms
06-May-2025 01:26:26.982 INFO [main] org.apache.catalina.startup.VersionLoggerListener.log Server version name:   Apache Tomcat/11.0.5
06-May-2025 01:26:26.985 INFO [main] org.apache.catalina.startup.VersionLoggerListener.log Server built:          Feb 28 2025 15:54:41 UTC
06-May-2025 01:26:26.986 INFO [main] org.apache.catalina.startup.VersionLoggerListener.log Server version number: 11.0.5.0
06-May-2025 01:26:26.986 INFO [main] org.apache.catalina.startup.VersionLoggerListener.log OS Name:               Windows 11
06-May-2025 01:26:26.986 INFO [main] org.apache.catalina.startup.VersionLoggerListener.log OS Version:            10.0
06-May-2025 01:26:26.986 INFO [main] org.apache.catalina.startup.VersionLoggerListener.log Architecture:          amd64
06-May-2025 01:26:26.986 INFO [main] org.apache.catalina.startup.VersionLoggerListener.log Java Home:             C:\Users\msi\.jdks\openjdk-24
06-May-2025 01:26:26.986 INFO [main] org.apache.catalina.startup.VersionLoggerListener.log JVM Version:           24+36-3646
06-May-2025 01:26:26.986 INFO [main] org.apache.catalina.startup.VersionLoggerListener.log JVM Vendor:            Oracle Corporation
06-May-2025 01:26:26.986 INFO [main] org.apache.catalina.startup.VersionLoggerListener.log CATALINA_BASE:         C:\Users\msi\Downloads\Food Delivery Website - Copy\Food Delivery Website - Copy
06-May-2025 01:26:26.987 INFO [main] org.apache.catalina.startup.VersionLoggerListener.log CATALINA_HOME:         C:\Program Files\Apache Software Foundation\Tomcat 11.0
06-May-2025 01:26:26.999 INFO [main] org.apache.catalina.startup.VersionLoggerListener.log Command line argument: --add-opens=java.base/java.lang=ALL-UNNAMED
06-May-2025 01:26:26.999 INFO [main] org.apache.catalina.startup.VersionLoggerListener.log Command line argument: --add-opens=java.base/java.io=ALL-UNNAMED
06-May-2025 01:26:26.999 INFO [main] org.apache.catalina.startup.VersionLoggerListener.log Command line argument: --add-opens=java.base/java.util=ALL-UNNAMED
06-May-2025 01:26:26.999 INFO [main] org.apache.catalina.startup.VersionLoggerListener.log Command line argument: --add-opens=java.base/java.util.concurrent=ALL-UNNAMED
06-May-2025 01:26:27.000 INFO [main] org.apache.catalina.startup.VersionLoggerListener.log Command line argument: --add-opens=java.rmi/sun.rmi.transport=ALL-UNNAMED
06-May-2025 01:26:27.000 INFO [main] org.apache.catalina.startup.VersionLoggerListener.log Command line argument: -Dcatalina.home=C:\Program Files\Apache Software Foundation\Tomcat 11.0
06-May-2025 01:26:27.000 INFO [main] org.apache.catalina.startup.VersionLoggerListener.log Command line argument: -Dcatalina.base=C:\Users\msi\Downloads\Food Delivery Website - Copy\Food Delivery Website - Copy
06-May-2025 01:26:27.000 INFO [main] org.apache.catalina.startup.VersionLoggerListener.log Command line argument: -Djava.io.tmpdir=C:\Users\msi\Downloads\Food Delivery Website - Copy\Food Delivery Website - Copy\temp
06-May-2025 01:26:27.000 INFO [main] org.apache.catalina.startup.VersionLoggerListener.log Command line argument: -Djava.util.logging.config.file=C:\Users\msi\Downloads\Food Delivery Website - Copy\Food Delivery Website - Copy\conf\logging.properties
06-May-2025 01:26:27.000 INFO [main] org.apache.catalina.startup.VersionLoggerListener.log Command line argument: -Djava.util.logging.manager=org.apache.juli.ClassLoaderLogManager
06-May-2025 01:26:27.000 INFO [main] org.apache.catalina.startup.VersionLoggerListener.log Command line argument: -javaagent:C:\Users\msi\AppData\Local\JetBrains\IntelliJ IDEA 2024.3.5\lib\idea_rt.jar=61964
06-May-2025 01:26:27.000 INFO [main] org.apache.catalina.startup.VersionLoggerListener.log Command line argument: -Dfile.encoding=UTF-8
06-May-2025 01:26:27.000 INFO [main] org.apache.catalina.startup.VersionLoggerListener.log Command line argument: -Dsun.stdout.encoding=UTF-8
06-May-2025 01:26:27.000 INFO [main] org.apache.catalina.startup.VersionLoggerListener.log Command line argument: -Dsun.stderr.encoding=UTF-8
06-May-2025 01:26:27.004 INFO [main] org.apache.catalina.core.AprLifecycleListener.lifecycleEvent The Apache Tomcat Native library which allows using OpenSSL was not found on the java.library.path: [C:\Users\msi\.jdks\openjdk-24\bin;C:\WINDOWS\Sun\Java\bin;C:\WINDOWS\system32;C:\WINDOWS;C:\Program Files\Common Files\Oracle\Java\javapath;C:\WINDOWS\system32;C:\WINDOWS;C:\WINDOWS\System32\Wbem;C:\WINDOWS\System32\WindowsPowerShell\v1.0\;C:\WINDOWS\System32\OpenSSH\;C:\Program Files\NVIDIA Corporation\NVIDIA NvDLISR;C:\Program Files\Git\cmd;C:\Users\msi\AppData\Local\Microsoft\WindowsApps;C:\Users\msi\AppData\Local\Programs\Microsoft VS Code\bin;;.]
06-May-2025 01:26:27.283 INFO [main] org.apache.coyote.AbstractProtocol.init Initializing ProtocolHandler ["http-nio-8080"]
06-May-2025 01:26:27.293 SEVERE [main] org.apache.catalina.util.LifecycleBase.handleSubClassException Failed to initialize component [Connector["http-nio-8080"]]
	org.apache.catalina.LifecycleException: Protocol handler initialization failed
		at org.apache.catalina.connector.Connector.initInternal(Connector.java:1056)
		at org.apache.catalina.util.LifecycleBase.init(LifecycleBase.java:122)
		at org.apache.catalina.core.StandardService.initInternal(StandardService.java:525)
		at org.apache.catalina.util.LifecycleBase.init(LifecycleBase.java:122)
		at org.apache.catalina.core.StandardServer.initInternal(StandardServer.java:953)
		at org.apache.catalina.util.LifecycleBase.init(LifecycleBase.java:122)
		at org.apache.catalina.startup.Catalina.load(Catalina.java:710)
		at org.apache.catalina.startup.Catalina.load(Catalina.java:733)
		at java.base/jdk.internal.reflect.DirectMethodHandleAccessor.invoke(DirectMethodHandleAccessor.java:104)
		at java.base/java.lang.reflect.Method.invoke(Method.java:565)
		at org.apache.catalina.startup.Bootstrap.load(Bootstrap.java:299)
		at org.apache.catalina.startup.Bootstrap.main(Bootstrap.java:469)
	Caused by: java.net.BindException: Address already in use: bind
		at java.base/sun.nio.ch.Net.bind0(Native Method)
		at java.base/sun.nio.ch.Net.bind(Net.java:511)
		at java.base/sun.nio.ch.ServerSocketChannelImpl.netBind(ServerSocketChannelImpl.java:335)
		at java.base/sun.nio.ch.ServerSocketChannelImpl.bind(ServerSocketChannelImpl.java:297)
		at org.apache.tomcat.util.net.NioEndpoint.initServerSocket(NioEndpoint.java:240)
		at org.apache.tomcat.util.net.NioEndpoint.bind(NioEndpoint.java:195)
		at org.apache.tomcat.util.net.AbstractEndpoint.bindWithCleanup(AbstractEndpoint.java:1472)
		at org.apache.tomcat.util.net.AbstractEndpoint.init(AbstractEndpoint.java:1485)
		at org.apache.coyote.AbstractProtocol.init(AbstractProtocol.java:633)
		at org.apache.coyote.http11.AbstractHttp11Protocol.init(AbstractHttp11Protocol.java:83)
		at org.apache.catalina.connector.Connector.initInternal(Connector.java:1054)
		... 11 more
06-May-2025 01:26:27.295 INFO [main] org.apache.catalina.startup.Catalina.load Server initialization in [510] milliseconds
06-May-2025 01:26:27.368 INFO [main] org.apache.catalina.core.StandardService.startInternal Starting service [Catalina]
06-May-2025 01:26:27.368 INFO [main] org.apache.catalina.core.StandardEngine.startInternal Starting Servlet engine: [Apache Tomcat/11.0.5]
06-May-2025 01:26:27.384 INFO [main] org.apache.catalina.startup.HostConfig.deployDescriptor Deploying deployment descriptor [C:\Users\msi\Downloads\Food Delivery Website - Copy\Food Delivery Website - Copy\conf\Catalina\localhost\ROOT.xml]
06-May-2025 01:26:27.716 INFO [main] org.apache.catalina.startup.HostConfig.deployDescriptor Deployment of deployment descriptor [C:\Users\msi\Downloads\Food Delivery Website - Copy\Food Delivery Website - Copy\conf\Catalina\localhost\ROOT.xml] has finished in [331] ms
06-May-2025 01:26:27.727 INFO [main] org.apache.catalina.startup.Catalina.start Server startup in [430] milliseconds
06-May-2025 01:26:27.733 SEVERE [main] org.apache.catalina.core.StandardServer.await Failed to create server shutdown socket on address [localhost] and port [8005] (base port [8005] and offset [0])
	java.net.BindException: Address already in use: bind
		at java.base/sun.nio.ch.Net.bind0(Native Method)
		at java.base/sun.nio.ch.Net.bind(Net.java:511)
		at java.base/sun.nio.ch.Net.bind(Net.java:500)
		at java.base/sun.nio.ch.NioSocketImpl.bind(NioSocketImpl.java:630)
		at java.base/java.net.ServerSocket.bind(ServerSocket.java:326)
		at java.base/java.net.ServerSocket.<init>(ServerSocket.java:222)
		at org.apache.catalina.core.StandardServer.await(StandardServer.java:532)
		at org.apache.catalina.startup.Catalina.await(Catalina.java:849)
		at org.apache.catalina.startup.Catalina.start(Catalina.java:797)
		at java.base/jdk.internal.reflect.DirectMethodHandleAccessor.invoke(DirectMethodHandleAccessor.java:104)
		at java.base/java.lang.reflect.Method.invoke(Method.java:565)
		at org.apache.catalina.startup.Bootstrap.start(Bootstrap.java:342)
		at org.apache.catalina.startup.Bootstrap.main(Bootstrap.java:470)
06-May-2025 01:26:27.733 INFO [main] org.apache.coyote.AbstractProtocol.pause Pausing ProtocolHandler ["http-nio-8080"]
06-May-2025 01:26:27.733 INFO [main] org.apache.catalina.core.StandardService.stopInternal Stopping service [Catalina]
06-May-2025 01:26:27.739 INFO [main] org.apache.coyote.AbstractProtocol.stop Stopping ProtocolHandler ["http-nio-8080"]
06-May-2025 01:26:27.740 INFO [main] org.apache.coyote.AbstractProtocol.destroy Destroying ProtocolHandler ["http-nio-8080"]
06-May-2025 01:26:34.462 INFO [Catalina-utility-1] org.apache.catalina.startup.HostConfig.undeploy Undeploying context []
06-May-2025 01:26:34.478 INFO [Catalina-utility-1] org.apache.catalina.startup.HostConfig.deployDescriptor Deploying deployment descriptor [C:\Users\msi\Downloads\Food Delivery Website - Copy\Food Delivery Website - Copy\conf\Catalina\localhost\ROOT.xml]
06-May-2025 01:26:34.507 INFO [Catalina-utility-1] org.apache.catalina.startup.HostConfig.deployDescriptor Deployment of deployment descriptor [C:\Users\msi\Downloads\Food Delivery Website - Copy\Food Delivery Website - Copy\conf\Catalina\localhost\ROOT.xml] has finished in [29] ms
06-May-2025 01:27:28.615 INFO [main] org.apache.catalina.startup.VersionLoggerListener.log Server version name:   Apache Tomcat/11.0.5
06-May-2025 01:27:28.617 INFO [main] org.apache.catalina.startup.VersionLoggerListener.log Server built:          Feb 28 2025 15:54:41 UTC
06-May-2025 01:27:28.617 INFO [main] org.apache.catalina.startup.VersionLoggerListener.log Server version number: 11.0.5.0
06-May-2025 01:27:28.617 INFO [main] org.apache.catalina.startup.VersionLoggerListener.log OS Name:               Windows 11
06-May-2025 01:27:28.617 INFO [main] org.apache.catalina.startup.VersionLoggerListener.log OS Version:            10.0
06-May-2025 01:27:28.617 INFO [main] org.apache.catalina.startup.VersionLoggerListener.log Architecture:          amd64
06-May-2025 01:27:28.617 INFO [main] org.apache.catalina.startup.VersionLoggerListener.log Java Home:             C:\Users\msi\.jdks\openjdk-24
06-May-2025 01:27:28.617 INFO [main] org.apache.catalina.startup.VersionLoggerListener.log JVM Version:           24+36-3646
06-May-2025 01:27:28.617 INFO [main] org.apache.catalina.startup.VersionLoggerListener.log JVM Vendor:            Oracle Corporation
06-May-2025 01:27:28.617 INFO [main] org.apache.catalina.startup.VersionLoggerListener.log CATALINA_BASE:         C:\Users\msi\Downloads\Food Delivery Website - Copy\Food Delivery Website - Copy
06-May-2025 01:27:28.617 INFO [main] org.apache.catalina.startup.VersionLoggerListener.log CATALINA_HOME:         C:\Program Files\Apache Software Foundation\Tomcat 11.0
06-May-2025 01:27:28.626 INFO [main] org.apache.catalina.startup.VersionLoggerListener.log Command line argument: --add-opens=java.base/java.lang=ALL-UNNAMED
06-May-2025 01:27:28.626 INFO [main] org.apache.catalina.startup.VersionLoggerListener.log Command line argument: --add-opens=java.base/java.io=ALL-UNNAMED
06-May-2025 01:27:28.626 INFO [main] org.apache.catalina.startup.VersionLoggerListener.log Command line argument: --add-opens=java.base/java.util=ALL-UNNAMED
06-May-2025 01:27:28.626 INFO [main] org.apache.catalina.startup.VersionLoggerListener.log Command line argument: --add-opens=java.base/java.util.concurrent=ALL-UNNAMED
06-May-2025 01:27:28.626 INFO [main] org.apache.catalina.startup.VersionLoggerListener.log Command line argument: --add-opens=java.rmi/sun.rmi.transport=ALL-UNNAMED
06-May-2025 01:27:28.626 INFO [main] org.apache.catalina.startup.VersionLoggerListener.log Command line argument: -Dcatalina.home=C:\Program Files\Apache Software Foundation\Tomcat 11.0
06-May-2025 01:27:28.626 INFO [main] org.apache.catalina.startup.VersionLoggerListener.log Command line argument: -Dcatalina.base=C:\Users\msi\Downloads\Food Delivery Website - Copy\Food Delivery Website - Copy
06-May-2025 01:27:28.627 INFO [main] org.apache.catalina.startup.VersionLoggerListener.log Command line argument: -Djava.io.tmpdir=C:\Users\msi\Downloads\Food Delivery Website - Copy\Food Delivery Website - Copy\temp
06-May-2025 01:27:28.627 INFO [main] org.apache.catalina.startup.VersionLoggerListener.log Command line argument: -Djava.util.logging.config.file=C:\Users\msi\Downloads\Food Delivery Website - Copy\Food Delivery Website - Copy\conf\logging.properties
06-May-2025 01:27:28.627 INFO [main] org.apache.catalina.startup.VersionLoggerListener.log Command line argument: -Djava.util.logging.manager=org.apache.juli.ClassLoaderLogManager
06-May-2025 01:27:28.627 INFO [main] org.apache.catalina.startup.VersionLoggerListener.log Command line argument: -javaagent:C:\Users\msi\AppData\Local\JetBrains\IntelliJ IDEA 2024.3.5\lib\idea_rt.jar=61982
06-May-2025 01:27:28.627 INFO [main] org.apache.catalina.startup.VersionLoggerListener.log Command line argument: -Dfile.encoding=UTF-8
06-May-2025 01:27:28.627 INFO [main] org.apache.catalina.startup.VersionLoggerListener.log Command line argument: -Dsun.stdout.encoding=UTF-8
06-May-2025 01:27:28.627 INFO [main] org.apache.catalina.startup.VersionLoggerListener.log Command line argument: -Dsun.stderr.encoding=UTF-8
06-May-2025 01:27:28.630 INFO [main] org.apache.catalina.core.AprLifecycleListener.lifecycleEvent The Apache Tomcat Native library which allows using OpenSSL was not found on the java.library.path: [C:\Users\msi\.jdks\openjdk-24\bin;C:\WINDOWS\Sun\Java\bin;C:\WINDOWS\system32;C:\WINDOWS;C:\Program Files\Common Files\Oracle\Java\javapath;C:\WINDOWS\system32;C:\WINDOWS;C:\WINDOWS\System32\Wbem;C:\WINDOWS\System32\WindowsPowerShell\v1.0\;C:\WINDOWS\System32\OpenSSH\;C:\Program Files\NVIDIA Corporation\NVIDIA NvDLISR;C:\Program Files\Git\cmd;C:\Users\msi\AppData\Local\Microsoft\WindowsApps;C:\Users\msi\AppData\Local\Programs\Microsoft VS Code\bin;;.]
06-May-2025 01:27:28.832 INFO [main] org.apache.coyote.AbstractProtocol.init Initializing ProtocolHandler ["http-nio-8080"]
06-May-2025 01:27:28.841 SEVERE [main] org.apache.catalina.util.LifecycleBase.handleSubClassException Failed to initialize component [Connector["http-nio-8080"]]
	org.apache.catalina.LifecycleException: Protocol handler initialization failed
		at org.apache.catalina.connector.Connector.initInternal(Connector.java:1056)
		at org.apache.catalina.util.LifecycleBase.init(LifecycleBase.java:122)
		at org.apache.catalina.core.StandardService.initInternal(StandardService.java:525)
		at org.apache.catalina.util.LifecycleBase.init(LifecycleBase.java:122)
		at org.apache.catalina.core.StandardServer.initInternal(StandardServer.java:953)
		at org.apache.catalina.util.LifecycleBase.init(LifecycleBase.java:122)
		at org.apache.catalina.startup.Catalina.load(Catalina.java:710)
		at org.apache.catalina.startup.Catalina.load(Catalina.java:733)
		at java.base/jdk.internal.reflect.DirectMethodHandleAccessor.invoke(DirectMethodHandleAccessor.java:104)
		at java.base/java.lang.reflect.Method.invoke(Method.java:565)
		at org.apache.catalina.startup.Bootstrap.load(Bootstrap.java:299)
		at org.apache.catalina.startup.Bootstrap.main(Bootstrap.java:469)
	Caused by: java.net.BindException: Address already in use: bind
		at java.base/sun.nio.ch.Net.bind0(Native Method)
		at java.base/sun.nio.ch.Net.bind(Net.java:511)
		at java.base/sun.nio.ch.ServerSocketChannelImpl.netBind(ServerSocketChannelImpl.java:335)
		at java.base/sun.nio.ch.ServerSocketChannelImpl.bind(ServerSocketChannelImpl.java:297)
		at org.apache.tomcat.util.net.NioEndpoint.initServerSocket(NioEndpoint.java:240)
		at org.apache.tomcat.util.net.NioEndpoint.bind(NioEndpoint.java:195)
		at org.apache.tomcat.util.net.AbstractEndpoint.bindWithCleanup(AbstractEndpoint.java:1472)
		at org.apache.tomcat.util.net.AbstractEndpoint.init(AbstractEndpoint.java:1485)
		at org.apache.coyote.AbstractProtocol.init(AbstractProtocol.java:633)
		at org.apache.coyote.http11.AbstractHttp11Protocol.init(AbstractHttp11Protocol.java:83)
		at org.apache.catalina.connector.Connector.initInternal(Connector.java:1054)
		... 11 more
06-May-2025 01:27:28.841 INFO [main] org.apache.catalina.startup.Catalina.load Server initialization in [456] milliseconds
06-May-2025 01:27:28.895 INFO [main] org.apache.catalina.core.StandardService.startInternal Starting service [Catalina]
06-May-2025 01:27:28.895 INFO [main] org.apache.catalina.core.StandardEngine.startInternal Starting Servlet engine: [Apache Tomcat/11.0.5]
06-May-2025 01:27:28.908 INFO [main] org.apache.catalina.startup.HostConfig.deployDescriptor Deploying deployment descriptor [C:\Users\msi\Downloads\Food Delivery Website - Copy\Food Delivery Website - Copy\conf\Catalina\localhost\ROOT.xml]
06-May-2025 01:27:29.227 INFO [main] org.apache.catalina.startup.HostConfig.deployDescriptor Deployment of deployment descriptor [C:\Users\msi\Downloads\Food Delivery Website - Copy\Food Delivery Website - Copy\conf\Catalina\localhost\ROOT.xml] has finished in [318] ms
06-May-2025 01:27:29.237 INFO [main] org.apache.catalina.startup.Catalina.start Server startup in [393] milliseconds
06-May-2025 01:27:29.242 SEVERE [main] org.apache.catalina.core.StandardServer.await Failed to create server shutdown socket on address [localhost] and port [8005] (base port [8005] and offset [0])
	java.net.BindException: Address already in use: bind
		at java.base/sun.nio.ch.Net.bind0(Native Method)
		at java.base/sun.nio.ch.Net.bind(Net.java:511)
		at java.base/sun.nio.ch.Net.bind(Net.java:500)
		at java.base/sun.nio.ch.NioSocketImpl.bind(NioSocketImpl.java:630)
		at java.base/java.net.ServerSocket.bind(ServerSocket.java:326)
		at java.base/java.net.ServerSocket.<init>(ServerSocket.java:222)
		at org.apache.catalina.core.StandardServer.await(StandardServer.java:532)
		at org.apache.catalina.startup.Catalina.await(Catalina.java:849)
		at org.apache.catalina.startup.Catalina.start(Catalina.java:797)
		at java.base/jdk.internal.reflect.DirectMethodHandleAccessor.invoke(DirectMethodHandleAccessor.java:104)
		at java.base/java.lang.reflect.Method.invoke(Method.java:565)
		at org.apache.catalina.startup.Bootstrap.start(Bootstrap.java:342)
		at org.apache.catalina.startup.Bootstrap.main(Bootstrap.java:470)
06-May-2025 01:27:29.243 INFO [main] org.apache.coyote.AbstractProtocol.pause Pausing ProtocolHandler ["http-nio-8080"]
06-May-2025 01:27:29.243 INFO [main] org.apache.catalina.core.StandardService.stopInternal Stopping service [Catalina]
06-May-2025 01:27:29.249 INFO [main] org.apache.coyote.AbstractProtocol.stop Stopping ProtocolHandler ["http-nio-8080"]
06-May-2025 01:27:29.250 INFO [main] org.apache.coyote.AbstractProtocol.destroy Destroying ProtocolHandler ["http-nio-8080"]
06-May-2025 01:27:34.538 INFO [Catalina-utility-1] org.apache.catalina.startup.HostConfig.undeploy Undeploying context []
06-May-2025 01:27:34.545 INFO [Catalina-utility-1] org.apache.catalina.startup.HostConfig.deployDescriptor Deploying deployment descriptor [C:\Users\msi\Downloads\Food Delivery Website - Copy\Food Delivery Website - Copy\conf\Catalina\localhost\ROOT.xml]
06-May-2025 01:27:34.583 INFO [Catalina-utility-1] org.apache.catalina.startup.HostConfig.deployDescriptor Deployment of deployment descriptor [C:\Users\msi\Downloads\Food Delivery Website - Copy\Food Delivery Website - Copy\conf\Catalina\localhost\ROOT.xml] has finished in [39] ms
06-May-2025 01:27:44.429 INFO [main] org.apache.catalina.startup.VersionLoggerListener.log Server version name:   Apache Tomcat/11.0.5
06-May-2025 01:27:44.432 INFO [main] org.apache.catalina.startup.VersionLoggerListener.log Server built:          Feb 28 2025 15:54:41 UTC
06-May-2025 01:27:44.432 INFO [main] org.apache.catalina.startup.VersionLoggerListener.log Server version number: 11.0.5.0
06-May-2025 01:27:44.432 INFO [main] org.apache.catalina.startup.VersionLoggerListener.log OS Name:               Windows 11
06-May-2025 01:27:44.432 INFO [main] org.apache.catalina.startup.VersionLoggerListener.log OS Version:            10.0
06-May-2025 01:27:44.432 INFO [main] org.apache.catalina.startup.VersionLoggerListener.log Architecture:          amd64
06-May-2025 01:27:44.432 INFO [main] org.apache.catalina.startup.VersionLoggerListener.log Java Home:             C:\Users\msi\.jdks\openjdk-24
06-May-2025 01:27:44.433 INFO [main] org.apache.catalina.startup.VersionLoggerListener.log JVM Version:           24+36-3646
06-May-2025 01:27:44.433 INFO [main] org.apache.catalina.startup.VersionLoggerListener.log JVM Vendor:            Oracle Corporation
06-May-2025 01:27:44.433 INFO [main] org.apache.catalina.startup.VersionLoggerListener.log CATALINA_BASE:         C:\Users\msi\Downloads\Food Delivery Website - Copy\Food Delivery Website - Copy
06-May-2025 01:27:44.433 INFO [main] org.apache.catalina.startup.VersionLoggerListener.log CATALINA_HOME:         C:\Program Files\Apache Software Foundation\Tomcat 11.0
06-May-2025 01:27:44.441 INFO [main] org.apache.catalina.startup.VersionLoggerListener.log Command line argument: --add-opens=java.base/java.lang=ALL-UNNAMED
06-May-2025 01:27:44.442 INFO [main] org.apache.catalina.startup.VersionLoggerListener.log Command line argument: --add-opens=java.base/java.io=ALL-UNNAMED
06-May-2025 01:27:44.442 INFO [main] org.apache.catalina.startup.VersionLoggerListener.log Command line argument: --add-opens=java.base/java.util=ALL-UNNAMED
06-May-2025 01:27:44.442 INFO [main] org.apache.catalina.startup.VersionLoggerListener.log Command line argument: --add-opens=java.base/java.util.concurrent=ALL-UNNAMED
06-May-2025 01:27:44.442 INFO [main] org.apache.catalina.startup.VersionLoggerListener.log Command line argument: --add-opens=java.rmi/sun.rmi.transport=ALL-UNNAMED
06-May-2025 01:27:44.442 INFO [main] org.apache.catalina.startup.VersionLoggerListener.log Command line argument: -Dcatalina.home=C:\Program Files\Apache Software Foundation\Tomcat 11.0
06-May-2025 01:27:44.442 INFO [main] org.apache.catalina.startup.VersionLoggerListener.log Command line argument: -Dcatalina.base=C:\Users\msi\Downloads\Food Delivery Website - Copy\Food Delivery Website - Copy
06-May-2025 01:27:44.442 INFO [main] org.apache.catalina.startup.VersionLoggerListener.log Command line argument: -Djava.io.tmpdir=C:\Users\msi\Downloads\Food Delivery Website - Copy\Food Delivery Website - Copy\temp
06-May-2025 01:27:44.442 INFO [main] org.apache.catalina.startup.VersionLoggerListener.log Command line argument: -Djava.util.logging.config.file=C:\Users\msi\Downloads\Food Delivery Website - Copy\Food Delivery Website - Copy\conf\logging.properties
06-May-2025 01:27:44.442 INFO [main] org.apache.catalina.startup.VersionLoggerListener.log Command line argument: -Djava.util.logging.manager=org.apache.juli.ClassLoaderLogManager
06-May-2025 01:27:44.442 INFO [main] org.apache.catalina.startup.VersionLoggerListener.log Command line argument: -javaagent:C:\Users\msi\AppData\Local\JetBrains\IntelliJ IDEA 2024.3.5\lib\idea_rt.jar=61995
06-May-2025 01:27:44.443 INFO [main] org.apache.catalina.startup.VersionLoggerListener.log Command line argument: -Dfile.encoding=UTF-8
06-May-2025 01:27:44.443 INFO [main] org.apache.catalina.startup.VersionLoggerListener.log Command line argument: -Dsun.stdout.encoding=UTF-8
06-May-2025 01:27:44.443 INFO [main] org.apache.catalina.startup.VersionLoggerListener.log Command line argument: -Dsun.stderr.encoding=UTF-8
06-May-2025 01:27:44.446 INFO [main] org.apache.catalina.core.AprLifecycleListener.lifecycleEvent The Apache Tomcat Native library which allows using OpenSSL was not found on the java.library.path: [C:\Users\msi\.jdks\openjdk-24\bin;C:\WINDOWS\Sun\Java\bin;C:\WINDOWS\system32;C:\WINDOWS;C:\Program Files\Common Files\Oracle\Java\javapath;C:\WINDOWS\system32;C:\WINDOWS;C:\WINDOWS\System32\Wbem;C:\WINDOWS\System32\WindowsPowerShell\v1.0\;C:\WINDOWS\System32\OpenSSH\;C:\Program Files\NVIDIA Corporation\NVIDIA NvDLISR;C:\Program Files\Git\cmd;C:\Users\msi\AppData\Local\Microsoft\WindowsApps;C:\Users\msi\AppData\Local\Programs\Microsoft VS Code\bin;;.]
06-May-2025 01:27:44.686 INFO [main] org.apache.coyote.AbstractProtocol.init Initializing ProtocolHandler ["http-nio-8080"]
06-May-2025 01:27:44.696 SEVERE [main] org.apache.catalina.util.LifecycleBase.handleSubClassException Failed to initialize component [Connector["http-nio-8080"]]
	org.apache.catalina.LifecycleException: Protocol handler initialization failed
		at org.apache.catalina.connector.Connector.initInternal(Connector.java:1056)
		at org.apache.catalina.util.LifecycleBase.init(LifecycleBase.java:122)
		at org.apache.catalina.core.StandardService.initInternal(StandardService.java:525)
		at org.apache.catalina.util.LifecycleBase.init(LifecycleBase.java:122)
		at org.apache.catalina.core.StandardServer.initInternal(StandardServer.java:953)
		at org.apache.catalina.util.LifecycleBase.init(LifecycleBase.java:122)
		at org.apache.catalina.startup.Catalina.load(Catalina.java:710)
		at org.apache.catalina.startup.Catalina.load(Catalina.java:733)
		at java.base/jdk.internal.reflect.DirectMethodHandleAccessor.invoke(DirectMethodHandleAccessor.java:104)
		at java.base/java.lang.reflect.Method.invoke(Method.java:565)
		at org.apache.catalina.startup.Bootstrap.load(Bootstrap.java:299)
		at org.apache.catalina.startup.Bootstrap.main(Bootstrap.java:469)
	Caused by: java.net.BindException: Address already in use: bind
		at java.base/sun.nio.ch.Net.bind0(Native Method)
		at java.base/sun.nio.ch.Net.bind(Net.java:511)
		at java.base/sun.nio.ch.ServerSocketChannelImpl.netBind(ServerSocketChannelImpl.java:335)
		at java.base/sun.nio.ch.ServerSocketChannelImpl.bind(ServerSocketChannelImpl.java:297)
		at org.apache.tomcat.util.net.NioEndpoint.initServerSocket(NioEndpoint.java:240)
		at org.apache.tomcat.util.net.NioEndpoint.bind(NioEndpoint.java:195)
		at org.apache.tomcat.util.net.AbstractEndpoint.bindWithCleanup(AbstractEndpoint.java:1472)
		at org.apache.tomcat.util.net.AbstractEndpoint.init(AbstractEndpoint.java:1485)
		at org.apache.coyote.AbstractProtocol.init(AbstractProtocol.java:633)
		at org.apache.coyote.http11.AbstractHttp11Protocol.init(AbstractHttp11Protocol.java:83)
		at org.apache.catalina.connector.Connector.initInternal(Connector.java:1054)
		... 11 more
06-May-2025 01:27:44.698 INFO [main] org.apache.catalina.startup.Catalina.load Server initialization in [470] milliseconds
06-May-2025 01:27:44.756 INFO [main] org.apache.catalina.core.StandardService.startInternal Starting service [Catalina]
06-May-2025 01:27:44.756 INFO [main] org.apache.catalina.core.StandardEngine.startInternal Starting Servlet engine: [Apache Tomcat/11.0.5]
06-May-2025 01:27:44.766 INFO [main] org.apache.catalina.startup.HostConfig.deployDescriptor Deploying deployment descriptor [C:\Users\msi\Downloads\Food Delivery Website - Copy\Food Delivery Website - Copy\conf\Catalina\localhost\ROOT.xml]
06-May-2025 01:27:45.103 INFO [main] org.apache.catalina.startup.HostConfig.deployDescriptor Deployment of deployment descriptor [C:\Users\msi\Downloads\Food Delivery Website - Copy\Food Delivery Website - Copy\conf\Catalina\localhost\ROOT.xml] has finished in [336] ms
06-May-2025 01:27:45.114 INFO [main] org.apache.catalina.startup.Catalina.start Server startup in [414] milliseconds
06-May-2025 01:27:45.120 SEVERE [main] org.apache.catalina.core.StandardServer.await Failed to create server shutdown socket on address [localhost] and port [8005] (base port [8005] and offset [0])
	java.net.BindException: Address already in use: bind
		at java.base/sun.nio.ch.Net.bind0(Native Method)
		at java.base/sun.nio.ch.Net.bind(Net.java:511)
		at java.base/sun.nio.ch.Net.bind(Net.java:500)
		at java.base/sun.nio.ch.NioSocketImpl.bind(NioSocketImpl.java:630)
		at java.base/java.net.ServerSocket.bind(ServerSocket.java:326)
		at java.base/java.net.ServerSocket.<init>(ServerSocket.java:222)
		at org.apache.catalina.core.StandardServer.await(StandardServer.java:532)
		at org.apache.catalina.startup.Catalina.await(Catalina.java:849)
		at org.apache.catalina.startup.Catalina.start(Catalina.java:797)
		at java.base/jdk.internal.reflect.DirectMethodHandleAccessor.invoke(DirectMethodHandleAccessor.java:104)
		at java.base/java.lang.reflect.Method.invoke(Method.java:565)
		at org.apache.catalina.startup.Bootstrap.start(Bootstrap.java:342)
		at org.apache.catalina.startup.Bootstrap.main(Bootstrap.java:470)
06-May-2025 01:27:45.121 INFO [main] org.apache.coyote.AbstractProtocol.pause Pausing ProtocolHandler ["http-nio-8080"]
06-May-2025 01:27:45.121 INFO [main] org.apache.catalina.core.StandardService.stopInternal Stopping service [Catalina]
06-May-2025 01:27:45.127 INFO [main] org.apache.coyote.AbstractProtocol.stop Stopping ProtocolHandler ["http-nio-8080"]
06-May-2025 01:27:45.128 INFO [main] org.apache.coyote.AbstractProtocol.destroy Destroying ProtocolHandler ["http-nio-8080"]
06-May-2025 01:27:54.587 INFO [Catalina-utility-2] org.apache.catalina.startup.HostConfig.undeploy Undeploying context []
06-May-2025 01:27:54.595 INFO [Catalina-utility-2] org.apache.catalina.startup.HostConfig.deployDescriptor Deploying deployment descriptor [C:\Users\msi\Downloads\Food Delivery Website - Copy\Food Delivery Website - Copy\conf\Catalina\localhost\ROOT.xml]
06-May-2025 01:27:54.626 INFO [Catalina-utility-2] org.apache.catalina.startup.HostConfig.deployDescriptor Deployment of deployment descriptor [C:\Users\msi\Downloads\Food Delivery Website - Copy\Food Delivery Website - Copy\conf\Catalina\localhost\ROOT.xml] has finished in [31] ms
06-May-2025 01:28:00.120 INFO [main] org.apache.catalina.startup.VersionLoggerListener.log Server version name:   Apache Tomcat/11.0.5
06-May-2025 01:28:00.124 INFO [main] org.apache.catalina.startup.VersionLoggerListener.log Server built:          Feb 28 2025 15:54:41 UTC
06-May-2025 01:28:00.124 INFO [main] org.apache.catalina.startup.VersionLoggerListener.log Server version number: 11.0.5.0
06-May-2025 01:28:00.124 INFO [main] org.apache.catalina.startup.VersionLoggerListener.log OS Name:               Windows 11
06-May-2025 01:28:00.124 INFO [main] org.apache.catalina.startup.VersionLoggerListener.log OS Version:            10.0
06-May-2025 01:28:00.125 INFO [main] org.apache.catalina.startup.VersionLoggerListener.log Architecture:          amd64
06-May-2025 01:28:00.125 INFO [main] org.apache.catalina.startup.VersionLoggerListener.log Java Home:             C:\Users\msi\.jdks\openjdk-24
06-May-2025 01:28:00.125 INFO [main] org.apache.catalina.startup.VersionLoggerListener.log JVM Version:           24+36-3646
06-May-2025 01:28:00.125 INFO [main] org.apache.catalina.startup.VersionLoggerListener.log JVM Vendor:            Oracle Corporation
06-May-2025 01:28:00.125 INFO [main] org.apache.catalina.startup.VersionLoggerListener.log CATALINA_BASE:         C:\Users\msi\Downloads\Food Delivery Website - Copy\Food Delivery Website - Copy
06-May-2025 01:28:00.125 INFO [main] org.apache.catalina.startup.VersionLoggerListener.log CATALINA_HOME:         C:\Program Files\Apache Software Foundation\Tomcat 11.0
06-May-2025 01:28:00.152 INFO [main] org.apache.catalina.startup.VersionLoggerListener.log Command line argument: --add-opens=java.base/java.lang=ALL-UNNAMED
06-May-2025 01:28:00.152 INFO [main] org.apache.catalina.startup.VersionLoggerListener.log Command line argument: --add-opens=java.base/java.io=ALL-UNNAMED
06-May-2025 01:28:00.153 INFO [main] org.apache.catalina.startup.VersionLoggerListener.log Command line argument: --add-opens=java.base/java.util=ALL-UNNAMED
06-May-2025 01:28:00.154 INFO [main] org.apache.catalina.startup.VersionLoggerListener.log Command line argument: --add-opens=java.base/java.util.concurrent=ALL-UNNAMED
06-May-2025 01:28:00.154 INFO [main] org.apache.catalina.startup.VersionLoggerListener.log Command line argument: --add-opens=java.rmi/sun.rmi.transport=ALL-UNNAMED
06-May-2025 01:28:00.154 INFO [main] org.apache.catalina.startup.VersionLoggerListener.log Command line argument: -Dcatalina.home=C:\Program Files\Apache Software Foundation\Tomcat 11.0
06-May-2025 01:28:00.154 INFO [main] org.apache.catalina.startup.VersionLoggerListener.log Command line argument: -Dcatalina.base=C:\Users\msi\Downloads\Food Delivery Website - Copy\Food Delivery Website - Copy
06-May-2025 01:28:00.154 INFO [main] org.apache.catalina.startup.VersionLoggerListener.log Command line argument: -Djava.io.tmpdir=C:\Users\msi\Downloads\Food Delivery Website - Copy\Food Delivery Website - Copy\temp
06-May-2025 01:28:00.154 INFO [main] org.apache.catalina.startup.VersionLoggerListener.log Command line argument: -Djava.util.logging.config.file=C:\Users\msi\Downloads\Food Delivery Website - Copy\Food Delivery Website - Copy\conf\logging.properties
06-May-2025 01:28:00.155 INFO [main] org.apache.catalina.startup.VersionLoggerListener.log Command line argument: -Djava.util.logging.manager=org.apache.juli.ClassLoaderLogManager
06-May-2025 01:28:00.155 INFO [main] org.apache.catalina.startup.VersionLoggerListener.log Command line argument: -javaagent:C:\Users\msi\AppData\Local\JetBrains\IntelliJ IDEA 2024.3.5\lib\idea_rt.jar=61998
06-May-2025 01:28:00.155 INFO [main] org.apache.catalina.startup.VersionLoggerListener.log Command line argument: -Dfile.encoding=UTF-8
06-May-2025 01:28:00.155 INFO [main] org.apache.catalina.startup.VersionLoggerListener.log Command line argument: -Dsun.stdout.encoding=UTF-8
06-May-2025 01:28:00.155 INFO [main] org.apache.catalina.startup.VersionLoggerListener.log Command line argument: -Dsun.stderr.encoding=UTF-8
06-May-2025 01:28:00.162 INFO [main] org.apache.catalina.core.AprLifecycleListener.lifecycleEvent The Apache Tomcat Native library which allows using OpenSSL was not found on the java.library.path: [C:\Users\msi\.jdks\openjdk-24\bin;C:\WINDOWS\Sun\Java\bin;C:\WINDOWS\system32;C:\WINDOWS;C:\Program Files\Common Files\Oracle\Java\javapath;C:\WINDOWS\system32;C:\WINDOWS;C:\WINDOWS\System32\Wbem;C:\WINDOWS\System32\WindowsPowerShell\v1.0\;C:\WINDOWS\System32\OpenSSH\;C:\Program Files\NVIDIA Corporation\NVIDIA NvDLISR;C:\Program Files\Git\cmd;C:\Users\msi\AppData\Local\Microsoft\WindowsApps;C:\Users\msi\AppData\Local\Programs\Microsoft VS Code\bin;;.]
06-May-2025 01:28:00.611 INFO [main] org.apache.coyote.AbstractProtocol.init Initializing ProtocolHandler ["http-nio-8080"]
06-May-2025 01:28:00.618 SEVERE [main] org.apache.catalina.util.LifecycleBase.handleSubClassException Failed to initialize component [Connector["http-nio-8080"]]
	org.apache.catalina.LifecycleException: Protocol handler initialization failed
		at org.apache.catalina.connector.Connector.initInternal(Connector.java:1056)
		at org.apache.catalina.util.LifecycleBase.init(LifecycleBase.java:122)
		at org.apache.catalina.core.StandardService.initInternal(StandardService.java:525)
		at org.apache.catalina.util.LifecycleBase.init(LifecycleBase.java:122)
		at org.apache.catalina.core.StandardServer.initInternal(StandardServer.java:953)
		at org.apache.catalina.util.LifecycleBase.init(LifecycleBase.java:122)
		at org.apache.catalina.startup.Catalina.load(Catalina.java:710)
		at org.apache.catalina.startup.Catalina.load(Catalina.java:733)
		at java.base/jdk.internal.reflect.DirectMethodHandleAccessor.invoke(DirectMethodHandleAccessor.java:104)
		at java.base/java.lang.reflect.Method.invoke(Method.java:565)
		at org.apache.catalina.startup.Bootstrap.load(Bootstrap.java:299)
		at org.apache.catalina.startup.Bootstrap.main(Bootstrap.java:469)
	Caused by: java.net.BindException: Address already in use: bind
		at java.base/sun.nio.ch.Net.bind0(Native Method)
		at java.base/sun.nio.ch.Net.bind(Net.java:511)
		at java.base/sun.nio.ch.ServerSocketChannelImpl.netBind(ServerSocketChannelImpl.java:335)
		at java.base/sun.nio.ch.ServerSocketChannelImpl.bind(ServerSocketChannelImpl.java:297)
		at org.apache.tomcat.util.net.NioEndpoint.initServerSocket(NioEndpoint.java:240)
		at org.apache.tomcat.util.net.NioEndpoint.bind(NioEndpoint.java:195)
		at org.apache.tomcat.util.net.AbstractEndpoint.bindWithCleanup(AbstractEndpoint.java:1472)
		at org.apache.tomcat.util.net.AbstractEndpoint.init(AbstractEndpoint.java:1485)
		at org.apache.coyote.AbstractProtocol.init(AbstractProtocol.java:633)
		at org.apache.coyote.http11.AbstractHttp11Protocol.init(AbstractHttp11Protocol.java:83)
		at org.apache.catalina.connector.Connector.initInternal(Connector.java:1054)
		... 11 more
06-May-2025 01:28:00.619 INFO [main] org.apache.catalina.startup.Catalina.load Server initialization in [751] milliseconds
06-May-2025 01:28:00.665 INFO [main] org.apache.catalina.core.StandardService.startInternal Starting service [Catalina]
06-May-2025 01:28:00.666 INFO [main] org.apache.catalina.core.StandardEngine.startInternal Starting Servlet engine: [Apache Tomcat/11.0.5]
06-May-2025 01:28:00.675 INFO [main] org.apache.catalina.startup.HostConfig.deployDescriptor Deploying deployment descriptor [C:\Users\msi\Downloads\Food Delivery Website - Copy\Food Delivery Website - Copy\conf\Catalina\localhost\ROOT.xml]
06-May-2025 01:28:01.017 INFO [main] org.apache.catalina.startup.HostConfig.deployDescriptor Deployment of deployment descriptor [C:\Users\msi\Downloads\Food Delivery Website - Copy\Food Delivery Website - Copy\conf\Catalina\localhost\ROOT.xml] has finished in [342] ms
06-May-2025 01:28:01.030 INFO [main] org.apache.catalina.startup.Catalina.start Server startup in [409] milliseconds
06-May-2025 01:28:01.036 SEVERE [main] org.apache.catalina.core.StandardServer.await Failed to create server shutdown socket on address [localhost] and port [8005] (base port [8005] and offset [0])
	java.net.BindException: Address already in use: bind
		at java.base/sun.nio.ch.Net.bind0(Native Method)
		at java.base/sun.nio.ch.Net.bind(Net.java:511)
		at java.base/sun.nio.ch.Net.bind(Net.java:500)
		at java.base/sun.nio.ch.NioSocketImpl.bind(NioSocketImpl.java:630)
		at java.base/java.net.ServerSocket.bind(ServerSocket.java:326)
		at java.base/java.net.ServerSocket.<init>(ServerSocket.java:222)
		at org.apache.catalina.core.StandardServer.await(StandardServer.java:532)
		at org.apache.catalina.startup.Catalina.await(Catalina.java:849)
		at org.apache.catalina.startup.Catalina.start(Catalina.java:797)
		at java.base/jdk.internal.reflect.DirectMethodHandleAccessor.invoke(DirectMethodHandleAccessor.java:104)
		at java.base/java.lang.reflect.Method.invoke(Method.java:565)
		at org.apache.catalina.startup.Bootstrap.start(Bootstrap.java:342)
		at org.apache.catalina.startup.Bootstrap.main(Bootstrap.java:470)
06-May-2025 01:28:01.036 INFO [main] org.apache.coyote.AbstractProtocol.pause Pausing ProtocolHandler ["http-nio-8080"]
06-May-2025 01:28:01.037 INFO [main] org.apache.catalina.core.StandardService.stopInternal Stopping service [Catalina]
06-May-2025 01:28:01.045 INFO [main] org.apache.coyote.AbstractProtocol.stop Stopping ProtocolHandler ["http-nio-8080"]
06-May-2025 01:28:01.046 INFO [main] org.apache.coyote.AbstractProtocol.destroy Destroying ProtocolHandler ["http-nio-8080"]
06-May-2025 01:28:04.629 INFO [Catalina-utility-2] org.apache.catalina.startup.HostConfig.undeploy Undeploying context []
06-May-2025 01:28:04.641 INFO [Catalina-utility-2] org.apache.catalina.startup.HostConfig.deployDescriptor Deploying deployment descriptor [C:\Users\msi\Downloads\Food Delivery Website - Copy\Food Delivery Website - Copy\conf\Catalina\localhost\ROOT.xml]
06-May-2025 01:28:04.670 INFO [Catalina-utility-2] org.apache.catalina.startup.HostConfig.deployDescriptor Deployment of deployment descriptor [C:\Users\msi\Downloads\Food Delivery Website - Copy\Food Delivery Website - Copy\conf\Catalina\localhost\ROOT.xml] has finished in [30] ms
06-May-2025 01:29:18.671 INFO [main] org.apache.catalina.startup.VersionLoggerListener.log Server version name:   Apache Tomcat/11.0.5
06-May-2025 01:29:18.673 INFO [main] org.apache.catalina.startup.VersionLoggerListener.log Server built:          Feb 28 2025 15:54:41 UTC
06-May-2025 01:29:18.673 INFO [main] org.apache.catalina.startup.VersionLoggerListener.log Server version number: 11.0.5.0
06-May-2025 01:29:18.674 INFO [main] org.apache.catalina.startup.VersionLoggerListener.log OS Name:               Windows 11
06-May-2025 01:29:18.674 INFO [main] org.apache.catalina.startup.VersionLoggerListener.log OS Version:            10.0
06-May-2025 01:29:18.674 INFO [main] org.apache.catalina.startup.VersionLoggerListener.log Architecture:          amd64
06-May-2025 01:29:18.674 INFO [main] org.apache.catalina.startup.VersionLoggerListener.log Java Home:             C:\Users\msi\.jdks\openjdk-24
06-May-2025 01:29:18.674 INFO [main] org.apache.catalina.startup.VersionLoggerListener.log JVM Version:           24+36-3646
06-May-2025 01:29:18.674 INFO [main] org.apache.catalina.startup.VersionLoggerListener.log JVM Vendor:            Oracle Corporation
06-May-2025 01:29:18.674 INFO [main] org.apache.catalina.startup.VersionLoggerListener.log CATALINA_BASE:         C:\Users\msi\Downloads\Food Delivery Website - Copy\Food Delivery Website - Copy
06-May-2025 01:29:18.674 INFO [main] org.apache.catalina.startup.VersionLoggerListener.log CATALINA_HOME:         C:\Program Files\Apache Software Foundation\Tomcat 11.0
06-May-2025 01:29:18.681 INFO [main] org.apache.catalina.startup.VersionLoggerListener.log Command line argument: --add-opens=java.base/java.lang=ALL-UNNAMED
06-May-2025 01:29:18.681 INFO [main] org.apache.catalina.startup.VersionLoggerListener.log Command line argument: --add-opens=java.base/java.io=ALL-UNNAMED
06-May-2025 01:29:18.681 INFO [main] org.apache.catalina.startup.VersionLoggerListener.log Command line argument: --add-opens=java.base/java.util=ALL-UNNAMED
06-May-2025 01:29:18.681 INFO [main] org.apache.catalina.startup.VersionLoggerListener.log Command line argument: --add-opens=java.base/java.util.concurrent=ALL-UNNAMED
06-May-2025 01:29:18.681 INFO [main] org.apache.catalina.startup.VersionLoggerListener.log Command line argument: --add-opens=java.rmi/sun.rmi.transport=ALL-UNNAMED
06-May-2025 01:29:18.681 INFO [main] org.apache.catalina.startup.VersionLoggerListener.log Command line argument: -Dcatalina.home=C:\Program Files\Apache Software Foundation\Tomcat 11.0
06-May-2025 01:29:18.681 INFO [main] org.apache.catalina.startup.VersionLoggerListener.log Command line argument: -Dcatalina.base=C:\Users\msi\Downloads\Food Delivery Website - Copy\Food Delivery Website - Copy
06-May-2025 01:29:18.682 INFO [main] org.apache.catalina.startup.VersionLoggerListener.log Command line argument: -Djava.io.tmpdir=C:\Users\msi\Downloads\Food Delivery Website - Copy\Food Delivery Website - Copy\temp
06-May-2025 01:29:18.682 INFO [main] org.apache.catalina.startup.VersionLoggerListener.log Command line argument: -Djava.util.logging.config.file=C:\Users\msi\Downloads\Food Delivery Website - Copy\Food Delivery Website - Copy\conf\logging.properties
06-May-2025 01:29:18.682 INFO [main] org.apache.catalina.startup.VersionLoggerListener.log Command line argument: -Djava.util.logging.manager=org.apache.juli.ClassLoaderLogManager
06-May-2025 01:29:18.682 INFO [main] org.apache.catalina.startup.VersionLoggerListener.log Command line argument: -javaagent:C:\Users\msi\AppData\Local\JetBrains\IntelliJ IDEA 2024.3.5\lib\idea_rt.jar=62030
06-May-2025 01:29:18.682 INFO [main] org.apache.catalina.startup.VersionLoggerListener.log Command line argument: -Dfile.encoding=UTF-8
06-May-2025 01:29:18.682 INFO [main] org.apache.catalina.startup.VersionLoggerListener.log Command line argument: -Dsun.stdout.encoding=UTF-8
06-May-2025 01:29:18.682 INFO [main] org.apache.catalina.startup.VersionLoggerListener.log Command line argument: -Dsun.stderr.encoding=UTF-8
06-May-2025 01:29:18.685 INFO [main] org.apache.catalina.core.AprLifecycleListener.lifecycleEvent The Apache Tomcat Native library which allows using OpenSSL was not found on the java.library.path: [C:\Users\msi\.jdks\openjdk-24\bin;C:\WINDOWS\Sun\Java\bin;C:\WINDOWS\system32;C:\WINDOWS;C:\Program Files\Common Files\Oracle\Java\javapath;C:\WINDOWS\system32;C:\WINDOWS;C:\WINDOWS\System32\Wbem;C:\WINDOWS\System32\WindowsPowerShell\v1.0\;C:\WINDOWS\System32\OpenSSH\;C:\Program Files\NVIDIA Corporation\NVIDIA NvDLISR;C:\Program Files\Git\cmd;C:\Users\msi\AppData\Local\Microsoft\WindowsApps;C:\Users\msi\AppData\Local\Programs\Microsoft VS Code\bin;;.]
06-May-2025 01:29:18.920 INFO [main] org.apache.coyote.AbstractProtocol.init Initializing ProtocolHandler ["http-nio-8080"]
06-May-2025 01:29:18.931 SEVERE [main] org.apache.catalina.util.LifecycleBase.handleSubClassException Failed to initialize component [Connector["http-nio-8080"]]
	org.apache.catalina.LifecycleException: Protocol handler initialization failed
		at org.apache.catalina.connector.Connector.initInternal(Connector.java:1056)
		at org.apache.catalina.util.LifecycleBase.init(LifecycleBase.java:122)
		at org.apache.catalina.core.StandardService.initInternal(StandardService.java:525)
		at org.apache.catalina.util.LifecycleBase.init(LifecycleBase.java:122)
		at org.apache.catalina.core.StandardServer.initInternal(StandardServer.java:953)
		at org.apache.catalina.util.LifecycleBase.init(LifecycleBase.java:122)
		at org.apache.catalina.startup.Catalina.load(Catalina.java:710)
		at org.apache.catalina.startup.Catalina.load(Catalina.java:733)
		at java.base/jdk.internal.reflect.DirectMethodHandleAccessor.invoke(DirectMethodHandleAccessor.java:104)
		at java.base/java.lang.reflect.Method.invoke(Method.java:565)
		at org.apache.catalina.startup.Bootstrap.load(Bootstrap.java:299)
		at org.apache.catalina.startup.Bootstrap.main(Bootstrap.java:469)
	Caused by: java.net.BindException: Address already in use: bind
		at java.base/sun.nio.ch.Net.bind0(Native Method)
		at java.base/sun.nio.ch.Net.bind(Net.java:511)
		at java.base/sun.nio.ch.ServerSocketChannelImpl.netBind(ServerSocketChannelImpl.java:335)
		at java.base/sun.nio.ch.ServerSocketChannelImpl.bind(ServerSocketChannelImpl.java:297)
		at org.apache.tomcat.util.net.NioEndpoint.initServerSocket(NioEndpoint.java:240)
		at org.apache.tomcat.util.net.NioEndpoint.bind(NioEndpoint.java:195)
		at org.apache.tomcat.util.net.AbstractEndpoint.bindWithCleanup(AbstractEndpoint.java:1472)
		at org.apache.tomcat.util.net.AbstractEndpoint.init(AbstractEndpoint.java:1485)
		at org.apache.coyote.AbstractProtocol.init(AbstractProtocol.java:633)
		at org.apache.coyote.http11.AbstractHttp11Protocol.init(AbstractHttp11Protocol.java:83)
		at org.apache.catalina.connector.Connector.initInternal(Connector.java:1054)
		... 11 more
06-May-2025 01:29:18.933 INFO [main] org.apache.catalina.startup.Catalina.load Server initialization in [424] milliseconds
06-May-2025 01:29:18.997 INFO [main] org.apache.catalina.core.StandardService.startInternal Starting service [Catalina]
06-May-2025 01:29:18.997 INFO [main] org.apache.catalina.core.StandardEngine.startInternal Starting Servlet engine: [Apache Tomcat/11.0.5]
06-May-2025 01:29:19.007 INFO [main] org.apache.catalina.startup.HostConfig.deployDescriptor Deploying deployment descriptor [C:\Users\msi\Downloads\Food Delivery Website - Copy\Food Delivery Website - Copy\conf\Catalina\localhost\ROOT.xml]
06-May-2025 01:29:19.357 INFO [main] org.apache.catalina.startup.HostConfig.deployDescriptor Deployment of deployment descriptor [C:\Users\msi\Downloads\Food Delivery Website - Copy\Food Delivery Website - Copy\conf\Catalina\localhost\ROOT.xml] has finished in [349] ms
06-May-2025 01:29:19.369 INFO [main] org.apache.catalina.startup.Catalina.start Server startup in [433] milliseconds
06-May-2025 01:29:19.375 SEVERE [main] org.apache.catalina.core.StandardServer.await Failed to create server shutdown socket on address [localhost] and port [8005] (base port [8005] and offset [0])
	java.net.BindException: Address already in use: bind
		at java.base/sun.nio.ch.Net.bind0(Native Method)
		at java.base/sun.nio.ch.Net.bind(Net.java:511)
		at java.base/sun.nio.ch.Net.bind(Net.java:500)
		at java.base/sun.nio.ch.NioSocketImpl.bind(NioSocketImpl.java:630)
		at java.base/java.net.ServerSocket.bind(ServerSocket.java:326)
		at java.base/java.net.ServerSocket.<init>(ServerSocket.java:222)
		at org.apache.catalina.core.StandardServer.await(StandardServer.java:532)
		at org.apache.catalina.startup.Catalina.await(Catalina.java:849)
		at org.apache.catalina.startup.Catalina.start(Catalina.java:797)
		at java.base/jdk.internal.reflect.DirectMethodHandleAccessor.invoke(DirectMethodHandleAccessor.java:104)
		at java.base/java.lang.reflect.Method.invoke(Method.java:565)
		at org.apache.catalina.startup.Bootstrap.start(Bootstrap.java:342)
		at org.apache.catalina.startup.Bootstrap.main(Bootstrap.java:470)
06-May-2025 01:29:19.376 INFO [main] org.apache.coyote.AbstractProtocol.pause Pausing ProtocolHandler ["http-nio-8080"]
06-May-2025 01:29:19.376 INFO [main] org.apache.catalina.core.StandardService.stopInternal Stopping service [Catalina]
06-May-2025 01:29:19.383 INFO [main] org.apache.coyote.AbstractProtocol.stop Stopping ProtocolHandler ["http-nio-8080"]
06-May-2025 01:29:19.383 INFO [main] org.apache.coyote.AbstractProtocol.destroy Destroying ProtocolHandler ["http-nio-8080"]
06-May-2025 01:29:24.715 INFO [Catalina-utility-2] org.apache.catalina.startup.HostConfig.undeploy Undeploying context []
06-May-2025 01:29:24.747 INFO [Catalina-utility-2] org.apache.catalina.startup.HostConfig.deployDescriptor Deploying deployment descriptor [C:\Users\msi\Downloads\Food Delivery Website - Copy\Food Delivery Website - Copy\conf\Catalina\localhost\ROOT.xml]
06-May-2025 01:29:24.846 INFO [Catalina-utility-2] org.apache.catalina.startup.HostConfig.deployDescriptor Deployment of deployment descriptor [C:\Users\msi\Downloads\Food Delivery Website - Copy\Food Delivery Website - Copy\conf\Catalina\localhost\ROOT.xml] has finished in [98] ms
06-May-2025 01:29:57.065 INFO [main] org.apache.catalina.startup.VersionLoggerListener.log Server version name:   Apache Tomcat/11.0.5
06-May-2025 01:29:57.068 INFO [main] org.apache.catalina.startup.VersionLoggerListener.log Server built:          Feb 28 2025 15:54:41 UTC
06-May-2025 01:29:57.068 INFO [main] org.apache.catalina.startup.VersionLoggerListener.log Server version number: 11.0.5.0
06-May-2025 01:29:57.068 INFO [main] org.apache.catalina.startup.VersionLoggerListener.log OS Name:               Windows 11
06-May-2025 01:29:57.068 INFO [main] org.apache.catalina.startup.VersionLoggerListener.log OS Version:            10.0
06-May-2025 01:29:57.068 INFO [main] org.apache.catalina.startup.VersionLoggerListener.log Architecture:          amd64
06-May-2025 01:29:57.069 INFO [main] org.apache.catalina.startup.VersionLoggerListener.log Java Home:             C:\Users\msi\.jdks\openjdk-24
06-May-2025 01:29:57.069 INFO [main] org.apache.catalina.startup.VersionLoggerListener.log JVM Version:           24+36-3646
06-May-2025 01:29:57.069 INFO [main] org.apache.catalina.startup.VersionLoggerListener.log JVM Vendor:            Oracle Corporation
06-May-2025 01:29:57.069 INFO [main] org.apache.catalina.startup.VersionLoggerListener.log CATALINA_BASE:         C:\Users\msi\Downloads\Food Delivery Website - Copy\Food Delivery Website - Copy
06-May-2025 01:29:57.069 INFO [main] org.apache.catalina.startup.VersionLoggerListener.log CATALINA_HOME:         C:\Program Files\Apache Software Foundation\Tomcat 11.0
06-May-2025 01:29:57.082 INFO [main] org.apache.catalina.startup.VersionLoggerListener.log Command line argument: --add-opens=java.base/java.lang=ALL-UNNAMED
06-May-2025 01:29:57.082 INFO [main] org.apache.catalina.startup.VersionLoggerListener.log Command line argument: --add-opens=java.base/java.io=ALL-UNNAMED
06-May-2025 01:29:57.082 INFO [main] org.apache.catalina.startup.VersionLoggerListener.log Command line argument: --add-opens=java.base/java.util=ALL-UNNAMED
06-May-2025 01:29:57.082 INFO [main] org.apache.catalina.startup.VersionLoggerListener.log Command line argument: --add-opens=java.base/java.util.concurrent=ALL-UNNAMED
06-May-2025 01:29:57.082 INFO [main] org.apache.catalina.startup.VersionLoggerListener.log Command line argument: --add-opens=java.rmi/sun.rmi.transport=ALL-UNNAMED
06-May-2025 01:29:57.082 INFO [main] org.apache.catalina.startup.VersionLoggerListener.log Command line argument: -Dcatalina.home=C:\Program Files\Apache Software Foundation\Tomcat 11.0
06-May-2025 01:29:57.083 INFO [main] org.apache.catalina.startup.VersionLoggerListener.log Command line argument: -Dcatalina.base=C:\Users\msi\Downloads\Food Delivery Website - Copy\Food Delivery Website - Copy
06-May-2025 01:29:57.083 INFO [main] org.apache.catalina.startup.VersionLoggerListener.log Command line argument: -Djava.io.tmpdir=C:\Users\msi\Downloads\Food Delivery Website - Copy\Food Delivery Website - Copy\temp
06-May-2025 01:29:57.083 INFO [main] org.apache.catalina.startup.VersionLoggerListener.log Command line argument: -Djava.util.logging.config.file=C:\Users\msi\Downloads\Food Delivery Website - Copy\Food Delivery Website - Copy\conf\logging.properties
06-May-2025 01:29:57.083 INFO [main] org.apache.catalina.startup.VersionLoggerListener.log Command line argument: -Djava.util.logging.manager=org.apache.juli.ClassLoaderLogManager
06-May-2025 01:29:57.083 INFO [main] org.apache.catalina.startup.VersionLoggerListener.log Command line argument: -javaagent:C:\Users\msi\AppData\Local\JetBrains\IntelliJ IDEA 2024.3.5\lib\idea_rt.jar=62071
06-May-2025 01:29:57.083 INFO [main] org.apache.catalina.startup.VersionLoggerListener.log Command line argument: -Dfile.encoding=UTF-8
06-May-2025 01:29:57.084 INFO [main] org.apache.catalina.startup.VersionLoggerListener.log Command line argument: -Dsun.stdout.encoding=UTF-8
06-May-2025 01:29:57.084 INFO [main] org.apache.catalina.startup.VersionLoggerListener.log Command line argument: -Dsun.stderr.encoding=UTF-8
06-May-2025 01:29:57.090 INFO [main] org.apache.catalina.core.AprLifecycleListener.lifecycleEvent The Apache Tomcat Native library which allows using OpenSSL was not found on the java.library.path: [C:\Users\msi\.jdks\openjdk-24\bin;C:\WINDOWS\Sun\Java\bin;C:\WINDOWS\system32;C:\WINDOWS;C:\Program Files\Common Files\Oracle\Java\javapath;C:\WINDOWS\system32;C:\WINDOWS;C:\WINDOWS\System32\Wbem;C:\WINDOWS\System32\WindowsPowerShell\v1.0\;C:\WINDOWS\System32\OpenSSH\;C:\Program Files\NVIDIA Corporation\NVIDIA NvDLISR;C:\Program Files\Git\cmd;C:\Users\msi\AppData\Local\Microsoft\WindowsApps;C:\Users\msi\AppData\Local\Programs\Microsoft VS Code\bin;;.]
06-May-2025 01:29:57.919 INFO [main] org.apache.coyote.AbstractProtocol.init Initializing ProtocolHandler ["http-nio-8080"]
06-May-2025 01:29:57.933 SEVERE [main] org.apache.catalina.util.LifecycleBase.handleSubClassException Failed to initialize component [Connector["http-nio-8080"]]
	org.apache.catalina.LifecycleException: Protocol handler initialization failed
		at org.apache.catalina.connector.Connector.initInternal(Connector.java:1056)
		at org.apache.catalina.util.LifecycleBase.init(LifecycleBase.java:122)
		at org.apache.catalina.core.StandardService.initInternal(StandardService.java:525)
		at org.apache.catalina.util.LifecycleBase.init(LifecycleBase.java:122)
		at org.apache.catalina.core.StandardServer.initInternal(StandardServer.java:953)
		at org.apache.catalina.util.LifecycleBase.init(LifecycleBase.java:122)
		at org.apache.catalina.startup.Catalina.load(Catalina.java:710)
		at org.apache.catalina.startup.Catalina.load(Catalina.java:733)
		at java.base/jdk.internal.reflect.DirectMethodHandleAccessor.invoke(DirectMethodHandleAccessor.java:104)
		at java.base/java.lang.reflect.Method.invoke(Method.java:565)
		at org.apache.catalina.startup.Bootstrap.load(Bootstrap.java:299)
		at org.apache.catalina.startup.Bootstrap.main(Bootstrap.java:469)
	Caused by: java.net.BindException: Address already in use: bind
		at java.base/sun.nio.ch.Net.bind0(Native Method)
		at java.base/sun.nio.ch.Net.bind(Net.java:511)
		at java.base/sun.nio.ch.ServerSocketChannelImpl.netBind(ServerSocketChannelImpl.java:335)
		at java.base/sun.nio.ch.ServerSocketChannelImpl.bind(ServerSocketChannelImpl.java:297)
		at org.apache.tomcat.util.net.NioEndpoint.initServerSocket(NioEndpoint.java:240)
		at org.apache.tomcat.util.net.NioEndpoint.bind(NioEndpoint.java:195)
		at org.apache.tomcat.util.net.AbstractEndpoint.bindWithCleanup(AbstractEndpoint.java:1472)
		at org.apache.tomcat.util.net.AbstractEndpoint.init(AbstractEndpoint.java:1485)
		at org.apache.coyote.AbstractProtocol.init(AbstractProtocol.java:633)
		at org.apache.coyote.http11.AbstractHttp11Protocol.init(AbstractHttp11Protocol.java:83)
		at org.apache.catalina.connector.Connector.initInternal(Connector.java:1054)
		... 11 more
06-May-2025 01:29:57.935 INFO [main] org.apache.catalina.startup.Catalina.load Server initialization in [1081] milliseconds
06-May-2025 01:29:58.086 INFO [main] org.apache.catalina.core.StandardService.startInternal Starting service [Catalina]
06-May-2025 01:29:58.086 INFO [main] org.apache.catalina.core.StandardEngine.startInternal Starting Servlet engine: [Apache Tomcat/11.0.5]
06-May-2025 01:29:58.141 INFO [main] org.apache.catalina.startup.HostConfig.deployDescriptor Deploying deployment descriptor [C:\Users\msi\Downloads\Food Delivery Website - Copy\Food Delivery Website - Copy\conf\Catalina\localhost\ROOT.xml]
06-May-2025 01:29:58.557 INFO [main] org.apache.catalina.startup.HostConfig.deployDescriptor Deployment of deployment descriptor [C:\Users\msi\Downloads\Food Delivery Website - Copy\Food Delivery Website - Copy\conf\Catalina\localhost\ROOT.xml] has finished in [415] ms
06-May-2025 01:29:58.575 INFO [main] org.apache.catalina.startup.Catalina.start Server startup in [636] milliseconds
06-May-2025 01:29:58.581 SEVERE [main] org.apache.catalina.core.StandardServer.await Failed to create server shutdown socket on address [localhost] and port [8005] (base port [8005] and offset [0])
	java.net.BindException: Address already in use: bind
		at java.base/sun.nio.ch.Net.bind0(Native Method)
		at java.base/sun.nio.ch.Net.bind(Net.java:511)
		at java.base/sun.nio.ch.Net.bind(Net.java:500)
		at java.base/sun.nio.ch.NioSocketImpl.bind(NioSocketImpl.java:630)
		at java.base/java.net.ServerSocket.bind(ServerSocket.java:326)
		at java.base/java.net.ServerSocket.<init>(ServerSocket.java:222)
		at org.apache.catalina.core.StandardServer.await(StandardServer.java:532)
		at org.apache.catalina.startup.Catalina.await(Catalina.java:849)
		at org.apache.catalina.startup.Catalina.start(Catalina.java:797)
		at java.base/jdk.internal.reflect.DirectMethodHandleAccessor.invoke(DirectMethodHandleAccessor.java:104)
		at java.base/java.lang.reflect.Method.invoke(Method.java:565)
		at org.apache.catalina.startup.Bootstrap.start(Bootstrap.java:342)
		at org.apache.catalina.startup.Bootstrap.main(Bootstrap.java:470)
06-May-2025 01:29:58.582 INFO [main] org.apache.coyote.AbstractProtocol.pause Pausing ProtocolHandler ["http-nio-8080"]
06-May-2025 01:29:58.583 INFO [main] org.apache.catalina.core.StandardService.stopInternal Stopping service [Catalina]
06-May-2025 01:29:58.592 INFO [main] org.apache.coyote.AbstractProtocol.stop Stopping ProtocolHandler ["http-nio-8080"]
06-May-2025 01:29:58.593 INFO [main] org.apache.coyote.AbstractProtocol.destroy Destroying ProtocolHandler ["http-nio-8080"]
06-May-2025 01:30:04.866 INFO [Catalina-utility-1] org.apache.catalina.startup.HostConfig.undeploy Undeploying context []
06-May-2025 01:30:04.915 INFO [Catalina-utility-1] org.apache.catalina.startup.HostConfig.deployDescriptor Deploying deployment descriptor [C:\Users\msi\Downloads\Food Delivery Website - Copy\Food Delivery Website - Copy\conf\Catalina\localhost\ROOT.xml]
06-May-2025 01:30:05.166 INFO [Catalina-utility-1] org.apache.catalina.startup.HostConfig.deployDescriptor Deployment of deployment descriptor [C:\Users\msi\Downloads\Food Delivery Website - Copy\Food Delivery Website - Copy\conf\Catalina\localhost\ROOT.xml] has finished in [249] ms
06-May-2025 01:31:14.670 INFO [main] org.apache.catalina.startup.VersionLoggerListener.log Server version name:   Apache Tomcat/11.0.5
06-May-2025 01:31:14.674 INFO [main] org.apache.catalina.startup.VersionLoggerListener.log Server built:          Feb 28 2025 15:54:41 UTC
06-May-2025 01:31:14.675 INFO [main] org.apache.catalina.startup.VersionLoggerListener.log Server version number: 11.0.5.0
06-May-2025 01:31:14.675 INFO [main] org.apache.catalina.startup.VersionLoggerListener.log OS Name:               Windows 11
06-May-2025 01:31:14.675 INFO [main] org.apache.catalina.startup.VersionLoggerListener.log OS Version:            10.0
06-May-2025 01:31:14.675 INFO [main] org.apache.catalina.startup.VersionLoggerListener.log Architecture:          amd64
06-May-2025 01:31:14.680 INFO [main] org.apache.catalina.startup.VersionLoggerListener.log Java Home:             C:\Users\msi\.jdks\openjdk-24
06-May-2025 01:31:14.682 INFO [main] org.apache.catalina.startup.VersionLoggerListener.log JVM Version:           24+36-3646
06-May-2025 01:31:14.683 INFO [main] org.apache.catalina.startup.VersionLoggerListener.log JVM Vendor:            Oracle Corporation
06-May-2025 01:31:14.683 INFO [main] org.apache.catalina.startup.VersionLoggerListener.log CATALINA_BASE:         C:\Users\msi\Downloads\Food Delivery Website - Copy\Food Delivery Website - Copy
06-May-2025 01:31:14.683 INFO [main] org.apache.catalina.startup.VersionLoggerListener.log CATALINA_HOME:         C:\Program Files\Apache Software Foundation\Tomcat 11.0
06-May-2025 01:31:14.702 INFO [main] org.apache.catalina.startup.VersionLoggerListener.log Command line argument: --add-opens=java.base/java.lang=ALL-UNNAMED
06-May-2025 01:31:14.702 INFO [main] org.apache.catalina.startup.VersionLoggerListener.log Command line argument: --add-opens=java.base/java.io=ALL-UNNAMED
06-May-2025 01:31:14.702 INFO [main] org.apache.catalina.startup.VersionLoggerListener.log Command line argument: --add-opens=java.base/java.util=ALL-UNNAMED
06-May-2025 01:31:14.702 INFO [main] org.apache.catalina.startup.VersionLoggerListener.log Command line argument: --add-opens=java.base/java.util.concurrent=ALL-UNNAMED
06-May-2025 01:31:14.702 INFO [main] org.apache.catalina.startup.VersionLoggerListener.log Command line argument: --add-opens=java.rmi/sun.rmi.transport=ALL-UNNAMED
06-May-2025 01:31:14.702 INFO [main] org.apache.catalina.startup.VersionLoggerListener.log Command line argument: -Dcatalina.home=C:\Program Files\Apache Software Foundation\Tomcat 11.0
06-May-2025 01:31:14.702 INFO [main] org.apache.catalina.startup.VersionLoggerListener.log Command line argument: -Dcatalina.base=C:\Users\msi\Downloads\Food Delivery Website - Copy\Food Delivery Website - Copy
06-May-2025 01:31:14.702 INFO [main] org.apache.catalina.startup.VersionLoggerListener.log Command line argument: -Djava.io.tmpdir=C:\Users\msi\Downloads\Food Delivery Website - Copy\Food Delivery Website - Copy\temp
06-May-2025 01:31:14.702 INFO [main] org.apache.catalina.startup.VersionLoggerListener.log Command line argument: -Djava.util.logging.config.file=C:\Users\msi\Downloads\Food Delivery Website - Copy\Food Delivery Website - Copy\conf\logging.properties
06-May-2025 01:31:14.702 INFO [main] org.apache.catalina.startup.VersionLoggerListener.log Command line argument: -Djava.util.logging.manager=org.apache.juli.ClassLoaderLogManager
06-May-2025 01:31:14.703 INFO [main] org.apache.catalina.startup.VersionLoggerListener.log Command line argument: -javaagent:C:\Users\msi\AppData\Local\JetBrains\IntelliJ IDEA 2024.3.5\lib\idea_rt.jar=62116
06-May-2025 01:31:14.703 INFO [main] org.apache.catalina.startup.VersionLoggerListener.log Command line argument: -Dfile.encoding=UTF-8
06-May-2025 01:31:14.703 INFO [main] org.apache.catalina.startup.VersionLoggerListener.log Command line argument: -Dsun.stdout.encoding=UTF-8
06-May-2025 01:31:14.703 INFO [main] org.apache.catalina.startup.VersionLoggerListener.log Command line argument: -Dsun.stderr.encoding=UTF-8
06-May-2025 01:31:14.706 INFO [main] org.apache.catalina.core.AprLifecycleListener.lifecycleEvent The Apache Tomcat Native library which allows using OpenSSL was not found on the java.library.path: [C:\Users\msi\.jdks\openjdk-24\bin;C:\WINDOWS\Sun\Java\bin;C:\WINDOWS\system32;C:\WINDOWS;C:\Program Files\Common Files\Oracle\Java\javapath;C:\WINDOWS\system32;C:\WINDOWS;C:\WINDOWS\System32\Wbem;C:\WINDOWS\System32\WindowsPowerShell\v1.0\;C:\WINDOWS\System32\OpenSSH\;C:\Program Files\NVIDIA Corporation\NVIDIA NvDLISR;C:\Program Files\Git\cmd;C:\Users\msi\AppData\Local\Microsoft\WindowsApps;C:\Users\msi\AppData\Local\Programs\Microsoft VS Code\bin;;.]
06-May-2025 01:31:15.138 INFO [main] org.apache.coyote.AbstractProtocol.init Initializing ProtocolHandler ["http-nio-8080"]
06-May-2025 01:31:15.151 SEVERE [main] org.apache.catalina.util.LifecycleBase.handleSubClassException Failed to initialize component [Connector["http-nio-8080"]]
	org.apache.catalina.LifecycleException: Protocol handler initialization failed
		at org.apache.catalina.connector.Connector.initInternal(Connector.java:1056)
		at org.apache.catalina.util.LifecycleBase.init(LifecycleBase.java:122)
		at org.apache.catalina.core.StandardService.initInternal(StandardService.java:525)
		at org.apache.catalina.util.LifecycleBase.init(LifecycleBase.java:122)
		at org.apache.catalina.core.StandardServer.initInternal(StandardServer.java:953)
		at org.apache.catalina.util.LifecycleBase.init(LifecycleBase.java:122)
		at org.apache.catalina.startup.Catalina.load(Catalina.java:710)
		at org.apache.catalina.startup.Catalina.load(Catalina.java:733)
		at java.base/jdk.internal.reflect.DirectMethodHandleAccessor.invoke(DirectMethodHandleAccessor.java:104)
		at java.base/java.lang.reflect.Method.invoke(Method.java:565)
		at org.apache.catalina.startup.Bootstrap.load(Bootstrap.java:299)
		at org.apache.catalina.startup.Bootstrap.main(Bootstrap.java:469)
	Caused by: java.net.BindException: Address already in use: bind
		at java.base/sun.nio.ch.Net.bind0(Native Method)
		at java.base/sun.nio.ch.Net.bind(Net.java:511)
		at java.base/sun.nio.ch.ServerSocketChannelImpl.netBind(ServerSocketChannelImpl.java:335)
		at java.base/sun.nio.ch.ServerSocketChannelImpl.bind(ServerSocketChannelImpl.java:297)
		at org.apache.tomcat.util.net.NioEndpoint.initServerSocket(NioEndpoint.java:240)
		at org.apache.tomcat.util.net.NioEndpoint.bind(NioEndpoint.java:195)
		at org.apache.tomcat.util.net.AbstractEndpoint.bindWithCleanup(AbstractEndpoint.java:1472)
		at org.apache.tomcat.util.net.AbstractEndpoint.init(AbstractEndpoint.java:1485)
		at org.apache.coyote.AbstractProtocol.init(AbstractProtocol.java:633)
		at org.apache.coyote.http11.AbstractHttp11Protocol.init(AbstractHttp11Protocol.java:83)
		at org.apache.catalina.connector.Connector.initInternal(Connector.java:1054)
		... 11 more
06-May-2025 01:31:15.152 INFO [main] org.apache.catalina.startup.Catalina.load Server initialization in [729] milliseconds
06-May-2025 01:31:15.233 INFO [main] org.apache.catalina.core.StandardService.startInternal Starting service [Catalina]
06-May-2025 01:31:15.233 INFO [main] org.apache.catalina.core.StandardEngine.startInternal Starting Servlet engine: [Apache Tomcat/11.0.5]
06-May-2025 01:31:15.244 INFO [main] org.apache.catalina.startup.HostConfig.deployDescriptor Deploying deployment descriptor [C:\Users\msi\Downloads\Food Delivery Website - Copy\Food Delivery Website - Copy\conf\Catalina\localhost\ROOT.xml]
06-May-2025 01:31:15.584 INFO [main] org.apache.catalina.startup.HostConfig.deployDescriptor Deployment of deployment descriptor [C:\Users\msi\Downloads\Food Delivery Website - Copy\Food Delivery Website - Copy\conf\Catalina\localhost\ROOT.xml] has finished in [339] ms
06-May-2025 01:31:15.596 INFO [main] org.apache.catalina.startup.Catalina.start Server startup in [438] milliseconds
06-May-2025 01:31:15.602 SEVERE [main] org.apache.catalina.core.StandardServer.await Failed to create server shutdown socket on address [localhost] and port [8005] (base port [8005] and offset [0])
	java.net.BindException: Address already in use: bind
		at java.base/sun.nio.ch.Net.bind0(Native Method)
		at java.base/sun.nio.ch.Net.bind(Net.java:511)
		at java.base/sun.nio.ch.Net.bind(Net.java:500)
		at java.base/sun.nio.ch.NioSocketImpl.bind(NioSocketImpl.java:630)
		at java.base/java.net.ServerSocket.bind(ServerSocket.java:326)
		at java.base/java.net.ServerSocket.<init>(ServerSocket.java:222)
		at org.apache.catalina.core.StandardServer.await(StandardServer.java:532)
		at org.apache.catalina.startup.Catalina.await(Catalina.java:849)
		at org.apache.catalina.startup.Catalina.start(Catalina.java:797)
		at java.base/jdk.internal.reflect.DirectMethodHandleAccessor.invoke(DirectMethodHandleAccessor.java:104)
		at java.base/java.lang.reflect.Method.invoke(Method.java:565)
		at org.apache.catalina.startup.Bootstrap.start(Bootstrap.java:342)
		at org.apache.catalina.startup.Bootstrap.main(Bootstrap.java:470)
06-May-2025 01:31:15.602 INFO [main] org.apache.coyote.AbstractProtocol.pause Pausing ProtocolHandler ["http-nio-8080"]
06-May-2025 01:31:15.602 INFO [main] org.apache.catalina.core.StandardService.stopInternal Stopping service [Catalina]
06-May-2025 01:31:15.610 INFO [main] org.apache.coyote.AbstractProtocol.stop Stopping ProtocolHandler ["http-nio-8080"]
06-May-2025 01:31:15.611 INFO [main] org.apache.coyote.AbstractProtocol.destroy Destroying ProtocolHandler ["http-nio-8080"]
06-May-2025 01:31:16.209 INFO [Catalina-utility-1] org.apache.catalina.startup.HostConfig.undeploy Undeploying context []
06-May-2025 01:31:16.215 INFO [Catalina-utility-1] org.apache.catalina.startup.HostConfig.deployDescriptor Deploying deployment descriptor [C:\Users\msi\Downloads\Food Delivery Website - Copy\Food Delivery Website - Copy\conf\Catalina\localhost\ROOT.xml]
06-May-2025 01:31:16.265 INFO [Catalina-utility-1] org.apache.catalina.startup.HostConfig.deployDescriptor Deployment of deployment descriptor [C:\Users\msi\Downloads\Food Delivery Website - Copy\Food Delivery Website - Copy\conf\Catalina\localhost\ROOT.xml] has finished in [49] ms
06-May-2025 01:33:12.542 INFO [main] org.apache.catalina.startup.VersionLoggerListener.log Server version name:   Apache Tomcat/11.0.5
06-May-2025 01:33:12.546 INFO [main] org.apache.catalina.startup.VersionLoggerListener.log Server built:          Feb 28 2025 15:54:41 UTC
06-May-2025 01:33:12.546 INFO [main] org.apache.catalina.startup.VersionLoggerListener.log Server version number: 11.0.5.0
06-May-2025 01:33:12.546 INFO [main] org.apache.catalina.startup.VersionLoggerListener.log OS Name:               Windows 11
06-May-2025 01:33:12.546 INFO [main] org.apache.catalina.startup.VersionLoggerListener.log OS Version:            10.0
06-May-2025 01:33:12.546 INFO [main] org.apache.catalina.startup.VersionLoggerListener.log Architecture:          amd64
06-May-2025 01:33:12.547 INFO [main] org.apache.catalina.startup.VersionLoggerListener.log Java Home:             C:\Users\msi\.jdks\openjdk-24
06-May-2025 01:33:12.547 INFO [main] org.apache.catalina.startup.VersionLoggerListener.log JVM Version:           24+36-3646
06-May-2025 01:33:12.547 INFO [main] org.apache.catalina.startup.VersionLoggerListener.log JVM Vendor:            Oracle Corporation
06-May-2025 01:33:12.547 INFO [main] org.apache.catalina.startup.VersionLoggerListener.log CATALINA_BASE:         C:\Users\msi\Downloads\Food Delivery Website - Copy\Food Delivery Website - Copy
06-May-2025 01:33:12.547 INFO [main] org.apache.catalina.startup.VersionLoggerListener.log CATALINA_HOME:         C:\Program Files\Apache Software Foundation\Tomcat 11.0
06-May-2025 01:33:12.555 INFO [main] org.apache.catalina.startup.VersionLoggerListener.log Command line argument: --add-opens=java.base/java.lang=ALL-UNNAMED
06-May-2025 01:33:12.555 INFO [main] org.apache.catalina.startup.VersionLoggerListener.log Command line argument: --add-opens=java.base/java.io=ALL-UNNAMED
06-May-2025 01:33:12.555 INFO [main] org.apache.catalina.startup.VersionLoggerListener.log Command line argument: --add-opens=java.base/java.util=ALL-UNNAMED
06-May-2025 01:33:12.555 INFO [main] org.apache.catalina.startup.VersionLoggerListener.log Command line argument: --add-opens=java.base/java.util.concurrent=ALL-UNNAMED
06-May-2025 01:33:12.555 INFO [main] org.apache.catalina.startup.VersionLoggerListener.log Command line argument: --add-opens=java.rmi/sun.rmi.transport=ALL-UNNAMED
06-May-2025 01:33:12.555 INFO [main] org.apache.catalina.startup.VersionLoggerListener.log Command line argument: -Dcatalina.home=C:\Program Files\Apache Software Foundation\Tomcat 11.0
06-May-2025 01:33:12.555 INFO [main] org.apache.catalina.startup.VersionLoggerListener.log Command line argument: -Dcatalina.base=C:\Users\msi\Downloads\Food Delivery Website - Copy\Food Delivery Website - Copy
06-May-2025 01:33:12.555 INFO [main] org.apache.catalina.startup.VersionLoggerListener.log Command line argument: -Djava.io.tmpdir=C:\Users\msi\Downloads\Food Delivery Website - Copy\Food Delivery Website - Copy\temp
06-May-2025 01:33:12.556 INFO [main] org.apache.catalina.startup.VersionLoggerListener.log Command line argument: -Djava.util.logging.config.file=C:\Users\msi\Downloads\Food Delivery Website - Copy\Food Delivery Website - Copy\conf\logging.properties
06-May-2025 01:33:12.556 INFO [main] org.apache.catalina.startup.VersionLoggerListener.log Command line argument: -Djava.util.logging.manager=org.apache.juli.ClassLoaderLogManager
06-May-2025 01:33:12.556 INFO [main] org.apache.catalina.startup.VersionLoggerListener.log Command line argument: -javaagent:C:\Users\msi\AppData\Local\JetBrains\IntelliJ IDEA 2024.3.5\lib\idea_rt.jar=62233
06-May-2025 01:33:12.556 INFO [main] org.apache.catalina.startup.VersionLoggerListener.log Command line argument: -Dfile.encoding=UTF-8
06-May-2025 01:33:12.556 INFO [main] org.apache.catalina.startup.VersionLoggerListener.log Command line argument: -Dsun.stdout.encoding=UTF-8
06-May-2025 01:33:12.556 INFO [main] org.apache.catalina.startup.VersionLoggerListener.log Command line argument: -Dsun.stderr.encoding=UTF-8
06-May-2025 01:33:12.559 INFO [main] org.apache.catalina.core.AprLifecycleListener.lifecycleEvent The Apache Tomcat Native library which allows using OpenSSL was not found on the java.library.path: [C:\Users\msi\.jdks\openjdk-24\bin;C:\WINDOWS\Sun\Java\bin;C:\WINDOWS\system32;C:\WINDOWS;C:\Program Files\Common Files\Oracle\Java\javapath;C:\WINDOWS\system32;C:\WINDOWS;C:\WINDOWS\System32\Wbem;C:\WINDOWS\System32\WindowsPowerShell\v1.0\;C:\WINDOWS\System32\OpenSSH\;C:\Program Files\NVIDIA Corporation\NVIDIA NvDLISR;C:\Program Files\Git\cmd;C:\Users\msi\AppData\Local\Microsoft\WindowsApps;C:\Users\msi\AppData\Local\Programs\Microsoft VS Code\bin;;.]
06-May-2025 01:33:12.788 INFO [main] org.apache.coyote.AbstractProtocol.init Initializing ProtocolHandler ["http-nio-8080"]
06-May-2025 01:33:12.797 SEVERE [main] org.apache.catalina.util.LifecycleBase.handleSubClassException Failed to initialize component [Connector["http-nio-8080"]]
	org.apache.catalina.LifecycleException: Protocol handler initialization failed
		at org.apache.catalina.connector.Connector.initInternal(Connector.java:1056)
		at org.apache.catalina.util.LifecycleBase.init(LifecycleBase.java:122)
		at org.apache.catalina.core.StandardService.initInternal(StandardService.java:525)
		at org.apache.catalina.util.LifecycleBase.init(LifecycleBase.java:122)
		at org.apache.catalina.core.StandardServer.initInternal(StandardServer.java:953)
		at org.apache.catalina.util.LifecycleBase.init(LifecycleBase.java:122)
		at org.apache.catalina.startup.Catalina.load(Catalina.java:710)
		at org.apache.catalina.startup.Catalina.load(Catalina.java:733)
		at java.base/jdk.internal.reflect.DirectMethodHandleAccessor.invoke(DirectMethodHandleAccessor.java:104)
		at java.base/java.lang.reflect.Method.invoke(Method.java:565)
		at org.apache.catalina.startup.Bootstrap.load(Bootstrap.java:299)
		at org.apache.catalina.startup.Bootstrap.main(Bootstrap.java:469)
	Caused by: java.net.BindException: Address already in use: bind
		at java.base/sun.nio.ch.Net.bind0(Native Method)
		at java.base/sun.nio.ch.Net.bind(Net.java:511)
		at java.base/sun.nio.ch.ServerSocketChannelImpl.netBind(ServerSocketChannelImpl.java:335)
		at java.base/sun.nio.ch.ServerSocketChannelImpl.bind(ServerSocketChannelImpl.java:297)
		at org.apache.tomcat.util.net.NioEndpoint.initServerSocket(NioEndpoint.java:240)
		at org.apache.tomcat.util.net.NioEndpoint.bind(NioEndpoint.java:195)
		at org.apache.tomcat.util.net.AbstractEndpoint.bindWithCleanup(AbstractEndpoint.java:1472)
		at org.apache.tomcat.util.net.AbstractEndpoint.init(AbstractEndpoint.java:1485)
		at org.apache.coyote.AbstractProtocol.init(AbstractProtocol.java:633)
		at org.apache.coyote.http11.AbstractHttp11Protocol.init(AbstractHttp11Protocol.java:83)
		at org.apache.catalina.connector.Connector.initInternal(Connector.java:1054)
		... 11 more
06-May-2025 01:33:12.798 INFO [main] org.apache.catalina.startup.Catalina.load Server initialization in [443] milliseconds
06-May-2025 01:33:12.858 INFO [main] org.apache.catalina.core.StandardService.startInternal Starting service [Catalina]
06-May-2025 01:33:12.859 INFO [main] org.apache.catalina.core.StandardEngine.startInternal Starting Servlet engine: [Apache Tomcat/11.0.5]
06-May-2025 01:33:12.872 INFO [main] org.apache.catalina.startup.HostConfig.deployDescriptor Deploying deployment descriptor [C:\Users\msi\Downloads\Food Delivery Website - Copy\Food Delivery Website - Copy\conf\Catalina\localhost\ROOT.xml]
06-May-2025 01:33:13.224 INFO [main] org.apache.catalina.startup.HostConfig.deployDescriptor Deployment of deployment descriptor [C:\Users\msi\Downloads\Food Delivery Website - Copy\Food Delivery Website - Copy\conf\Catalina\localhost\ROOT.xml] has finished in [350] ms
06-May-2025 01:33:13.241 INFO [main] org.apache.catalina.startup.Catalina.start Server startup in [439] milliseconds
06-May-2025 01:33:13.251 SEVERE [main] org.apache.catalina.core.StandardServer.await Failed to create server shutdown socket on address [localhost] and port [8005] (base port [8005] and offset [0])
	java.net.BindException: Address already in use: bind
		at java.base/sun.nio.ch.Net.bind0(Native Method)
		at java.base/sun.nio.ch.Net.bind(Net.java:511)
		at java.base/sun.nio.ch.Net.bind(Net.java:500)
		at java.base/sun.nio.ch.NioSocketImpl.bind(NioSocketImpl.java:630)
		at java.base/java.net.ServerSocket.bind(ServerSocket.java:326)
		at java.base/java.net.ServerSocket.<init>(ServerSocket.java:222)
		at org.apache.catalina.core.StandardServer.await(StandardServer.java:532)
		at org.apache.catalina.startup.Catalina.await(Catalina.java:849)
		at org.apache.catalina.startup.Catalina.start(Catalina.java:797)
		at java.base/jdk.internal.reflect.DirectMethodHandleAccessor.invoke(DirectMethodHandleAccessor.java:104)
		at java.base/java.lang.reflect.Method.invoke(Method.java:565)
		at org.apache.catalina.startup.Bootstrap.start(Bootstrap.java:342)
		at org.apache.catalina.startup.Bootstrap.main(Bootstrap.java:470)
06-May-2025 01:33:13.251 INFO [main] org.apache.coyote.AbstractProtocol.pause Pausing ProtocolHandler ["http-nio-8080"]
06-May-2025 01:33:13.251 INFO [main] org.apache.catalina.core.StandardService.stopInternal Stopping service [Catalina]
06-May-2025 01:33:13.261 INFO [main] org.apache.coyote.AbstractProtocol.stop Stopping ProtocolHandler ["http-nio-8080"]
06-May-2025 01:33:13.262 INFO [main] org.apache.coyote.AbstractProtocol.destroy Destroying ProtocolHandler ["http-nio-8080"]
06-May-2025 01:33:16.312 INFO [Catalina-utility-1] org.apache.catalina.startup.HostConfig.undeploy Undeploying context []
06-May-2025 01:33:16.328 INFO [Catalina-utility-1] org.apache.catalina.startup.HostConfig.deployDescriptor Deploying deployment descriptor [C:\Users\msi\Downloads\Food Delivery Website - Copy\Food Delivery Website - Copy\conf\Catalina\localhost\ROOT.xml]
06-May-2025 01:33:16.368 INFO [Catalina-utility-1] org.apache.catalina.startup.HostConfig.deployDescriptor Deployment of deployment descriptor [C:\Users\msi\Downloads\Food Delivery Website - Copy\Food Delivery Website - Copy\conf\Catalina\localhost\ROOT.xml] has finished in [41] ms
06-May-2025 01:33:35.353 INFO [main] org.apache.catalina.startup.VersionLoggerListener.log Server version name:   Apache Tomcat/11.0.5
06-May-2025 01:33:35.355 INFO [main] org.apache.catalina.startup.VersionLoggerListener.log Server built:          Feb 28 2025 15:54:41 UTC
06-May-2025 01:33:35.355 INFO [main] org.apache.catalina.startup.VersionLoggerListener.log Server version number: 11.0.5.0
06-May-2025 01:33:35.356 INFO [main] org.apache.catalina.startup.VersionLoggerListener.log OS Name:               Windows 11
06-May-2025 01:33:35.356 INFO [main] org.apache.catalina.startup.VersionLoggerListener.log OS Version:            10.0
06-May-2025 01:33:35.356 INFO [main] org.apache.catalina.startup.VersionLoggerListener.log Architecture:          amd64
06-May-2025 01:33:35.356 INFO [main] org.apache.catalina.startup.VersionLoggerListener.log Java Home:             C:\Users\msi\.jdks\openjdk-24
06-May-2025 01:33:35.356 INFO [main] org.apache.catalina.startup.VersionLoggerListener.log JVM Version:           24+36-3646
06-May-2025 01:33:35.356 INFO [main] org.apache.catalina.startup.VersionLoggerListener.log JVM Vendor:            Oracle Corporation
06-May-2025 01:33:35.356 INFO [main] org.apache.catalina.startup.VersionLoggerListener.log CATALINA_BASE:         C:\Users\msi\Downloads\Food Delivery Website - Copy\Food Delivery Website - Copy
06-May-2025 01:33:35.357 INFO [main] org.apache.catalina.startup.VersionLoggerListener.log CATALINA_HOME:         C:\Program Files\Apache Software Foundation\Tomcat 11.0
06-May-2025 01:33:35.366 INFO [main] org.apache.catalina.startup.VersionLoggerListener.log Command line argument: --add-opens=java.base/java.lang=ALL-UNNAMED
06-May-2025 01:33:35.366 INFO [main] org.apache.catalina.startup.VersionLoggerListener.log Command line argument: --add-opens=java.base/java.io=ALL-UNNAMED
06-May-2025 01:33:35.366 INFO [main] org.apache.catalina.startup.VersionLoggerListener.log Command line argument: --add-opens=java.base/java.util=ALL-UNNAMED
06-May-2025 01:33:35.366 INFO [main] org.apache.catalina.startup.VersionLoggerListener.log Command line argument: --add-opens=java.base/java.util.concurrent=ALL-UNNAMED
06-May-2025 01:33:35.366 INFO [main] org.apache.catalina.startup.VersionLoggerListener.log Command line argument: --add-opens=java.rmi/sun.rmi.transport=ALL-UNNAMED
06-May-2025 01:33:35.366 INFO [main] org.apache.catalina.startup.VersionLoggerListener.log Command line argument: -Dcatalina.home=C:\Program Files\Apache Software Foundation\Tomcat 11.0
06-May-2025 01:33:35.366 INFO [main] org.apache.catalina.startup.VersionLoggerListener.log Command line argument: -Dcatalina.base=C:\Users\msi\Downloads\Food Delivery Website - Copy\Food Delivery Website - Copy
06-May-2025 01:33:35.366 INFO [main] org.apache.catalina.startup.VersionLoggerListener.log Command line argument: -Djava.io.tmpdir=C:\Users\msi\Downloads\Food Delivery Website - Copy\Food Delivery Website - Copy\temp
06-May-2025 01:33:35.366 INFO [main] org.apache.catalina.startup.VersionLoggerListener.log Command line argument: -Djava.util.logging.config.file=C:\Users\msi\Downloads\Food Delivery Website - Copy\Food Delivery Website - Copy\conf\logging.properties
06-May-2025 01:33:35.367 INFO [main] org.apache.catalina.startup.VersionLoggerListener.log Command line argument: -Djava.util.logging.manager=org.apache.juli.ClassLoaderLogManager
06-May-2025 01:33:35.367 INFO [main] org.apache.catalina.startup.VersionLoggerListener.log Command line argument: -javaagent:C:\Users\msi\AppData\Local\JetBrains\IntelliJ IDEA 2024.3.5\lib\idea_rt.jar=52273
06-May-2025 01:33:35.367 INFO [main] org.apache.catalina.startup.VersionLoggerListener.log Command line argument: -Dfile.encoding=UTF-8
06-May-2025 01:33:35.367 INFO [main] org.apache.catalina.startup.VersionLoggerListener.log Command line argument: -Dsun.stdout.encoding=UTF-8
06-May-2025 01:33:35.367 INFO [main] org.apache.catalina.startup.VersionLoggerListener.log Command line argument: -Dsun.stderr.encoding=UTF-8
06-May-2025 01:33:35.371 INFO [main] org.apache.catalina.core.AprLifecycleListener.lifecycleEvent The Apache Tomcat Native library which allows using OpenSSL was not found on the java.library.path: [C:\Users\msi\.jdks\openjdk-24\bin;C:\WINDOWS\Sun\Java\bin;C:\WINDOWS\system32;C:\WINDOWS;C:\Program Files\Common Files\Oracle\Java\javapath;C:\WINDOWS\system32;C:\WINDOWS;C:\WINDOWS\System32\Wbem;C:\WINDOWS\System32\WindowsPowerShell\v1.0\;C:\WINDOWS\System32\OpenSSH\;C:\Program Files\NVIDIA Corporation\NVIDIA NvDLISR;C:\Program Files\Git\cmd;C:\Users\msi\AppData\Local\Microsoft\WindowsApps;C:\Users\msi\AppData\Local\Programs\Microsoft VS Code\bin;;.]
06-May-2025 01:33:35.609 INFO [main] org.apache.coyote.AbstractProtocol.init Initializing ProtocolHandler ["http-nio-8080"]
06-May-2025 01:33:35.617 SEVERE [main] org.apache.catalina.util.LifecycleBase.handleSubClassException Failed to initialize component [Connector["http-nio-8080"]]
	org.apache.catalina.LifecycleException: Protocol handler initialization failed
		at org.apache.catalina.connector.Connector.initInternal(Connector.java:1056)
		at org.apache.catalina.util.LifecycleBase.init(LifecycleBase.java:122)
		at org.apache.catalina.core.StandardService.initInternal(StandardService.java:525)
		at org.apache.catalina.util.LifecycleBase.init(LifecycleBase.java:122)
		at org.apache.catalina.core.StandardServer.initInternal(StandardServer.java:953)
		at org.apache.catalina.util.LifecycleBase.init(LifecycleBase.java:122)
		at org.apache.catalina.startup.Catalina.load(Catalina.java:710)
		at org.apache.catalina.startup.Catalina.load(Catalina.java:733)
		at java.base/jdk.internal.reflect.DirectMethodHandleAccessor.invoke(DirectMethodHandleAccessor.java:104)
		at java.base/java.lang.reflect.Method.invoke(Method.java:565)
		at org.apache.catalina.startup.Bootstrap.load(Bootstrap.java:299)
		at org.apache.catalina.startup.Bootstrap.main(Bootstrap.java:469)
	Caused by: java.net.BindException: Address already in use: bind
		at java.base/sun.nio.ch.Net.bind0(Native Method)
		at java.base/sun.nio.ch.Net.bind(Net.java:511)
		at java.base/sun.nio.ch.ServerSocketChannelImpl.netBind(ServerSocketChannelImpl.java:335)
		at java.base/sun.nio.ch.ServerSocketChannelImpl.bind(ServerSocketChannelImpl.java:297)
		at org.apache.tomcat.util.net.NioEndpoint.initServerSocket(NioEndpoint.java:240)
		at org.apache.tomcat.util.net.NioEndpoint.bind(NioEndpoint.java:195)
		at org.apache.tomcat.util.net.AbstractEndpoint.bindWithCleanup(AbstractEndpoint.java:1472)
		at org.apache.tomcat.util.net.AbstractEndpoint.init(AbstractEndpoint.java:1485)
		at org.apache.coyote.AbstractProtocol.init(AbstractProtocol.java:633)
		at org.apache.coyote.http11.AbstractHttp11Protocol.init(AbstractHttp11Protocol.java:83)
		at org.apache.catalina.connector.Connector.initInternal(Connector.java:1054)
		... 11 more
06-May-2025 01:33:35.619 INFO [main] org.apache.catalina.startup.Catalina.load Server initialization in [481] milliseconds
06-May-2025 01:33:35.672 INFO [main] org.apache.catalina.core.StandardService.startInternal Starting service [Catalina]
06-May-2025 01:33:35.673 INFO [main] org.apache.catalina.core.StandardEngine.startInternal Starting Servlet engine: [Apache Tomcat/11.0.5]
06-May-2025 01:33:35.687 INFO [main] org.apache.catalina.startup.HostConfig.deployDescriptor Deploying deployment descriptor [C:\Users\msi\Downloads\Food Delivery Website - Copy\Food Delivery Website - Copy\conf\Catalina\localhost\ROOT.xml]
06-May-2025 01:33:36.014 INFO [main] org.apache.catalina.startup.HostConfig.deployDescriptor Deployment of deployment descriptor [C:\Users\msi\Downloads\Food Delivery Website - Copy\Food Delivery Website - Copy\conf\Catalina\localhost\ROOT.xml] has finished in [325] ms
06-May-2025 01:33:36.029 INFO [main] org.apache.catalina.startup.Catalina.start Server startup in [408] milliseconds
06-May-2025 01:33:36.034 SEVERE [main] org.apache.catalina.core.StandardServer.await Failed to create server shutdown socket on address [localhost] and port [8005] (base port [8005] and offset [0])
	java.net.BindException: Address already in use: bind
		at java.base/sun.nio.ch.Net.bind0(Native Method)
		at java.base/sun.nio.ch.Net.bind(Net.java:511)
		at java.base/sun.nio.ch.Net.bind(Net.java:500)
		at java.base/sun.nio.ch.NioSocketImpl.bind(NioSocketImpl.java:630)
		at java.base/java.net.ServerSocket.bind(ServerSocket.java:326)
		at java.base/java.net.ServerSocket.<init>(ServerSocket.java:222)
		at org.apache.catalina.core.StandardServer.await(StandardServer.java:532)
		at org.apache.catalina.startup.Catalina.await(Catalina.java:849)
		at org.apache.catalina.startup.Catalina.start(Catalina.java:797)
		at java.base/jdk.internal.reflect.DirectMethodHandleAccessor.invoke(DirectMethodHandleAccessor.java:104)
		at java.base/java.lang.reflect.Method.invoke(Method.java:565)
		at org.apache.catalina.startup.Bootstrap.start(Bootstrap.java:342)
		at org.apache.catalina.startup.Bootstrap.main(Bootstrap.java:470)
06-May-2025 01:33:36.035 INFO [main] org.apache.coyote.AbstractProtocol.pause Pausing ProtocolHandler ["http-nio-8080"]
06-May-2025 01:33:36.035 INFO [main] org.apache.catalina.core.StandardService.stopInternal Stopping service [Catalina]
06-May-2025 01:33:36.042 INFO [main] org.apache.coyote.AbstractProtocol.stop Stopping ProtocolHandler ["http-nio-8080"]
06-May-2025 01:33:36.043 INFO [main] org.apache.coyote.AbstractProtocol.destroy Destroying ProtocolHandler ["http-nio-8080"]
06-May-2025 01:33:36.379 INFO [Catalina-utility-2] org.apache.catalina.startup.HostConfig.undeploy Undeploying context []
06-May-2025 01:33:36.380 INFO [Catalina-utility-2] org.apache.catalina.core.StandardWrapper.unload Waiting for [1] instance(s) to be deallocated for Servlet [com.example.EditUserServlet]
06-May-2025 01:33:36.601 INFO [Catalina-utility-2] org.apache.catalina.startup.HostConfig.deployDescriptor Deploying deployment descriptor [C:\Users\msi\Downloads\Food Delivery Website - Copy\Food Delivery Website - Copy\conf\Catalina\localhost\ROOT.xml]
06-May-2025 01:33:36.645 INFO [Catalina-utility-2] org.apache.catalina.startup.HostConfig.deployDescriptor Deployment of deployment descriptor [C:\Users\msi\Downloads\Food Delivery Website - Copy\Food Delivery Website - Copy\conf\Catalina\localhost\ROOT.xml] has finished in [44] ms
06-May-2025 01:34:16.501 INFO [main] org.apache.catalina.startup.VersionLoggerListener.log Server version name:   Apache Tomcat/11.0.5
06-May-2025 01:34:16.506 INFO [main] org.apache.catalina.startup.VersionLoggerListener.log Server built:          Feb 28 2025 15:54:41 UTC
06-May-2025 01:34:16.506 INFO [main] org.apache.catalina.startup.VersionLoggerListener.log Server version number: 11.0.5.0
06-May-2025 01:34:16.506 INFO [main] org.apache.catalina.startup.VersionLoggerListener.log OS Name:               Windows 11
06-May-2025 01:34:16.506 INFO [main] org.apache.catalina.startup.VersionLoggerListener.log OS Version:            10.0
06-May-2025 01:34:16.507 INFO [main] org.apache.catalina.startup.VersionLoggerListener.log Architecture:          amd64
06-May-2025 01:34:16.507 INFO [main] org.apache.catalina.startup.VersionLoggerListener.log Java Home:             C:\Users\msi\.jdks\openjdk-24
06-May-2025 01:34:16.507 INFO [main] org.apache.catalina.startup.VersionLoggerListener.log JVM Version:           24+36-3646
06-May-2025 01:34:16.507 INFO [main] org.apache.catalina.startup.VersionLoggerListener.log JVM Vendor:            Oracle Corporation
06-May-2025 01:34:16.507 INFO [main] org.apache.catalina.startup.VersionLoggerListener.log CATALINA_BASE:         C:\Users\msi\Downloads\Food Delivery Website - Copy\Food Delivery Website - Copy
06-May-2025 01:34:16.507 INFO [main] org.apache.catalina.startup.VersionLoggerListener.log CATALINA_HOME:         C:\Program Files\Apache Software Foundation\Tomcat 11.0
06-May-2025 01:34:16.523 INFO [main] org.apache.catalina.startup.VersionLoggerListener.log Command line argument: --add-opens=java.base/java.lang=ALL-UNNAMED
06-May-2025 01:34:16.523 INFO [main] org.apache.catalina.startup.VersionLoggerListener.log Command line argument: --add-opens=java.base/java.io=ALL-UNNAMED
06-May-2025 01:34:16.524 INFO [main] org.apache.catalina.startup.VersionLoggerListener.log Command line argument: --add-opens=java.base/java.util=ALL-UNNAMED
06-May-2025 01:34:16.525 INFO [main] org.apache.catalina.startup.VersionLoggerListener.log Command line argument: --add-opens=java.base/java.util.concurrent=ALL-UNNAMED
06-May-2025 01:34:16.525 INFO [main] org.apache.catalina.startup.VersionLoggerListener.log Command line argument: --add-opens=java.rmi/sun.rmi.transport=ALL-UNNAMED
06-May-2025 01:34:16.525 INFO [main] org.apache.catalina.startup.VersionLoggerListener.log Command line argument: -Dcatalina.home=C:\Program Files\Apache Software Foundation\Tomcat 11.0
06-May-2025 01:34:16.525 INFO [main] org.apache.catalina.startup.VersionLoggerListener.log Command line argument: -Dcatalina.base=C:\Users\msi\Downloads\Food Delivery Website - Copy\Food Delivery Website - Copy
06-May-2025 01:34:16.525 INFO [main] org.apache.catalina.startup.VersionLoggerListener.log Command line argument: -Djava.io.tmpdir=C:\Users\msi\Downloads\Food Delivery Website - Copy\Food Delivery Website - Copy\temp
06-May-2025 01:34:16.526 INFO [main] org.apache.catalina.startup.VersionLoggerListener.log Command line argument: -Djava.util.logging.config.file=C:\Users\msi\Downloads\Food Delivery Website - Copy\Food Delivery Website - Copy\conf\logging.properties
06-May-2025 01:34:16.526 INFO [main] org.apache.catalina.startup.VersionLoggerListener.log Command line argument: -Djava.util.logging.manager=org.apache.juli.ClassLoaderLogManager
06-May-2025 01:34:16.526 INFO [main] org.apache.catalina.startup.VersionLoggerListener.log Command line argument: -javaagent:C:\Users\msi\AppData\Local\JetBrains\IntelliJ IDEA 2024.3.5\lib\idea_rt.jar=52293
06-May-2025 01:34:16.528 INFO [main] org.apache.catalina.startup.VersionLoggerListener.log Command line argument: -Dfile.encoding=UTF-8
06-May-2025 01:34:16.528 INFO [main] org.apache.catalina.startup.VersionLoggerListener.log Command line argument: -Dsun.stdout.encoding=UTF-8
06-May-2025 01:34:16.528 INFO [main] org.apache.catalina.startup.VersionLoggerListener.log Command line argument: -Dsun.stderr.encoding=UTF-8
06-May-2025 01:34:16.538 INFO [main] org.apache.catalina.core.AprLifecycleListener.lifecycleEvent The Apache Tomcat Native library which allows using OpenSSL was not found on the java.library.path: [C:\Users\msi\.jdks\openjdk-24\bin;C:\WINDOWS\Sun\Java\bin;C:\WINDOWS\system32;C:\WINDOWS;C:\Program Files\Common Files\Oracle\Java\javapath;C:\WINDOWS\system32;C:\WINDOWS;C:\WINDOWS\System32\Wbem;C:\WINDOWS\System32\WindowsPowerShell\v1.0\;C:\WINDOWS\System32\OpenSSH\;C:\Program Files\NVIDIA Corporation\NVIDIA NvDLISR;C:\Program Files\Git\cmd;C:\Users\msi\AppData\Local\Microsoft\WindowsApps;C:\Users\msi\AppData\Local\Programs\Microsoft VS Code\bin;;.]
06-May-2025 01:34:16.962 INFO [main] org.apache.coyote.AbstractProtocol.init Initializing ProtocolHandler ["http-nio-8080"]
06-May-2025 01:34:16.969 SEVERE [main] org.apache.catalina.util.LifecycleBase.handleSubClassException Failed to initialize component [Connector["http-nio-8080"]]
	org.apache.catalina.LifecycleException: Protocol handler initialization failed
		at org.apache.catalina.connector.Connector.initInternal(Connector.java:1056)
		at org.apache.catalina.util.LifecycleBase.init(LifecycleBase.java:122)
		at org.apache.catalina.core.StandardService.initInternal(StandardService.java:525)
		at org.apache.catalina.util.LifecycleBase.init(LifecycleBase.java:122)
		at org.apache.catalina.core.StandardServer.initInternal(StandardServer.java:953)
		at org.apache.catalina.util.LifecycleBase.init(LifecycleBase.java:122)
		at org.apache.catalina.startup.Catalina.load(Catalina.java:710)
		at org.apache.catalina.startup.Catalina.load(Catalina.java:733)
		at java.base/jdk.internal.reflect.DirectMethodHandleAccessor.invoke(DirectMethodHandleAccessor.java:104)
		at java.base/java.lang.reflect.Method.invoke(Method.java:565)
		at org.apache.catalina.startup.Bootstrap.load(Bootstrap.java:299)
		at org.apache.catalina.startup.Bootstrap.main(Bootstrap.java:469)
	Caused by: java.net.BindException: Address already in use: bind
		at java.base/sun.nio.ch.Net.bind0(Native Method)
		at java.base/sun.nio.ch.Net.bind(Net.java:511)
		at java.base/sun.nio.ch.ServerSocketChannelImpl.netBind(ServerSocketChannelImpl.java:335)
		at java.base/sun.nio.ch.ServerSocketChannelImpl.bind(ServerSocketChannelImpl.java:297)
		at org.apache.tomcat.util.net.NioEndpoint.initServerSocket(NioEndpoint.java:240)
		at org.apache.tomcat.util.net.NioEndpoint.bind(NioEndpoint.java:195)
		at org.apache.tomcat.util.net.AbstractEndpoint.bindWithCleanup(AbstractEndpoint.java:1472)
		at org.apache.tomcat.util.net.AbstractEndpoint.init(AbstractEndpoint.java:1485)
		at org.apache.coyote.AbstractProtocol.init(AbstractProtocol.java:633)
		at org.apache.coyote.http11.AbstractHttp11Protocol.init(AbstractHttp11Protocol.java:83)
		at org.apache.catalina.connector.Connector.initInternal(Connector.java:1054)
		... 11 more
06-May-2025 01:34:16.970 INFO [main] org.apache.catalina.startup.Catalina.load Server initialization in [680] milliseconds
06-May-2025 01:34:17.015 INFO [main] org.apache.catalina.core.StandardService.startInternal Starting service [Catalina]
06-May-2025 01:34:17.015 INFO [main] org.apache.catalina.core.StandardEngine.startInternal Starting Servlet engine: [Apache Tomcat/11.0.5]
06-May-2025 01:34:17.024 INFO [main] org.apache.catalina.startup.HostConfig.deployDescriptor Deploying deployment descriptor [C:\Users\msi\Downloads\Food Delivery Website - Copy\Food Delivery Website - Copy\conf\Catalina\localhost\ROOT.xml]
06-May-2025 01:34:17.336 INFO [main] org.apache.catalina.startup.HostConfig.deployDescriptor Deployment of deployment descriptor [C:\Users\msi\Downloads\Food Delivery Website - Copy\Food Delivery Website - Copy\conf\Catalina\localhost\ROOT.xml] has finished in [311] ms
06-May-2025 01:34:17.348 INFO [main] org.apache.catalina.startup.Catalina.start Server startup in [376] milliseconds
06-May-2025 01:34:17.353 SEVERE [main] org.apache.catalina.core.StandardServer.await Failed to create server shutdown socket on address [localhost] and port [8005] (base port [8005] and offset [0])
	java.net.BindException: Address already in use: bind
		at java.base/sun.nio.ch.Net.bind0(Native Method)
		at java.base/sun.nio.ch.Net.bind(Net.java:511)
		at java.base/sun.nio.ch.Net.bind(Net.java:500)
		at java.base/sun.nio.ch.NioSocketImpl.bind(NioSocketImpl.java:630)
		at java.base/java.net.ServerSocket.bind(ServerSocket.java:326)
		at java.base/java.net.ServerSocket.<init>(ServerSocket.java:222)
		at org.apache.catalina.core.StandardServer.await(StandardServer.java:532)
		at org.apache.catalina.startup.Catalina.await(Catalina.java:849)
		at org.apache.catalina.startup.Catalina.start(Catalina.java:797)
		at java.base/jdk.internal.reflect.DirectMethodHandleAccessor.invoke(DirectMethodHandleAccessor.java:104)
		at java.base/java.lang.reflect.Method.invoke(Method.java:565)
		at org.apache.catalina.startup.Bootstrap.start(Bootstrap.java:342)
		at org.apache.catalina.startup.Bootstrap.main(Bootstrap.java:470)
06-May-2025 01:34:17.354 INFO [main] org.apache.coyote.AbstractProtocol.pause Pausing ProtocolHandler ["http-nio-8080"]
06-May-2025 01:34:17.354 INFO [main] org.apache.catalina.core.StandardService.stopInternal Stopping service [Catalina]
06-May-2025 01:34:17.361 INFO [main] org.apache.coyote.AbstractProtocol.stop Stopping ProtocolHandler ["http-nio-8080"]
06-May-2025 01:34:17.362 INFO [main] org.apache.coyote.AbstractProtocol.destroy Destroying ProtocolHandler ["http-nio-8080"]
06-May-2025 01:34:18.392 INFO [Catalina-utility-2] org.apache.catalina.startup.HostConfig.undeploy Undeploying context []
06-May-2025 01:34:18.400 INFO [Catalina-utility-2] org.apache.catalina.startup.HostConfig.deployDescriptor Deploying deployment descriptor [C:\Users\msi\Downloads\Food Delivery Website - Copy\Food Delivery Website - Copy\conf\Catalina\localhost\ROOT.xml]
06-May-2025 01:34:18.564 INFO [Catalina-utility-2] org.apache.catalina.startup.HostConfig.deployDescriptor Deployment of deployment descriptor [C:\Users\msi\Downloads\Food Delivery Website - Copy\Food Delivery Website - Copy\conf\Catalina\localhost\ROOT.xml] has finished in [158] ms
06-May-2025 01:34:29.009 INFO [main] org.apache.catalina.startup.VersionLoggerListener.log Server version name:   Apache Tomcat/11.0.5
06-May-2025 01:34:29.017 INFO [main] org.apache.catalina.startup.VersionLoggerListener.log Server built:          Feb 28 2025 15:54:41 UTC
06-May-2025 01:34:29.019 INFO [main] org.apache.catalina.startup.VersionLoggerListener.log Server version number: 11.0.5.0
06-May-2025 01:34:29.019 INFO [main] org.apache.catalina.startup.VersionLoggerListener.log OS Name:               Windows 11
06-May-2025 01:34:29.019 INFO [main] org.apache.catalina.startup.VersionLoggerListener.log OS Version:            10.0
06-May-2025 01:34:29.019 INFO [main] org.apache.catalina.startup.VersionLoggerListener.log Architecture:          amd64
06-May-2025 01:34:29.019 INFO [main] org.apache.catalina.startup.VersionLoggerListener.log Java Home:             C:\Users\msi\.jdks\openjdk-24
06-May-2025 01:34:29.035 INFO [main] org.apache.catalina.startup.VersionLoggerListener.log JVM Version:           24+36-3646
06-May-2025 01:34:29.036 INFO [main] org.apache.catalina.startup.VersionLoggerListener.log JVM Vendor:            Oracle Corporation
06-May-2025 01:34:29.039 INFO [main] org.apache.catalina.startup.VersionLoggerListener.log CATALINA_BASE:         C:\Users\msi\Downloads\Food Delivery Website - Copy\Food Delivery Website - Copy
06-May-2025 01:34:29.040 INFO [main] org.apache.catalina.startup.VersionLoggerListener.log CATALINA_HOME:         C:\Program Files\Apache Software Foundation\Tomcat 11.0
06-May-2025 01:34:29.059 INFO [main] org.apache.catalina.startup.VersionLoggerListener.log Command line argument: --add-opens=java.base/java.lang=ALL-UNNAMED
06-May-2025 01:34:29.059 INFO [main] org.apache.catalina.startup.VersionLoggerListener.log Command line argument: --add-opens=java.base/java.io=ALL-UNNAMED
06-May-2025 01:34:29.059 INFO [main] org.apache.catalina.startup.VersionLoggerListener.log Command line argument: --add-opens=java.base/java.util=ALL-UNNAMED
06-May-2025 01:34:29.059 INFO [main] org.apache.catalina.startup.VersionLoggerListener.log Command line argument: --add-opens=java.base/java.util.concurrent=ALL-UNNAMED
06-May-2025 01:34:29.059 INFO [main] org.apache.catalina.startup.VersionLoggerListener.log Command line argument: --add-opens=java.rmi/sun.rmi.transport=ALL-UNNAMED
06-May-2025 01:34:29.059 INFO [main] org.apache.catalina.startup.VersionLoggerListener.log Command line argument: -Dcatalina.home=C:\Program Files\Apache Software Foundation\Tomcat 11.0
06-May-2025 01:34:29.060 INFO [main] org.apache.catalina.startup.VersionLoggerListener.log Command line argument: -Dcatalina.base=C:\Users\msi\Downloads\Food Delivery Website - Copy\Food Delivery Website - Copy
06-May-2025 01:34:29.060 INFO [main] org.apache.catalina.startup.VersionLoggerListener.log Command line argument: -Djava.io.tmpdir=C:\Users\msi\Downloads\Food Delivery Website - Copy\Food Delivery Website - Copy\temp
06-May-2025 01:34:29.060 INFO [main] org.apache.catalina.startup.VersionLoggerListener.log Command line argument: -Djava.util.logging.config.file=C:\Users\msi\Downloads\Food Delivery Website - Copy\Food Delivery Website - Copy\conf\logging.properties
06-May-2025 01:34:29.060 INFO [main] org.apache.catalina.startup.VersionLoggerListener.log Command line argument: -Djava.util.logging.manager=org.apache.juli.ClassLoaderLogManager
06-May-2025 01:34:29.060 INFO [main] org.apache.catalina.startup.VersionLoggerListener.log Command line argument: -javaagent:C:\Users\msi\AppData\Local\JetBrains\IntelliJ IDEA 2024.3.5\lib\idea_rt.jar=52300
06-May-2025 01:34:29.060 INFO [main] org.apache.catalina.startup.VersionLoggerListener.log Command line argument: -Dfile.encoding=UTF-8
06-May-2025 01:34:29.060 INFO [main] org.apache.catalina.startup.VersionLoggerListener.log Command line argument: -Dsun.stdout.encoding=UTF-8
06-May-2025 01:34:29.060 INFO [main] org.apache.catalina.startup.VersionLoggerListener.log Command line argument: -Dsun.stderr.encoding=UTF-8
06-May-2025 01:34:29.064 INFO [main] org.apache.catalina.core.AprLifecycleListener.lifecycleEvent The Apache Tomcat Native library which allows using OpenSSL was not found on the java.library.path: [C:\Users\msi\.jdks\openjdk-24\bin;C:\WINDOWS\Sun\Java\bin;C:\WINDOWS\system32;C:\WINDOWS;C:\Program Files\Common Files\Oracle\Java\javapath;C:\WINDOWS\system32;C:\WINDOWS;C:\WINDOWS\System32\Wbem;C:\WINDOWS\System32\WindowsPowerShell\v1.0\;C:\WINDOWS\System32\OpenSSH\;C:\Program Files\NVIDIA Corporation\NVIDIA NvDLISR;C:\Program Files\Git\cmd;C:\Users\msi\AppData\Local\Microsoft\WindowsApps;C:\Users\msi\AppData\Local\Programs\Microsoft VS Code\bin;;.]
06-May-2025 01:34:29.569 INFO [main] org.apache.coyote.AbstractProtocol.init Initializing ProtocolHandler ["http-nio-8080"]
06-May-2025 01:34:29.577 SEVERE [main] org.apache.catalina.util.LifecycleBase.handleSubClassException Failed to initialize component [Connector["http-nio-8080"]]
	org.apache.catalina.LifecycleException: Protocol handler initialization failed
		at org.apache.catalina.connector.Connector.initInternal(Connector.java:1056)
		at org.apache.catalina.util.LifecycleBase.init(LifecycleBase.java:122)
		at org.apache.catalina.core.StandardService.initInternal(StandardService.java:525)
		at org.apache.catalina.util.LifecycleBase.init(LifecycleBase.java:122)
		at org.apache.catalina.core.StandardServer.initInternal(StandardServer.java:953)
		at org.apache.catalina.util.LifecycleBase.init(LifecycleBase.java:122)
		at org.apache.catalina.startup.Catalina.load(Catalina.java:710)
		at org.apache.catalina.startup.Catalina.load(Catalina.java:733)
		at java.base/jdk.internal.reflect.DirectMethodHandleAccessor.invoke(DirectMethodHandleAccessor.java:104)
		at java.base/java.lang.reflect.Method.invoke(Method.java:565)
		at org.apache.catalina.startup.Bootstrap.load(Bootstrap.java:299)
		at org.apache.catalina.startup.Bootstrap.main(Bootstrap.java:469)
	Caused by: java.net.BindException: Address already in use: bind
		at java.base/sun.nio.ch.Net.bind0(Native Method)
		at java.base/sun.nio.ch.Net.bind(Net.java:511)
		at java.base/sun.nio.ch.ServerSocketChannelImpl.netBind(ServerSocketChannelImpl.java:335)
		at java.base/sun.nio.ch.ServerSocketChannelImpl.bind(ServerSocketChannelImpl.java:297)
		at org.apache.tomcat.util.net.NioEndpoint.initServerSocket(NioEndpoint.java:240)
		at org.apache.tomcat.util.net.NioEndpoint.bind(NioEndpoint.java:195)
		at org.apache.tomcat.util.net.AbstractEndpoint.bindWithCleanup(AbstractEndpoint.java:1472)
		at org.apache.tomcat.util.net.AbstractEndpoint.init(AbstractEndpoint.java:1485)
		at org.apache.coyote.AbstractProtocol.init(AbstractProtocol.java:633)
		at org.apache.coyote.http11.AbstractHttp11Protocol.init(AbstractHttp11Protocol.java:83)
		at org.apache.catalina.connector.Connector.initInternal(Connector.java:1054)
		... 11 more
06-May-2025 01:34:29.578 INFO [main] org.apache.catalina.startup.Catalina.load Server initialization in [822] milliseconds
06-May-2025 01:34:29.653 INFO [main] org.apache.catalina.core.StandardService.startInternal Starting service [Catalina]
06-May-2025 01:34:29.653 INFO [main] org.apache.catalina.core.StandardEngine.startInternal Starting Servlet engine: [Apache Tomcat/11.0.5]
06-May-2025 01:34:29.664 INFO [main] org.apache.catalina.startup.HostConfig.deployDescriptor Deploying deployment descriptor [C:\Users\msi\Downloads\Food Delivery Website - Copy\Food Delivery Website - Copy\conf\Catalina\localhost\ROOT.xml]
06-May-2025 01:34:30.023 INFO [main] org.apache.catalina.startup.HostConfig.deployDescriptor Deployment of deployment descriptor [C:\Users\msi\Downloads\Food Delivery Website - Copy\Food Delivery Website - Copy\conf\Catalina\localhost\ROOT.xml] has finished in [359] ms
06-May-2025 01:34:30.033 INFO [main] org.apache.catalina.startup.Catalina.start Server startup in [451] milliseconds
06-May-2025 01:34:30.038 SEVERE [main] org.apache.catalina.core.StandardServer.await Failed to create server shutdown socket on address [localhost] and port [8005] (base port [8005] and offset [0])
	java.net.BindException: Address already in use: bind
		at java.base/sun.nio.ch.Net.bind0(Native Method)
		at java.base/sun.nio.ch.Net.bind(Net.java:511)
		at java.base/sun.nio.ch.Net.bind(Net.java:500)
		at java.base/sun.nio.ch.NioSocketImpl.bind(NioSocketImpl.java:630)
		at java.base/java.net.ServerSocket.bind(ServerSocket.java:326)
		at java.base/java.net.ServerSocket.<init>(ServerSocket.java:222)
		at org.apache.catalina.core.StandardServer.await(StandardServer.java:532)
		at org.apache.catalina.startup.Catalina.await(Catalina.java:849)
		at org.apache.catalina.startup.Catalina.start(Catalina.java:797)
		at java.base/jdk.internal.reflect.DirectMethodHandleAccessor.invoke(DirectMethodHandleAccessor.java:104)
		at java.base/java.lang.reflect.Method.invoke(Method.java:565)
		at org.apache.catalina.startup.Bootstrap.start(Bootstrap.java:342)
		at org.apache.catalina.startup.Bootstrap.main(Bootstrap.java:470)
06-May-2025 01:34:30.038 INFO [main] org.apache.coyote.AbstractProtocol.pause Pausing ProtocolHandler ["http-nio-8080"]
06-May-2025 01:34:30.038 INFO [main] org.apache.catalina.core.StandardService.stopInternal Stopping service [Catalina]
06-May-2025 01:34:30.045 INFO [main] org.apache.coyote.AbstractProtocol.stop Stopping ProtocolHandler ["http-nio-8080"]
06-May-2025 01:34:30.046 INFO [main] org.apache.coyote.AbstractProtocol.destroy Destroying ProtocolHandler ["http-nio-8080"]
06-May-2025 01:34:38.570 INFO [Catalina-utility-1] org.apache.catalina.startup.HostConfig.undeploy Undeploying context []
06-May-2025 01:34:38.594 INFO [Catalina-utility-1] org.apache.catalina.startup.HostConfig.deployDescriptor Deploying deployment descriptor [C:\Users\msi\Downloads\Food Delivery Website - Copy\Food Delivery Website - Copy\conf\Catalina\localhost\ROOT.xml]
06-May-2025 01:34:38.628 INFO [Catalina-utility-1] org.apache.catalina.startup.HostConfig.deployDescriptor Deployment of deployment descriptor [C:\Users\msi\Downloads\Food Delivery Website - Copy\Food Delivery Website - Copy\conf\Catalina\localhost\ROOT.xml] has finished in [34] ms
06-May-2025 01:35:14.171 INFO [main] org.apache.catalina.startup.VersionLoggerListener.log Server version name:   Apache Tomcat/11.0.5
06-May-2025 01:35:14.175 INFO [main] org.apache.catalina.startup.VersionLoggerListener.log Server built:          Feb 28 2025 15:54:41 UTC
06-May-2025 01:35:14.175 INFO [main] org.apache.catalina.startup.VersionLoggerListener.log Server version number: 11.0.5.0
06-May-2025 01:35:14.175 INFO [main] org.apache.catalina.startup.VersionLoggerListener.log OS Name:               Windows 11
06-May-2025 01:35:14.175 INFO [main] org.apache.catalina.startup.VersionLoggerListener.log OS Version:            10.0
06-May-2025 01:35:14.175 INFO [main] org.apache.catalina.startup.VersionLoggerListener.log Architecture:          amd64
06-May-2025 01:35:14.176 INFO [main] org.apache.catalina.startup.VersionLoggerListener.log Java Home:             C:\Users\msi\.jdks\openjdk-24
06-May-2025 01:35:14.176 INFO [main] org.apache.catalina.startup.VersionLoggerListener.log JVM Version:           24+36-3646
06-May-2025 01:35:14.176 INFO [main] org.apache.catalina.startup.VersionLoggerListener.log JVM Vendor:            Oracle Corporation
06-May-2025 01:35:14.176 INFO [main] org.apache.catalina.startup.VersionLoggerListener.log CATALINA_BASE:         C:\Users\msi\Downloads\Food Delivery Website - Copy\Food Delivery Website - Copy
06-May-2025 01:35:14.176 INFO [main] org.apache.catalina.startup.VersionLoggerListener.log CATALINA_HOME:         C:\Program Files\Apache Software Foundation\Tomcat 11.0
06-May-2025 01:35:14.185 INFO [main] org.apache.catalina.startup.VersionLoggerListener.log Command line argument: --add-opens=java.base/java.lang=ALL-UNNAMED
06-May-2025 01:35:14.185 INFO [main] org.apache.catalina.startup.VersionLoggerListener.log Command line argument: --add-opens=java.base/java.io=ALL-UNNAMED
06-May-2025 01:35:14.185 INFO [main] org.apache.catalina.startup.VersionLoggerListener.log Command line argument: --add-opens=java.base/java.util=ALL-UNNAMED
06-May-2025 01:35:14.185 INFO [main] org.apache.catalina.startup.VersionLoggerListener.log Command line argument: --add-opens=java.base/java.util.concurrent=ALL-UNNAMED
06-May-2025 01:35:14.185 INFO [main] org.apache.catalina.startup.VersionLoggerListener.log Command line argument: --add-opens=java.rmi/sun.rmi.transport=ALL-UNNAMED
06-May-2025 01:35:14.185 INFO [main] org.apache.catalina.startup.VersionLoggerListener.log Command line argument: -Dcatalina.home=C:\Program Files\Apache Software Foundation\Tomcat 11.0
06-May-2025 01:35:14.186 INFO [main] org.apache.catalina.startup.VersionLoggerListener.log Command line argument: -Dcatalina.base=C:\Users\msi\Downloads\Food Delivery Website - Copy\Food Delivery Website - Copy
06-May-2025 01:35:14.186 INFO [main] org.apache.catalina.startup.VersionLoggerListener.log Command line argument: -Djava.io.tmpdir=C:\Users\msi\Downloads\Food Delivery Website - Copy\Food Delivery Website - Copy\temp
06-May-2025 01:35:14.186 INFO [main] org.apache.catalina.startup.VersionLoggerListener.log Command line argument: -Djava.util.logging.config.file=C:\Users\msi\Downloads\Food Delivery Website - Copy\Food Delivery Website - Copy\conf\logging.properties
06-May-2025 01:35:14.186 INFO [main] org.apache.catalina.startup.VersionLoggerListener.log Command line argument: -Djava.util.logging.manager=org.apache.juli.ClassLoaderLogManager
06-May-2025 01:35:14.186 INFO [main] org.apache.catalina.startup.VersionLoggerListener.log Command line argument: -javaagent:C:\Users\msi\AppData\Local\JetBrains\IntelliJ IDEA 2024.3.5\lib\idea_rt.jar=52321
06-May-2025 01:35:14.186 INFO [main] org.apache.catalina.startup.VersionLoggerListener.log Command line argument: -Dfile.encoding=UTF-8
06-May-2025 01:35:14.186 INFO [main] org.apache.catalina.startup.VersionLoggerListener.log Command line argument: -Dsun.stdout.encoding=UTF-8
06-May-2025 01:35:14.186 INFO [main] org.apache.catalina.startup.VersionLoggerListener.log Command line argument: -Dsun.stderr.encoding=UTF-8
06-May-2025 01:35:14.190 INFO [main] org.apache.catalina.core.AprLifecycleListener.lifecycleEvent The Apache Tomcat Native library which allows using OpenSSL was not found on the java.library.path: [C:\Users\msi\.jdks\openjdk-24\bin;C:\WINDOWS\Sun\Java\bin;C:\WINDOWS\system32;C:\WINDOWS;C:\Program Files\Common Files\Oracle\Java\javapath;C:\WINDOWS\system32;C:\WINDOWS;C:\WINDOWS\System32\Wbem;C:\WINDOWS\System32\WindowsPowerShell\v1.0\;C:\WINDOWS\System32\OpenSSH\;C:\Program Files\NVIDIA Corporation\NVIDIA NvDLISR;C:\Program Files\Git\cmd;C:\Users\msi\AppData\Local\Microsoft\WindowsApps;C:\Users\msi\AppData\Local\Programs\Microsoft VS Code\bin;;.]
06-May-2025 01:35:14.435 INFO [main] org.apache.coyote.AbstractProtocol.init Initializing ProtocolHandler ["http-nio-8080"]
06-May-2025 01:35:14.445 SEVERE [main] org.apache.catalina.util.LifecycleBase.handleSubClassException Failed to initialize component [Connector["http-nio-8080"]]
	org.apache.catalina.LifecycleException: Protocol handler initialization failed
		at org.apache.catalina.connector.Connector.initInternal(Connector.java:1056)
		at org.apache.catalina.util.LifecycleBase.init(LifecycleBase.java:122)
		at org.apache.catalina.core.StandardService.initInternal(StandardService.java:525)
		at org.apache.catalina.util.LifecycleBase.init(LifecycleBase.java:122)
		at org.apache.catalina.core.StandardServer.initInternal(StandardServer.java:953)
		at org.apache.catalina.util.LifecycleBase.init(LifecycleBase.java:122)
		at org.apache.catalina.startup.Catalina.load(Catalina.java:710)
		at org.apache.catalina.startup.Catalina.load(Catalina.java:733)
		at java.base/jdk.internal.reflect.DirectMethodHandleAccessor.invoke(DirectMethodHandleAccessor.java:104)
		at java.base/java.lang.reflect.Method.invoke(Method.java:565)
		at org.apache.catalina.startup.Bootstrap.load(Bootstrap.java:299)
		at org.apache.catalina.startup.Bootstrap.main(Bootstrap.java:469)
	Caused by: java.net.BindException: Address already in use: bind
		at java.base/sun.nio.ch.Net.bind0(Native Method)
		at java.base/sun.nio.ch.Net.bind(Net.java:511)
		at java.base/sun.nio.ch.ServerSocketChannelImpl.netBind(ServerSocketChannelImpl.java:335)
		at java.base/sun.nio.ch.ServerSocketChannelImpl.bind(ServerSocketChannelImpl.java:297)
		at org.apache.tomcat.util.net.NioEndpoint.initServerSocket(NioEndpoint.java:240)
		at org.apache.tomcat.util.net.NioEndpoint.bind(NioEndpoint.java:195)
		at org.apache.tomcat.util.net.AbstractEndpoint.bindWithCleanup(AbstractEndpoint.java:1472)
		at org.apache.tomcat.util.net.AbstractEndpoint.init(AbstractEndpoint.java:1485)
		at org.apache.coyote.AbstractProtocol.init(AbstractProtocol.java:633)
		at org.apache.coyote.http11.AbstractHttp11Protocol.init(AbstractHttp11Protocol.java:83)
		at org.apache.catalina.connector.Connector.initInternal(Connector.java:1054)
		... 11 more
06-May-2025 01:35:14.446 INFO [main] org.apache.catalina.startup.Catalina.load Server initialization in [543] milliseconds
06-May-2025 01:35:14.502 INFO [main] org.apache.catalina.core.StandardService.startInternal Starting service [Catalina]
06-May-2025 01:35:14.502 INFO [main] org.apache.catalina.core.StandardEngine.startInternal Starting Servlet engine: [Apache Tomcat/11.0.5]
06-May-2025 01:35:14.511 INFO [main] org.apache.catalina.startup.HostConfig.deployDescriptor Deploying deployment descriptor [C:\Users\msi\Downloads\Food Delivery Website - Copy\Food Delivery Website - Copy\conf\Catalina\localhost\ROOT.xml]
06-May-2025 01:35:14.926 INFO [main] org.apache.catalina.startup.HostConfig.deployDescriptor Deployment of deployment descriptor [C:\Users\msi\Downloads\Food Delivery Website - Copy\Food Delivery Website - Copy\conf\Catalina\localhost\ROOT.xml] has finished in [415] ms
06-May-2025 01:35:14.939 INFO [main] org.apache.catalina.startup.Catalina.start Server startup in [491] milliseconds
06-May-2025 01:35:14.946 SEVERE [main] org.apache.catalina.core.StandardServer.await Failed to create server shutdown socket on address [localhost] and port [8005] (base port [8005] and offset [0])
	java.net.BindException: Address already in use: bind
		at java.base/sun.nio.ch.Net.bind0(Native Method)
		at java.base/sun.nio.ch.Net.bind(Net.java:511)
		at java.base/sun.nio.ch.Net.bind(Net.java:500)
		at java.base/sun.nio.ch.NioSocketImpl.bind(NioSocketImpl.java:630)
		at java.base/java.net.ServerSocket.bind(ServerSocket.java:326)
		at java.base/java.net.ServerSocket.<init>(ServerSocket.java:222)
		at org.apache.catalina.core.StandardServer.await(StandardServer.java:532)
		at org.apache.catalina.startup.Catalina.await(Catalina.java:849)
		at org.apache.catalina.startup.Catalina.start(Catalina.java:797)
		at java.base/jdk.internal.reflect.DirectMethodHandleAccessor.invoke(DirectMethodHandleAccessor.java:104)
		at java.base/java.lang.reflect.Method.invoke(Method.java:565)
		at org.apache.catalina.startup.Bootstrap.start(Bootstrap.java:342)
		at org.apache.catalina.startup.Bootstrap.main(Bootstrap.java:470)
06-May-2025 01:35:14.946 INFO [main] org.apache.coyote.AbstractProtocol.pause Pausing ProtocolHandler ["http-nio-8080"]
06-May-2025 01:35:14.946 INFO [main] org.apache.catalina.core.StandardService.stopInternal Stopping service [Catalina]
06-May-2025 01:35:14.953 INFO [main] org.apache.coyote.AbstractProtocol.stop Stopping ProtocolHandler ["http-nio-8080"]
06-May-2025 01:35:14.954 INFO [main] org.apache.coyote.AbstractProtocol.destroy Destroying ProtocolHandler ["http-nio-8080"]
06-May-2025 01:35:18.663 INFO [Catalina-utility-1] org.apache.catalina.startup.HostConfig.undeploy Undeploying context []
06-May-2025 01:35:18.681 INFO [Catalina-utility-1] org.apache.catalina.startup.HostConfig.deployDescriptor Deploying deployment descriptor [C:\Users\msi\Downloads\Food Delivery Website - Copy\Food Delivery Website - Copy\conf\Catalina\localhost\ROOT.xml]
06-May-2025 01:35:18.724 INFO [Catalina-utility-1] org.apache.catalina.startup.HostConfig.deployDescriptor Deployment of deployment descriptor [C:\Users\msi\Downloads\Food Delivery Website - Copy\Food Delivery Website - Copy\conf\Catalina\localhost\ROOT.xml] has finished in [43] ms
06-May-2025 01:38:13.702 INFO [main] org.apache.catalina.startup.VersionLoggerListener.log Server version name:   Apache Tomcat/11.0.5
06-May-2025 01:38:13.705 INFO [main] org.apache.catalina.startup.VersionLoggerListener.log Server built:          Feb 28 2025 15:54:41 UTC
06-May-2025 01:38:13.705 INFO [main] org.apache.catalina.startup.VersionLoggerListener.log Server version number: 11.0.5.0
06-May-2025 01:38:13.705 INFO [main] org.apache.catalina.startup.VersionLoggerListener.log OS Name:               Windows 11
06-May-2025 01:38:13.705 INFO [main] org.apache.catalina.startup.VersionLoggerListener.log OS Version:            10.0
06-May-2025 01:38:13.705 INFO [main] org.apache.catalina.startup.VersionLoggerListener.log Architecture:          amd64
06-May-2025 01:38:13.705 INFO [main] org.apache.catalina.startup.VersionLoggerListener.log Java Home:             C:\Users\msi\.jdks\openjdk-24
06-May-2025 01:38:13.705 INFO [main] org.apache.catalina.startup.VersionLoggerListener.log JVM Version:           24+36-3646
06-May-2025 01:38:13.705 INFO [main] org.apache.catalina.startup.VersionLoggerListener.log JVM Vendor:            Oracle Corporation
06-May-2025 01:38:13.705 INFO [main] org.apache.catalina.startup.VersionLoggerListener.log CATALINA_BASE:         C:\Users\msi\Downloads\Food Delivery Website - Copy\Food Delivery Website - Copy
06-May-2025 01:38:13.706 INFO [main] org.apache.catalina.startup.VersionLoggerListener.log CATALINA_HOME:         C:\Program Files\Apache Software Foundation\Tomcat 11.0
06-May-2025 01:38:13.714 INFO [main] org.apache.catalina.startup.VersionLoggerListener.log Command line argument: --add-opens=java.base/java.lang=ALL-UNNAMED
06-May-2025 01:38:13.714 INFO [main] org.apache.catalina.startup.VersionLoggerListener.log Command line argument: --add-opens=java.base/java.io=ALL-UNNAMED
06-May-2025 01:38:13.714 INFO [main] org.apache.catalina.startup.VersionLoggerListener.log Command line argument: --add-opens=java.base/java.util=ALL-UNNAMED
06-May-2025 01:38:13.714 INFO [main] org.apache.catalina.startup.VersionLoggerListener.log Command line argument: --add-opens=java.base/java.util.concurrent=ALL-UNNAMED
06-May-2025 01:38:13.714 INFO [main] org.apache.catalina.startup.VersionLoggerListener.log Command line argument: --add-opens=java.rmi/sun.rmi.transport=ALL-UNNAMED
06-May-2025 01:38:13.714 INFO [main] org.apache.catalina.startup.VersionLoggerListener.log Command line argument: -Dcatalina.home=C:\Program Files\Apache Software Foundation\Tomcat 11.0
06-May-2025 01:38:13.714 INFO [main] org.apache.catalina.startup.VersionLoggerListener.log Command line argument: -Dcatalina.base=C:\Users\msi\Downloads\Food Delivery Website - Copy\Food Delivery Website - Copy
06-May-2025 01:38:13.714 INFO [main] org.apache.catalina.startup.VersionLoggerListener.log Command line argument: -Djava.io.tmpdir=C:\Users\msi\Downloads\Food Delivery Website - Copy\Food Delivery Website - Copy\temp
06-May-2025 01:38:13.715 INFO [main] org.apache.catalina.startup.VersionLoggerListener.log Command line argument: -Djava.util.logging.config.file=C:\Users\msi\Downloads\Food Delivery Website - Copy\Food Delivery Website - Copy\conf\logging.properties
06-May-2025 01:38:13.715 INFO [main] org.apache.catalina.startup.VersionLoggerListener.log Command line argument: -Djava.util.logging.manager=org.apache.juli.ClassLoaderLogManager
06-May-2025 01:38:13.715 INFO [main] org.apache.catalina.startup.VersionLoggerListener.log Command line argument: -javaagent:C:\Users\msi\AppData\Local\JetBrains\IntelliJ IDEA 2024.3.5\lib\idea_rt.jar=52479
06-May-2025 01:38:13.715 INFO [main] org.apache.catalina.startup.VersionLoggerListener.log Command line argument: -Dfile.encoding=UTF-8
06-May-2025 01:38:13.715 INFO [main] org.apache.catalina.startup.VersionLoggerListener.log Command line argument: -Dsun.stdout.encoding=UTF-8
06-May-2025 01:38:13.715 INFO [main] org.apache.catalina.startup.VersionLoggerListener.log Command line argument: -Dsun.stderr.encoding=UTF-8
06-May-2025 01:38:13.719 INFO [main] org.apache.catalina.core.AprLifecycleListener.lifecycleEvent The Apache Tomcat Native library which allows using OpenSSL was not found on the java.library.path: [C:\Users\msi\.jdks\openjdk-24\bin;C:\WINDOWS\Sun\Java\bin;C:\WINDOWS\system32;C:\WINDOWS;C:\Program Files\Common Files\Oracle\Java\javapath;C:\WINDOWS\system32;C:\WINDOWS;C:\WINDOWS\System32\Wbem;C:\WINDOWS\System32\WindowsPowerShell\v1.0\;C:\WINDOWS\System32\OpenSSH\;C:\Program Files\NVIDIA Corporation\NVIDIA NvDLISR;C:\Program Files\Git\cmd;C:\Users\msi\AppData\Local\Microsoft\WindowsApps;C:\Users\msi\AppData\Local\Programs\Microsoft VS Code\bin;;.]
06-May-2025 01:38:13.936 INFO [main] org.apache.coyote.AbstractProtocol.init Initializing ProtocolHandler ["http-nio-8080"]
06-May-2025 01:38:13.945 SEVERE [main] org.apache.catalina.util.LifecycleBase.handleSubClassException Failed to initialize component [Connector["http-nio-8080"]]
	org.apache.catalina.LifecycleException: Protocol handler initialization failed
		at org.apache.catalina.connector.Connector.initInternal(Connector.java:1056)
		at org.apache.catalina.util.LifecycleBase.init(LifecycleBase.java:122)
		at org.apache.catalina.core.StandardService.initInternal(StandardService.java:525)
		at org.apache.catalina.util.LifecycleBase.init(LifecycleBase.java:122)
		at org.apache.catalina.core.StandardServer.initInternal(StandardServer.java:953)
		at org.apache.catalina.util.LifecycleBase.init(LifecycleBase.java:122)
		at org.apache.catalina.startup.Catalina.load(Catalina.java:710)
		at org.apache.catalina.startup.Catalina.load(Catalina.java:733)
		at java.base/jdk.internal.reflect.DirectMethodHandleAccessor.invoke(DirectMethodHandleAccessor.java:104)
		at java.base/java.lang.reflect.Method.invoke(Method.java:565)
		at org.apache.catalina.startup.Bootstrap.load(Bootstrap.java:299)
		at org.apache.catalina.startup.Bootstrap.main(Bootstrap.java:469)
	Caused by: java.net.BindException: Address already in use: bind
		at java.base/sun.nio.ch.Net.bind0(Native Method)
		at java.base/sun.nio.ch.Net.bind(Net.java:511)
		at java.base/sun.nio.ch.ServerSocketChannelImpl.netBind(ServerSocketChannelImpl.java:335)
		at java.base/sun.nio.ch.ServerSocketChannelImpl.bind(ServerSocketChannelImpl.java:297)
		at org.apache.tomcat.util.net.NioEndpoint.initServerSocket(NioEndpoint.java:240)
		at org.apache.tomcat.util.net.NioEndpoint.bind(NioEndpoint.java:195)
		at org.apache.tomcat.util.net.AbstractEndpoint.bindWithCleanup(AbstractEndpoint.java:1472)
		at org.apache.tomcat.util.net.AbstractEndpoint.init(AbstractEndpoint.java:1485)
		at org.apache.coyote.AbstractProtocol.init(AbstractProtocol.java:633)
		at org.apache.coyote.http11.AbstractHttp11Protocol.init(AbstractHttp11Protocol.java:83)
		at org.apache.catalina.connector.Connector.initInternal(Connector.java:1054)
		... 11 more
06-May-2025 01:38:13.946 INFO [main] org.apache.catalina.startup.Catalina.load Server initialization in [407] milliseconds
06-May-2025 01:38:14.006 INFO [main] org.apache.catalina.core.StandardService.startInternal Starting service [Catalina]
06-May-2025 01:38:14.006 INFO [main] org.apache.catalina.core.StandardEngine.startInternal Starting Servlet engine: [Apache Tomcat/11.0.5]
06-May-2025 01:38:14.017 INFO [main] org.apache.catalina.startup.HostConfig.deployDescriptor Deploying deployment descriptor [C:\Users\msi\Downloads\Food Delivery Website - Copy\Food Delivery Website - Copy\conf\Catalina\localhost\ROOT.xml]
06-May-2025 01:38:14.314 INFO [main] org.apache.catalina.startup.HostConfig.deployDescriptor Deployment of deployment descriptor [C:\Users\msi\Downloads\Food Delivery Website - Copy\Food Delivery Website - Copy\conf\Catalina\localhost\ROOT.xml] has finished in [296] ms
06-May-2025 01:38:14.325 INFO [main] org.apache.catalina.startup.Catalina.start Server startup in [377] milliseconds
06-May-2025 01:38:14.330 SEVERE [main] org.apache.catalina.core.StandardServer.await Failed to create server shutdown socket on address [localhost] and port [8005] (base port [8005] and offset [0])
	java.net.BindException: Address already in use: bind
		at java.base/sun.nio.ch.Net.bind0(Native Method)
		at java.base/sun.nio.ch.Net.bind(Net.java:511)
		at java.base/sun.nio.ch.Net.bind(Net.java:500)
		at java.base/sun.nio.ch.NioSocketImpl.bind(NioSocketImpl.java:630)
		at java.base/java.net.ServerSocket.bind(ServerSocket.java:326)
		at java.base/java.net.ServerSocket.<init>(ServerSocket.java:222)
		at org.apache.catalina.core.StandardServer.await(StandardServer.java:532)
		at org.apache.catalina.startup.Catalina.await(Catalina.java:849)
		at org.apache.catalina.startup.Catalina.start(Catalina.java:797)
		at java.base/jdk.internal.reflect.DirectMethodHandleAccessor.invoke(DirectMethodHandleAccessor.java:104)
		at java.base/java.lang.reflect.Method.invoke(Method.java:565)
		at org.apache.catalina.startup.Bootstrap.start(Bootstrap.java:342)
		at org.apache.catalina.startup.Bootstrap.main(Bootstrap.java:470)
06-May-2025 01:38:14.331 INFO [main] org.apache.coyote.AbstractProtocol.pause Pausing ProtocolHandler ["http-nio-8080"]
06-May-2025 01:38:14.331 INFO [main] org.apache.catalina.core.StandardService.stopInternal Stopping service [Catalina]
06-May-2025 01:38:14.337 INFO [main] org.apache.coyote.AbstractProtocol.stop Stopping ProtocolHandler ["http-nio-8080"]
06-May-2025 01:38:14.338 INFO [main] org.apache.coyote.AbstractProtocol.destroy Destroying ProtocolHandler ["http-nio-8080"]
06-May-2025 01:38:20.162 INFO [Catalina-utility-1] org.apache.catalina.startup.HostConfig.undeploy Undeploying context []
06-May-2025 01:38:20.163 INFO [Catalina-utility-1] org.apache.catalina.core.StandardWrapper.unload Waiting for [1] instance(s) to be deallocated for Servlet [jsp]
06-May-2025 01:38:20.408 INFO [Catalina-utility-1] org.apache.catalina.startup.HostConfig.deployDescriptor Deploying deployment descriptor [C:\Users\msi\Downloads\Food Delivery Website - Copy\Food Delivery Website - Copy\conf\Catalina\localhost\ROOT.xml]
06-May-2025 01:38:20.499 INFO [Catalina-utility-1] org.apache.catalina.startup.HostConfig.deployDescriptor Deployment of deployment descriptor [C:\Users\msi\Downloads\Food Delivery Website - Copy\Food Delivery Website - Copy\conf\Catalina\localhost\ROOT.xml] has finished in [91] ms
06-May-2025 01:51:41.167 INFO [Catalina-utility-2] org.apache.catalina.startup.HostConfig.undeploy Undeploying context []
06-May-2025 01:51:41.179 INFO [Catalina-utility-2] org.apache.catalina.startup.HostConfig.deployDescriptor Deploying deployment descriptor [C:\Users\msi\Downloads\Food Delivery Website - Copy\Food Delivery Website - Copy\conf\Catalina\localhost\ROOT.xml]
06-May-2025 01:51:41.506 INFO [Catalina-utility-2] org.apache.catalina.startup.HostConfig.deployDescriptor Deployment of deployment descriptor [C:\Users\msi\Downloads\Food Delivery Website - Copy\Food Delivery Website - Copy\conf\Catalina\localhost\ROOT.xml] has finished in [327] ms
06-May-2025 01:51:43.746 INFO [main] org.apache.catalina.startup.VersionLoggerListener.log Server version name:   Apache Tomcat/11.0.5
06-May-2025 01:51:43.749 INFO [main] org.apache.catalina.startup.VersionLoggerListener.log Server built:          Feb 28 2025 15:54:41 UTC
06-May-2025 01:51:43.750 INFO [main] org.apache.catalina.startup.VersionLoggerListener.log Server version number: 11.0.5.0
06-May-2025 01:51:43.750 INFO [main] org.apache.catalina.startup.VersionLoggerListener.log OS Name:               Windows 11
06-May-2025 01:51:43.750 INFO [main] org.apache.catalina.startup.VersionLoggerListener.log OS Version:            10.0
06-May-2025 01:51:43.751 INFO [main] org.apache.catalina.startup.VersionLoggerListener.log Architecture:          amd64
06-May-2025 01:51:43.751 INFO [main] org.apache.catalina.startup.VersionLoggerListener.log Java Home:             C:\Users\msi\.jdks\openjdk-24
06-May-2025 01:51:43.751 INFO [main] org.apache.catalina.startup.VersionLoggerListener.log JVM Version:           24+36-3646
06-May-2025 01:51:43.751 INFO [main] org.apache.catalina.startup.VersionLoggerListener.log JVM Vendor:            Oracle Corporation
06-May-2025 01:51:43.751 INFO [main] org.apache.catalina.startup.VersionLoggerListener.log CATALINA_BASE:         C:\Users\msi\Downloads\Food Delivery Website - Copy\Food Delivery Website - Copy
06-May-2025 01:51:43.751 INFO [main] org.apache.catalina.startup.VersionLoggerListener.log CATALINA_HOME:         C:\Program Files\Apache Software Foundation\Tomcat 11.0
06-May-2025 01:51:43.762 INFO [main] org.apache.catalina.startup.VersionLoggerListener.log Command line argument: --add-opens=java.base/java.lang=ALL-UNNAMED
06-May-2025 01:51:43.762 INFO [main] org.apache.catalina.startup.VersionLoggerListener.log Command line argument: --add-opens=java.base/java.io=ALL-UNNAMED
06-May-2025 01:51:43.762 INFO [main] org.apache.catalina.startup.VersionLoggerListener.log Command line argument: --add-opens=java.base/java.util=ALL-UNNAMED
06-May-2025 01:51:43.762 INFO [main] org.apache.catalina.startup.VersionLoggerListener.log Command line argument: --add-opens=java.base/java.util.concurrent=ALL-UNNAMED
06-May-2025 01:51:43.762 INFO [main] org.apache.catalina.startup.VersionLoggerListener.log Command line argument: --add-opens=java.rmi/sun.rmi.transport=ALL-UNNAMED
06-May-2025 01:51:43.762 INFO [main] org.apache.catalina.startup.VersionLoggerListener.log Command line argument: -Dcatalina.home=C:\Program Files\Apache Software Foundation\Tomcat 11.0
06-May-2025 01:51:43.762 INFO [main] org.apache.catalina.startup.VersionLoggerListener.log Command line argument: -Dcatalina.base=C:\Users\msi\Downloads\Food Delivery Website - Copy\Food Delivery Website - Copy
06-May-2025 01:51:43.763 INFO [main] org.apache.catalina.startup.VersionLoggerListener.log Command line argument: -Djava.io.tmpdir=C:\Users\msi\Downloads\Food Delivery Website - Copy\Food Delivery Website - Copy\temp
06-May-2025 01:51:43.763 INFO [main] org.apache.catalina.startup.VersionLoggerListener.log Command line argument: -Djava.util.logging.config.file=C:\Users\msi\Downloads\Food Delivery Website - Copy\Food Delivery Website - Copy\conf\logging.properties
06-May-2025 01:51:43.763 INFO [main] org.apache.catalina.startup.VersionLoggerListener.log Command line argument: -Djava.util.logging.manager=org.apache.juli.ClassLoaderLogManager
06-May-2025 01:51:43.763 INFO [main] org.apache.catalina.startup.VersionLoggerListener.log Command line argument: -javaagent:C:\Users\msi\AppData\Local\JetBrains\IntelliJ IDEA 2024.3.5\lib\idea_rt.jar=53415
06-May-2025 01:51:43.763 INFO [main] org.apache.catalina.startup.VersionLoggerListener.log Command line argument: -Dfile.encoding=UTF-8
06-May-2025 01:51:43.763 INFO [main] org.apache.catalina.startup.VersionLoggerListener.log Command line argument: -Dsun.stdout.encoding=UTF-8
06-May-2025 01:51:43.763 INFO [main] org.apache.catalina.startup.VersionLoggerListener.log Command line argument: -Dsun.stderr.encoding=UTF-8
06-May-2025 01:51:43.766 INFO [main] org.apache.catalina.core.AprLifecycleListener.lifecycleEvent The Apache Tomcat Native library which allows using OpenSSL was not found on the java.library.path: [C:\Users\msi\.jdks\openjdk-24\bin;C:\WINDOWS\Sun\Java\bin;C:\WINDOWS\system32;C:\WINDOWS;C:\Program Files\Common Files\Oracle\Java\javapath;C:\WINDOWS\system32;C:\WINDOWS;C:\WINDOWS\System32\Wbem;C:\WINDOWS\System32\WindowsPowerShell\v1.0\;C:\WINDOWS\System32\OpenSSH\;C:\Program Files\NVIDIA Corporation\NVIDIA NvDLISR;C:\Program Files\Git\cmd;C:\Users\msi\AppData\Local\Microsoft\WindowsApps;C:\Users\msi\AppData\Local\Programs\Microsoft VS Code\bin;;.]
06-May-2025 01:51:44.070 INFO [main] org.apache.coyote.AbstractProtocol.init Initializing ProtocolHandler ["http-nio-8080"]
06-May-2025 01:51:44.077 SEVERE [main] org.apache.catalina.util.LifecycleBase.handleSubClassException Failed to initialize component [Connector["http-nio-8080"]]
	org.apache.catalina.LifecycleException: Protocol handler initialization failed
		at org.apache.catalina.connector.Connector.initInternal(Connector.java:1056)
		at org.apache.catalina.util.LifecycleBase.init(LifecycleBase.java:122)
		at org.apache.catalina.core.StandardService.initInternal(StandardService.java:525)
		at org.apache.catalina.util.LifecycleBase.init(LifecycleBase.java:122)
		at org.apache.catalina.core.StandardServer.initInternal(StandardServer.java:953)
		at org.apache.catalina.util.LifecycleBase.init(LifecycleBase.java:122)
		at org.apache.catalina.startup.Catalina.load(Catalina.java:710)
		at org.apache.catalina.startup.Catalina.load(Catalina.java:733)
		at java.base/jdk.internal.reflect.DirectMethodHandleAccessor.invoke(DirectMethodHandleAccessor.java:104)
		at java.base/java.lang.reflect.Method.invoke(Method.java:565)
		at org.apache.catalina.startup.Bootstrap.load(Bootstrap.java:299)
		at org.apache.catalina.startup.Bootstrap.main(Bootstrap.java:469)
	Caused by: java.net.BindException: Address already in use: bind
		at java.base/sun.nio.ch.Net.bind0(Native Method)
		at java.base/sun.nio.ch.Net.bind(Net.java:511)
		at java.base/sun.nio.ch.ServerSocketChannelImpl.netBind(ServerSocketChannelImpl.java:335)
		at java.base/sun.nio.ch.ServerSocketChannelImpl.bind(ServerSocketChannelImpl.java:297)
		at org.apache.tomcat.util.net.NioEndpoint.initServerSocket(NioEndpoint.java:240)
		at org.apache.tomcat.util.net.NioEndpoint.bind(NioEndpoint.java:195)
		at org.apache.tomcat.util.net.AbstractEndpoint.bindWithCleanup(AbstractEndpoint.java:1472)
		at org.apache.tomcat.util.net.AbstractEndpoint.init(AbstractEndpoint.java:1485)
		at org.apache.coyote.AbstractProtocol.init(AbstractProtocol.java:633)
		at org.apache.coyote.http11.AbstractHttp11Protocol.init(AbstractHttp11Protocol.java:83)
		at org.apache.catalina.connector.Connector.initInternal(Connector.java:1054)
		... 11 more
06-May-2025 01:51:44.078 INFO [main] org.apache.catalina.startup.Catalina.load Server initialization in [535] milliseconds
06-May-2025 01:51:44.126 INFO [main] org.apache.catalina.core.StandardService.startInternal Starting service [Catalina]
06-May-2025 01:51:44.126 INFO [main] org.apache.catalina.core.StandardEngine.startInternal Starting Servlet engine: [Apache Tomcat/11.0.5]
06-May-2025 01:51:44.137 INFO [main] org.apache.catalina.startup.HostConfig.deployDescriptor Deploying deployment descriptor [C:\Users\msi\Downloads\Food Delivery Website - Copy\Food Delivery Website - Copy\conf\Catalina\localhost\ROOT.xml]
06-May-2025 01:51:44.487 INFO [main] org.apache.catalina.startup.HostConfig.deployDescriptor Deployment of deployment descriptor [C:\Users\msi\Downloads\Food Delivery Website - Copy\Food Delivery Website - Copy\conf\Catalina\localhost\ROOT.xml] has finished in [349] ms
06-May-2025 01:51:44.502 INFO [main] org.apache.catalina.startup.Catalina.start Server startup in [423] milliseconds
06-May-2025 01:51:44.509 SEVERE [main] org.apache.catalina.core.StandardServer.await Failed to create server shutdown socket on address [localhost] and port [8005] (base port [8005] and offset [0])
	java.net.BindException: Address already in use: bind
		at java.base/sun.nio.ch.Net.bind0(Native Method)
		at java.base/sun.nio.ch.Net.bind(Net.java:511)
		at java.base/sun.nio.ch.Net.bind(Net.java:500)
		at java.base/sun.nio.ch.NioSocketImpl.bind(NioSocketImpl.java:630)
		at java.base/java.net.ServerSocket.bind(ServerSocket.java:326)
		at java.base/java.net.ServerSocket.<init>(ServerSocket.java:222)
		at org.apache.catalina.core.StandardServer.await(StandardServer.java:532)
		at org.apache.catalina.startup.Catalina.await(Catalina.java:849)
		at org.apache.catalina.startup.Catalina.start(Catalina.java:797)
		at java.base/jdk.internal.reflect.DirectMethodHandleAccessor.invoke(DirectMethodHandleAccessor.java:104)
		at java.base/java.lang.reflect.Method.invoke(Method.java:565)
		at org.apache.catalina.startup.Bootstrap.start(Bootstrap.java:342)
		at org.apache.catalina.startup.Bootstrap.main(Bootstrap.java:470)
06-May-2025 01:51:44.510 INFO [main] org.apache.coyote.AbstractProtocol.pause Pausing ProtocolHandler ["http-nio-8080"]
06-May-2025 01:51:44.511 INFO [main] org.apache.catalina.core.StandardService.stopInternal Stopping service [Catalina]
06-May-2025 01:51:44.520 INFO [main] org.apache.coyote.AbstractProtocol.stop Stopping ProtocolHandler ["http-nio-8080"]
06-May-2025 01:51:44.520 INFO [main] org.apache.coyote.AbstractProtocol.destroy Destroying ProtocolHandler ["http-nio-8080"]
06-May-2025 01:52:06.840 WARNING [main] org.apache.catalina.core.StandardServer.await Invalid shutdown command [] received
06-May-2025 01:52:14.744 INFO [main] org.apache.catalina.startup.VersionLoggerListener.log Server version name:   Apache Tomcat/11.0.5
06-May-2025 01:52:14.746 INFO [main] org.apache.catalina.startup.VersionLoggerListener.log Server built:          Feb 28 2025 15:54:41 UTC
06-May-2025 01:52:14.746 INFO [main] org.apache.catalina.startup.VersionLoggerListener.log Server version number: 11.0.5.0
06-May-2025 01:52:14.746 INFO [main] org.apache.catalina.startup.VersionLoggerListener.log OS Name:               Windows 11
06-May-2025 01:52:14.746 INFO [main] org.apache.catalina.startup.VersionLoggerListener.log OS Version:            10.0
06-May-2025 01:52:14.746 INFO [main] org.apache.catalina.startup.VersionLoggerListener.log Architecture:          amd64
06-May-2025 01:52:14.746 INFO [main] org.apache.catalina.startup.VersionLoggerListener.log Java Home:             C:\Users\msi\.jdks\openjdk-24
06-May-2025 01:52:14.746 INFO [main] org.apache.catalina.startup.VersionLoggerListener.log JVM Version:           24+36-3646
06-May-2025 01:52:14.746 INFO [main] org.apache.catalina.startup.VersionLoggerListener.log JVM Vendor:            Oracle Corporation
06-May-2025 01:52:14.746 INFO [main] org.apache.catalina.startup.VersionLoggerListener.log CATALINA_BASE:         C:\Users\msi\Downloads\Food Delivery Website - Copy\Food Delivery Website - Copy
06-May-2025 01:52:14.747 INFO [main] org.apache.catalina.startup.VersionLoggerListener.log CATALINA_HOME:         C:\Program Files\Apache Software Foundation\Tomcat 11.0
06-May-2025 01:52:14.754 INFO [main] org.apache.catalina.startup.VersionLoggerListener.log Command line argument: --add-opens=java.base/java.lang=ALL-UNNAMED
06-May-2025 01:52:14.755 INFO [main] org.apache.catalina.startup.VersionLoggerListener.log Command line argument: --add-opens=java.base/java.io=ALL-UNNAMED
06-May-2025 01:52:14.755 INFO [main] org.apache.catalina.startup.VersionLoggerListener.log Command line argument: --add-opens=java.base/java.util=ALL-UNNAMED
06-May-2025 01:52:14.755 INFO [main] org.apache.catalina.startup.VersionLoggerListener.log Command line argument: --add-opens=java.base/java.util.concurrent=ALL-UNNAMED
06-May-2025 01:52:14.755 INFO [main] org.apache.catalina.startup.VersionLoggerListener.log Command line argument: --add-opens=java.rmi/sun.rmi.transport=ALL-UNNAMED
06-May-2025 01:52:14.755 INFO [main] org.apache.catalina.startup.VersionLoggerListener.log Command line argument: -Dcatalina.home=C:\Program Files\Apache Software Foundation\Tomcat 11.0
06-May-2025 01:52:14.755 INFO [main] org.apache.catalina.startup.VersionLoggerListener.log Command line argument: -Dcatalina.base=C:\Users\msi\Downloads\Food Delivery Website - Copy\Food Delivery Website - Copy
06-May-2025 01:52:14.755 INFO [main] org.apache.catalina.startup.VersionLoggerListener.log Command line argument: -Djava.io.tmpdir=C:\Users\msi\Downloads\Food Delivery Website - Copy\Food Delivery Website - Copy\temp
06-May-2025 01:52:14.755 INFO [main] org.apache.catalina.startup.VersionLoggerListener.log Command line argument: -Djava.util.logging.config.file=C:\Users\msi\Downloads\Food Delivery Website - Copy\Food Delivery Website - Copy\conf\logging.properties
06-May-2025 01:52:14.755 INFO [main] org.apache.catalina.startup.VersionLoggerListener.log Command line argument: -Djava.util.logging.manager=org.apache.juli.ClassLoaderLogManager
06-May-2025 01:52:14.755 INFO [main] org.apache.catalina.startup.VersionLoggerListener.log Command line argument: -javaagent:C:\Users\msi\AppData\Local\JetBrains\IntelliJ IDEA 2024.3.5\lib\idea_rt.jar=53458
06-May-2025 01:52:14.755 INFO [main] org.apache.catalina.startup.VersionLoggerListener.log Command line argument: -Dfile.encoding=UTF-8
06-May-2025 01:52:14.755 INFO [main] org.apache.catalina.startup.VersionLoggerListener.log Command line argument: -Dsun.stdout.encoding=UTF-8
06-May-2025 01:52:14.755 INFO [main] org.apache.catalina.startup.VersionLoggerListener.log Command line argument: -Dsun.stderr.encoding=UTF-8
06-May-2025 01:52:14.758 INFO [main] org.apache.catalina.core.AprLifecycleListener.lifecycleEvent The Apache Tomcat Native library which allows using OpenSSL was not found on the java.library.path: [C:\Users\msi\.jdks\openjdk-24\bin;C:\WINDOWS\Sun\Java\bin;C:\WINDOWS\system32;C:\WINDOWS;C:\Program Files\Common Files\Oracle\Java\javapath;C:\WINDOWS\system32;C:\WINDOWS;C:\WINDOWS\System32\Wbem;C:\WINDOWS\System32\WindowsPowerShell\v1.0\;C:\WINDOWS\System32\OpenSSH\;C:\Program Files\NVIDIA Corporation\NVIDIA NvDLISR;C:\Program Files\Git\cmd;C:\Users\msi\AppData\Local\Microsoft\WindowsApps;C:\Users\msi\AppData\Local\Programs\Microsoft VS Code\bin;;.]
06-May-2025 01:52:14.967 INFO [main] org.apache.coyote.AbstractProtocol.init Initializing ProtocolHandler ["http-nio-8080"]
06-May-2025 01:52:14.977 SEVERE [main] org.apache.catalina.util.LifecycleBase.handleSubClassException Failed to initialize component [Connector["http-nio-8080"]]
	org.apache.catalina.LifecycleException: Protocol handler initialization failed
		at org.apache.catalina.connector.Connector.initInternal(Connector.java:1056)
		at org.apache.catalina.util.LifecycleBase.init(LifecycleBase.java:122)
		at org.apache.catalina.core.StandardService.initInternal(StandardService.java:525)
		at org.apache.catalina.util.LifecycleBase.init(LifecycleBase.java:122)
		at org.apache.catalina.core.StandardServer.initInternal(StandardServer.java:953)
		at org.apache.catalina.util.LifecycleBase.init(LifecycleBase.java:122)
		at org.apache.catalina.startup.Catalina.load(Catalina.java:710)
		at org.apache.catalina.startup.Catalina.load(Catalina.java:733)
		at java.base/jdk.internal.reflect.DirectMethodHandleAccessor.invoke(DirectMethodHandleAccessor.java:104)
		at java.base/java.lang.reflect.Method.invoke(Method.java:565)
		at org.apache.catalina.startup.Bootstrap.load(Bootstrap.java:299)
		at org.apache.catalina.startup.Bootstrap.main(Bootstrap.java:469)
	Caused by: java.net.BindException: Address already in use: bind
		at java.base/sun.nio.ch.Net.bind0(Native Method)
		at java.base/sun.nio.ch.Net.bind(Net.java:511)
		at java.base/sun.nio.ch.ServerSocketChannelImpl.netBind(ServerSocketChannelImpl.java:335)
		at java.base/sun.nio.ch.ServerSocketChannelImpl.bind(ServerSocketChannelImpl.java:297)
		at org.apache.tomcat.util.net.NioEndpoint.initServerSocket(NioEndpoint.java:240)
		at org.apache.tomcat.util.net.NioEndpoint.bind(NioEndpoint.java:195)
		at org.apache.tomcat.util.net.AbstractEndpoint.bindWithCleanup(AbstractEndpoint.java:1472)
		at org.apache.tomcat.util.net.AbstractEndpoint.init(AbstractEndpoint.java:1485)
		at org.apache.coyote.AbstractProtocol.init(AbstractProtocol.java:633)
		at org.apache.coyote.http11.AbstractHttp11Protocol.init(AbstractHttp11Protocol.java:83)
		at org.apache.catalina.connector.Connector.initInternal(Connector.java:1054)
		... 11 more
06-May-2025 01:52:14.979 INFO [main] org.apache.catalina.startup.Catalina.load Server initialization in [395] milliseconds
06-May-2025 01:52:15.036 INFO [main] org.apache.catalina.core.StandardService.startInternal Starting service [Catalina]
06-May-2025 01:52:15.036 INFO [main] org.apache.catalina.core.StandardEngine.startInternal Starting Servlet engine: [Apache Tomcat/11.0.5]
06-May-2025 01:52:15.046 INFO [main] org.apache.catalina.startup.HostConfig.deployDescriptor Deploying deployment descriptor [C:\Users\msi\Downloads\Food Delivery Website - Copy\Food Delivery Website - Copy\conf\Catalina\localhost\ROOT.xml]
06-May-2025 01:52:15.366 INFO [main] org.apache.catalina.startup.HostConfig.deployDescriptor Deployment of deployment descriptor [C:\Users\msi\Downloads\Food Delivery Website - Copy\Food Delivery Website - Copy\conf\Catalina\localhost\ROOT.xml] has finished in [319] ms
06-May-2025 01:52:15.379 INFO [main] org.apache.catalina.startup.Catalina.start Server startup in [397] milliseconds
06-May-2025 01:52:15.384 SEVERE [main] org.apache.catalina.core.StandardServer.await Failed to create server shutdown socket on address [localhost] and port [8005] (base port [8005] and offset [0])
	java.net.BindException: Address already in use: bind
		at java.base/sun.nio.ch.Net.bind0(Native Method)
		at java.base/sun.nio.ch.Net.bind(Net.java:511)
		at java.base/sun.nio.ch.Net.bind(Net.java:500)
		at java.base/sun.nio.ch.NioSocketImpl.bind(NioSocketImpl.java:630)
		at java.base/java.net.ServerSocket.bind(ServerSocket.java:326)
		at java.base/java.net.ServerSocket.<init>(ServerSocket.java:222)
		at org.apache.catalina.core.StandardServer.await(StandardServer.java:532)
		at org.apache.catalina.startup.Catalina.await(Catalina.java:849)
		at org.apache.catalina.startup.Catalina.start(Catalina.java:797)
		at java.base/jdk.internal.reflect.DirectMethodHandleAccessor.invoke(DirectMethodHandleAccessor.java:104)
		at java.base/java.lang.reflect.Method.invoke(Method.java:565)
		at org.apache.catalina.startup.Bootstrap.start(Bootstrap.java:342)
		at org.apache.catalina.startup.Bootstrap.main(Bootstrap.java:470)
06-May-2025 01:52:15.384 INFO [main] org.apache.coyote.AbstractProtocol.pause Pausing ProtocolHandler ["http-nio-8080"]
06-May-2025 01:52:15.384 INFO [main] org.apache.catalina.core.StandardService.stopInternal Stopping service [Catalina]
06-May-2025 01:52:15.392 INFO [main] org.apache.coyote.AbstractProtocol.stop Stopping ProtocolHandler ["http-nio-8080"]
06-May-2025 01:52:15.392 INFO [main] org.apache.coyote.AbstractProtocol.destroy Destroying ProtocolHandler ["http-nio-8080"]
06-May-2025 01:52:21.545 INFO [Catalina-utility-2] org.apache.catalina.startup.HostConfig.undeploy Undeploying context []
06-May-2025 01:52:21.553 INFO [Catalina-utility-2] org.apache.catalina.startup.HostConfig.deployDescriptor Deploying deployment descriptor [C:\Users\msi\Downloads\Food Delivery Website - Copy\Food Delivery Website - Copy\conf\Catalina\localhost\ROOT.xml]
06-May-2025 01:52:21.612 INFO [Catalina-utility-2] org.apache.catalina.startup.HostConfig.deployDescriptor Deployment of deployment descriptor [C:\Users\msi\Downloads\Food Delivery Website - Copy\Food Delivery Website - Copy\conf\Catalina\localhost\ROOT.xml] has finished in [58] ms
06-May-2025 02:04:29.134 INFO [main] org.apache.catalina.startup.VersionLoggerListener.log Server version name:   Apache Tomcat/11.0.5
06-May-2025 02:04:29.137 INFO [main] org.apache.catalina.startup.VersionLoggerListener.log Server built:          Feb 28 2025 15:54:41 UTC
06-May-2025 02:04:29.137 INFO [main] org.apache.catalina.startup.VersionLoggerListener.log Server version number: 11.0.5.0
06-May-2025 02:04:29.137 INFO [main] org.apache.catalina.startup.VersionLoggerListener.log OS Name:               Windows 11
06-May-2025 02:04:29.137 INFO [main] org.apache.catalina.startup.VersionLoggerListener.log OS Version:            10.0
06-May-2025 02:04:29.137 INFO [main] org.apache.catalina.startup.VersionLoggerListener.log Architecture:          amd64
06-May-2025 02:04:29.138 INFO [main] org.apache.catalina.startup.VersionLoggerListener.log Java Home:             C:\Users\msi\.jdks\openjdk-24
06-May-2025 02:04:29.138 INFO [main] org.apache.catalina.startup.VersionLoggerListener.log JVM Version:           24+36-3646
06-May-2025 02:04:29.138 INFO [main] org.apache.catalina.startup.VersionLoggerListener.log JVM Vendor:            Oracle Corporation
06-May-2025 02:04:29.138 INFO [main] org.apache.catalina.startup.VersionLoggerListener.log CATALINA_BASE:         C:\Users\msi\Downloads\Food Delivery Website - Copy\Food Delivery Website - Copy
06-May-2025 02:04:29.138 INFO [main] org.apache.catalina.startup.VersionLoggerListener.log CATALINA_HOME:         C:\Program Files\Apache Software Foundation\Tomcat 11.0
06-May-2025 02:04:29.146 INFO [main] org.apache.catalina.startup.VersionLoggerListener.log Command line argument: --add-opens=java.base/java.lang=ALL-UNNAMED
06-May-2025 02:04:29.146 INFO [main] org.apache.catalina.startup.VersionLoggerListener.log Command line argument: --add-opens=java.base/java.io=ALL-UNNAMED
06-May-2025 02:04:29.146 INFO [main] org.apache.catalina.startup.VersionLoggerListener.log Command line argument: --add-opens=java.base/java.util=ALL-UNNAMED
06-May-2025 02:04:29.146 INFO [main] org.apache.catalina.startup.VersionLoggerListener.log Command line argument: --add-opens=java.base/java.util.concurrent=ALL-UNNAMED
06-May-2025 02:04:29.146 INFO [main] org.apache.catalina.startup.VersionLoggerListener.log Command line argument: --add-opens=java.rmi/sun.rmi.transport=ALL-UNNAMED
06-May-2025 02:04:29.146 INFO [main] org.apache.catalina.startup.VersionLoggerListener.log Command line argument: -Dcatalina.home=C:\Program Files\Apache Software Foundation\Tomcat 11.0
06-May-2025 02:04:29.146 INFO [main] org.apache.catalina.startup.VersionLoggerListener.log Command line argument: -Dcatalina.base=C:\Users\msi\Downloads\Food Delivery Website - Copy\Food Delivery Website - Copy
06-May-2025 02:04:29.146 INFO [main] org.apache.catalina.startup.VersionLoggerListener.log Command line argument: -Djava.io.tmpdir=C:\Users\msi\Downloads\Food Delivery Website - Copy\Food Delivery Website - Copy\temp
06-May-2025 02:04:29.147 INFO [main] org.apache.catalina.startup.VersionLoggerListener.log Command line argument: -Djava.util.logging.config.file=C:\Users\msi\Downloads\Food Delivery Website - Copy\Food Delivery Website - Copy\conf\logging.properties
06-May-2025 02:04:29.147 INFO [main] org.apache.catalina.startup.VersionLoggerListener.log Command line argument: -Djava.util.logging.manager=org.apache.juli.ClassLoaderLogManager
06-May-2025 02:04:29.147 INFO [main] org.apache.catalina.startup.VersionLoggerListener.log Command line argument: -javaagent:C:\Users\msi\AppData\Local\JetBrains\IntelliJ IDEA 2024.3.5\lib\idea_rt.jar=53790
06-May-2025 02:04:29.147 INFO [main] org.apache.catalina.startup.VersionLoggerListener.log Command line argument: -Dfile.encoding=UTF-8
06-May-2025 02:04:29.147 INFO [main] org.apache.catalina.startup.VersionLoggerListener.log Command line argument: -Dsun.stdout.encoding=UTF-8
06-May-2025 02:04:29.147 INFO [main] org.apache.catalina.startup.VersionLoggerListener.log Command line argument: -Dsun.stderr.encoding=UTF-8
06-May-2025 02:04:29.151 INFO [main] org.apache.catalina.core.AprLifecycleListener.lifecycleEvent The Apache Tomcat Native library which allows using OpenSSL was not found on the java.library.path: [C:\Users\msi\.jdks\openjdk-24\bin;C:\WINDOWS\Sun\Java\bin;C:\WINDOWS\system32;C:\WINDOWS;C:\Program Files\Common Files\Oracle\Java\javapath;C:\WINDOWS\system32;C:\WINDOWS;C:\WINDOWS\System32\Wbem;C:\WINDOWS\System32\WindowsPowerShell\v1.0\;C:\WINDOWS\System32\OpenSSH\;C:\Program Files\NVIDIA Corporation\NVIDIA NvDLISR;C:\Program Files\Git\cmd;C:\Users\msi\AppData\Local\Microsoft\WindowsApps;C:\Users\msi\AppData\Local\Programs\Microsoft VS Code\bin;;.]
06-May-2025 02:04:29.397 INFO [main] org.apache.coyote.AbstractProtocol.init Initializing ProtocolHandler ["http-nio-8080"]
06-May-2025 02:04:29.405 SEVERE [main] org.apache.catalina.util.LifecycleBase.handleSubClassException Failed to initialize component [Connector["http-nio-8080"]]
	org.apache.catalina.LifecycleException: Protocol handler initialization failed
		at org.apache.catalina.connector.Connector.initInternal(Connector.java:1056)
		at org.apache.catalina.util.LifecycleBase.init(LifecycleBase.java:122)
		at org.apache.catalina.core.StandardService.initInternal(StandardService.java:525)
		at org.apache.catalina.util.LifecycleBase.init(LifecycleBase.java:122)
		at org.apache.catalina.core.StandardServer.initInternal(StandardServer.java:953)
		at org.apache.catalina.util.LifecycleBase.init(LifecycleBase.java:122)
		at org.apache.catalina.startup.Catalina.load(Catalina.java:710)
		at org.apache.catalina.startup.Catalina.load(Catalina.java:733)
		at java.base/jdk.internal.reflect.DirectMethodHandleAccessor.invoke(DirectMethodHandleAccessor.java:104)
		at java.base/java.lang.reflect.Method.invoke(Method.java:565)
		at org.apache.catalina.startup.Bootstrap.load(Bootstrap.java:299)
		at org.apache.catalina.startup.Bootstrap.main(Bootstrap.java:469)
	Caused by: java.net.BindException: Address already in use: bind
		at java.base/sun.nio.ch.Net.bind0(Native Method)
		at java.base/sun.nio.ch.Net.bind(Net.java:511)
		at java.base/sun.nio.ch.ServerSocketChannelImpl.netBind(ServerSocketChannelImpl.java:335)
		at java.base/sun.nio.ch.ServerSocketChannelImpl.bind(ServerSocketChannelImpl.java:297)
		at org.apache.tomcat.util.net.NioEndpoint.initServerSocket(NioEndpoint.java:240)
		at org.apache.tomcat.util.net.NioEndpoint.bind(NioEndpoint.java:195)
		at org.apache.tomcat.util.net.AbstractEndpoint.bindWithCleanup(AbstractEndpoint.java:1472)
		at org.apache.tomcat.util.net.AbstractEndpoint.init(AbstractEndpoint.java:1485)
		at org.apache.coyote.AbstractProtocol.init(AbstractProtocol.java:633)
		at org.apache.coyote.http11.AbstractHttp11Protocol.init(AbstractHttp11Protocol.java:83)
		at org.apache.catalina.connector.Connector.initInternal(Connector.java:1054)
		... 11 more
06-May-2025 02:04:29.405 INFO [main] org.apache.catalina.startup.Catalina.load Server initialization in [479] milliseconds
06-May-2025 02:04:29.462 INFO [main] org.apache.catalina.core.StandardService.startInternal Starting service [Catalina]
06-May-2025 02:04:29.463 INFO [main] org.apache.catalina.core.StandardEngine.startInternal Starting Servlet engine: [Apache Tomcat/11.0.5]
06-May-2025 02:04:29.472 INFO [main] org.apache.catalina.startup.HostConfig.deployDescriptor Deploying deployment descriptor [C:\Users\msi\Downloads\Food Delivery Website - Copy\Food Delivery Website - Copy\conf\Catalina\localhost\ROOT.xml]
06-May-2025 02:04:29.689 SEVERE [main] org.apache.catalina.startup.HostConfig.deployDescriptor Error deploying deployment descriptor [C:\Users\msi\Downloads\Food Delivery Website - Copy\Food Delivery Website - Copy\conf\Catalina\localhost\ROOT.xml]
	java.lang.IllegalStateException: Error starting child
		at org.apache.catalina.core.ContainerBase.addChild(ContainerBase.java:569)
		at org.apache.catalina.core.StandardHost.addChild(StandardHost.java:653)
		at org.apache.catalina.startup.HostConfig.deployDescriptor(HostConfig.java:599)
		at org.apache.catalina.startup.HostConfig$DeployDescriptor.run(HostConfig.java:1853)
		at java.base/java.util.concurrent.Executors$RunnableAdapter.call(Executors.java:545)
		at java.base/java.util.concurrent.FutureTask.run(FutureTask.java:328)
		at org.apache.tomcat.util.threads.InlineExecutorService.execute(InlineExecutorService.java:75)
		at java.base/java.util.concurrent.AbstractExecutorService.submit(AbstractExecutorService.java:124)
		at org.apache.catalina.startup.HostConfig.deployDescriptors(HostConfig.java:494)
		at org.apache.catalina.startup.HostConfig.deployApps(HostConfig.java:385)
		at org.apache.catalina.startup.HostConfig.start(HostConfig.java:1593)
		at org.apache.catalina.startup.HostConfig.lifecycleEvent(HostConfig.java:267)
		at org.apache.catalina.util.LifecycleBase.fireLifecycleEvent(LifecycleBase.java:109)
		at org.apache.catalina.util.LifecycleBase.setStateInternal(LifecycleBase.java:389)
		at org.apache.catalina.util.LifecycleBase.setState(LifecycleBase.java:336)
		at org.apache.catalina.core.ContainerBase.startInternal(ContainerBase.java:743)
		at org.apache.catalina.core.StandardHost.startInternal(StandardHost.java:771)
		at org.apache.catalina.util.LifecycleBase.start(LifecycleBase.java:164)
		at org.apache.catalina.core.ContainerBase$StartChild.call(ContainerBase.java:1170)
		at org.apache.catalina.core.ContainerBase$StartChild.call(ContainerBase.java:1160)
		at java.base/java.util.concurrent.FutureTask.run(FutureTask.java:328)
		at org.apache.tomcat.util.threads.InlineExecutorService.execute(InlineExecutorService.java:75)
		at java.base/java.util.concurrent.AbstractExecutorService.submit(AbstractExecutorService.java:148)
		at org.apache.catalina.core.ContainerBase.startInternal(ContainerBase.java:716)
		at org.apache.catalina.core.StandardEngine.startInternal(StandardEngine.java:203)
		at org.apache.catalina.util.LifecycleBase.start(LifecycleBase.java:164)
		at org.apache.catalina.core.StandardService.startInternal(StandardService.java:415)
		at org.apache.catalina.util.LifecycleBase.start(LifecycleBase.java:164)
		at org.apache.catalina.core.StandardServer.startInternal(StandardServer.java:866)
		at org.apache.catalina.util.LifecycleBase.start(LifecycleBase.java:164)
		at org.apache.catalina.startup.Catalina.start(Catalina.java:759)
		at java.base/jdk.internal.reflect.DirectMethodHandleAccessor.invoke(DirectMethodHandleAccessor.java:104)
		at java.base/java.lang.reflect.Method.invoke(Method.java:565)
		at org.apache.catalina.startup.Bootstrap.start(Bootstrap.java:342)
		at org.apache.catalina.startup.Bootstrap.main(Bootstrap.java:470)
	Caused by: org.apache.catalina.LifecycleException: Failed to start component [StandardEngine[Catalina].StandardHost[localhost].StandardContext[]]
		at org.apache.catalina.util.LifecycleBase.handleSubClassException(LifecycleBase.java:406)
		at org.apache.catalina.util.LifecycleBase.start(LifecycleBase.java:179)
		at org.apache.catalina.core.ContainerBase.addChild(ContainerBase.java:566)
		... 34 more
	Caused by: java.lang.IllegalArgumentException: The servlets named [com.example.LoginServlet] and [LoginProfileUser] are both mapped to the url-pattern [/login] which is not permitted
		at org.apache.tomcat.util.descriptor.web.WebXml.addServletMappingDecoded(WebXml.java:358)
		at org.apache.tomcat.util.descriptor.web.WebXml.addServletMapping(WebXml.java:351)
		at org.apache.catalina.startup.ContextConfig.processAnnotationWebServlet(ContextConfig.java:2551)
		at org.apache.catalina.startup.ContextConfig.processClass(ContextConfig.java:2256)
		at org.apache.catalina.startup.ContextConfig.processAnnotationsStream(ContextConfig.java:2245)
		at org.apache.catalina.startup.ContextConfig.processAnnotationsWebResource(ContextConfig.java:2155)
		at org.apache.catalina.startup.ContextConfig.processClasses(ContextConfig.java:1363)
		at org.apache.catalina.startup.ContextConfig.webConfig(ContextConfig.java:1273)
		at org.apache.catalina.startup.ContextConfig.configureStart(ContextConfig.java:973)
		at org.apache.catalina.startup.ContextConfig.lifecycleEvent(ContextConfig.java:290)
		at org.apache.catalina.util.LifecycleBase.fireLifecycleEvent(LifecycleBase.java:109)
		at org.apache.catalina.core.StandardContext.startInternal(StandardContext.java:4352)
		at org.apache.catalina.util.LifecycleBase.start(LifecycleBase.java:164)
		... 35 more
06-May-2025 02:04:29.696 INFO [main] org.apache.catalina.startup.HostConfig.deployDescriptor Deployment of deployment descriptor [C:\Users\msi\Downloads\Food Delivery Website - Copy\Food Delivery Website - Copy\conf\Catalina\localhost\ROOT.xml] has finished in [223] ms
06-May-2025 02:04:29.700 INFO [main] org.apache.catalina.startup.Catalina.start Server startup in [293] milliseconds
06-May-2025 02:04:29.707 SEVERE [main] org.apache.catalina.core.StandardServer.await Failed to create server shutdown socket on address [localhost] and port [8005] (base port [8005] and offset [0])
	java.net.BindException: Address already in use: bind
		at java.base/sun.nio.ch.Net.bind0(Native Method)
		at java.base/sun.nio.ch.Net.bind(Net.java:511)
		at java.base/sun.nio.ch.Net.bind(Net.java:500)
		at java.base/sun.nio.ch.NioSocketImpl.bind(NioSocketImpl.java:630)
		at java.base/java.net.ServerSocket.bind(ServerSocket.java:326)
		at java.base/java.net.ServerSocket.<init>(ServerSocket.java:222)
		at org.apache.catalina.core.StandardServer.await(StandardServer.java:532)
		at org.apache.catalina.startup.Catalina.await(Catalina.java:849)
		at org.apache.catalina.startup.Catalina.start(Catalina.java:797)
		at java.base/jdk.internal.reflect.DirectMethodHandleAccessor.invoke(DirectMethodHandleAccessor.java:104)
		at java.base/java.lang.reflect.Method.invoke(Method.java:565)
		at org.apache.catalina.startup.Bootstrap.start(Bootstrap.java:342)
		at org.apache.catalina.startup.Bootstrap.main(Bootstrap.java:470)
06-May-2025 02:04:29.707 INFO [main] org.apache.coyote.AbstractProtocol.pause Pausing ProtocolHandler ["http-nio-8080"]
06-May-2025 02:04:29.707 INFO [main] org.apache.catalina.core.StandardService.stopInternal Stopping service [Catalina]
06-May-2025 02:04:29.709 INFO [main] org.apache.coyote.AbstractProtocol.stop Stopping ProtocolHandler ["http-nio-8080"]
06-May-2025 02:04:29.711 INFO [main] org.apache.coyote.AbstractProtocol.destroy Destroying ProtocolHandler ["http-nio-8080"]
06-May-2025 02:04:31.963 INFO [Catalina-utility-1] org.apache.catalina.startup.HostConfig.undeploy Undeploying context []
06-May-2025 02:04:31.994 INFO [Catalina-utility-1] org.apache.catalina.startup.HostConfig.deployDescriptor Deploying deployment descriptor [C:\Users\msi\Downloads\Food Delivery Website - Copy\Food Delivery Website - Copy\conf\Catalina\localhost\ROOT.xml]
06-May-2025 02:04:32.046 SEVERE [Catalina-utility-1] org.apache.catalina.startup.HostConfig.deployDescriptor Error deploying deployment descriptor [C:\Users\msi\Downloads\Food Delivery Website - Copy\Food Delivery Website - Copy\conf\Catalina\localhost\ROOT.xml]
	java.lang.IllegalStateException: Error starting child
		at org.apache.catalina.core.ContainerBase.addChild(ContainerBase.java:569)
		at org.apache.catalina.core.StandardHost.addChild(StandardHost.java:653)
		at org.apache.catalina.startup.HostConfig.deployDescriptor(HostConfig.java:599)
		at org.apache.catalina.startup.HostConfig$DeployDescriptor.run(HostConfig.java:1853)
		at java.base/java.util.concurrent.Executors$RunnableAdapter.call(Executors.java:545)
		at java.base/java.util.concurrent.FutureTask.run(FutureTask.java:328)
		at org.apache.tomcat.util.threads.InlineExecutorService.execute(InlineExecutorService.java:75)
		at java.base/java.util.concurrent.AbstractExecutorService.submit(AbstractExecutorService.java:124)
		at org.apache.catalina.startup.HostConfig.deployDescriptors(HostConfig.java:494)
		at org.apache.catalina.startup.HostConfig.deployApps(HostConfig.java:385)
		at org.apache.catalina.startup.HostConfig.check(HostConfig.java:1642)
		at org.apache.catalina.startup.HostConfig.lifecycleEvent(HostConfig.java:263)
		at org.apache.catalina.util.LifecycleBase.fireLifecycleEvent(LifecycleBase.java:109)
		at org.apache.catalina.core.ContainerBase.backgroundProcess(ContainerBase.java:940)
		at org.apache.catalina.core.ContainerBase$ContainerBackgroundProcessor.processChildren(ContainerBase.java:1139)
		at org.apache.catalina.core.ContainerBase$ContainerBackgroundProcessor.processChildren(ContainerBase.java:1143)
		at org.apache.catalina.core.ContainerBase$ContainerBackgroundProcessor.run(ContainerBase.java:1121)
		at java.base/java.util.concurrent.Executors$RunnableAdapter.call(Executors.java:545)
		at java.base/java.util.concurrent.FutureTask.runAndReset(FutureTask.java:369)
		at java.base/java.util.concurrent.ScheduledThreadPoolExecutor$ScheduledFutureTask.run(ScheduledThreadPoolExecutor.java:310)
		at java.base/java.util.concurrent.ThreadPoolExecutor.runWorker(ThreadPoolExecutor.java:1095)
		at java.base/java.util.concurrent.ThreadPoolExecutor$Worker.run(ThreadPoolExecutor.java:619)
		at org.apache.tomcat.util.threads.TaskThread$WrappingRunnable.run(TaskThread.java:63)
		at java.base/java.lang.Thread.run(Thread.java:1447)
	Caused by: org.apache.catalina.LifecycleException: Failed to start component [StandardEngine[Catalina].StandardHost[localhost].StandardContext[]]
		at org.apache.catalina.util.LifecycleBase.handleSubClassException(LifecycleBase.java:406)
		at org.apache.catalina.util.LifecycleBase.start(LifecycleBase.java:179)
		at org.apache.catalina.core.ContainerBase.addChild(ContainerBase.java:566)
		... 23 more
	Caused by: java.lang.IllegalArgumentException: The servlets named [com.example.LoginServlet] and [LoginProfileUser] are both mapped to the url-pattern [/login] which is not permitted
		at org.apache.tomcat.util.descriptor.web.WebXml.addServletMappingDecoded(WebXml.java:358)
		at org.apache.tomcat.util.descriptor.web.WebXml.addServletMapping(WebXml.java:351)
		at org.apache.catalina.startup.ContextConfig.processAnnotationWebServlet(ContextConfig.java:2551)
		at org.apache.catalina.startup.ContextConfig.processClass(ContextConfig.java:2256)
		at org.apache.catalina.startup.ContextConfig.processAnnotationsStream(ContextConfig.java:2245)
		at org.apache.catalina.startup.ContextConfig.processAnnotationsWebResource(ContextConfig.java:2155)
		at org.apache.catalina.startup.ContextConfig.processClasses(ContextConfig.java:1363)
		at org.apache.catalina.startup.ContextConfig.webConfig(ContextConfig.java:1273)
		at org.apache.catalina.startup.ContextConfig.configureStart(ContextConfig.java:973)
		at org.apache.catalina.startup.ContextConfig.lifecycleEvent(ContextConfig.java:290)
		at org.apache.catalina.util.LifecycleBase.fireLifecycleEvent(LifecycleBase.java:109)
		at org.apache.catalina.core.StandardContext.startInternal(StandardContext.java:4352)
		at org.apache.catalina.util.LifecycleBase.start(LifecycleBase.java:164)
		... 24 more
06-May-2025 02:04:32.084 INFO [Catalina-utility-1] org.apache.catalina.startup.HostConfig.deployDescriptor Deployment of deployment descriptor [C:\Users\msi\Downloads\Food Delivery Website - Copy\Food Delivery Website - Copy\conf\Catalina\localhost\ROOT.xml] has finished in [90] ms
06-May-2025 02:04:52.283 INFO [Thread-1] org.apache.coyote.AbstractProtocol.pause Pausing ProtocolHandler ["http-nio-8080"]
06-May-2025 02:04:52.304 INFO [Thread-1] org.apache.catalina.core.StandardService.stopInternal Stopping service [Catalina]
06-May-2025 02:04:52.307 INFO [Thread-1] org.apache.coyote.AbstractProtocol.stop Stopping ProtocolHandler ["http-nio-8080"]
06-May-2025 02:04:52.331 INFO [Thread-1] org.apache.coyote.AbstractProtocol.destroy Destroying ProtocolHandler ["http-nio-8080"]
06-May-2025 02:04:56.074 INFO [main] org.apache.catalina.startup.VersionLoggerListener.log Server version name:   Apache Tomcat/11.0.5
06-May-2025 02:04:56.076 INFO [main] org.apache.catalina.startup.VersionLoggerListener.log Server built:          Feb 28 2025 15:54:41 UTC
06-May-2025 02:04:56.076 INFO [main] org.apache.catalina.startup.VersionLoggerListener.log Server version number: 11.0.5.0
06-May-2025 02:04:56.076 INFO [main] org.apache.catalina.startup.VersionLoggerListener.log OS Name:               Windows 11
06-May-2025 02:04:56.076 INFO [main] org.apache.catalina.startup.VersionLoggerListener.log OS Version:            10.0
06-May-2025 02:04:56.076 INFO [main] org.apache.catalina.startup.VersionLoggerListener.log Architecture:          amd64
06-May-2025 02:04:56.076 INFO [main] org.apache.catalina.startup.VersionLoggerListener.log Java Home:             C:\Users\msi\.jdks\openjdk-24
06-May-2025 02:04:56.076 INFO [main] org.apache.catalina.startup.VersionLoggerListener.log JVM Version:           24+36-3646
06-May-2025 02:04:56.076 INFO [main] org.apache.catalina.startup.VersionLoggerListener.log JVM Vendor:            Oracle Corporation
06-May-2025 02:04:56.076 INFO [main] org.apache.catalina.startup.VersionLoggerListener.log CATALINA_BASE:         C:\Users\msi\Downloads\Food Delivery Website - Copy\Food Delivery Website - Copy
06-May-2025 02:04:56.077 INFO [main] org.apache.catalina.startup.VersionLoggerListener.log CATALINA_HOME:         C:\Program Files\Apache Software Foundation\Tomcat 11.0
06-May-2025 02:04:56.084 INFO [main] org.apache.catalina.startup.VersionLoggerListener.log Command line argument: --add-opens=java.base/java.lang=ALL-UNNAMED
06-May-2025 02:04:56.084 INFO [main] org.apache.catalina.startup.VersionLoggerListener.log Command line argument: --add-opens=java.base/java.io=ALL-UNNAMED
06-May-2025 02:04:56.084 INFO [main] org.apache.catalina.startup.VersionLoggerListener.log Command line argument: --add-opens=java.base/java.util=ALL-UNNAMED
06-May-2025 02:04:56.084 INFO [main] org.apache.catalina.startup.VersionLoggerListener.log Command line argument: --add-opens=java.base/java.util.concurrent=ALL-UNNAMED
06-May-2025 02:04:56.085 INFO [main] org.apache.catalina.startup.VersionLoggerListener.log Command line argument: --add-opens=java.rmi/sun.rmi.transport=ALL-UNNAMED
06-May-2025 02:04:56.085 INFO [main] org.apache.catalina.startup.VersionLoggerListener.log Command line argument: -Dcatalina.home=C:\Program Files\Apache Software Foundation\Tomcat 11.0
06-May-2025 02:04:56.085 INFO [main] org.apache.catalina.startup.VersionLoggerListener.log Command line argument: -Dcatalina.base=C:\Users\msi\Downloads\Food Delivery Website - Copy\Food Delivery Website - Copy
06-May-2025 02:04:56.085 INFO [main] org.apache.catalina.startup.VersionLoggerListener.log Command line argument: -Djava.io.tmpdir=C:\Users\msi\Downloads\Food Delivery Website - Copy\Food Delivery Website - Copy\temp
06-May-2025 02:04:56.085 INFO [main] org.apache.catalina.startup.VersionLoggerListener.log Command line argument: -Djava.util.logging.config.file=C:\Users\msi\Downloads\Food Delivery Website - Copy\Food Delivery Website - Copy\conf\logging.properties
06-May-2025 02:04:56.085 INFO [main] org.apache.catalina.startup.VersionLoggerListener.log Command line argument: -Djava.util.logging.manager=org.apache.juli.ClassLoaderLogManager
06-May-2025 02:04:56.085 INFO [main] org.apache.catalina.startup.VersionLoggerListener.log Command line argument: -javaagent:C:\Users\msi\AppData\Local\JetBrains\IntelliJ IDEA 2024.3.5\lib\idea_rt.jar=53819
06-May-2025 02:04:56.085 INFO [main] org.apache.catalina.startup.VersionLoggerListener.log Command line argument: -Dfile.encoding=UTF-8
06-May-2025 02:04:56.085 INFO [main] org.apache.catalina.startup.VersionLoggerListener.log Command line argument: -Dsun.stdout.encoding=UTF-8
06-May-2025 02:04:56.085 INFO [main] org.apache.catalina.startup.VersionLoggerListener.log Command line argument: -Dsun.stderr.encoding=UTF-8
06-May-2025 02:04:56.087 INFO [main] org.apache.catalina.core.AprLifecycleListener.lifecycleEvent The Apache Tomcat Native library which allows using OpenSSL was not found on the java.library.path: [C:\Users\msi\.jdks\openjdk-24\bin;C:\WINDOWS\Sun\Java\bin;C:\WINDOWS\system32;C:\WINDOWS;C:\Program Files\Common Files\Oracle\Java\javapath;C:\WINDOWS\system32;C:\WINDOWS;C:\WINDOWS\System32\Wbem;C:\WINDOWS\System32\WindowsPowerShell\v1.0\;C:\WINDOWS\System32\OpenSSH\;C:\Program Files\NVIDIA Corporation\NVIDIA NvDLISR;C:\Program Files\Git\cmd;C:\Users\msi\AppData\Local\Microsoft\WindowsApps;C:\Users\msi\AppData\Local\Programs\Microsoft VS Code\bin;;.]
06-May-2025 02:04:56.304 INFO [main] org.apache.coyote.AbstractProtocol.init Initializing ProtocolHandler ["http-nio-8080"]
06-May-2025 02:04:56.322 INFO [main] org.apache.catalina.startup.Catalina.load Server initialization in [539] milliseconds
06-May-2025 02:04:56.378 INFO [main] org.apache.catalina.core.StandardService.startInternal Starting service [Catalina]
06-May-2025 02:04:56.379 INFO [main] org.apache.catalina.core.StandardEngine.startInternal Starting Servlet engine: [Apache Tomcat/11.0.5]
06-May-2025 02:04:56.388 INFO [main] org.apache.catalina.startup.HostConfig.deployDescriptor Deploying deployment descriptor [C:\Users\msi\Downloads\Food Delivery Website - Copy\Food Delivery Website - Copy\conf\Catalina\localhost\ROOT.xml]
06-May-2025 02:04:56.555 SEVERE [main] org.apache.catalina.startup.HostConfig.deployDescriptor Error deploying deployment descriptor [C:\Users\msi\Downloads\Food Delivery Website - Copy\Food Delivery Website - Copy\conf\Catalina\localhost\ROOT.xml]
	java.lang.IllegalStateException: Error starting child
		at org.apache.catalina.core.ContainerBase.addChild(ContainerBase.java:569)
		at org.apache.catalina.core.StandardHost.addChild(StandardHost.java:653)
		at org.apache.catalina.startup.HostConfig.deployDescriptor(HostConfig.java:599)
		at org.apache.catalina.startup.HostConfig$DeployDescriptor.run(HostConfig.java:1853)
		at java.base/java.util.concurrent.Executors$RunnableAdapter.call(Executors.java:545)
		at java.base/java.util.concurrent.FutureTask.run(FutureTask.java:328)
		at org.apache.tomcat.util.threads.InlineExecutorService.execute(InlineExecutorService.java:75)
		at java.base/java.util.concurrent.AbstractExecutorService.submit(AbstractExecutorService.java:124)
		at org.apache.catalina.startup.HostConfig.deployDescriptors(HostConfig.java:494)
		at org.apache.catalina.startup.HostConfig.deployApps(HostConfig.java:385)
		at org.apache.catalina.startup.HostConfig.start(HostConfig.java:1593)
		at org.apache.catalina.startup.HostConfig.lifecycleEvent(HostConfig.java:267)
		at org.apache.catalina.util.LifecycleBase.fireLifecycleEvent(LifecycleBase.java:109)
		at org.apache.catalina.util.LifecycleBase.setStateInternal(LifecycleBase.java:389)
		at org.apache.catalina.util.LifecycleBase.setState(LifecycleBase.java:336)
		at org.apache.catalina.core.ContainerBase.startInternal(ContainerBase.java:743)
		at org.apache.catalina.core.StandardHost.startInternal(StandardHost.java:771)
		at org.apache.catalina.util.LifecycleBase.start(LifecycleBase.java:164)
		at org.apache.catalina.core.ContainerBase$StartChild.call(ContainerBase.java:1170)
		at org.apache.catalina.core.ContainerBase$StartChild.call(ContainerBase.java:1160)
		at java.base/java.util.concurrent.FutureTask.run(FutureTask.java:328)
		at org.apache.tomcat.util.threads.InlineExecutorService.execute(InlineExecutorService.java:75)
		at java.base/java.util.concurrent.AbstractExecutorService.submit(AbstractExecutorService.java:148)
		at org.apache.catalina.core.ContainerBase.startInternal(ContainerBase.java:716)
		at org.apache.catalina.core.StandardEngine.startInternal(StandardEngine.java:203)
		at org.apache.catalina.util.LifecycleBase.start(LifecycleBase.java:164)
		at org.apache.catalina.core.StandardService.startInternal(StandardService.java:415)
		at org.apache.catalina.util.LifecycleBase.start(LifecycleBase.java:164)
		at org.apache.catalina.core.StandardServer.startInternal(StandardServer.java:866)
		at org.apache.catalina.util.LifecycleBase.start(LifecycleBase.java:164)
		at org.apache.catalina.startup.Catalina.start(Catalina.java:759)
		at java.base/jdk.internal.reflect.DirectMethodHandleAccessor.invoke(DirectMethodHandleAccessor.java:104)
		at java.base/java.lang.reflect.Method.invoke(Method.java:565)
		at org.apache.catalina.startup.Bootstrap.start(Bootstrap.java:342)
		at org.apache.catalina.startup.Bootstrap.main(Bootstrap.java:470)
	Caused by: org.apache.catalina.LifecycleException: Failed to start component [StandardEngine[Catalina].StandardHost[localhost].StandardContext[]]
		at org.apache.catalina.util.LifecycleBase.handleSubClassException(LifecycleBase.java:406)
		at org.apache.catalina.util.LifecycleBase.start(LifecycleBase.java:179)
		at org.apache.catalina.core.ContainerBase.addChild(ContainerBase.java:566)
		... 34 more
	Caused by: java.lang.IllegalArgumentException: The servlets named [com.example.LoginServlet] and [LoginProfileUser] are both mapped to the url-pattern [/login] which is not permitted
		at org.apache.tomcat.util.descriptor.web.WebXml.addServletMappingDecoded(WebXml.java:358)
		at org.apache.tomcat.util.descriptor.web.WebXml.addServletMapping(WebXml.java:351)
		at org.apache.catalina.startup.ContextConfig.processAnnotationWebServlet(ContextConfig.java:2551)
		at org.apache.catalina.startup.ContextConfig.processClass(ContextConfig.java:2256)
		at org.apache.catalina.startup.ContextConfig.processAnnotationsStream(ContextConfig.java:2245)
		at org.apache.catalina.startup.ContextConfig.processAnnotationsWebResource(ContextConfig.java:2155)
		at org.apache.catalina.startup.ContextConfig.processClasses(ContextConfig.java:1363)
		at org.apache.catalina.startup.ContextConfig.webConfig(ContextConfig.java:1273)
		at org.apache.catalina.startup.ContextConfig.configureStart(ContextConfig.java:973)
		at org.apache.catalina.startup.ContextConfig.lifecycleEvent(ContextConfig.java:290)
		at org.apache.catalina.util.LifecycleBase.fireLifecycleEvent(LifecycleBase.java:109)
		at org.apache.catalina.core.StandardContext.startInternal(StandardContext.java:4352)
		at org.apache.catalina.util.LifecycleBase.start(LifecycleBase.java:164)
		... 35 more
06-May-2025 02:04:56.562 INFO [main] org.apache.catalina.startup.HostConfig.deployDescriptor Deployment of deployment descriptor [C:\Users\msi\Downloads\Food Delivery Website - Copy\Food Delivery Website - Copy\conf\Catalina\localhost\ROOT.xml] has finished in [172] ms
06-May-2025 02:04:56.564 INFO [main] org.apache.coyote.AbstractProtocol.start Starting ProtocolHandler ["http-nio-8080"]
06-May-2025 02:04:56.628 INFO [main] org.apache.catalina.startup.Catalina.start Server startup in [303] milliseconds
06-May-2025 02:05:34.279 INFO [Thread-1] org.apache.coyote.AbstractProtocol.pause Pausing ProtocolHandler ["http-nio-8080"]
06-May-2025 02:05:34.308 INFO [Thread-1] org.apache.catalina.core.StandardService.stopInternal Stopping service [Catalina]
06-May-2025 02:05:34.311 INFO [Thread-1] org.apache.coyote.AbstractProtocol.stop Stopping ProtocolHandler ["http-nio-8080"]
06-May-2025 02:05:34.328 INFO [Thread-1] org.apache.coyote.AbstractProtocol.destroy Destroying ProtocolHandler ["http-nio-8080"]
06-May-2025 02:05:55.201 INFO [main] org.apache.catalina.startup.VersionLoggerListener.log Server version name:   Apache Tomcat/11.0.5
06-May-2025 02:05:55.203 INFO [main] org.apache.catalina.startup.VersionLoggerListener.log Server built:          Feb 28 2025 15:54:41 UTC
06-May-2025 02:05:55.203 INFO [main] org.apache.catalina.startup.VersionLoggerListener.log Server version number: 11.0.5.0
06-May-2025 02:05:55.203 INFO [main] org.apache.catalina.startup.VersionLoggerListener.log OS Name:               Windows 11
06-May-2025 02:05:55.203 INFO [main] org.apache.catalina.startup.VersionLoggerListener.log OS Version:            10.0
06-May-2025 02:05:55.203 INFO [main] org.apache.catalina.startup.VersionLoggerListener.log Architecture:          amd64
06-May-2025 02:05:55.203 INFO [main] org.apache.catalina.startup.VersionLoggerListener.log Java Home:             C:\Users\msi\.jdks\openjdk-24
06-May-2025 02:05:55.203 INFO [main] org.apache.catalina.startup.VersionLoggerListener.log JVM Version:           24+36-3646
06-May-2025 02:05:55.204 INFO [main] org.apache.catalina.startup.VersionLoggerListener.log JVM Vendor:            Oracle Corporation
06-May-2025 02:05:55.204 INFO [main] org.apache.catalina.startup.VersionLoggerListener.log CATALINA_BASE:         C:\Users\msi\Downloads\Food Delivery Website - Copy\Food Delivery Website - Copy
06-May-2025 02:05:55.204 INFO [main] org.apache.catalina.startup.VersionLoggerListener.log CATALINA_HOME:         C:\Program Files\Apache Software Foundation\Tomcat 11.0
06-May-2025 02:05:55.228 INFO [main] org.apache.catalina.startup.VersionLoggerListener.log Command line argument: --add-opens=java.base/java.lang=ALL-UNNAMED
06-May-2025 02:05:55.228 INFO [main] org.apache.catalina.startup.VersionLoggerListener.log Command line argument: --add-opens=java.base/java.io=ALL-UNNAMED
06-May-2025 02:05:55.228 INFO [main] org.apache.catalina.startup.VersionLoggerListener.log Command line argument: --add-opens=java.base/java.util=ALL-UNNAMED
06-May-2025 02:05:55.228 INFO [main] org.apache.catalina.startup.VersionLoggerListener.log Command line argument: --add-opens=java.base/java.util.concurrent=ALL-UNNAMED
06-May-2025 02:05:55.228 INFO [main] org.apache.catalina.startup.VersionLoggerListener.log Command line argument: --add-opens=java.rmi/sun.rmi.transport=ALL-UNNAMED
06-May-2025 02:05:55.228 INFO [main] org.apache.catalina.startup.VersionLoggerListener.log Command line argument: -Dcatalina.home=C:\Program Files\Apache Software Foundation\Tomcat 11.0
06-May-2025 02:05:55.228 INFO [main] org.apache.catalina.startup.VersionLoggerListener.log Command line argument: -Dcatalina.base=C:\Users\msi\Downloads\Food Delivery Website - Copy\Food Delivery Website - Copy
06-May-2025 02:05:55.228 INFO [main] org.apache.catalina.startup.VersionLoggerListener.log Command line argument: -Djava.io.tmpdir=C:\Users\msi\Downloads\Food Delivery Website - Copy\Food Delivery Website - Copy\temp
06-May-2025 02:05:55.228 INFO [main] org.apache.catalina.startup.VersionLoggerListener.log Command line argument: -Djava.util.logging.config.file=C:\Users\msi\Downloads\Food Delivery Website - Copy\Food Delivery Website - Copy\conf\logging.properties
06-May-2025 02:05:55.228 INFO [main] org.apache.catalina.startup.VersionLoggerListener.log Command line argument: -Djava.util.logging.manager=org.apache.juli.ClassLoaderLogManager
06-May-2025 02:05:55.228 INFO [main] org.apache.catalina.startup.VersionLoggerListener.log Command line argument: -javaagent:C:\Users\msi\AppData\Local\JetBrains\IntelliJ IDEA 2024.3.5\lib\idea_rt.jar=53843
06-May-2025 02:05:55.228 INFO [main] org.apache.catalina.startup.VersionLoggerListener.log Command line argument: -Dfile.encoding=UTF-8
06-May-2025 02:05:55.228 INFO [main] org.apache.catalina.startup.VersionLoggerListener.log Command line argument: -Dsun.stdout.encoding=UTF-8
06-May-2025 02:05:55.228 INFO [main] org.apache.catalina.startup.VersionLoggerListener.log Command line argument: -Dsun.stderr.encoding=UTF-8
06-May-2025 02:05:55.232 INFO [main] org.apache.catalina.core.AprLifecycleListener.lifecycleEvent The Apache Tomcat Native library which allows using OpenSSL was not found on the java.library.path: [C:\Users\msi\.jdks\openjdk-24\bin;C:\WINDOWS\Sun\Java\bin;C:\WINDOWS\system32;C:\WINDOWS;C:\Program Files\Common Files\Oracle\Java\javapath;C:\WINDOWS\system32;C:\WINDOWS;C:\WINDOWS\System32\Wbem;C:\WINDOWS\System32\WindowsPowerShell\v1.0\;C:\WINDOWS\System32\OpenSSH\;C:\Program Files\NVIDIA Corporation\NVIDIA NvDLISR;C:\Program Files\Git\cmd;C:\Users\msi\AppData\Local\Microsoft\WindowsApps;C:\Users\msi\AppData\Local\Programs\Microsoft VS Code\bin;;.]
06-May-2025 02:05:55.495 INFO [main] org.apache.coyote.AbstractProtocol.init Initializing ProtocolHandler ["http-nio-8080"]
06-May-2025 02:05:55.514 INFO [main] org.apache.catalina.startup.Catalina.load Server initialization in [459] milliseconds
06-May-2025 02:05:55.567 INFO [main] org.apache.catalina.core.StandardService.startInternal Starting service [Catalina]
06-May-2025 02:05:55.567 INFO [main] org.apache.catalina.core.StandardEngine.startInternal Starting Servlet engine: [Apache Tomcat/11.0.5]
06-May-2025 02:05:55.576 INFO [main] org.apache.catalina.startup.HostConfig.deployDescriptor Deploying deployment descriptor [C:\Users\msi\Downloads\Food Delivery Website - Copy\Food Delivery Website - Copy\conf\Catalina\localhost\ROOT.xml]
06-May-2025 02:05:55.766 SEVERE [main] org.apache.catalina.startup.HostConfig.deployDescriptor Error deploying deployment descriptor [C:\Users\msi\Downloads\Food Delivery Website - Copy\Food Delivery Website - Copy\conf\Catalina\localhost\ROOT.xml]
	java.lang.IllegalStateException: Error starting child
		at org.apache.catalina.core.ContainerBase.addChild(ContainerBase.java:569)
		at org.apache.catalina.core.StandardHost.addChild(StandardHost.java:653)
		at org.apache.catalina.startup.HostConfig.deployDescriptor(HostConfig.java:599)
		at org.apache.catalina.startup.HostConfig$DeployDescriptor.run(HostConfig.java:1853)
		at java.base/java.util.concurrent.Executors$RunnableAdapter.call(Executors.java:545)
		at java.base/java.util.concurrent.FutureTask.run(FutureTask.java:328)
		at org.apache.tomcat.util.threads.InlineExecutorService.execute(InlineExecutorService.java:75)
		at java.base/java.util.concurrent.AbstractExecutorService.submit(AbstractExecutorService.java:124)
		at org.apache.catalina.startup.HostConfig.deployDescriptors(HostConfig.java:494)
		at org.apache.catalina.startup.HostConfig.deployApps(HostConfig.java:385)
		at org.apache.catalina.startup.HostConfig.start(HostConfig.java:1593)
		at org.apache.catalina.startup.HostConfig.lifecycleEvent(HostConfig.java:267)
		at org.apache.catalina.util.LifecycleBase.fireLifecycleEvent(LifecycleBase.java:109)
		at org.apache.catalina.util.LifecycleBase.setStateInternal(LifecycleBase.java:389)
		at org.apache.catalina.util.LifecycleBase.setState(LifecycleBase.java:336)
		at org.apache.catalina.core.ContainerBase.startInternal(ContainerBase.java:743)
		at org.apache.catalina.core.StandardHost.startInternal(StandardHost.java:771)
		at org.apache.catalina.util.LifecycleBase.start(LifecycleBase.java:164)
		at org.apache.catalina.core.ContainerBase$StartChild.call(ContainerBase.java:1170)
		at org.apache.catalina.core.ContainerBase$StartChild.call(ContainerBase.java:1160)
		at java.base/java.util.concurrent.FutureTask.run(FutureTask.java:328)
		at org.apache.tomcat.util.threads.InlineExecutorService.execute(InlineExecutorService.java:75)
		at java.base/java.util.concurrent.AbstractExecutorService.submit(AbstractExecutorService.java:148)
		at org.apache.catalina.core.ContainerBase.startInternal(ContainerBase.java:716)
		at org.apache.catalina.core.StandardEngine.startInternal(StandardEngine.java:203)
		at org.apache.catalina.util.LifecycleBase.start(LifecycleBase.java:164)
		at org.apache.catalina.core.StandardService.startInternal(StandardService.java:415)
		at org.apache.catalina.util.LifecycleBase.start(LifecycleBase.java:164)
		at org.apache.catalina.core.StandardServer.startInternal(StandardServer.java:866)
		at org.apache.catalina.util.LifecycleBase.start(LifecycleBase.java:164)
		at org.apache.catalina.startup.Catalina.start(Catalina.java:759)
		at java.base/jdk.internal.reflect.DirectMethodHandleAccessor.invoke(DirectMethodHandleAccessor.java:104)
		at java.base/java.lang.reflect.Method.invoke(Method.java:565)
		at org.apache.catalina.startup.Bootstrap.start(Bootstrap.java:342)
		at org.apache.catalina.startup.Bootstrap.main(Bootstrap.java:470)
	Caused by: org.apache.catalina.LifecycleException: Failed to start component [StandardEngine[Catalina].StandardHost[localhost].StandardContext[]]
		at org.apache.catalina.util.LifecycleBase.handleSubClassException(LifecycleBase.java:406)
		at org.apache.catalina.util.LifecycleBase.start(LifecycleBase.java:179)
		at org.apache.catalina.core.ContainerBase.addChild(ContainerBase.java:566)
		... 34 more
	Caused by: java.lang.IllegalArgumentException: The servlets named [com.example.LoginServlet] and [LoginProfileUser] are both mapped to the url-pattern [/login] which is not permitted
		at org.apache.tomcat.util.descriptor.web.WebXml.addServletMappingDecoded(WebXml.java:358)
		at org.apache.tomcat.util.descriptor.web.WebXml.addServletMapping(WebXml.java:351)
		at org.apache.catalina.startup.ContextConfig.processAnnotationWebServlet(ContextConfig.java:2551)
		at org.apache.catalina.startup.ContextConfig.processClass(ContextConfig.java:2256)
		at org.apache.catalina.startup.ContextConfig.processAnnotationsStream(ContextConfig.java:2245)
		at org.apache.catalina.startup.ContextConfig.processAnnotationsWebResource(ContextConfig.java:2155)
		at org.apache.catalina.startup.ContextConfig.processClasses(ContextConfig.java:1363)
		at org.apache.catalina.startup.ContextConfig.webConfig(ContextConfig.java:1273)
		at org.apache.catalina.startup.ContextConfig.configureStart(ContextConfig.java:973)
		at org.apache.catalina.startup.ContextConfig.lifecycleEvent(ContextConfig.java:290)
		at org.apache.catalina.util.LifecycleBase.fireLifecycleEvent(LifecycleBase.java:109)
		at org.apache.catalina.core.StandardContext.startInternal(StandardContext.java:4352)
		at org.apache.catalina.util.LifecycleBase.start(LifecycleBase.java:164)
		... 35 more
06-May-2025 02:05:55.773 INFO [main] org.apache.catalina.startup.HostConfig.deployDescriptor Deployment of deployment descriptor [C:\Users\msi\Downloads\Food Delivery Website - Copy\Food Delivery Website - Copy\conf\Catalina\localhost\ROOT.xml] has finished in [196] ms
06-May-2025 02:05:55.776 INFO [main] org.apache.coyote.AbstractProtocol.start Starting ProtocolHandler ["http-nio-8080"]
06-May-2025 02:05:55.842 INFO [main] org.apache.catalina.startup.Catalina.start Server startup in [324] milliseconds
06-May-2025 02:06:13.253 INFO [Thread-1] org.apache.coyote.AbstractProtocol.pause Pausing ProtocolHandler ["http-nio-8080"]
06-May-2025 02:06:13.266 INFO [Thread-1] org.apache.catalina.core.StandardService.stopInternal Stopping service [Catalina]
06-May-2025 02:06:13.268 INFO [Thread-1] org.apache.coyote.AbstractProtocol.stop Stopping ProtocolHandler ["http-nio-8080"]
06-May-2025 02:06:13.272 INFO [Thread-1] org.apache.coyote.AbstractProtocol.destroy Destroying ProtocolHandler ["http-nio-8080"]
06-May-2025 02:06:16.865 INFO [main] org.apache.catalina.startup.VersionLoggerListener.log Server version name:   Apache Tomcat/11.0.5
06-May-2025 02:06:16.867 INFO [main] org.apache.catalina.startup.VersionLoggerListener.log Server built:          Feb 28 2025 15:54:41 UTC
06-May-2025 02:06:16.867 INFO [main] org.apache.catalina.startup.VersionLoggerListener.log Server version number: 11.0.5.0
06-May-2025 02:06:16.867 INFO [main] org.apache.catalina.startup.VersionLoggerListener.log OS Name:               Windows 11
06-May-2025 02:06:16.867 INFO [main] org.apache.catalina.startup.VersionLoggerListener.log OS Version:            10.0
06-May-2025 02:06:16.867 INFO [main] org.apache.catalina.startup.VersionLoggerListener.log Architecture:          amd64
06-May-2025 02:06:16.867 INFO [main] org.apache.catalina.startup.VersionLoggerListener.log Java Home:             C:\Users\msi\.jdks\openjdk-24
06-May-2025 02:06:16.867 INFO [main] org.apache.catalina.startup.VersionLoggerListener.log JVM Version:           24+36-3646
06-May-2025 02:06:16.867 INFO [main] org.apache.catalina.startup.VersionLoggerListener.log JVM Vendor:            Oracle Corporation
06-May-2025 02:06:16.867 INFO [main] org.apache.catalina.startup.VersionLoggerListener.log CATALINA_BASE:         C:\Users\msi\Downloads\Food Delivery Website - Copy\Food Delivery Website - Copy
06-May-2025 02:06:16.867 INFO [main] org.apache.catalina.startup.VersionLoggerListener.log CATALINA_HOME:         C:\Program Files\Apache Software Foundation\Tomcat 11.0
06-May-2025 02:06:16.876 INFO [main] org.apache.catalina.startup.VersionLoggerListener.log Command line argument: --add-opens=java.base/java.lang=ALL-UNNAMED
06-May-2025 02:06:16.876 INFO [main] org.apache.catalina.startup.VersionLoggerListener.log Command line argument: --add-opens=java.base/java.io=ALL-UNNAMED
06-May-2025 02:06:16.876 INFO [main] org.apache.catalina.startup.VersionLoggerListener.log Command line argument: --add-opens=java.base/java.util=ALL-UNNAMED
06-May-2025 02:06:16.876 INFO [main] org.apache.catalina.startup.VersionLoggerListener.log Command line argument: --add-opens=java.base/java.util.concurrent=ALL-UNNAMED
06-May-2025 02:06:16.876 INFO [main] org.apache.catalina.startup.VersionLoggerListener.log Command line argument: --add-opens=java.rmi/sun.rmi.transport=ALL-UNNAMED
06-May-2025 02:06:16.876 INFO [main] org.apache.catalina.startup.VersionLoggerListener.log Command line argument: -Dcatalina.home=C:\Program Files\Apache Software Foundation\Tomcat 11.0
06-May-2025 02:06:16.876 INFO [main] org.apache.catalina.startup.VersionLoggerListener.log Command line argument: -Dcatalina.base=C:\Users\msi\Downloads\Food Delivery Website - Copy\Food Delivery Website - Copy
06-May-2025 02:06:16.876 INFO [main] org.apache.catalina.startup.VersionLoggerListener.log Command line argument: -Djava.io.tmpdir=C:\Users\msi\Downloads\Food Delivery Website - Copy\Food Delivery Website - Copy\temp
06-May-2025 02:06:16.876 INFO [main] org.apache.catalina.startup.VersionLoggerListener.log Command line argument: -Djava.util.logging.config.file=C:\Users\msi\Downloads\Food Delivery Website - Copy\Food Delivery Website - Copy\conf\logging.properties
06-May-2025 02:06:16.876 INFO [main] org.apache.catalina.startup.VersionLoggerListener.log Command line argument: -Djava.util.logging.manager=org.apache.juli.ClassLoaderLogManager
06-May-2025 02:06:16.876 INFO [main] org.apache.catalina.startup.VersionLoggerListener.log Command line argument: -javaagent:C:\Users\msi\AppData\Local\JetBrains\IntelliJ IDEA 2024.3.5\lib\idea_rt.jar=53853
06-May-2025 02:06:16.876 INFO [main] org.apache.catalina.startup.VersionLoggerListener.log Command line argument: -Dfile.encoding=UTF-8
06-May-2025 02:06:16.876 INFO [main] org.apache.catalina.startup.VersionLoggerListener.log Command line argument: -Dsun.stdout.encoding=UTF-8
06-May-2025 02:06:16.876 INFO [main] org.apache.catalina.startup.VersionLoggerListener.log Command line argument: -Dsun.stderr.encoding=UTF-8
06-May-2025 02:06:16.880 INFO [main] org.apache.catalina.core.AprLifecycleListener.lifecycleEvent The Apache Tomcat Native library which allows using OpenSSL was not found on the java.library.path: [C:\Users\msi\.jdks\openjdk-24\bin;C:\WINDOWS\Sun\Java\bin;C:\WINDOWS\system32;C:\WINDOWS;C:\Program Files\Common Files\Oracle\Java\javapath;C:\WINDOWS\system32;C:\WINDOWS;C:\WINDOWS\System32\Wbem;C:\WINDOWS\System32\WindowsPowerShell\v1.0\;C:\WINDOWS\System32\OpenSSH\;C:\Program Files\NVIDIA Corporation\NVIDIA NvDLISR;C:\Program Files\Git\cmd;C:\Users\msi\AppData\Local\Microsoft\WindowsApps;C:\Users\msi\AppData\Local\Programs\Microsoft VS Code\bin;;.]
06-May-2025 02:06:17.094 INFO [main] org.apache.coyote.AbstractProtocol.init Initializing ProtocolHandler ["http-nio-8080"]
06-May-2025 02:06:17.106 INFO [main] org.apache.catalina.startup.Catalina.load Server initialization in [434] milliseconds
06-May-2025 02:06:17.158 INFO [main] org.apache.catalina.core.StandardService.startInternal Starting service [Catalina]
06-May-2025 02:06:17.158 INFO [main] org.apache.catalina.core.StandardEngine.startInternal Starting Servlet engine: [Apache Tomcat/11.0.5]
06-May-2025 02:06:17.168 INFO [main] org.apache.catalina.startup.HostConfig.deployDescriptor Deploying deployment descriptor [C:\Users\msi\Downloads\Food Delivery Website - Copy\Food Delivery Website - Copy\conf\Catalina\localhost\ROOT.xml]
06-May-2025 02:06:17.472 INFO [main] org.apache.catalina.startup.HostConfig.deployDescriptor Deployment of deployment descriptor [C:\Users\msi\Downloads\Food Delivery Website - Copy\Food Delivery Website - Copy\conf\Catalina\localhost\ROOT.xml] has finished in [303] ms
06-May-2025 02:06:17.483 INFO [main] org.apache.coyote.AbstractProtocol.start Starting ProtocolHandler ["http-nio-8080"]
06-May-2025 02:06:17.506 INFO [main] org.apache.catalina.startup.Catalina.start Server startup in [398] milliseconds
06-May-2025 02:11:55.109 INFO [Thread-1] org.apache.coyote.AbstractProtocol.pause Pausing ProtocolHandler ["http-nio-8080"]
06-May-2025 02:11:55.128 INFO [Thread-1] org.apache.catalina.core.StandardService.stopInternal Stopping service [Catalina]
06-May-2025 02:11:55.139 INFO [Thread-1] org.apache.coyote.AbstractProtocol.stop Stopping ProtocolHandler ["http-nio-8080"]
06-May-2025 02:11:55.142 INFO [Thread-1] org.apache.coyote.AbstractProtocol.destroy Destroying ProtocolHandler ["http-nio-8080"]
06-May-2025 02:11:59.727 INFO [main] org.apache.catalina.startup.VersionLoggerListener.log Server version name:   Apache Tomcat/11.0.5
06-May-2025 02:11:59.729 INFO [main] org.apache.catalina.startup.VersionLoggerListener.log Server built:          Feb 28 2025 15:54:41 UTC
06-May-2025 02:11:59.730 INFO [main] org.apache.catalina.startup.VersionLoggerListener.log Server version number: 11.0.5.0
06-May-2025 02:11:59.730 INFO [main] org.apache.catalina.startup.VersionLoggerListener.log OS Name:               Windows 11
06-May-2025 02:11:59.730 INFO [main] org.apache.catalina.startup.VersionLoggerListener.log OS Version:            10.0
06-May-2025 02:11:59.730 INFO [main] org.apache.catalina.startup.VersionLoggerListener.log Architecture:          amd64
06-May-2025 02:11:59.730 INFO [main] org.apache.catalina.startup.VersionLoggerListener.log Java Home:             C:\Users\msi\.jdks\openjdk-24
06-May-2025 02:11:59.730 INFO [main] org.apache.catalina.startup.VersionLoggerListener.log JVM Version:           24+36-3646
06-May-2025 02:11:59.730 INFO [main] org.apache.catalina.startup.VersionLoggerListener.log JVM Vendor:            Oracle Corporation
06-May-2025 02:11:59.730 INFO [main] org.apache.catalina.startup.VersionLoggerListener.log CATALINA_BASE:         C:\Users\msi\Downloads\Food Delivery Website - Copy\Food Delivery Website - Copy
06-May-2025 02:11:59.730 INFO [main] org.apache.catalina.startup.VersionLoggerListener.log CATALINA_HOME:         C:\Program Files\Apache Software Foundation\Tomcat 11.0
06-May-2025 02:11:59.739 INFO [main] org.apache.catalina.startup.VersionLoggerListener.log Command line argument: --add-opens=java.base/java.lang=ALL-UNNAMED
06-May-2025 02:11:59.739 INFO [main] org.apache.catalina.startup.VersionLoggerListener.log Command line argument: --add-opens=java.base/java.io=ALL-UNNAMED
06-May-2025 02:11:59.740 INFO [main] org.apache.catalina.startup.VersionLoggerListener.log Command line argument: --add-opens=java.base/java.util=ALL-UNNAMED
06-May-2025 02:11:59.740 INFO [main] org.apache.catalina.startup.VersionLoggerListener.log Command line argument: --add-opens=java.base/java.util.concurrent=ALL-UNNAMED
06-May-2025 02:11:59.740 INFO [main] org.apache.catalina.startup.VersionLoggerListener.log Command line argument: --add-opens=java.rmi/sun.rmi.transport=ALL-UNNAMED
06-May-2025 02:11:59.740 INFO [main] org.apache.catalina.startup.VersionLoggerListener.log Command line argument: -Dcatalina.home=C:\Program Files\Apache Software Foundation\Tomcat 11.0
06-May-2025 02:11:59.740 INFO [main] org.apache.catalina.startup.VersionLoggerListener.log Command line argument: -Dcatalina.base=C:\Users\msi\Downloads\Food Delivery Website - Copy\Food Delivery Website - Copy
06-May-2025 02:11:59.740 INFO [main] org.apache.catalina.startup.VersionLoggerListener.log Command line argument: -Djava.io.tmpdir=C:\Users\msi\Downloads\Food Delivery Website - Copy\Food Delivery Website - Copy\temp
06-May-2025 02:11:59.740 INFO [main] org.apache.catalina.startup.VersionLoggerListener.log Command line argument: -Djava.util.logging.config.file=C:\Users\msi\Downloads\Food Delivery Website - Copy\Food Delivery Website - Copy\conf\logging.properties
06-May-2025 02:11:59.740 INFO [main] org.apache.catalina.startup.VersionLoggerListener.log Command line argument: -Djava.util.logging.manager=org.apache.juli.ClassLoaderLogManager
06-May-2025 02:11:59.741 INFO [main] org.apache.catalina.startup.VersionLoggerListener.log Command line argument: -javaagent:C:\Users\msi\AppData\Local\JetBrains\IntelliJ IDEA 2024.3.5\lib\idea_rt.jar=54142
06-May-2025 02:11:59.741 INFO [main] org.apache.catalina.startup.VersionLoggerListener.log Command line argument: -Dfile.encoding=UTF-8
06-May-2025 02:11:59.741 INFO [main] org.apache.catalina.startup.VersionLoggerListener.log Command line argument: -Dsun.stdout.encoding=UTF-8
06-May-2025 02:11:59.741 INFO [main] org.apache.catalina.startup.VersionLoggerListener.log Command line argument: -Dsun.stderr.encoding=UTF-8
06-May-2025 02:11:59.744 INFO [main] org.apache.catalina.core.AprLifecycleListener.lifecycleEvent The Apache Tomcat Native library which allows using OpenSSL was not found on the java.library.path: [C:\Users\msi\.jdks\openjdk-24\bin;C:\WINDOWS\Sun\Java\bin;C:\WINDOWS\system32;C:\WINDOWS;C:\Program Files\Common Files\Oracle\Java\javapath;C:\WINDOWS\system32;C:\WINDOWS;C:\WINDOWS\System32\Wbem;C:\WINDOWS\System32\WindowsPowerShell\v1.0\;C:\WINDOWS\System32\OpenSSH\;C:\Program Files\NVIDIA Corporation\NVIDIA NvDLISR;C:\Program Files\Git\cmd;C:\Users\msi\AppData\Local\Microsoft\WindowsApps;C:\Users\msi\AppData\Local\Programs\Microsoft VS Code\bin;;.]
06-May-2025 02:11:59.971 INFO [main] org.apache.coyote.AbstractProtocol.init Initializing ProtocolHandler ["http-nio-8080"]
06-May-2025 02:11:59.985 INFO [main] org.apache.catalina.startup.Catalina.load Server initialization in [460] milliseconds
06-May-2025 02:12:00.047 INFO [main] org.apache.catalina.core.StandardService.startInternal Starting service [Catalina]
06-May-2025 02:12:00.047 INFO [main] org.apache.catalina.core.StandardEngine.startInternal Starting Servlet engine: [Apache Tomcat/11.0.5]
06-May-2025 02:12:00.061 INFO [main] org.apache.catalina.startup.HostConfig.deployDescriptor Deploying deployment descriptor [C:\Users\msi\Downloads\Food Delivery Website - Copy\Food Delivery Website - Copy\conf\Catalina\localhost\ROOT.xml]
06-May-2025 02:12:00.269 SEVERE [main] org.apache.catalina.startup.HostConfig.deployDescriptor Error deploying deployment descriptor [C:\Users\msi\Downloads\Food Delivery Website - Copy\Food Delivery Website - Copy\conf\Catalina\localhost\ROOT.xml]
	java.lang.IllegalStateException: Error starting child
		at org.apache.catalina.core.ContainerBase.addChild(ContainerBase.java:569)
		at org.apache.catalina.core.StandardHost.addChild(StandardHost.java:653)
		at org.apache.catalina.startup.HostConfig.deployDescriptor(HostConfig.java:599)
		at org.apache.catalina.startup.HostConfig$DeployDescriptor.run(HostConfig.java:1853)
		at java.base/java.util.concurrent.Executors$RunnableAdapter.call(Executors.java:545)
		at java.base/java.util.concurrent.FutureTask.run(FutureTask.java:328)
		at org.apache.tomcat.util.threads.InlineExecutorService.execute(InlineExecutorService.java:75)
		at java.base/java.util.concurrent.AbstractExecutorService.submit(AbstractExecutorService.java:124)
		at org.apache.catalina.startup.HostConfig.deployDescriptors(HostConfig.java:494)
		at org.apache.catalina.startup.HostConfig.deployApps(HostConfig.java:385)
		at org.apache.catalina.startup.HostConfig.start(HostConfig.java:1593)
		at org.apache.catalina.startup.HostConfig.lifecycleEvent(HostConfig.java:267)
		at org.apache.catalina.util.LifecycleBase.fireLifecycleEvent(LifecycleBase.java:109)
		at org.apache.catalina.util.LifecycleBase.setStateInternal(LifecycleBase.java:389)
		at org.apache.catalina.util.LifecycleBase.setState(LifecycleBase.java:336)
		at org.apache.catalina.core.ContainerBase.startInternal(ContainerBase.java:743)
		at org.apache.catalina.core.StandardHost.startInternal(StandardHost.java:771)
		at org.apache.catalina.util.LifecycleBase.start(LifecycleBase.java:164)
		at org.apache.catalina.core.ContainerBase$StartChild.call(ContainerBase.java:1170)
		at org.apache.catalina.core.ContainerBase$StartChild.call(ContainerBase.java:1160)
		at java.base/java.util.concurrent.FutureTask.run(FutureTask.java:328)
		at org.apache.tomcat.util.threads.InlineExecutorService.execute(InlineExecutorService.java:75)
		at java.base/java.util.concurrent.AbstractExecutorService.submit(AbstractExecutorService.java:148)
		at org.apache.catalina.core.ContainerBase.startInternal(ContainerBase.java:716)
		at org.apache.catalina.core.StandardEngine.startInternal(StandardEngine.java:203)
		at org.apache.catalina.util.LifecycleBase.start(LifecycleBase.java:164)
		at org.apache.catalina.core.StandardService.startInternal(StandardService.java:415)
		at org.apache.catalina.util.LifecycleBase.start(LifecycleBase.java:164)
		at org.apache.catalina.core.StandardServer.startInternal(StandardServer.java:866)
		at org.apache.catalina.util.LifecycleBase.start(LifecycleBase.java:164)
		at org.apache.catalina.startup.Catalina.start(Catalina.java:759)
		at java.base/jdk.internal.reflect.DirectMethodHandleAccessor.invoke(DirectMethodHandleAccessor.java:104)
		at java.base/java.lang.reflect.Method.invoke(Method.java:565)
		at org.apache.catalina.startup.Bootstrap.start(Bootstrap.java:342)
		at org.apache.catalina.startup.Bootstrap.main(Bootstrap.java:470)
	Caused by: org.apache.catalina.LifecycleException: Failed to start component [StandardEngine[Catalina].StandardHost[localhost].StandardContext[]]
		at org.apache.catalina.util.LifecycleBase.handleSubClassException(LifecycleBase.java:406)
		at org.apache.catalina.util.LifecycleBase.start(LifecycleBase.java:179)
		at org.apache.catalina.core.ContainerBase.addChild(ContainerBase.java:566)
		... 34 more
	Caused by: java.lang.IllegalArgumentException: The servlets named [com.example.LoginProfileUser] and [com.example.LoginServlet] are both mapped to the url-pattern [/login] which is not permitted
		at org.apache.tomcat.util.descriptor.web.WebXml.addServletMappingDecoded(WebXml.java:358)
		at org.apache.tomcat.util.descriptor.web.WebXml.addServletMapping(WebXml.java:351)
		at org.apache.catalina.startup.ContextConfig.processAnnotationWebServlet(ContextConfig.java:2551)
		at org.apache.catalina.startup.ContextConfig.processClass(ContextConfig.java:2256)
		at org.apache.catalina.startup.ContextConfig.processAnnotationsStream(ContextConfig.java:2245)
		at org.apache.catalina.startup.ContextConfig.processAnnotationsWebResource(ContextConfig.java:2155)
		at org.apache.catalina.startup.ContextConfig.processAnnotationsWebResource(ContextConfig.java:2150)
		at org.apache.catalina.startup.ContextConfig.processAnnotationsWebResource(ContextConfig.java:2150)
		at org.apache.catalina.startup.ContextConfig.processClasses(ContextConfig.java:1363)
		at org.apache.catalina.startup.ContextConfig.webConfig(ContextConfig.java:1273)
		at org.apache.catalina.startup.ContextConfig.configureStart(ContextConfig.java:973)
		at org.apache.catalina.startup.ContextConfig.lifecycleEvent(ContextConfig.java:290)
		at org.apache.catalina.util.LifecycleBase.fireLifecycleEvent(LifecycleBase.java:109)
		at org.apache.catalina.core.StandardContext.startInternal(StandardContext.java:4352)
		at org.apache.catalina.util.LifecycleBase.start(LifecycleBase.java:164)
		... 35 more
06-May-2025 02:12:00.273 INFO [main] org.apache.catalina.startup.HostConfig.deployDescriptor Deployment of deployment descriptor [C:\Users\msi\Downloads\Food Delivery Website - Copy\Food Delivery Website - Copy\conf\Catalina\localhost\ROOT.xml] has finished in [211] ms
06-May-2025 02:12:00.276 INFO [main] org.apache.coyote.AbstractProtocol.start Starting ProtocolHandler ["http-nio-8080"]
06-May-2025 02:12:00.344 INFO [main] org.apache.catalina.startup.Catalina.start Server startup in [356] milliseconds
06-May-2025 02:12:10.157 INFO [Thread-1] org.apache.coyote.AbstractProtocol.pause Pausing ProtocolHandler ["http-nio-8080"]
06-May-2025 02:12:10.179 INFO [Thread-1] org.apache.catalina.core.StandardService.stopInternal Stopping service [Catalina]
06-May-2025 02:12:10.183 INFO [Thread-1] org.apache.coyote.AbstractProtocol.stop Stopping ProtocolHandler ["http-nio-8080"]
06-May-2025 02:12:10.190 INFO [Thread-1] org.apache.coyote.AbstractProtocol.destroy Destroying ProtocolHandler ["http-nio-8080"]
06-May-2025 02:12:11.728 INFO [main] org.apache.catalina.startup.VersionLoggerListener.log Server version name:   Apache Tomcat/11.0.5
06-May-2025 02:12:11.730 INFO [main] org.apache.catalina.startup.VersionLoggerListener.log Server built:          Feb 28 2025 15:54:41 UTC
06-May-2025 02:12:11.730 INFO [main] org.apache.catalina.startup.VersionLoggerListener.log Server version number: 11.0.5.0
06-May-2025 02:12:11.730 INFO [main] org.apache.catalina.startup.VersionLoggerListener.log OS Name:               Windows 11
06-May-2025 02:12:11.731 INFO [main] org.apache.catalina.startup.VersionLoggerListener.log OS Version:            10.0
06-May-2025 02:12:11.731 INFO [main] org.apache.catalina.startup.VersionLoggerListener.log Architecture:          amd64
06-May-2025 02:12:11.731 INFO [main] org.apache.catalina.startup.VersionLoggerListener.log Java Home:             C:\Users\msi\.jdks\openjdk-24
06-May-2025 02:12:11.731 INFO [main] org.apache.catalina.startup.VersionLoggerListener.log JVM Version:           24+36-3646
06-May-2025 02:12:11.731 INFO [main] org.apache.catalina.startup.VersionLoggerListener.log JVM Vendor:            Oracle Corporation
06-May-2025 02:12:11.731 INFO [main] org.apache.catalina.startup.VersionLoggerListener.log CATALINA_BASE:         C:\Users\msi\Downloads\Food Delivery Website - Copy\Food Delivery Website - Copy
06-May-2025 02:12:11.731 INFO [main] org.apache.catalina.startup.VersionLoggerListener.log CATALINA_HOME:         C:\Program Files\Apache Software Foundation\Tomcat 11.0
06-May-2025 02:12:11.741 INFO [main] org.apache.catalina.startup.VersionLoggerListener.log Command line argument: --add-opens=java.base/java.lang=ALL-UNNAMED
06-May-2025 02:12:11.741 INFO [main] org.apache.catalina.startup.VersionLoggerListener.log Command line argument: --add-opens=java.base/java.io=ALL-UNNAMED
06-May-2025 02:12:11.741 INFO [main] org.apache.catalina.startup.VersionLoggerListener.log Command line argument: --add-opens=java.base/java.util=ALL-UNNAMED
06-May-2025 02:12:11.742 INFO [main] org.apache.catalina.startup.VersionLoggerListener.log Command line argument: --add-opens=java.base/java.util.concurrent=ALL-UNNAMED
06-May-2025 02:12:11.742 INFO [main] org.apache.catalina.startup.VersionLoggerListener.log Command line argument: --add-opens=java.rmi/sun.rmi.transport=ALL-UNNAMED
06-May-2025 02:12:11.742 INFO [main] org.apache.catalina.startup.VersionLoggerListener.log Command line argument: -Dcatalina.home=C:\Program Files\Apache Software Foundation\Tomcat 11.0
06-May-2025 02:12:11.742 INFO [main] org.apache.catalina.startup.VersionLoggerListener.log Command line argument: -Dcatalina.base=C:\Users\msi\Downloads\Food Delivery Website - Copy\Food Delivery Website - Copy
06-May-2025 02:12:11.742 INFO [main] org.apache.catalina.startup.VersionLoggerListener.log Command line argument: -Djava.io.tmpdir=C:\Users\msi\Downloads\Food Delivery Website - Copy\Food Delivery Website - Copy\temp
06-May-2025 02:12:11.742 INFO [main] org.apache.catalina.startup.VersionLoggerListener.log Command line argument: -Djava.util.logging.config.file=C:\Users\msi\Downloads\Food Delivery Website - Copy\Food Delivery Website - Copy\conf\logging.properties
06-May-2025 02:12:11.742 INFO [main] org.apache.catalina.startup.VersionLoggerListener.log Command line argument: -Djava.util.logging.manager=org.apache.juli.ClassLoaderLogManager
06-May-2025 02:12:11.742 INFO [main] org.apache.catalina.startup.VersionLoggerListener.log Command line argument: -javaagent:C:\Users\msi\AppData\Local\JetBrains\IntelliJ IDEA 2024.3.5\lib\idea_rt.jar=54161
06-May-2025 02:12:11.742 INFO [main] org.apache.catalina.startup.VersionLoggerListener.log Command line argument: -Dfile.encoding=UTF-8
06-May-2025 02:12:11.742 INFO [main] org.apache.catalina.startup.VersionLoggerListener.log Command line argument: -Dsun.stdout.encoding=UTF-8
06-May-2025 02:12:11.742 INFO [main] org.apache.catalina.startup.VersionLoggerListener.log Command line argument: -Dsun.stderr.encoding=UTF-8
06-May-2025 02:12:11.754 INFO [main] org.apache.catalina.core.AprLifecycleListener.lifecycleEvent The Apache Tomcat Native library which allows using OpenSSL was not found on the java.library.path: [C:\Users\msi\.jdks\openjdk-24\bin;C:\WINDOWS\Sun\Java\bin;C:\WINDOWS\system32;C:\WINDOWS;C:\Program Files\Common Files\Oracle\Java\javapath;C:\WINDOWS\system32;C:\WINDOWS;C:\WINDOWS\System32\Wbem;C:\WINDOWS\System32\WindowsPowerShell\v1.0\;C:\WINDOWS\System32\OpenSSH\;C:\Program Files\NVIDIA Corporation\NVIDIA NvDLISR;C:\Program Files\Git\cmd;C:\Users\msi\AppData\Local\Microsoft\WindowsApps;C:\Users\msi\AppData\Local\Programs\Microsoft VS Code\bin;;.]
06-May-2025 02:12:12.716 INFO [main] org.apache.coyote.AbstractProtocol.init Initializing ProtocolHandler ["http-nio-8080"]
06-May-2025 02:12:12.820 INFO [main] org.apache.catalina.startup.Catalina.load Server initialization in [1462] milliseconds
06-May-2025 02:12:13.054 INFO [main] org.apache.catalina.core.StandardService.startInternal Starting service [Catalina]
06-May-2025 02:12:13.054 INFO [main] org.apache.catalina.core.StandardEngine.startInternal Starting Servlet engine: [Apache Tomcat/11.0.5]
06-May-2025 02:12:13.084 INFO [main] org.apache.catalina.startup.HostConfig.deployDescriptor Deploying deployment descriptor [C:\Users\msi\Downloads\Food Delivery Website - Copy\Food Delivery Website - Copy\conf\Catalina\localhost\ROOT.xml]
06-May-2025 02:12:13.484 SEVERE [main] org.apache.catalina.startup.HostConfig.deployDescriptor Error deploying deployment descriptor [C:\Users\msi\Downloads\Food Delivery Website - Copy\Food Delivery Website - Copy\conf\Catalina\localhost\ROOT.xml]
	java.lang.IllegalStateException: Error starting child
		at org.apache.catalina.core.ContainerBase.addChild(ContainerBase.java:569)
		at org.apache.catalina.core.StandardHost.addChild(StandardHost.java:653)
		at org.apache.catalina.startup.HostConfig.deployDescriptor(HostConfig.java:599)
		at org.apache.catalina.startup.HostConfig$DeployDescriptor.run(HostConfig.java:1853)
		at java.base/java.util.concurrent.Executors$RunnableAdapter.call(Executors.java:545)
		at java.base/java.util.concurrent.FutureTask.run(FutureTask.java:328)
		at org.apache.tomcat.util.threads.InlineExecutorService.execute(InlineExecutorService.java:75)
		at java.base/java.util.concurrent.AbstractExecutorService.submit(AbstractExecutorService.java:124)
		at org.apache.catalina.startup.HostConfig.deployDescriptors(HostConfig.java:494)
		at org.apache.catalina.startup.HostConfig.deployApps(HostConfig.java:385)
		at org.apache.catalina.startup.HostConfig.start(HostConfig.java:1593)
		at org.apache.catalina.startup.HostConfig.lifecycleEvent(HostConfig.java:267)
		at org.apache.catalina.util.LifecycleBase.fireLifecycleEvent(LifecycleBase.java:109)
		at org.apache.catalina.util.LifecycleBase.setStateInternal(LifecycleBase.java:389)
		at org.apache.catalina.util.LifecycleBase.setState(LifecycleBase.java:336)
		at org.apache.catalina.core.ContainerBase.startInternal(ContainerBase.java:743)
		at org.apache.catalina.core.StandardHost.startInternal(StandardHost.java:771)
		at org.apache.catalina.util.LifecycleBase.start(LifecycleBase.java:164)
		at org.apache.catalina.core.ContainerBase$StartChild.call(ContainerBase.java:1170)
		at org.apache.catalina.core.ContainerBase$StartChild.call(ContainerBase.java:1160)
		at java.base/java.util.concurrent.FutureTask.run(FutureTask.java:328)
		at org.apache.tomcat.util.threads.InlineExecutorService.execute(InlineExecutorService.java:75)
		at java.base/java.util.concurrent.AbstractExecutorService.submit(AbstractExecutorService.java:148)
		at org.apache.catalina.core.ContainerBase.startInternal(ContainerBase.java:716)
		at org.apache.catalina.core.StandardEngine.startInternal(StandardEngine.java:203)
		at org.apache.catalina.util.LifecycleBase.start(LifecycleBase.java:164)
		at org.apache.catalina.core.StandardService.startInternal(StandardService.java:415)
		at org.apache.catalina.util.LifecycleBase.start(LifecycleBase.java:164)
		at org.apache.catalina.core.StandardServer.startInternal(StandardServer.java:866)
		at org.apache.catalina.util.LifecycleBase.start(LifecycleBase.java:164)
		at org.apache.catalina.startup.Catalina.start(Catalina.java:759)
		at java.base/jdk.internal.reflect.DirectMethodHandleAccessor.invoke(DirectMethodHandleAccessor.java:104)
		at java.base/java.lang.reflect.Method.invoke(Method.java:565)
		at org.apache.catalina.startup.Bootstrap.start(Bootstrap.java:342)
		at org.apache.catalina.startup.Bootstrap.main(Bootstrap.java:470)
	Caused by: org.apache.catalina.LifecycleException: Failed to start component [StandardEngine[Catalina].StandardHost[localhost].StandardContext[]]
		at org.apache.catalina.util.LifecycleBase.handleSubClassException(LifecycleBase.java:406)
		at org.apache.catalina.util.LifecycleBase.start(LifecycleBase.java:179)
		at org.apache.catalina.core.ContainerBase.addChild(ContainerBase.java:566)
		... 34 more
	Caused by: java.lang.IllegalArgumentException: The servlets named [com.example.LoginProfileUser] and [com.example.LoginServlet] are both mapped to the url-pattern [/login] which is not permitted
		at org.apache.tomcat.util.descriptor.web.WebXml.addServletMappingDecoded(WebXml.java:358)
		at org.apache.tomcat.util.descriptor.web.WebXml.addServletMapping(WebXml.java:351)
		at org.apache.catalina.startup.ContextConfig.processAnnotationWebServlet(ContextConfig.java:2551)
		at org.apache.catalina.startup.ContextConfig.processClass(ContextConfig.java:2256)
		at org.apache.catalina.startup.ContextConfig.processAnnotationsStream(ContextConfig.java:2245)
		at org.apache.catalina.startup.ContextConfig.processAnnotationsWebResource(ContextConfig.java:2155)
		at org.apache.catalina.startup.ContextConfig.processAnnotationsWebResource(ContextConfig.java:2150)
		at org.apache.catalina.startup.ContextConfig.processAnnotationsWebResource(ContextConfig.java:2150)
		at org.apache.catalina.startup.ContextConfig.processClasses(ContextConfig.java:1363)
		at org.apache.catalina.startup.ContextConfig.webConfig(ContextConfig.java:1273)
		at org.apache.catalina.startup.ContextConfig.configureStart(ContextConfig.java:973)
		at org.apache.catalina.startup.ContextConfig.lifecycleEvent(ContextConfig.java:290)
		at org.apache.catalina.util.LifecycleBase.fireLifecycleEvent(LifecycleBase.java:109)
		at org.apache.catalina.core.StandardContext.startInternal(StandardContext.java:4352)
		at org.apache.catalina.util.LifecycleBase.start(LifecycleBase.java:164)
		... 35 more
06-May-2025 02:12:13.489 INFO [main] org.apache.catalina.startup.HostConfig.deployDescriptor Deployment of deployment descriptor [C:\Users\msi\Downloads\Food Delivery Website - Copy\Food Delivery Website - Copy\conf\Catalina\localhost\ROOT.xml] has finished in [404] ms
06-May-2025 02:12:13.492 INFO [main] org.apache.coyote.AbstractProtocol.start Starting ProtocolHandler ["http-nio-8080"]
06-May-2025 02:12:13.553 INFO [main] org.apache.catalina.startup.Catalina.start Server startup in [728] milliseconds
06-May-2025 02:13:01.498 INFO [Thread-1] org.apache.coyote.AbstractProtocol.pause Pausing ProtocolHandler ["http-nio-8080"]
06-May-2025 02:13:01.519 INFO [Thread-1] org.apache.catalina.core.StandardService.stopInternal Stopping service [Catalina]
06-May-2025 02:13:01.520 INFO [Thread-1] org.apache.coyote.AbstractProtocol.stop Stopping ProtocolHandler ["http-nio-8080"]
06-May-2025 02:13:01.524 INFO [Thread-1] org.apache.coyote.AbstractProtocol.destroy Destroying ProtocolHandler ["http-nio-8080"]
06-May-2025 02:13:03.039 INFO [main] org.apache.catalina.startup.VersionLoggerListener.log Server version name:   Apache Tomcat/11.0.5
06-May-2025 02:13:03.050 INFO [main] org.apache.catalina.startup.VersionLoggerListener.log Server built:          Feb 28 2025 15:54:41 UTC
06-May-2025 02:13:03.056 INFO [main] org.apache.catalina.startup.VersionLoggerListener.log Server version number: 11.0.5.0
06-May-2025 02:13:03.056 INFO [main] org.apache.catalina.startup.VersionLoggerListener.log OS Name:               Windows 11
06-May-2025 02:13:03.056 INFO [main] org.apache.catalina.startup.VersionLoggerListener.log OS Version:            10.0
06-May-2025 02:13:03.059 INFO [main] org.apache.catalina.startup.VersionLoggerListener.log Architecture:          amd64
06-May-2025 02:13:03.060 INFO [main] org.apache.catalina.startup.VersionLoggerListener.log Java Home:             C:\Users\msi\.jdks\openjdk-24
06-May-2025 02:13:03.063 INFO [main] org.apache.catalina.startup.VersionLoggerListener.log JVM Version:           24+36-3646
06-May-2025 02:13:03.065 INFO [main] org.apache.catalina.startup.VersionLoggerListener.log JVM Vendor:            Oracle Corporation
06-May-2025 02:13:03.066 INFO [main] org.apache.catalina.startup.VersionLoggerListener.log CATALINA_BASE:         C:\Users\msi\Downloads\Food Delivery Website - Copy\Food Delivery Website - Copy
06-May-2025 02:13:03.066 INFO [main] org.apache.catalina.startup.VersionLoggerListener.log CATALINA_HOME:         C:\Program Files\Apache Software Foundation\Tomcat 11.0
06-May-2025 02:13:03.083 INFO [main] org.apache.catalina.startup.VersionLoggerListener.log Command line argument: --add-opens=java.base/java.lang=ALL-UNNAMED
06-May-2025 02:13:03.084 INFO [main] org.apache.catalina.startup.VersionLoggerListener.log Command line argument: --add-opens=java.base/java.io=ALL-UNNAMED
06-May-2025 02:13:03.084 INFO [main] org.apache.catalina.startup.VersionLoggerListener.log Command line argument: --add-opens=java.base/java.util=ALL-UNNAMED
06-May-2025 02:13:03.084 INFO [main] org.apache.catalina.startup.VersionLoggerListener.log Command line argument: --add-opens=java.base/java.util.concurrent=ALL-UNNAMED
06-May-2025 02:13:03.084 INFO [main] org.apache.catalina.startup.VersionLoggerListener.log Command line argument: --add-opens=java.rmi/sun.rmi.transport=ALL-UNNAMED
06-May-2025 02:13:03.084 INFO [main] org.apache.catalina.startup.VersionLoggerListener.log Command line argument: -Dcatalina.home=C:\Program Files\Apache Software Foundation\Tomcat 11.0
06-May-2025 02:13:03.084 INFO [main] org.apache.catalina.startup.VersionLoggerListener.log Command line argument: -Dcatalina.base=C:\Users\msi\Downloads\Food Delivery Website - Copy\Food Delivery Website - Copy
06-May-2025 02:13:03.085 INFO [main] org.apache.catalina.startup.VersionLoggerListener.log Command line argument: -Djava.io.tmpdir=C:\Users\msi\Downloads\Food Delivery Website - Copy\Food Delivery Website - Copy\temp
06-May-2025 02:13:03.086 INFO [main] org.apache.catalina.startup.VersionLoggerListener.log Command line argument: -Djava.util.logging.config.file=C:\Users\msi\Downloads\Food Delivery Website - Copy\Food Delivery Website - Copy\conf\logging.properties
06-May-2025 02:13:03.087 INFO [main] org.apache.catalina.startup.VersionLoggerListener.log Command line argument: -Djava.util.logging.manager=org.apache.juli.ClassLoaderLogManager
06-May-2025 02:13:03.088 INFO [main] org.apache.catalina.startup.VersionLoggerListener.log Command line argument: -javaagent:C:\Users\msi\AppData\Local\JetBrains\IntelliJ IDEA 2024.3.5\lib\idea_rt.jar=54186
06-May-2025 02:13:03.088 INFO [main] org.apache.catalina.startup.VersionLoggerListener.log Command line argument: -Dfile.encoding=UTF-8
06-May-2025 02:13:03.088 INFO [main] org.apache.catalina.startup.VersionLoggerListener.log Command line argument: -Dsun.stdout.encoding=UTF-8
06-May-2025 02:13:03.089 INFO [main] org.apache.catalina.startup.VersionLoggerListener.log Command line argument: -Dsun.stderr.encoding=UTF-8
06-May-2025 02:13:03.101 INFO [main] org.apache.catalina.core.AprLifecycleListener.lifecycleEvent The Apache Tomcat Native library which allows using OpenSSL was not found on the java.library.path: [C:\Users\msi\.jdks\openjdk-24\bin;C:\WINDOWS\Sun\Java\bin;C:\WINDOWS\system32;C:\WINDOWS;C:\Program Files\Common Files\Oracle\Java\javapath;C:\WINDOWS\system32;C:\WINDOWS;C:\WINDOWS\System32\Wbem;C:\WINDOWS\System32\WindowsPowerShell\v1.0\;C:\WINDOWS\System32\OpenSSH\;C:\Program Files\NVIDIA Corporation\NVIDIA NvDLISR;C:\Program Files\Git\cmd;C:\Users\msi\AppData\Local\Microsoft\WindowsApps;C:\Users\msi\AppData\Local\Programs\Microsoft VS Code\bin;;.]
06-May-2025 02:13:04.308 INFO [main] org.apache.coyote.AbstractProtocol.init Initializing ProtocolHandler ["http-nio-8080"]
06-May-2025 02:13:04.349 INFO [main] org.apache.catalina.startup.Catalina.load Server initialization in [1659] milliseconds
06-May-2025 02:13:04.473 INFO [main] org.apache.catalina.core.StandardService.startInternal Starting service [Catalina]
06-May-2025 02:13:04.473 INFO [main] org.apache.catalina.core.StandardEngine.startInternal Starting Servlet engine: [Apache Tomcat/11.0.5]
06-May-2025 02:13:04.530 INFO [main] org.apache.catalina.startup.HostConfig.deployDescriptor Deploying deployment descriptor [C:\Users\msi\Downloads\Food Delivery Website - Copy\Food Delivery Website - Copy\conf\Catalina\localhost\ROOT.xml]
06-May-2025 02:13:04.978 SEVERE [main] org.apache.catalina.startup.HostConfig.deployDescriptor Error deploying deployment descriptor [C:\Users\msi\Downloads\Food Delivery Website - Copy\Food Delivery Website - Copy\conf\Catalina\localhost\ROOT.xml]
	java.lang.IllegalStateException: Error starting child
		at org.apache.catalina.core.ContainerBase.addChild(ContainerBase.java:569)
		at org.apache.catalina.core.StandardHost.addChild(StandardHost.java:653)
		at org.apache.catalina.startup.HostConfig.deployDescriptor(HostConfig.java:599)
		at org.apache.catalina.startup.HostConfig$DeployDescriptor.run(HostConfig.java:1853)
		at java.base/java.util.concurrent.Executors$RunnableAdapter.call(Executors.java:545)
		at java.base/java.util.concurrent.FutureTask.run(FutureTask.java:328)
		at org.apache.tomcat.util.threads.InlineExecutorService.execute(InlineExecutorService.java:75)
		at java.base/java.util.concurrent.AbstractExecutorService.submit(AbstractExecutorService.java:124)
		at org.apache.catalina.startup.HostConfig.deployDescriptors(HostConfig.java:494)
		at org.apache.catalina.startup.HostConfig.deployApps(HostConfig.java:385)
		at org.apache.catalina.startup.HostConfig.start(HostConfig.java:1593)
		at org.apache.catalina.startup.HostConfig.lifecycleEvent(HostConfig.java:267)
		at org.apache.catalina.util.LifecycleBase.fireLifecycleEvent(LifecycleBase.java:109)
		at org.apache.catalina.util.LifecycleBase.setStateInternal(LifecycleBase.java:389)
		at org.apache.catalina.util.LifecycleBase.setState(LifecycleBase.java:336)
		at org.apache.catalina.core.ContainerBase.startInternal(ContainerBase.java:743)
		at org.apache.catalina.core.StandardHost.startInternal(StandardHost.java:771)
		at org.apache.catalina.util.LifecycleBase.start(LifecycleBase.java:164)
		at org.apache.catalina.core.ContainerBase$StartChild.call(ContainerBase.java:1170)
		at org.apache.catalina.core.ContainerBase$StartChild.call(ContainerBase.java:1160)
		at java.base/java.util.concurrent.FutureTask.run(FutureTask.java:328)
		at org.apache.tomcat.util.threads.InlineExecutorService.execute(InlineExecutorService.java:75)
		at java.base/java.util.concurrent.AbstractExecutorService.submit(AbstractExecutorService.java:148)
		at org.apache.catalina.core.ContainerBase.startInternal(ContainerBase.java:716)
		at org.apache.catalina.core.StandardEngine.startInternal(StandardEngine.java:203)
		at org.apache.catalina.util.LifecycleBase.start(LifecycleBase.java:164)
		at org.apache.catalina.core.StandardService.startInternal(StandardService.java:415)
		at org.apache.catalina.util.LifecycleBase.start(LifecycleBase.java:164)
		at org.apache.catalina.core.StandardServer.startInternal(StandardServer.java:866)
		at org.apache.catalina.util.LifecycleBase.start(LifecycleBase.java:164)
		at org.apache.catalina.startup.Catalina.start(Catalina.java:759)
		at java.base/jdk.internal.reflect.DirectMethodHandleAccessor.invoke(DirectMethodHandleAccessor.java:104)
		at java.base/java.lang.reflect.Method.invoke(Method.java:565)
		at org.apache.catalina.startup.Bootstrap.start(Bootstrap.java:342)
		at org.apache.catalina.startup.Bootstrap.main(Bootstrap.java:470)
	Caused by: org.apache.catalina.LifecycleException: Failed to start component [StandardEngine[Catalina].StandardHost[localhost].StandardContext[]]
		at org.apache.catalina.util.LifecycleBase.handleSubClassException(LifecycleBase.java:406)
		at org.apache.catalina.util.LifecycleBase.start(LifecycleBase.java:179)
		at org.apache.catalina.core.ContainerBase.addChild(ContainerBase.java:566)
		... 34 more
	Caused by: java.lang.IllegalArgumentException: The servlets named [com.example.LoginProfileUser] and [com.example.LoginServlet] are both mapped to the url-pattern [/login] which is not permitted
		at org.apache.tomcat.util.descriptor.web.WebXml.addServletMappingDecoded(WebXml.java:358)
		at org.apache.tomcat.util.descriptor.web.WebXml.addServletMapping(WebXml.java:351)
		at org.apache.catalina.startup.ContextConfig.processAnnotationWebServlet(ContextConfig.java:2551)
		at org.apache.catalina.startup.ContextConfig.processClass(ContextConfig.java:2256)
		at org.apache.catalina.startup.ContextConfig.processAnnotationsStream(ContextConfig.java:2245)
		at org.apache.catalina.startup.ContextConfig.processAnnotationsWebResource(ContextConfig.java:2155)
		at org.apache.catalina.startup.ContextConfig.processAnnotationsWebResource(ContextConfig.java:2150)
		at org.apache.catalina.startup.ContextConfig.processAnnotationsWebResource(ContextConfig.java:2150)
		at org.apache.catalina.startup.ContextConfig.processClasses(ContextConfig.java:1363)
		at org.apache.catalina.startup.ContextConfig.webConfig(ContextConfig.java:1273)
		at org.apache.catalina.startup.ContextConfig.configureStart(ContextConfig.java:973)
		at org.apache.catalina.startup.ContextConfig.lifecycleEvent(ContextConfig.java:290)
		at org.apache.catalina.util.LifecycleBase.fireLifecycleEvent(LifecycleBase.java:109)
		at org.apache.catalina.core.StandardContext.startInternal(StandardContext.java:4352)
		at org.apache.catalina.util.LifecycleBase.start(LifecycleBase.java:164)
		... 35 more
06-May-2025 02:13:04.984 INFO [main] org.apache.catalina.startup.HostConfig.deployDescriptor Deployment of deployment descriptor [C:\Users\msi\Downloads\Food Delivery Website - Copy\Food Delivery Website - Copy\conf\Catalina\localhost\ROOT.xml] has finished in [462] ms
06-May-2025 02:13:04.990 INFO [main] org.apache.coyote.AbstractProtocol.start Starting ProtocolHandler ["http-nio-8080"]
06-May-2025 02:13:05.156 INFO [main] org.apache.catalina.startup.Catalina.start Server startup in [799] milliseconds
06-May-2025 02:13:18.231 INFO [Thread-1] org.apache.coyote.AbstractProtocol.pause Pausing ProtocolHandler ["http-nio-8080"]
06-May-2025 02:13:18.256 INFO [Thread-1] org.apache.catalina.core.StandardService.stopInternal Stopping service [Catalina]
06-May-2025 02:13:18.257 INFO [Thread-1] org.apache.coyote.AbstractProtocol.stop Stopping ProtocolHandler ["http-nio-8080"]
06-May-2025 02:13:18.288 INFO [Thread-1] org.apache.coyote.AbstractProtocol.destroy Destroying ProtocolHandler ["http-nio-8080"]
06-May-2025 02:13:19.909 INFO [main] org.apache.catalina.startup.VersionLoggerListener.log Server version name:   Apache Tomcat/11.0.5
06-May-2025 02:13:19.934 INFO [main] org.apache.catalina.startup.VersionLoggerListener.log Server built:          Feb 28 2025 15:54:41 UTC
06-May-2025 02:13:19.935 INFO [main] org.apache.catalina.startup.VersionLoggerListener.log Server version number: 11.0.5.0
06-May-2025 02:13:19.935 INFO [main] org.apache.catalina.startup.VersionLoggerListener.log OS Name:               Windows 11
06-May-2025 02:13:19.935 INFO [main] org.apache.catalina.startup.VersionLoggerListener.log OS Version:            10.0
06-May-2025 02:13:19.935 INFO [main] org.apache.catalina.startup.VersionLoggerListener.log Architecture:          amd64
06-May-2025 02:13:19.935 INFO [main] org.apache.catalina.startup.VersionLoggerListener.log Java Home:             C:\Users\msi\.jdks\openjdk-24
06-May-2025 02:13:19.935 INFO [main] org.apache.catalina.startup.VersionLoggerListener.log JVM Version:           24+36-3646
06-May-2025 02:13:19.936 INFO [main] org.apache.catalina.startup.VersionLoggerListener.log JVM Vendor:            Oracle Corporation
06-May-2025 02:13:19.936 INFO [main] org.apache.catalina.startup.VersionLoggerListener.log CATALINA_BASE:         C:\Users\msi\Downloads\Food Delivery Website - Copy\Food Delivery Website - Copy
06-May-2025 02:13:19.936 INFO [main] org.apache.catalina.startup.VersionLoggerListener.log CATALINA_HOME:         C:\Program Files\Apache Software Foundation\Tomcat 11.0
06-May-2025 02:13:19.946 INFO [main] org.apache.catalina.startup.VersionLoggerListener.log Command line argument: --add-opens=java.base/java.lang=ALL-UNNAMED
06-May-2025 02:13:19.946 INFO [main] org.apache.catalina.startup.VersionLoggerListener.log Command line argument: --add-opens=java.base/java.io=ALL-UNNAMED
06-May-2025 02:13:19.947 INFO [main] org.apache.catalina.startup.VersionLoggerListener.log Command line argument: --add-opens=java.base/java.util=ALL-UNNAMED
06-May-2025 02:13:19.947 INFO [main] org.apache.catalina.startup.VersionLoggerListener.log Command line argument: --add-opens=java.base/java.util.concurrent=ALL-UNNAMED
06-May-2025 02:13:19.947 INFO [main] org.apache.catalina.startup.VersionLoggerListener.log Command line argument: --add-opens=java.rmi/sun.rmi.transport=ALL-UNNAMED
06-May-2025 02:13:19.947 INFO [main] org.apache.catalina.startup.VersionLoggerListener.log Command line argument: -Dcatalina.home=C:\Program Files\Apache Software Foundation\Tomcat 11.0
06-May-2025 02:13:19.947 INFO [main] org.apache.catalina.startup.VersionLoggerListener.log Command line argument: -Dcatalina.base=C:\Users\msi\Downloads\Food Delivery Website - Copy\Food Delivery Website - Copy
06-May-2025 02:13:19.947 INFO [main] org.apache.catalina.startup.VersionLoggerListener.log Command line argument: -Djava.io.tmpdir=C:\Users\msi\Downloads\Food Delivery Website - Copy\Food Delivery Website - Copy\temp
06-May-2025 02:13:19.947 INFO [main] org.apache.catalina.startup.VersionLoggerListener.log Command line argument: -Djava.util.logging.config.file=C:\Users\msi\Downloads\Food Delivery Website - Copy\Food Delivery Website - Copy\conf\logging.properties
06-May-2025 02:13:19.947 INFO [main] org.apache.catalina.startup.VersionLoggerListener.log Command line argument: -Djava.util.logging.manager=org.apache.juli.ClassLoaderLogManager
06-May-2025 02:13:19.947 INFO [main] org.apache.catalina.startup.VersionLoggerListener.log Command line argument: -javaagent:C:\Users\msi\AppData\Local\JetBrains\IntelliJ IDEA 2024.3.5\lib\idea_rt.jar=54227
06-May-2025 02:13:19.947 INFO [main] org.apache.catalina.startup.VersionLoggerListener.log Command line argument: -Dfile.encoding=UTF-8
06-May-2025 02:13:19.947 INFO [main] org.apache.catalina.startup.VersionLoggerListener.log Command line argument: -Dsun.stdout.encoding=UTF-8
06-May-2025 02:13:19.947 INFO [main] org.apache.catalina.startup.VersionLoggerListener.log Command line argument: -Dsun.stderr.encoding=UTF-8
06-May-2025 02:13:19.951 INFO [main] org.apache.catalina.core.AprLifecycleListener.lifecycleEvent The Apache Tomcat Native library which allows using OpenSSL was not found on the java.library.path: [C:\Users\msi\.jdks\openjdk-24\bin;C:\WINDOWS\Sun\Java\bin;C:\WINDOWS\system32;C:\WINDOWS;C:\Program Files\Common Files\Oracle\Java\javapath;C:\WINDOWS\system32;C:\WINDOWS;C:\WINDOWS\System32\Wbem;C:\WINDOWS\System32\WindowsPowerShell\v1.0\;C:\WINDOWS\System32\OpenSSH\;C:\Program Files\NVIDIA Corporation\NVIDIA NvDLISR;C:\Program Files\Git\cmd;C:\Users\msi\AppData\Local\Microsoft\WindowsApps;C:\Users\msi\AppData\Local\Programs\Microsoft VS Code\bin;;.]
06-May-2025 02:13:20.896 INFO [main] org.apache.coyote.AbstractProtocol.init Initializing ProtocolHandler ["http-nio-8080"]
06-May-2025 02:13:20.984 INFO [main] org.apache.catalina.startup.Catalina.load Server initialization in [1478] milliseconds
06-May-2025 02:13:21.152 INFO [main] org.apache.catalina.core.StandardService.startInternal Starting service [Catalina]
06-May-2025 02:13:21.153 INFO [main] org.apache.catalina.core.StandardEngine.startInternal Starting Servlet engine: [Apache Tomcat/11.0.5]
06-May-2025 02:13:21.240 INFO [main] org.apache.catalina.startup.HostConfig.deployDescriptor Deploying deployment descriptor [C:\Users\msi\Downloads\Food Delivery Website - Copy\Food Delivery Website - Copy\conf\Catalina\localhost\ROOT.xml]
06-May-2025 02:13:21.677 SEVERE [main] org.apache.catalina.startup.HostConfig.deployDescriptor Error deploying deployment descriptor [C:\Users\msi\Downloads\Food Delivery Website - Copy\Food Delivery Website - Copy\conf\Catalina\localhost\ROOT.xml]
	java.lang.IllegalStateException: Error starting child
		at org.apache.catalina.core.ContainerBase.addChild(ContainerBase.java:569)
		at org.apache.catalina.core.StandardHost.addChild(StandardHost.java:653)
		at org.apache.catalina.startup.HostConfig.deployDescriptor(HostConfig.java:599)
		at org.apache.catalina.startup.HostConfig$DeployDescriptor.run(HostConfig.java:1853)
		at java.base/java.util.concurrent.Executors$RunnableAdapter.call(Executors.java:545)
		at java.base/java.util.concurrent.FutureTask.run(FutureTask.java:328)
		at org.apache.tomcat.util.threads.InlineExecutorService.execute(InlineExecutorService.java:75)
		at java.base/java.util.concurrent.AbstractExecutorService.submit(AbstractExecutorService.java:124)
		at org.apache.catalina.startup.HostConfig.deployDescriptors(HostConfig.java:494)
		at org.apache.catalina.startup.HostConfig.deployApps(HostConfig.java:385)
		at org.apache.catalina.startup.HostConfig.start(HostConfig.java:1593)
		at org.apache.catalina.startup.HostConfig.lifecycleEvent(HostConfig.java:267)
		at org.apache.catalina.util.LifecycleBase.fireLifecycleEvent(LifecycleBase.java:109)
		at org.apache.catalina.util.LifecycleBase.setStateInternal(LifecycleBase.java:389)
		at org.apache.catalina.util.LifecycleBase.setState(LifecycleBase.java:336)
		at org.apache.catalina.core.ContainerBase.startInternal(ContainerBase.java:743)
		at org.apache.catalina.core.StandardHost.startInternal(StandardHost.java:771)
		at org.apache.catalina.util.LifecycleBase.start(LifecycleBase.java:164)
		at org.apache.catalina.core.ContainerBase$StartChild.call(ContainerBase.java:1170)
		at org.apache.catalina.core.ContainerBase$StartChild.call(ContainerBase.java:1160)
		at java.base/java.util.concurrent.FutureTask.run(FutureTask.java:328)
		at org.apache.tomcat.util.threads.InlineExecutorService.execute(InlineExecutorService.java:75)
		at java.base/java.util.concurrent.AbstractExecutorService.submit(AbstractExecutorService.java:148)
		at org.apache.catalina.core.ContainerBase.startInternal(ContainerBase.java:716)
		at org.apache.catalina.core.StandardEngine.startInternal(StandardEngine.java:203)
		at org.apache.catalina.util.LifecycleBase.start(LifecycleBase.java:164)
		at org.apache.catalina.core.StandardService.startInternal(StandardService.java:415)
		at org.apache.catalina.util.LifecycleBase.start(LifecycleBase.java:164)
		at org.apache.catalina.core.StandardServer.startInternal(StandardServer.java:866)
		at org.apache.catalina.util.LifecycleBase.start(LifecycleBase.java:164)
		at org.apache.catalina.startup.Catalina.start(Catalina.java:759)
		at java.base/jdk.internal.reflect.DirectMethodHandleAccessor.invoke(DirectMethodHandleAccessor.java:104)
		at java.base/java.lang.reflect.Method.invoke(Method.java:565)
		at org.apache.catalina.startup.Bootstrap.start(Bootstrap.java:342)
		at org.apache.catalina.startup.Bootstrap.main(Bootstrap.java:470)
	Caused by: org.apache.catalina.LifecycleException: Failed to start component [StandardEngine[Catalina].StandardHost[localhost].StandardContext[]]
		at org.apache.catalina.util.LifecycleBase.handleSubClassException(LifecycleBase.java:406)
		at org.apache.catalina.util.LifecycleBase.start(LifecycleBase.java:179)
		at org.apache.catalina.core.ContainerBase.addChild(ContainerBase.java:566)
		... 34 more
	Caused by: java.lang.IllegalArgumentException: The servlets named [com.example.LoginProfileUser] and [com.example.LoginServlet] are both mapped to the url-pattern [/login] which is not permitted
		at org.apache.tomcat.util.descriptor.web.WebXml.addServletMappingDecoded(WebXml.java:358)
		at org.apache.tomcat.util.descriptor.web.WebXml.addServletMapping(WebXml.java:351)
		at org.apache.catalina.startup.ContextConfig.processAnnotationWebServlet(ContextConfig.java:2551)
		at org.apache.catalina.startup.ContextConfig.processClass(ContextConfig.java:2256)
		at org.apache.catalina.startup.ContextConfig.processAnnotationsStream(ContextConfig.java:2245)
		at org.apache.catalina.startup.ContextConfig.processAnnotationsWebResource(ContextConfig.java:2155)
		at org.apache.catalina.startup.ContextConfig.processAnnotationsWebResource(ContextConfig.java:2150)
		at org.apache.catalina.startup.ContextConfig.processAnnotationsWebResource(ContextConfig.java:2150)
		at org.apache.catalina.startup.ContextConfig.processClasses(ContextConfig.java:1363)
		at org.apache.catalina.startup.ContextConfig.webConfig(ContextConfig.java:1273)
		at org.apache.catalina.startup.ContextConfig.configureStart(ContextConfig.java:973)
		at org.apache.catalina.startup.ContextConfig.lifecycleEvent(ContextConfig.java:290)
		at org.apache.catalina.util.LifecycleBase.fireLifecycleEvent(LifecycleBase.java:109)
		at org.apache.catalina.core.StandardContext.startInternal(StandardContext.java:4352)
		at org.apache.catalina.util.LifecycleBase.start(LifecycleBase.java:164)
		... 35 more
06-May-2025 02:13:21.683 INFO [main] org.apache.catalina.startup.HostConfig.deployDescriptor Deployment of deployment descriptor [C:\Users\msi\Downloads\Food Delivery Website - Copy\Food Delivery Website - Copy\conf\Catalina\localhost\ROOT.xml] has finished in [452] ms
06-May-2025 02:13:21.686 INFO [main] org.apache.coyote.AbstractProtocol.start Starting ProtocolHandler ["http-nio-8080"]
06-May-2025 02:13:21.751 INFO [main] org.apache.catalina.startup.Catalina.start Server startup in [763] milliseconds
06-May-2025 02:15:06.880 INFO [Thread-1] org.apache.coyote.AbstractProtocol.pause Pausing ProtocolHandler ["http-nio-8080"]
06-May-2025 02:15:06.910 INFO [Thread-1] org.apache.catalina.core.StandardService.stopInternal Stopping service [Catalina]
06-May-2025 02:15:06.928 INFO [Thread-1] org.apache.coyote.AbstractProtocol.stop Stopping ProtocolHandler ["http-nio-8080"]
06-May-2025 02:15:06.954 INFO [Thread-1] org.apache.coyote.AbstractProtocol.destroy Destroying ProtocolHandler ["http-nio-8080"]
06-May-2025 02:15:11.408 INFO [main] org.apache.catalina.startup.VersionLoggerListener.log Server version name:   Apache Tomcat/11.0.5
06-May-2025 02:15:11.411 INFO [main] org.apache.catalina.startup.VersionLoggerListener.log Server built:          Feb 28 2025 15:54:41 UTC
06-May-2025 02:15:11.411 INFO [main] org.apache.catalina.startup.VersionLoggerListener.log Server version number: 11.0.5.0
06-May-2025 02:15:11.411 INFO [main] org.apache.catalina.startup.VersionLoggerListener.log OS Name:               Windows 11
06-May-2025 02:15:11.411 INFO [main] org.apache.catalina.startup.VersionLoggerListener.log OS Version:            10.0
06-May-2025 02:15:11.411 INFO [main] org.apache.catalina.startup.VersionLoggerListener.log Architecture:          amd64
06-May-2025 02:15:11.411 INFO [main] org.apache.catalina.startup.VersionLoggerListener.log Java Home:             C:\Users\msi\.jdks\openjdk-24
06-May-2025 02:15:11.411 INFO [main] org.apache.catalina.startup.VersionLoggerListener.log JVM Version:           24+36-3646
06-May-2025 02:15:11.411 INFO [main] org.apache.catalina.startup.VersionLoggerListener.log JVM Vendor:            Oracle Corporation
06-May-2025 02:15:11.411 INFO [main] org.apache.catalina.startup.VersionLoggerListener.log CATALINA_BASE:         C:\Users\msi\Downloads\Food Delivery Website - Copy\Food Delivery Website - Copy
06-May-2025 02:15:11.412 INFO [main] org.apache.catalina.startup.VersionLoggerListener.log CATALINA_HOME:         C:\Program Files\Apache Software Foundation\Tomcat 11.0
06-May-2025 02:15:11.418 INFO [main] org.apache.catalina.startup.VersionLoggerListener.log Command line argument: --add-opens=java.base/java.lang=ALL-UNNAMED
06-May-2025 02:15:11.419 INFO [main] org.apache.catalina.startup.VersionLoggerListener.log Command line argument: --add-opens=java.base/java.io=ALL-UNNAMED
06-May-2025 02:15:11.419 INFO [main] org.apache.catalina.startup.VersionLoggerListener.log Command line argument: --add-opens=java.base/java.util=ALL-UNNAMED
06-May-2025 02:15:11.419 INFO [main] org.apache.catalina.startup.VersionLoggerListener.log Command line argument: --add-opens=java.base/java.util.concurrent=ALL-UNNAMED
06-May-2025 02:15:11.419 INFO [main] org.apache.catalina.startup.VersionLoggerListener.log Command line argument: --add-opens=java.rmi/sun.rmi.transport=ALL-UNNAMED
06-May-2025 02:15:11.419 INFO [main] org.apache.catalina.startup.VersionLoggerListener.log Command line argument: -Dcatalina.home=C:\Program Files\Apache Software Foundation\Tomcat 11.0
06-May-2025 02:15:11.419 INFO [main] org.apache.catalina.startup.VersionLoggerListener.log Command line argument: -Dcatalina.base=C:\Users\msi\Downloads\Food Delivery Website - Copy\Food Delivery Website - Copy
06-May-2025 02:15:11.419 INFO [main] org.apache.catalina.startup.VersionLoggerListener.log Command line argument: -Djava.io.tmpdir=C:\Users\msi\Downloads\Food Delivery Website - Copy\Food Delivery Website - Copy\temp
06-May-2025 02:15:11.419 INFO [main] org.apache.catalina.startup.VersionLoggerListener.log Command line argument: -Djava.util.logging.config.file=C:\Users\msi\Downloads\Food Delivery Website - Copy\Food Delivery Website - Copy\conf\logging.properties
06-May-2025 02:15:11.419 INFO [main] org.apache.catalina.startup.VersionLoggerListener.log Command line argument: -Djava.util.logging.manager=org.apache.juli.ClassLoaderLogManager
06-May-2025 02:15:11.419 INFO [main] org.apache.catalina.startup.VersionLoggerListener.log Command line argument: -javaagent:C:\Users\msi\AppData\Local\JetBrains\IntelliJ IDEA 2024.3.5\lib\idea_rt.jar=54267
06-May-2025 02:15:11.419 INFO [main] org.apache.catalina.startup.VersionLoggerListener.log Command line argument: -Dfile.encoding=UTF-8
06-May-2025 02:15:11.419 INFO [main] org.apache.catalina.startup.VersionLoggerListener.log Command line argument: -Dsun.stdout.encoding=UTF-8
06-May-2025 02:15:11.419 INFO [main] org.apache.catalina.startup.VersionLoggerListener.log Command line argument: -Dsun.stderr.encoding=UTF-8
06-May-2025 02:15:11.422 INFO [main] org.apache.catalina.core.AprLifecycleListener.lifecycleEvent The Apache Tomcat Native library which allows using OpenSSL was not found on the java.library.path: [C:\Users\msi\.jdks\openjdk-24\bin;C:\WINDOWS\Sun\Java\bin;C:\WINDOWS\system32;C:\WINDOWS;C:\Program Files\Common Files\Oracle\Java\javapath;C:\WINDOWS\system32;C:\WINDOWS;C:\WINDOWS\System32\Wbem;C:\WINDOWS\System32\WindowsPowerShell\v1.0\;C:\WINDOWS\System32\OpenSSH\;C:\Program Files\NVIDIA Corporation\NVIDIA NvDLISR;C:\Program Files\Git\cmd;C:\Users\msi\AppData\Local\Microsoft\WindowsApps;C:\Users\msi\AppData\Local\Programs\Microsoft VS Code\bin;;.]
06-May-2025 02:15:11.655 INFO [main] org.apache.coyote.AbstractProtocol.init Initializing ProtocolHandler ["http-nio-8080"]
06-May-2025 02:15:11.670 INFO [main] org.apache.catalina.startup.Catalina.load Server initialization in [444] milliseconds
06-May-2025 02:15:11.726 INFO [main] org.apache.catalina.core.StandardService.startInternal Starting service [Catalina]
06-May-2025 02:15:11.726 INFO [main] org.apache.catalina.core.StandardEngine.startInternal Starting Servlet engine: [Apache Tomcat/11.0.5]
06-May-2025 02:15:11.735 INFO [main] org.apache.catalina.startup.HostConfig.deployDescriptor Deploying deployment descriptor [C:\Users\msi\Downloads\Food Delivery Website - Copy\Food Delivery Website - Copy\conf\Catalina\localhost\ROOT.xml]
06-May-2025 02:15:12.029 INFO [main] org.apache.catalina.startup.HostConfig.deployDescriptor Deployment of deployment descriptor [C:\Users\msi\Downloads\Food Delivery Website - Copy\Food Delivery Website - Copy\conf\Catalina\localhost\ROOT.xml] has finished in [293] ms
06-May-2025 02:15:12.040 INFO [main] org.apache.coyote.AbstractProtocol.start Starting ProtocolHandler ["http-nio-8080"]
06-May-2025 02:15:12.064 INFO [main] org.apache.catalina.startup.Catalina.start Server startup in [391] milliseconds
06-May-2025 02:21:04.194 INFO [Thread-1] org.apache.coyote.AbstractProtocol.pause Pausing ProtocolHandler ["http-nio-8080"]
06-May-2025 02:21:04.209 INFO [Thread-1] org.apache.catalina.core.StandardService.stopInternal Stopping service [Catalina]
06-May-2025 02:21:04.221 INFO [Thread-1] org.apache.coyote.AbstractProtocol.stop Stopping ProtocolHandler ["http-nio-8080"]
06-May-2025 02:21:04.234 INFO [Thread-1] org.apache.coyote.AbstractProtocol.destroy Destroying ProtocolHandler ["http-nio-8080"]
06-May-2025 02:21:09.342 INFO [main] org.apache.catalina.startup.VersionLoggerListener.log Server version name:   Apache Tomcat/11.0.5
06-May-2025 02:21:09.344 INFO [main] org.apache.catalina.startup.VersionLoggerListener.log Server built:          Feb 28 2025 15:54:41 UTC
06-May-2025 02:21:09.344 INFO [main] org.apache.catalina.startup.VersionLoggerListener.log Server version number: 11.0.5.0
06-May-2025 02:21:09.344 INFO [main] org.apache.catalina.startup.VersionLoggerListener.log OS Name:               Windows 11
06-May-2025 02:21:09.344 INFO [main] org.apache.catalina.startup.VersionLoggerListener.log OS Version:            10.0
06-May-2025 02:21:09.344 INFO [main] org.apache.catalina.startup.VersionLoggerListener.log Architecture:          amd64
06-May-2025 02:21:09.344 INFO [main] org.apache.catalina.startup.VersionLoggerListener.log Java Home:             C:\Users\msi\.jdks\openjdk-24
06-May-2025 02:21:09.344 INFO [main] org.apache.catalina.startup.VersionLoggerListener.log JVM Version:           24+36-3646
06-May-2025 02:21:09.344 INFO [main] org.apache.catalina.startup.VersionLoggerListener.log JVM Vendor:            Oracle Corporation
06-May-2025 02:21:09.344 INFO [main] org.apache.catalina.startup.VersionLoggerListener.log CATALINA_BASE:         C:\Users\msi\Downloads\Food Delivery Website - Copy\Food Delivery Website - Copy
06-May-2025 02:21:09.344 INFO [main] org.apache.catalina.startup.VersionLoggerListener.log CATALINA_HOME:         C:\Program Files\Apache Software Foundation\Tomcat 11.0
06-May-2025 02:21:09.353 INFO [main] org.apache.catalina.startup.VersionLoggerListener.log Command line argument: --add-opens=java.base/java.lang=ALL-UNNAMED
06-May-2025 02:21:09.353 INFO [main] org.apache.catalina.startup.VersionLoggerListener.log Command line argument: --add-opens=java.base/java.io=ALL-UNNAMED
06-May-2025 02:21:09.353 INFO [main] org.apache.catalina.startup.VersionLoggerListener.log Command line argument: --add-opens=java.base/java.util=ALL-UNNAMED
06-May-2025 02:21:09.353 INFO [main] org.apache.catalina.startup.VersionLoggerListener.log Command line argument: --add-opens=java.base/java.util.concurrent=ALL-UNNAMED
06-May-2025 02:21:09.353 INFO [main] org.apache.catalina.startup.VersionLoggerListener.log Command line argument: --add-opens=java.rmi/sun.rmi.transport=ALL-UNNAMED
06-May-2025 02:21:09.353 INFO [main] org.apache.catalina.startup.VersionLoggerListener.log Command line argument: -Dcatalina.home=C:\Program Files\Apache Software Foundation\Tomcat 11.0
06-May-2025 02:21:09.353 INFO [main] org.apache.catalina.startup.VersionLoggerListener.log Command line argument: -Dcatalina.base=C:\Users\msi\Downloads\Food Delivery Website - Copy\Food Delivery Website - Copy
06-May-2025 02:21:09.353 INFO [main] org.apache.catalina.startup.VersionLoggerListener.log Command line argument: -Djava.io.tmpdir=C:\Users\msi\Downloads\Food Delivery Website - Copy\Food Delivery Website - Copy\temp
06-May-2025 02:21:09.353 INFO [main] org.apache.catalina.startup.VersionLoggerListener.log Command line argument: -Djava.util.logging.config.file=C:\Users\msi\Downloads\Food Delivery Website - Copy\Food Delivery Website - Copy\conf\logging.properties
06-May-2025 02:21:09.353 INFO [main] org.apache.catalina.startup.VersionLoggerListener.log Command line argument: -Djava.util.logging.manager=org.apache.juli.ClassLoaderLogManager
06-May-2025 02:21:09.353 INFO [main] org.apache.catalina.startup.VersionLoggerListener.log Command line argument: -javaagent:C:\Users\msi\AppData\Local\JetBrains\IntelliJ IDEA 2024.3.5\lib\idea_rt.jar=65117
06-May-2025 02:21:09.353 INFO [main] org.apache.catalina.startup.VersionLoggerListener.log Command line argument: -Dfile.encoding=UTF-8
06-May-2025 02:21:09.353 INFO [main] org.apache.catalina.startup.VersionLoggerListener.log Command line argument: -Dsun.stdout.encoding=UTF-8
06-May-2025 02:21:09.353 INFO [main] org.apache.catalina.startup.VersionLoggerListener.log Command line argument: -Dsun.stderr.encoding=UTF-8
06-May-2025 02:21:09.356 INFO [main] org.apache.catalina.core.AprLifecycleListener.lifecycleEvent The Apache Tomcat Native library which allows using OpenSSL was not found on the java.library.path: [C:\Users\msi\.jdks\openjdk-24\bin;C:\WINDOWS\Sun\Java\bin;C:\WINDOWS\system32;C:\WINDOWS;C:\Program Files\Common Files\Oracle\Java\javapath;C:\WINDOWS\system32;C:\WINDOWS;C:\WINDOWS\System32\Wbem;C:\WINDOWS\System32\WindowsPowerShell\v1.0\;C:\WINDOWS\System32\OpenSSH\;C:\Program Files\NVIDIA Corporation\NVIDIA NvDLISR;C:\Program Files\Git\cmd;C:\Users\msi\AppData\Local\Microsoft\WindowsApps;C:\Users\msi\AppData\Local\Programs\Microsoft VS Code\bin;;.]
06-May-2025 02:21:09.642 INFO [main] org.apache.coyote.AbstractProtocol.init Initializing ProtocolHandler ["http-nio-8080"]
06-May-2025 02:21:09.659 INFO [main] org.apache.catalina.startup.Catalina.load Server initialization in [493] milliseconds
06-May-2025 02:21:09.714 INFO [main] org.apache.catalina.core.StandardService.startInternal Starting service [Catalina]
06-May-2025 02:21:09.714 INFO [main] org.apache.catalina.core.StandardEngine.startInternal Starting Servlet engine: [Apache Tomcat/11.0.5]
06-May-2025 02:21:09.726 INFO [main] org.apache.catalina.startup.HostConfig.deployDescriptor Deploying deployment descriptor [C:\Users\msi\Downloads\Food Delivery Website - Copy\Food Delivery Website - Copy\conf\Catalina\localhost\ROOT.xml]
06-May-2025 02:21:10.280 INFO [main] org.apache.catalina.startup.HostConfig.deployDescriptor Deployment of deployment descriptor [C:\Users\msi\Downloads\Food Delivery Website - Copy\Food Delivery Website - Copy\conf\Catalina\localhost\ROOT.xml] has finished in [551] ms
06-May-2025 02:21:10.292 INFO [main] org.apache.coyote.AbstractProtocol.start Starting ProtocolHandler ["http-nio-8080"]
06-May-2025 02:21:10.326 INFO [main] org.apache.catalina.startup.Catalina.start Server startup in [664] milliseconds
06-May-2025 02:25:46.496 INFO [main] org.apache.catalina.startup.VersionLoggerListener.log Server version name:   Apache Tomcat/11.0.5
06-May-2025 02:25:46.500 INFO [main] org.apache.catalina.startup.VersionLoggerListener.log Server built:          Feb 28 2025 15:54:41 UTC
06-May-2025 02:25:46.500 INFO [main] org.apache.catalina.startup.VersionLoggerListener.log Server version number: 11.0.5.0
06-May-2025 02:25:46.501 INFO [main] org.apache.catalina.startup.VersionLoggerListener.log OS Name:               Windows 11
06-May-2025 02:25:46.501 INFO [main] org.apache.catalina.startup.VersionLoggerListener.log OS Version:            10.0
06-May-2025 02:25:46.501 INFO [main] org.apache.catalina.startup.VersionLoggerListener.log Architecture:          amd64
06-May-2025 02:25:46.501 INFO [main] org.apache.catalina.startup.VersionLoggerListener.log Java Home:             C:\Users\msi\.jdks\openjdk-24
06-May-2025 02:25:46.501 INFO [main] org.apache.catalina.startup.VersionLoggerListener.log JVM Version:           24+36-3646
06-May-2025 02:25:46.501 INFO [main] org.apache.catalina.startup.VersionLoggerListener.log JVM Vendor:            Oracle Corporation
06-May-2025 02:25:46.501 INFO [main] org.apache.catalina.startup.VersionLoggerListener.log CATALINA_BASE:         C:\Users\msi\Downloads\Food Delivery Website - Copy\Food Delivery Website - Copy
06-May-2025 02:25:46.501 INFO [main] org.apache.catalina.startup.VersionLoggerListener.log CATALINA_HOME:         C:\Program Files\Apache Software Foundation\Tomcat 11.0
06-May-2025 02:25:46.518 INFO [main] org.apache.catalina.startup.VersionLoggerListener.log Command line argument: --add-opens=java.base/java.lang=ALL-UNNAMED
06-May-2025 02:25:46.518 INFO [main] org.apache.catalina.startup.VersionLoggerListener.log Command line argument: --add-opens=java.base/java.io=ALL-UNNAMED
06-May-2025 02:25:46.518 INFO [main] org.apache.catalina.startup.VersionLoggerListener.log Command line argument: --add-opens=java.base/java.util=ALL-UNNAMED
06-May-2025 02:25:46.518 INFO [main] org.apache.catalina.startup.VersionLoggerListener.log Command line argument: --add-opens=java.base/java.util.concurrent=ALL-UNNAMED
06-May-2025 02:25:46.518 INFO [main] org.apache.catalina.startup.VersionLoggerListener.log Command line argument: --add-opens=java.rmi/sun.rmi.transport=ALL-UNNAMED
06-May-2025 02:25:46.518 INFO [main] org.apache.catalina.startup.VersionLoggerListener.log Command line argument: -Dcatalina.home=C:\Program Files\Apache Software Foundation\Tomcat 11.0
06-May-2025 02:25:46.518 INFO [main] org.apache.catalina.startup.VersionLoggerListener.log Command line argument: -Dcatalina.base=C:\Users\msi\Downloads\Food Delivery Website - Copy\Food Delivery Website - Copy
06-May-2025 02:25:46.518 INFO [main] org.apache.catalina.startup.VersionLoggerListener.log Command line argument: -Djava.io.tmpdir=C:\Users\msi\Downloads\Food Delivery Website - Copy\Food Delivery Website - Copy\temp
06-May-2025 02:25:46.518 INFO [main] org.apache.catalina.startup.VersionLoggerListener.log Command line argument: -Djava.util.logging.config.file=C:\Users\msi\Downloads\Food Delivery Website - Copy\Food Delivery Website - Copy\conf\logging.properties
06-May-2025 02:25:46.518 INFO [main] org.apache.catalina.startup.VersionLoggerListener.log Command line argument: -Djava.util.logging.manager=org.apache.juli.ClassLoaderLogManager
06-May-2025 02:25:46.519 INFO [main] org.apache.catalina.startup.VersionLoggerListener.log Command line argument: -javaagent:C:\Users\msi\AppData\Local\JetBrains\IntelliJ IDEA 2024.3.5\lib\idea_rt.jar=65322
06-May-2025 02:25:46.519 INFO [main] org.apache.catalina.startup.VersionLoggerListener.log Command line argument: -Dfile.encoding=UTF-8
06-May-2025 02:25:46.519 INFO [main] org.apache.catalina.startup.VersionLoggerListener.log Command line argument: -Dsun.stdout.encoding=UTF-8
06-May-2025 02:25:46.519 INFO [main] org.apache.catalina.startup.VersionLoggerListener.log Command line argument: -Dsun.stderr.encoding=UTF-8
06-May-2025 02:25:46.524 INFO [main] org.apache.catalina.core.AprLifecycleListener.lifecycleEvent The Apache Tomcat Native library which allows using OpenSSL was not found on the java.library.path: [C:\Users\msi\.jdks\openjdk-24\bin;C:\WINDOWS\Sun\Java\bin;C:\WINDOWS\system32;C:\WINDOWS;C:\Program Files\Common Files\Oracle\Java\javapath;C:\WINDOWS\system32;C:\WINDOWS;C:\WINDOWS\System32\Wbem;C:\WINDOWS\System32\WindowsPowerShell\v1.0\;C:\WINDOWS\System32\OpenSSH\;C:\Program Files\NVIDIA Corporation\NVIDIA NvDLISR;C:\Program Files\Git\cmd;C:\Users\msi\AppData\Local\Microsoft\WindowsApps;C:\Users\msi\AppData\Local\Programs\Microsoft VS Code\bin;;.]
06-May-2025 02:25:46.828 INFO [main] org.apache.coyote.AbstractProtocol.init Initializing ProtocolHandler ["http-nio-8080"]
06-May-2025 02:25:46.840 SEVERE [main] org.apache.catalina.util.LifecycleBase.handleSubClassException Failed to initialize component [Connector["http-nio-8080"]]
	org.apache.catalina.LifecycleException: Protocol handler initialization failed
		at org.apache.catalina.connector.Connector.initInternal(Connector.java:1056)
		at org.apache.catalina.util.LifecycleBase.init(LifecycleBase.java:122)
		at org.apache.catalina.core.StandardService.initInternal(StandardService.java:525)
		at org.apache.catalina.util.LifecycleBase.init(LifecycleBase.java:122)
		at org.apache.catalina.core.StandardServer.initInternal(StandardServer.java:953)
		at org.apache.catalina.util.LifecycleBase.init(LifecycleBase.java:122)
		at org.apache.catalina.startup.Catalina.load(Catalina.java:710)
		at org.apache.catalina.startup.Catalina.load(Catalina.java:733)
		at java.base/jdk.internal.reflect.DirectMethodHandleAccessor.invoke(DirectMethodHandleAccessor.java:104)
		at java.base/java.lang.reflect.Method.invoke(Method.java:565)
		at org.apache.catalina.startup.Bootstrap.load(Bootstrap.java:299)
		at org.apache.catalina.startup.Bootstrap.main(Bootstrap.java:469)
	Caused by: java.net.BindException: Address already in use: bind
		at java.base/sun.nio.ch.Net.bind0(Native Method)
		at java.base/sun.nio.ch.Net.bind(Net.java:511)
		at java.base/sun.nio.ch.ServerSocketChannelImpl.netBind(ServerSocketChannelImpl.java:335)
		at java.base/sun.nio.ch.ServerSocketChannelImpl.bind(ServerSocketChannelImpl.java:297)
		at org.apache.tomcat.util.net.NioEndpoint.initServerSocket(NioEndpoint.java:240)
		at org.apache.tomcat.util.net.NioEndpoint.bind(NioEndpoint.java:195)
		at org.apache.tomcat.util.net.AbstractEndpoint.bindWithCleanup(AbstractEndpoint.java:1472)
		at org.apache.tomcat.util.net.AbstractEndpoint.init(AbstractEndpoint.java:1485)
		at org.apache.coyote.AbstractProtocol.init(AbstractProtocol.java:633)
		at org.apache.coyote.http11.AbstractHttp11Protocol.init(AbstractHttp11Protocol.java:83)
		at org.apache.catalina.connector.Connector.initInternal(Connector.java:1054)
		... 11 more
06-May-2025 02:25:46.841 INFO [main] org.apache.catalina.startup.Catalina.load Server initialization in [528] milliseconds
06-May-2025 02:25:46.904 INFO [main] org.apache.catalina.core.StandardService.startInternal Starting service [Catalina]
06-May-2025 02:25:46.904 INFO [main] org.apache.catalina.core.StandardEngine.startInternal Starting Servlet engine: [Apache Tomcat/11.0.5]
06-May-2025 02:25:46.918 INFO [main] org.apache.catalina.startup.HostConfig.deployDescriptor Deploying deployment descriptor [C:\Users\msi\Downloads\Food Delivery Website - Copy\Food Delivery Website - Copy\conf\Catalina\localhost\ROOT.xml]
06-May-2025 02:25:47.130 SEVERE [main] org.apache.catalina.startup.HostConfig.deployDescriptor Error deploying deployment descriptor [C:\Users\msi\Downloads\Food Delivery Website - Copy\Food Delivery Website - Copy\conf\Catalina\localhost\ROOT.xml]
	java.lang.IllegalStateException: Error starting child
		at org.apache.catalina.core.ContainerBase.addChild(ContainerBase.java:569)
		at org.apache.catalina.core.StandardHost.addChild(StandardHost.java:653)
		at org.apache.catalina.startup.HostConfig.deployDescriptor(HostConfig.java:599)
		at org.apache.catalina.startup.HostConfig$DeployDescriptor.run(HostConfig.java:1853)
		at java.base/java.util.concurrent.Executors$RunnableAdapter.call(Executors.java:545)
		at java.base/java.util.concurrent.FutureTask.run(FutureTask.java:328)
		at org.apache.tomcat.util.threads.InlineExecutorService.execute(InlineExecutorService.java:75)
		at java.base/java.util.concurrent.AbstractExecutorService.submit(AbstractExecutorService.java:124)
		at org.apache.catalina.startup.HostConfig.deployDescriptors(HostConfig.java:494)
		at org.apache.catalina.startup.HostConfig.deployApps(HostConfig.java:385)
		at org.apache.catalina.startup.HostConfig.start(HostConfig.java:1593)
		at org.apache.catalina.startup.HostConfig.lifecycleEvent(HostConfig.java:267)
		at org.apache.catalina.util.LifecycleBase.fireLifecycleEvent(LifecycleBase.java:109)
		at org.apache.catalina.util.LifecycleBase.setStateInternal(LifecycleBase.java:389)
		at org.apache.catalina.util.LifecycleBase.setState(LifecycleBase.java:336)
		at org.apache.catalina.core.ContainerBase.startInternal(ContainerBase.java:743)
		at org.apache.catalina.core.StandardHost.startInternal(StandardHost.java:771)
		at org.apache.catalina.util.LifecycleBase.start(LifecycleBase.java:164)
		at org.apache.catalina.core.ContainerBase$StartChild.call(ContainerBase.java:1170)
		at org.apache.catalina.core.ContainerBase$StartChild.call(ContainerBase.java:1160)
		at java.base/java.util.concurrent.FutureTask.run(FutureTask.java:328)
		at org.apache.tomcat.util.threads.InlineExecutorService.execute(InlineExecutorService.java:75)
		at java.base/java.util.concurrent.AbstractExecutorService.submit(AbstractExecutorService.java:148)
		at org.apache.catalina.core.ContainerBase.startInternal(ContainerBase.java:716)
		at org.apache.catalina.core.StandardEngine.startInternal(StandardEngine.java:203)
		at org.apache.catalina.util.LifecycleBase.start(LifecycleBase.java:164)
		at org.apache.catalina.core.StandardService.startInternal(StandardService.java:415)
		at org.apache.catalina.util.LifecycleBase.start(LifecycleBase.java:164)
		at org.apache.catalina.core.StandardServer.startInternal(StandardServer.java:866)
		at org.apache.catalina.util.LifecycleBase.start(LifecycleBase.java:164)
		at org.apache.catalina.startup.Catalina.start(Catalina.java:759)
		at java.base/jdk.internal.reflect.DirectMethodHandleAccessor.invoke(DirectMethodHandleAccessor.java:104)
		at java.base/java.lang.reflect.Method.invoke(Method.java:565)
		at org.apache.catalina.startup.Bootstrap.start(Bootstrap.java:342)
		at org.apache.catalina.startup.Bootstrap.main(Bootstrap.java:470)
	Caused by: org.apache.catalina.LifecycleException: Failed to start component [StandardEngine[Catalina].StandardHost[localhost].StandardContext[]]
		at org.apache.catalina.util.LifecycleBase.handleSubClassException(LifecycleBase.java:406)
		at org.apache.catalina.util.LifecycleBase.start(LifecycleBase.java:179)
		at org.apache.catalina.core.ContainerBase.addChild(ContainerBase.java:566)
		... 34 more
	Caused by: java.lang.IllegalArgumentException: The servlets named [com.example.LoginServlet] and [com.example.service.LoginProfileUser] are both mapped to the url-pattern [/login] which is not permitted
		at org.apache.tomcat.util.descriptor.web.WebXml.addServletMappingDecoded(WebXml.java:358)
		at org.apache.tomcat.util.descriptor.web.WebXml.addServletMapping(WebXml.java:351)
		at org.apache.catalina.startup.ContextConfig.processAnnotationWebServlet(ContextConfig.java:2551)
		at org.apache.catalina.startup.ContextConfig.processClass(ContextConfig.java:2256)
		at org.apache.catalina.startup.ContextConfig.processAnnotationsStream(ContextConfig.java:2245)
		at org.apache.catalina.startup.ContextConfig.processAnnotationsWebResource(ContextConfig.java:2155)
		at org.apache.catalina.startup.ContextConfig.processAnnotationsWebResource(ContextConfig.java:2150)
		at org.apache.catalina.startup.ContextConfig.processAnnotationsWebResource(ContextConfig.java:2150)
		at org.apache.catalina.startup.ContextConfig.processAnnotationsWebResource(ContextConfig.java:2150)
		at org.apache.catalina.startup.ContextConfig.processClasses(ContextConfig.java:1363)
		at org.apache.catalina.startup.ContextConfig.webConfig(ContextConfig.java:1273)
		at org.apache.catalina.startup.ContextConfig.configureStart(ContextConfig.java:973)
		at org.apache.catalina.startup.ContextConfig.lifecycleEvent(ContextConfig.java:290)
		at org.apache.catalina.util.LifecycleBase.fireLifecycleEvent(LifecycleBase.java:109)
		at org.apache.catalina.core.StandardContext.startInternal(StandardContext.java:4352)
		at org.apache.catalina.util.LifecycleBase.start(LifecycleBase.java:164)
		... 35 more
06-May-2025 02:25:47.137 INFO [main] org.apache.catalina.startup.HostConfig.deployDescriptor Deployment of deployment descriptor [C:\Users\msi\Downloads\Food Delivery Website - Copy\Food Delivery Website - Copy\conf\Catalina\localhost\ROOT.xml] has finished in [219] ms
06-May-2025 02:25:47.141 INFO [main] org.apache.catalina.startup.Catalina.start Server startup in [298] milliseconds
06-May-2025 02:25:47.147 SEVERE [main] org.apache.catalina.core.StandardServer.await Failed to create server shutdown socket on address [localhost] and port [8005] (base port [8005] and offset [0])
	java.net.BindException: Address already in use: bind
		at java.base/sun.nio.ch.Net.bind0(Native Method)
		at java.base/sun.nio.ch.Net.bind(Net.java:511)
		at java.base/sun.nio.ch.Net.bind(Net.java:500)
		at java.base/sun.nio.ch.NioSocketImpl.bind(NioSocketImpl.java:630)
		at java.base/java.net.ServerSocket.bind(ServerSocket.java:326)
		at java.base/java.net.ServerSocket.<init>(ServerSocket.java:222)
		at org.apache.catalina.core.StandardServer.await(StandardServer.java:532)
		at org.apache.catalina.startup.Catalina.await(Catalina.java:849)
		at org.apache.catalina.startup.Catalina.start(Catalina.java:797)
		at java.base/jdk.internal.reflect.DirectMethodHandleAccessor.invoke(DirectMethodHandleAccessor.java:104)
		at java.base/java.lang.reflect.Method.invoke(Method.java:565)
		at org.apache.catalina.startup.Bootstrap.start(Bootstrap.java:342)
		at org.apache.catalina.startup.Bootstrap.main(Bootstrap.java:470)
06-May-2025 02:25:47.147 INFO [main] org.apache.coyote.AbstractProtocol.pause Pausing ProtocolHandler ["http-nio-8080"]
06-May-2025 02:25:47.147 INFO [main] org.apache.catalina.core.StandardService.stopInternal Stopping service [Catalina]
06-May-2025 02:25:47.148 INFO [main] org.apache.coyote.AbstractProtocol.stop Stopping ProtocolHandler ["http-nio-8080"]
06-May-2025 02:25:47.149 INFO [main] org.apache.coyote.AbstractProtocol.destroy Destroying ProtocolHandler ["http-nio-8080"]
06-May-2025 02:25:51.654 INFO [Catalina-utility-2] org.apache.catalina.startup.HostConfig.undeploy Undeploying context []
06-May-2025 02:25:51.697 INFO [Catalina-utility-2] org.apache.catalina.startup.HostConfig.deployDescriptor Deploying deployment descriptor [C:\Users\msi\Downloads\Food Delivery Website - Copy\Food Delivery Website - Copy\conf\Catalina\localhost\ROOT.xml]
06-May-2025 02:25:51.726 SEVERE [Catalina-utility-2] org.apache.catalina.startup.HostConfig.deployDescriptor Error deploying deployment descriptor [C:\Users\msi\Downloads\Food Delivery Website - Copy\Food Delivery Website - Copy\conf\Catalina\localhost\ROOT.xml]
	java.lang.IllegalStateException: Error starting child
		at org.apache.catalina.core.ContainerBase.addChild(ContainerBase.java:569)
		at org.apache.catalina.core.StandardHost.addChild(StandardHost.java:653)
		at org.apache.catalina.startup.HostConfig.deployDescriptor(HostConfig.java:599)
		at org.apache.catalina.startup.HostConfig$DeployDescriptor.run(HostConfig.java:1853)
		at java.base/java.util.concurrent.Executors$RunnableAdapter.call(Executors.java:545)
		at java.base/java.util.concurrent.FutureTask.run(FutureTask.java:328)
		at org.apache.tomcat.util.threads.InlineExecutorService.execute(InlineExecutorService.java:75)
		at java.base/java.util.concurrent.AbstractExecutorService.submit(AbstractExecutorService.java:124)
		at org.apache.catalina.startup.HostConfig.deployDescriptors(HostConfig.java:494)
		at org.apache.catalina.startup.HostConfig.deployApps(HostConfig.java:385)
		at org.apache.catalina.startup.HostConfig.check(HostConfig.java:1642)
		at org.apache.catalina.startup.HostConfig.lifecycleEvent(HostConfig.java:263)
		at org.apache.catalina.util.LifecycleBase.fireLifecycleEvent(LifecycleBase.java:109)
		at org.apache.catalina.core.ContainerBase.backgroundProcess(ContainerBase.java:940)
		at org.apache.catalina.core.ContainerBase$ContainerBackgroundProcessor.processChildren(ContainerBase.java:1139)
		at org.apache.catalina.core.ContainerBase$ContainerBackgroundProcessor.processChildren(ContainerBase.java:1143)
		at org.apache.catalina.core.ContainerBase$ContainerBackgroundProcessor.run(ContainerBase.java:1121)
		at java.base/java.util.concurrent.Executors$RunnableAdapter.call(Executors.java:545)
		at java.base/java.util.concurrent.FutureTask.runAndReset(FutureTask.java:369)
		at java.base/java.util.concurrent.ScheduledThreadPoolExecutor$ScheduledFutureTask.run(ScheduledThreadPoolExecutor.java:310)
		at java.base/java.util.concurrent.ThreadPoolExecutor.runWorker(ThreadPoolExecutor.java:1095)
		at java.base/java.util.concurrent.ThreadPoolExecutor$Worker.run(ThreadPoolExecutor.java:619)
		at org.apache.tomcat.util.threads.TaskThread$WrappingRunnable.run(TaskThread.java:63)
		at java.base/java.lang.Thread.run(Thread.java:1447)
	Caused by: org.apache.catalina.LifecycleException: Failed to start component [StandardEngine[Catalina].StandardHost[localhost].StandardContext[]]
		at org.apache.catalina.util.LifecycleBase.handleSubClassException(LifecycleBase.java:406)
		at org.apache.catalina.util.LifecycleBase.start(LifecycleBase.java:179)
		at org.apache.catalina.core.ContainerBase.addChild(ContainerBase.java:566)
		... 23 more
	Caused by: java.lang.IllegalArgumentException: The servlets named [com.example.LoginServlet] and [com.example.service.LoginProfileUser] are both mapped to the url-pattern [/login] which is not permitted
		at org.apache.tomcat.util.descriptor.web.WebXml.addServletMappingDecoded(WebXml.java:358)
		at org.apache.tomcat.util.descriptor.web.WebXml.addServletMapping(WebXml.java:351)
		at org.apache.catalina.startup.ContextConfig.processAnnotationWebServlet(ContextConfig.java:2551)
		at org.apache.catalina.startup.ContextConfig.processClass(ContextConfig.java:2256)
		at org.apache.catalina.startup.ContextConfig.processAnnotationsStream(ContextConfig.java:2245)
		at org.apache.catalina.startup.ContextConfig.processAnnotationsWebResource(ContextConfig.java:2155)
		at org.apache.catalina.startup.ContextConfig.processAnnotationsWebResource(ContextConfig.java:2150)
		at org.apache.catalina.startup.ContextConfig.processAnnotationsWebResource(ContextConfig.java:2150)
		at org.apache.catalina.startup.ContextConfig.processAnnotationsWebResource(ContextConfig.java:2150)
		at org.apache.catalina.startup.ContextConfig.processClasses(ContextConfig.java:1363)
		at org.apache.catalina.startup.ContextConfig.webConfig(ContextConfig.java:1273)
		at org.apache.catalina.startup.ContextConfig.configureStart(ContextConfig.java:973)
		at org.apache.catalina.startup.ContextConfig.lifecycleEvent(ContextConfig.java:290)
		at org.apache.catalina.util.LifecycleBase.fireLifecycleEvent(LifecycleBase.java:109)
		at org.apache.catalina.core.StandardContext.startInternal(StandardContext.java:4352)
		at org.apache.catalina.util.LifecycleBase.start(LifecycleBase.java:164)
		... 24 more
06-May-2025 02:25:51.730 INFO [Catalina-utility-2] org.apache.catalina.startup.HostConfig.deployDescriptor Deployment of deployment descriptor [C:\Users\msi\Downloads\Food Delivery Website - Copy\Food Delivery Website - Copy\conf\Catalina\localhost\ROOT.xml] has finished in [33] ms
06-May-2025 02:27:02.208 INFO [main] org.apache.catalina.startup.VersionLoggerListener.log Server version name:   Apache Tomcat/11.0.5
06-May-2025 02:27:02.214 INFO [main] org.apache.catalina.startup.VersionLoggerListener.log Server built:          Feb 28 2025 15:54:41 UTC
06-May-2025 02:27:02.215 INFO [main] org.apache.catalina.startup.VersionLoggerListener.log Server version number: 11.0.5.0
06-May-2025 02:27:02.215 INFO [main] org.apache.catalina.startup.VersionLoggerListener.log OS Name:               Windows 11
06-May-2025 02:27:02.215 INFO [main] org.apache.catalina.startup.VersionLoggerListener.log OS Version:            10.0
06-May-2025 02:27:02.215 INFO [main] org.apache.catalina.startup.VersionLoggerListener.log Architecture:          amd64
06-May-2025 02:27:02.215 INFO [main] org.apache.catalina.startup.VersionLoggerListener.log Java Home:             C:\Users\msi\.jdks\openjdk-24
06-May-2025 02:27:02.215 INFO [main] org.apache.catalina.startup.VersionLoggerListener.log JVM Version:           24+36-3646
06-May-2025 02:27:02.215 INFO [main] org.apache.catalina.startup.VersionLoggerListener.log JVM Vendor:            Oracle Corporation
06-May-2025 02:27:02.215 INFO [main] org.apache.catalina.startup.VersionLoggerListener.log CATALINA_BASE:         C:\Users\msi\Downloads\Food Delivery Website - Copy\Food Delivery Website - Copy
06-May-2025 02:27:02.216 INFO [main] org.apache.catalina.startup.VersionLoggerListener.log CATALINA_HOME:         C:\Program Files\Apache Software Foundation\Tomcat 11.0
06-May-2025 02:27:02.226 INFO [main] org.apache.catalina.startup.VersionLoggerListener.log Command line argument: --add-opens=java.base/java.lang=ALL-UNNAMED
06-May-2025 02:27:02.226 INFO [main] org.apache.catalina.startup.VersionLoggerListener.log Command line argument: --add-opens=java.base/java.io=ALL-UNNAMED
06-May-2025 02:27:02.226 INFO [main] org.apache.catalina.startup.VersionLoggerListener.log Command line argument: --add-opens=java.base/java.util=ALL-UNNAMED
06-May-2025 02:27:02.226 INFO [main] org.apache.catalina.startup.VersionLoggerListener.log Command line argument: --add-opens=java.base/java.util.concurrent=ALL-UNNAMED
06-May-2025 02:27:02.226 INFO [main] org.apache.catalina.startup.VersionLoggerListener.log Command line argument: --add-opens=java.rmi/sun.rmi.transport=ALL-UNNAMED
06-May-2025 02:27:02.226 INFO [main] org.apache.catalina.startup.VersionLoggerListener.log Command line argument: -Dcatalina.home=C:\Program Files\Apache Software Foundation\Tomcat 11.0
06-May-2025 02:27:02.227 INFO [main] org.apache.catalina.startup.VersionLoggerListener.log Command line argument: -Dcatalina.base=C:\Users\msi\Downloads\Food Delivery Website - Copy\Food Delivery Website - Copy
06-May-2025 02:27:02.227 INFO [main] org.apache.catalina.startup.VersionLoggerListener.log Command line argument: -Djava.io.tmpdir=C:\Users\msi\Downloads\Food Delivery Website - Copy\Food Delivery Website - Copy\temp
06-May-2025 02:27:02.227 INFO [main] org.apache.catalina.startup.VersionLoggerListener.log Command line argument: -Djava.util.logging.config.file=C:\Users\msi\Downloads\Food Delivery Website - Copy\Food Delivery Website - Copy\conf\logging.properties
06-May-2025 02:27:02.227 INFO [main] org.apache.catalina.startup.VersionLoggerListener.log Command line argument: -Djava.util.logging.manager=org.apache.juli.ClassLoaderLogManager
06-May-2025 02:27:02.227 INFO [main] org.apache.catalina.startup.VersionLoggerListener.log Command line argument: -javaagent:C:\Users\msi\AppData\Local\JetBrains\IntelliJ IDEA 2024.3.5\lib\idea_rt.jar=65369
06-May-2025 02:27:02.227 INFO [main] org.apache.catalina.startup.VersionLoggerListener.log Command line argument: -Dfile.encoding=UTF-8
06-May-2025 02:27:02.227 INFO [main] org.apache.catalina.startup.VersionLoggerListener.log Command line argument: -Dsun.stdout.encoding=UTF-8
06-May-2025 02:27:02.227 INFO [main] org.apache.catalina.startup.VersionLoggerListener.log Command line argument: -Dsun.stderr.encoding=UTF-8
06-May-2025 02:27:02.232 INFO [main] org.apache.catalina.core.AprLifecycleListener.lifecycleEvent The Apache Tomcat Native library which allows using OpenSSL was not found on the java.library.path: [C:\Users\msi\.jdks\openjdk-24\bin;C:\WINDOWS\Sun\Java\bin;C:\WINDOWS\system32;C:\WINDOWS;C:\Program Files\Common Files\Oracle\Java\javapath;C:\WINDOWS\system32;C:\WINDOWS;C:\WINDOWS\System32\Wbem;C:\WINDOWS\System32\WindowsPowerShell\v1.0\;C:\WINDOWS\System32\OpenSSH\;C:\Program Files\NVIDIA Corporation\NVIDIA NvDLISR;C:\Program Files\Git\cmd;C:\Users\msi\AppData\Local\Microsoft\WindowsApps;C:\Users\msi\AppData\Local\Programs\Microsoft VS Code\bin;;.]
06-May-2025 02:27:02.449 INFO [main] org.apache.coyote.AbstractProtocol.init Initializing ProtocolHandler ["http-nio-8080"]
06-May-2025 02:27:02.458 SEVERE [main] org.apache.catalina.util.LifecycleBase.handleSubClassException Failed to initialize component [Connector["http-nio-8080"]]
	org.apache.catalina.LifecycleException: Protocol handler initialization failed
		at org.apache.catalina.connector.Connector.initInternal(Connector.java:1056)
		at org.apache.catalina.util.LifecycleBase.init(LifecycleBase.java:122)
		at org.apache.catalina.core.StandardService.initInternal(StandardService.java:525)
		at org.apache.catalina.util.LifecycleBase.init(LifecycleBase.java:122)
		at org.apache.catalina.core.StandardServer.initInternal(StandardServer.java:953)
		at org.apache.catalina.util.LifecycleBase.init(LifecycleBase.java:122)
		at org.apache.catalina.startup.Catalina.load(Catalina.java:710)
		at org.apache.catalina.startup.Catalina.load(Catalina.java:733)
		at java.base/jdk.internal.reflect.DirectMethodHandleAccessor.invoke(DirectMethodHandleAccessor.java:104)
		at java.base/java.lang.reflect.Method.invoke(Method.java:565)
		at org.apache.catalina.startup.Bootstrap.load(Bootstrap.java:299)
		at org.apache.catalina.startup.Bootstrap.main(Bootstrap.java:469)
	Caused by: java.net.BindException: Address already in use: bind
		at java.base/sun.nio.ch.Net.bind0(Native Method)
		at java.base/sun.nio.ch.Net.bind(Net.java:511)
		at java.base/sun.nio.ch.ServerSocketChannelImpl.netBind(ServerSocketChannelImpl.java:335)
		at java.base/sun.nio.ch.ServerSocketChannelImpl.bind(ServerSocketChannelImpl.java:297)
		at org.apache.tomcat.util.net.NioEndpoint.initServerSocket(NioEndpoint.java:240)
		at org.apache.tomcat.util.net.NioEndpoint.bind(NioEndpoint.java:195)
		at org.apache.tomcat.util.net.AbstractEndpoint.bindWithCleanup(AbstractEndpoint.java:1472)
		at org.apache.tomcat.util.net.AbstractEndpoint.init(AbstractEndpoint.java:1485)
		at org.apache.coyote.AbstractProtocol.init(AbstractProtocol.java:633)
		at org.apache.coyote.http11.AbstractHttp11Protocol.init(AbstractHttp11Protocol.java:83)
		at org.apache.catalina.connector.Connector.initInternal(Connector.java:1054)
		... 11 more
06-May-2025 02:27:02.459 INFO [main] org.apache.catalina.startup.Catalina.load Server initialization in [433] milliseconds
06-May-2025 02:27:02.533 INFO [main] org.apache.catalina.core.StandardService.startInternal Starting service [Catalina]
06-May-2025 02:27:02.533 INFO [main] org.apache.catalina.core.StandardEngine.startInternal Starting Servlet engine: [Apache Tomcat/11.0.5]
06-May-2025 02:27:02.546 INFO [main] org.apache.catalina.startup.HostConfig.deployDescriptor Deploying deployment descriptor [C:\Users\msi\Downloads\Food Delivery Website - Copy\Food Delivery Website - Copy\conf\Catalina\localhost\ROOT.xml]
06-May-2025 02:27:02.811 SEVERE [main] org.apache.catalina.startup.HostConfig.deployDescriptor Error deploying deployment descriptor [C:\Users\msi\Downloads\Food Delivery Website - Copy\Food Delivery Website - Copy\conf\Catalina\localhost\ROOT.xml]
	java.lang.IllegalStateException: Error starting child
		at org.apache.catalina.core.ContainerBase.addChild(ContainerBase.java:569)
		at org.apache.catalina.core.StandardHost.addChild(StandardHost.java:653)
		at org.apache.catalina.startup.HostConfig.deployDescriptor(HostConfig.java:599)
		at org.apache.catalina.startup.HostConfig$DeployDescriptor.run(HostConfig.java:1853)
		at java.base/java.util.concurrent.Executors$RunnableAdapter.call(Executors.java:545)
		at java.base/java.util.concurrent.FutureTask.run(FutureTask.java:328)
		at org.apache.tomcat.util.threads.InlineExecutorService.execute(InlineExecutorService.java:75)
		at java.base/java.util.concurrent.AbstractExecutorService.submit(AbstractExecutorService.java:124)
		at org.apache.catalina.startup.HostConfig.deployDescriptors(HostConfig.java:494)
		at org.apache.catalina.startup.HostConfig.deployApps(HostConfig.java:385)
		at org.apache.catalina.startup.HostConfig.start(HostConfig.java:1593)
		at org.apache.catalina.startup.HostConfig.lifecycleEvent(HostConfig.java:267)
		at org.apache.catalina.util.LifecycleBase.fireLifecycleEvent(LifecycleBase.java:109)
		at org.apache.catalina.util.LifecycleBase.setStateInternal(LifecycleBase.java:389)
		at org.apache.catalina.util.LifecycleBase.setState(LifecycleBase.java:336)
		at org.apache.catalina.core.ContainerBase.startInternal(ContainerBase.java:743)
		at org.apache.catalina.core.StandardHost.startInternal(StandardHost.java:771)
		at org.apache.catalina.util.LifecycleBase.start(LifecycleBase.java:164)
		at org.apache.catalina.core.ContainerBase$StartChild.call(ContainerBase.java:1170)
		at org.apache.catalina.core.ContainerBase$StartChild.call(ContainerBase.java:1160)
		at java.base/java.util.concurrent.FutureTask.run(FutureTask.java:328)
		at org.apache.tomcat.util.threads.InlineExecutorService.execute(InlineExecutorService.java:75)
		at java.base/java.util.concurrent.AbstractExecutorService.submit(AbstractExecutorService.java:148)
		at org.apache.catalina.core.ContainerBase.startInternal(ContainerBase.java:716)
		at org.apache.catalina.core.StandardEngine.startInternal(StandardEngine.java:203)
		at org.apache.catalina.util.LifecycleBase.start(LifecycleBase.java:164)
		at org.apache.catalina.core.StandardService.startInternal(StandardService.java:415)
		at org.apache.catalina.util.LifecycleBase.start(LifecycleBase.java:164)
		at org.apache.catalina.core.StandardServer.startInternal(StandardServer.java:866)
		at org.apache.catalina.util.LifecycleBase.start(LifecycleBase.java:164)
		at org.apache.catalina.startup.Catalina.start(Catalina.java:759)
		at java.base/jdk.internal.reflect.DirectMethodHandleAccessor.invoke(DirectMethodHandleAccessor.java:104)
		at java.base/java.lang.reflect.Method.invoke(Method.java:565)
		at org.apache.catalina.startup.Bootstrap.start(Bootstrap.java:342)
		at org.apache.catalina.startup.Bootstrap.main(Bootstrap.java:470)
	Caused by: org.apache.catalina.LifecycleException: Failed to start component [StandardEngine[Catalina].StandardHost[localhost].StandardContext[]]
		at org.apache.catalina.util.LifecycleBase.handleSubClassException(LifecycleBase.java:406)
		at org.apache.catalina.util.LifecycleBase.start(LifecycleBase.java:179)
		at org.apache.catalina.core.ContainerBase.addChild(ContainerBase.java:566)
		... 34 more
	Caused by: java.lang.IllegalArgumentException: The servlets named [com.example.LoginServlet] and [com.example2.LoginProfileUser] are both mapped to the url-pattern [/login] which is not permitted
		at org.apache.tomcat.util.descriptor.web.WebXml.addServletMappingDecoded(WebXml.java:358)
		at org.apache.tomcat.util.descriptor.web.WebXml.addServletMapping(WebXml.java:351)
		at org.apache.catalina.startup.ContextConfig.processAnnotationWebServlet(ContextConfig.java:2551)
		at org.apache.catalina.startup.ContextConfig.processClass(ContextConfig.java:2256)
		at org.apache.catalina.startup.ContextConfig.processAnnotationsStream(ContextConfig.java:2245)
		at org.apache.catalina.startup.ContextConfig.processAnnotationsWebResource(ContextConfig.java:2155)
		at org.apache.catalina.startup.ContextConfig.processAnnotationsWebResource(ContextConfig.java:2150)
		at org.apache.catalina.startup.ContextConfig.processAnnotationsWebResource(ContextConfig.java:2150)
		at org.apache.catalina.startup.ContextConfig.processClasses(ContextConfig.java:1363)
		at org.apache.catalina.startup.ContextConfig.webConfig(ContextConfig.java:1273)
		at org.apache.catalina.startup.ContextConfig.configureStart(ContextConfig.java:973)
		at org.apache.catalina.startup.ContextConfig.lifecycleEvent(ContextConfig.java:290)
		at org.apache.catalina.util.LifecycleBase.fireLifecycleEvent(LifecycleBase.java:109)
		at org.apache.catalina.core.StandardContext.startInternal(StandardContext.java:4352)
		at org.apache.catalina.util.LifecycleBase.start(LifecycleBase.java:164)
		... 35 more
06-May-2025 02:27:02.819 INFO [main] org.apache.catalina.startup.HostConfig.deployDescriptor Deployment of deployment descriptor [C:\Users\msi\Downloads\Food Delivery Website - Copy\Food Delivery Website - Copy\conf\Catalina\localhost\ROOT.xml] has finished in [272] ms
06-May-2025 02:27:02.822 INFO [main] org.apache.catalina.startup.Catalina.start Server startup in [360] milliseconds
06-May-2025 02:27:02.828 SEVERE [main] org.apache.catalina.core.StandardServer.await Failed to create server shutdown socket on address [localhost] and port [8005] (base port [8005] and offset [0])
	java.net.BindException: Address already in use: bind
		at java.base/sun.nio.ch.Net.bind0(Native Method)
		at java.base/sun.nio.ch.Net.bind(Net.java:511)
		at java.base/sun.nio.ch.Net.bind(Net.java:500)
		at java.base/sun.nio.ch.NioSocketImpl.bind(NioSocketImpl.java:630)
		at java.base/java.net.ServerSocket.bind(ServerSocket.java:326)
		at java.base/java.net.ServerSocket.<init>(ServerSocket.java:222)
		at org.apache.catalina.core.StandardServer.await(StandardServer.java:532)
		at org.apache.catalina.startup.Catalina.await(Catalina.java:849)
		at org.apache.catalina.startup.Catalina.start(Catalina.java:797)
		at java.base/jdk.internal.reflect.DirectMethodHandleAccessor.invoke(DirectMethodHandleAccessor.java:104)
		at java.base/java.lang.reflect.Method.invoke(Method.java:565)
		at org.apache.catalina.startup.Bootstrap.start(Bootstrap.java:342)
		at org.apache.catalina.startup.Bootstrap.main(Bootstrap.java:470)
06-May-2025 02:27:02.829 INFO [main] org.apache.coyote.AbstractProtocol.pause Pausing ProtocolHandler ["http-nio-8080"]
06-May-2025 02:27:02.829 INFO [main] org.apache.catalina.core.StandardService.stopInternal Stopping service [Catalina]
06-May-2025 02:27:02.830 INFO [main] org.apache.coyote.AbstractProtocol.stop Stopping ProtocolHandler ["http-nio-8080"]
06-May-2025 02:27:02.831 INFO [main] org.apache.coyote.AbstractProtocol.destroy Destroying ProtocolHandler ["http-nio-8080"]
06-May-2025 02:27:11.776 INFO [Catalina-utility-2] org.apache.catalina.startup.HostConfig.undeploy Undeploying context []
06-May-2025 02:27:11.816 INFO [Catalina-utility-2] org.apache.catalina.startup.HostConfig.deployDescriptor Deploying deployment descriptor [C:\Users\msi\Downloads\Food Delivery Website - Copy\Food Delivery Website - Copy\conf\Catalina\localhost\ROOT.xml]
06-May-2025 02:27:11.997 SEVERE [Catalina-utility-2] org.apache.catalina.startup.HostConfig.deployDescriptor Error deploying deployment descriptor [C:\Users\msi\Downloads\Food Delivery Website - Copy\Food Delivery Website - Copy\conf\Catalina\localhost\ROOT.xml]
	java.lang.IllegalStateException: Error starting child
		at org.apache.catalina.core.ContainerBase.addChild(ContainerBase.java:569)
		at org.apache.catalina.core.StandardHost.addChild(StandardHost.java:653)
		at org.apache.catalina.startup.HostConfig.deployDescriptor(HostConfig.java:599)
		at org.apache.catalina.startup.HostConfig$DeployDescriptor.run(HostConfig.java:1853)
		at java.base/java.util.concurrent.Executors$RunnableAdapter.call(Executors.java:545)
		at java.base/java.util.concurrent.FutureTask.run(FutureTask.java:328)
		at org.apache.tomcat.util.threads.InlineExecutorService.execute(InlineExecutorService.java:75)
		at java.base/java.util.concurrent.AbstractExecutorService.submit(AbstractExecutorService.java:124)
		at org.apache.catalina.startup.HostConfig.deployDescriptors(HostConfig.java:494)
		at org.apache.catalina.startup.HostConfig.deployApps(HostConfig.java:385)
		at org.apache.catalina.startup.HostConfig.check(HostConfig.java:1642)
		at org.apache.catalina.startup.HostConfig.lifecycleEvent(HostConfig.java:263)
		at org.apache.catalina.util.LifecycleBase.fireLifecycleEvent(LifecycleBase.java:109)
		at org.apache.catalina.core.ContainerBase.backgroundProcess(ContainerBase.java:940)
		at org.apache.catalina.core.ContainerBase$ContainerBackgroundProcessor.processChildren(ContainerBase.java:1139)
		at org.apache.catalina.core.ContainerBase$ContainerBackgroundProcessor.processChildren(ContainerBase.java:1143)
		at org.apache.catalina.core.ContainerBase$ContainerBackgroundProcessor.run(ContainerBase.java:1121)
		at java.base/java.util.concurrent.Executors$RunnableAdapter.call(Executors.java:545)
		at java.base/java.util.concurrent.FutureTask.runAndReset(FutureTask.java:369)
		at java.base/java.util.concurrent.ScheduledThreadPoolExecutor$ScheduledFutureTask.run(ScheduledThreadPoolExecutor.java:310)
		at java.base/java.util.concurrent.ThreadPoolExecutor.runWorker(ThreadPoolExecutor.java:1095)
		at java.base/java.util.concurrent.ThreadPoolExecutor$Worker.run(ThreadPoolExecutor.java:619)
		at org.apache.tomcat.util.threads.TaskThread$WrappingRunnable.run(TaskThread.java:63)
		at java.base/java.lang.Thread.run(Thread.java:1447)
	Caused by: org.apache.catalina.LifecycleException: Failed to start component [StandardEngine[Catalina].StandardHost[localhost].StandardContext[]]
		at org.apache.catalina.util.LifecycleBase.handleSubClassException(LifecycleBase.java:406)
		at org.apache.catalina.util.LifecycleBase.start(LifecycleBase.java:179)
		at org.apache.catalina.core.ContainerBase.addChild(ContainerBase.java:566)
		... 23 more
	Caused by: java.lang.IllegalArgumentException: The servlets named [com.example.LoginServlet] and [com.example2.LoginProfileUser] are both mapped to the url-pattern [/login] which is not permitted
		at org.apache.tomcat.util.descriptor.web.WebXml.addServletMappingDecoded(WebXml.java:358)
		at org.apache.tomcat.util.descriptor.web.WebXml.addServletMapping(WebXml.java:351)
		at org.apache.catalina.startup.ContextConfig.processAnnotationWebServlet(ContextConfig.java:2551)
		at org.apache.catalina.startup.ContextConfig.processClass(ContextConfig.java:2256)
		at org.apache.catalina.startup.ContextConfig.processAnnotationsStream(ContextConfig.java:2245)
		at org.apache.catalina.startup.ContextConfig.processAnnotationsWebResource(ContextConfig.java:2155)
		at org.apache.catalina.startup.ContextConfig.processAnnotationsWebResource(ContextConfig.java:2150)
		at org.apache.catalina.startup.ContextConfig.processAnnotationsWebResource(ContextConfig.java:2150)
		at org.apache.catalina.startup.ContextConfig.processClasses(ContextConfig.java:1363)
		at org.apache.catalina.startup.ContextConfig.webConfig(ContextConfig.java:1273)
		at org.apache.catalina.startup.ContextConfig.configureStart(ContextConfig.java:973)
		at org.apache.catalina.startup.ContextConfig.lifecycleEvent(ContextConfig.java:290)
		at org.apache.catalina.util.LifecycleBase.fireLifecycleEvent(LifecycleBase.java:109)
		at org.apache.catalina.core.StandardContext.startInternal(StandardContext.java:4352)
		at org.apache.catalina.util.LifecycleBase.start(LifecycleBase.java:164)
		... 24 more
06-May-2025 02:27:12.014 INFO [Catalina-utility-2] org.apache.catalina.startup.HostConfig.deployDescriptor Deployment of deployment descriptor [C:\Users\msi\Downloads\Food Delivery Website - Copy\Food Delivery Website - Copy\conf\Catalina\localhost\ROOT.xml] has finished in [198] ms
06-May-2025 02:27:16.260 INFO [main] org.apache.catalina.startup.VersionLoggerListener.log Server version name:   Apache Tomcat/11.0.5
06-May-2025 02:27:16.262 INFO [main] org.apache.catalina.startup.VersionLoggerListener.log Server built:          Feb 28 2025 15:54:41 UTC
06-May-2025 02:27:16.263 INFO [main] org.apache.catalina.startup.VersionLoggerListener.log Server version number: 11.0.5.0
06-May-2025 02:27:16.263 INFO [main] org.apache.catalina.startup.VersionLoggerListener.log OS Name:               Windows 11
06-May-2025 02:27:16.263 INFO [main] org.apache.catalina.startup.VersionLoggerListener.log OS Version:            10.0
06-May-2025 02:27:16.263 INFO [main] org.apache.catalina.startup.VersionLoggerListener.log Architecture:          amd64
06-May-2025 02:27:16.263 INFO [main] org.apache.catalina.startup.VersionLoggerListener.log Java Home:             C:\Users\msi\.jdks\openjdk-24
06-May-2025 02:27:16.263 INFO [main] org.apache.catalina.startup.VersionLoggerListener.log JVM Version:           24+36-3646
06-May-2025 02:27:16.263 INFO [main] org.apache.catalina.startup.VersionLoggerListener.log JVM Vendor:            Oracle Corporation
06-May-2025 02:27:16.263 INFO [main] org.apache.catalina.startup.VersionLoggerListener.log CATALINA_BASE:         C:\Users\msi\Downloads\Food Delivery Website - Copy\Food Delivery Website - Copy
06-May-2025 02:27:16.263 INFO [main] org.apache.catalina.startup.VersionLoggerListener.log CATALINA_HOME:         C:\Program Files\Apache Software Foundation\Tomcat 11.0
06-May-2025 02:27:16.271 INFO [main] org.apache.catalina.startup.VersionLoggerListener.log Command line argument: --add-opens=java.base/java.lang=ALL-UNNAMED
06-May-2025 02:27:16.271 INFO [main] org.apache.catalina.startup.VersionLoggerListener.log Command line argument: --add-opens=java.base/java.io=ALL-UNNAMED
06-May-2025 02:27:16.271 INFO [main] org.apache.catalina.startup.VersionLoggerListener.log Command line argument: --add-opens=java.base/java.util=ALL-UNNAMED
06-May-2025 02:27:16.271 INFO [main] org.apache.catalina.startup.VersionLoggerListener.log Command line argument: --add-opens=java.base/java.util.concurrent=ALL-UNNAMED
06-May-2025 02:27:16.271 INFO [main] org.apache.catalina.startup.VersionLoggerListener.log Command line argument: --add-opens=java.rmi/sun.rmi.transport=ALL-UNNAMED
06-May-2025 02:27:16.271 INFO [main] org.apache.catalina.startup.VersionLoggerListener.log Command line argument: -Dcatalina.home=C:\Program Files\Apache Software Foundation\Tomcat 11.0
06-May-2025 02:27:16.271 INFO [main] org.apache.catalina.startup.VersionLoggerListener.log Command line argument: -Dcatalina.base=C:\Users\msi\Downloads\Food Delivery Website - Copy\Food Delivery Website - Copy
06-May-2025 02:27:16.271 INFO [main] org.apache.catalina.startup.VersionLoggerListener.log Command line argument: -Djava.io.tmpdir=C:\Users\msi\Downloads\Food Delivery Website - Copy\Food Delivery Website - Copy\temp
06-May-2025 02:27:16.271 INFO [main] org.apache.catalina.startup.VersionLoggerListener.log Command line argument: -Djava.util.logging.config.file=C:\Users\msi\Downloads\Food Delivery Website - Copy\Food Delivery Website - Copy\conf\logging.properties
06-May-2025 02:27:16.271 INFO [main] org.apache.catalina.startup.VersionLoggerListener.log Command line argument: -Djava.util.logging.manager=org.apache.juli.ClassLoaderLogManager
06-May-2025 02:27:16.271 INFO [main] org.apache.catalina.startup.VersionLoggerListener.log Command line argument: -javaagent:C:\Users\msi\AppData\Local\JetBrains\IntelliJ IDEA 2024.3.5\lib\idea_rt.jar=65380
06-May-2025 02:27:16.271 INFO [main] org.apache.catalina.startup.VersionLoggerListener.log Command line argument: -Dfile.encoding=UTF-8
06-May-2025 02:27:16.272 INFO [main] org.apache.catalina.startup.VersionLoggerListener.log Command line argument: -Dsun.stdout.encoding=UTF-8
06-May-2025 02:27:16.272 INFO [main] org.apache.catalina.startup.VersionLoggerListener.log Command line argument: -Dsun.stderr.encoding=UTF-8
06-May-2025 02:27:16.274 INFO [main] org.apache.catalina.core.AprLifecycleListener.lifecycleEvent The Apache Tomcat Native library which allows using OpenSSL was not found on the java.library.path: [C:\Users\msi\.jdks\openjdk-24\bin;C:\WINDOWS\Sun\Java\bin;C:\WINDOWS\system32;C:\WINDOWS;C:\Program Files\Common Files\Oracle\Java\javapath;C:\WINDOWS\system32;C:\WINDOWS;C:\WINDOWS\System32\Wbem;C:\WINDOWS\System32\WindowsPowerShell\v1.0\;C:\WINDOWS\System32\OpenSSH\;C:\Program Files\NVIDIA Corporation\NVIDIA NvDLISR;C:\Program Files\Git\cmd;C:\Users\msi\AppData\Local\Microsoft\WindowsApps;C:\Users\msi\AppData\Local\Programs\Microsoft VS Code\bin;;.]
06-May-2025 02:27:16.514 INFO [main] org.apache.coyote.AbstractProtocol.init Initializing ProtocolHandler ["http-nio-8080"]
06-May-2025 02:27:16.524 SEVERE [main] org.apache.catalina.util.LifecycleBase.handleSubClassException Failed to initialize component [Connector["http-nio-8080"]]
	org.apache.catalina.LifecycleException: Protocol handler initialization failed
		at org.apache.catalina.connector.Connector.initInternal(Connector.java:1056)
		at org.apache.catalina.util.LifecycleBase.init(LifecycleBase.java:122)
		at org.apache.catalina.core.StandardService.initInternal(StandardService.java:525)
		at org.apache.catalina.util.LifecycleBase.init(LifecycleBase.java:122)
		at org.apache.catalina.core.StandardServer.initInternal(StandardServer.java:953)
		at org.apache.catalina.util.LifecycleBase.init(LifecycleBase.java:122)
		at org.apache.catalina.startup.Catalina.load(Catalina.java:710)
		at org.apache.catalina.startup.Catalina.load(Catalina.java:733)
		at java.base/jdk.internal.reflect.DirectMethodHandleAccessor.invoke(DirectMethodHandleAccessor.java:104)
		at java.base/java.lang.reflect.Method.invoke(Method.java:565)
		at org.apache.catalina.startup.Bootstrap.load(Bootstrap.java:299)
		at org.apache.catalina.startup.Bootstrap.main(Bootstrap.java:469)
	Caused by: java.net.BindException: Address already in use: bind
		at java.base/sun.nio.ch.Net.bind0(Native Method)
		at java.base/sun.nio.ch.Net.bind(Net.java:511)
		at java.base/sun.nio.ch.ServerSocketChannelImpl.netBind(ServerSocketChannelImpl.java:335)
		at java.base/sun.nio.ch.ServerSocketChannelImpl.bind(ServerSocketChannelImpl.java:297)
		at org.apache.tomcat.util.net.NioEndpoint.initServerSocket(NioEndpoint.java:240)
		at org.apache.tomcat.util.net.NioEndpoint.bind(NioEndpoint.java:195)
		at org.apache.tomcat.util.net.AbstractEndpoint.bindWithCleanup(AbstractEndpoint.java:1472)
		at org.apache.tomcat.util.net.AbstractEndpoint.init(AbstractEndpoint.java:1485)
		at org.apache.coyote.AbstractProtocol.init(AbstractProtocol.java:633)
		at org.apache.coyote.http11.AbstractHttp11Protocol.init(AbstractHttp11Protocol.java:83)
		at org.apache.catalina.connector.Connector.initInternal(Connector.java:1054)
		... 11 more
06-May-2025 02:27:16.525 INFO [main] org.apache.catalina.startup.Catalina.load Server initialization in [442] milliseconds
06-May-2025 02:27:16.583 INFO [main] org.apache.catalina.core.StandardService.startInternal Starting service [Catalina]
06-May-2025 02:27:16.583 INFO [main] org.apache.catalina.core.StandardEngine.startInternal Starting Servlet engine: [Apache Tomcat/11.0.5]
06-May-2025 02:27:16.592 INFO [main] org.apache.catalina.startup.HostConfig.deployDescriptor Deploying deployment descriptor [C:\Users\msi\Downloads\Food Delivery Website - Copy\Food Delivery Website - Copy\conf\Catalina\localhost\ROOT.xml]
06-May-2025 02:27:16.899 INFO [main] org.apache.catalina.startup.HostConfig.deployDescriptor Deployment of deployment descriptor [C:\Users\msi\Downloads\Food Delivery Website - Copy\Food Delivery Website - Copy\conf\Catalina\localhost\ROOT.xml] has finished in [306] ms
06-May-2025 02:27:16.909 INFO [main] org.apache.catalina.startup.Catalina.start Server startup in [380] milliseconds
06-May-2025 02:27:16.914 SEVERE [main] org.apache.catalina.core.StandardServer.await Failed to create server shutdown socket on address [localhost] and port [8005] (base port [8005] and offset [0])
	java.net.BindException: Address already in use: bind
		at java.base/sun.nio.ch.Net.bind0(Native Method)
		at java.base/sun.nio.ch.Net.bind(Net.java:511)
		at java.base/sun.nio.ch.Net.bind(Net.java:500)
		at java.base/sun.nio.ch.NioSocketImpl.bind(NioSocketImpl.java:630)
		at java.base/java.net.ServerSocket.bind(ServerSocket.java:326)
		at java.base/java.net.ServerSocket.<init>(ServerSocket.java:222)
		at org.apache.catalina.core.StandardServer.await(StandardServer.java:532)
		at org.apache.catalina.startup.Catalina.await(Catalina.java:849)
		at org.apache.catalina.startup.Catalina.start(Catalina.java:797)
		at java.base/jdk.internal.reflect.DirectMethodHandleAccessor.invoke(DirectMethodHandleAccessor.java:104)
		at java.base/java.lang.reflect.Method.invoke(Method.java:565)
		at org.apache.catalina.startup.Bootstrap.start(Bootstrap.java:342)
		at org.apache.catalina.startup.Bootstrap.main(Bootstrap.java:470)
06-May-2025 02:27:16.915 INFO [main] org.apache.coyote.AbstractProtocol.pause Pausing ProtocolHandler ["http-nio-8080"]
06-May-2025 02:27:16.915 INFO [main] org.apache.catalina.core.StandardService.stopInternal Stopping service [Catalina]
06-May-2025 02:27:16.922 INFO [main] org.apache.coyote.AbstractProtocol.stop Stopping ProtocolHandler ["http-nio-8080"]
06-May-2025 02:27:16.922 INFO [main] org.apache.coyote.AbstractProtocol.destroy Destroying ProtocolHandler ["http-nio-8080"]
06-May-2025 02:27:22.017 INFO [Catalina-utility-1] org.apache.catalina.startup.HostConfig.undeploy Undeploying context []
06-May-2025 02:27:22.032 INFO [Catalina-utility-1] org.apache.catalina.startup.HostConfig.deployDescriptor Deploying deployment descriptor [C:\Users\msi\Downloads\Food Delivery Website - Copy\Food Delivery Website - Copy\conf\Catalina\localhost\ROOT.xml]
06-May-2025 02:27:22.129 INFO [Catalina-utility-1] org.apache.catalina.startup.HostConfig.deployDescriptor Deployment of deployment descriptor [C:\Users\msi\Downloads\Food Delivery Website - Copy\Food Delivery Website - Copy\conf\Catalina\localhost\ROOT.xml] has finished in [97] ms
06-May-2025 02:27:25.241 INFO [main] org.apache.catalina.startup.VersionLoggerListener.log Server version name:   Apache Tomcat/11.0.5
06-May-2025 02:27:25.243 INFO [main] org.apache.catalina.startup.VersionLoggerListener.log Server built:          Feb 28 2025 15:54:41 UTC
06-May-2025 02:27:25.244 INFO [main] org.apache.catalina.startup.VersionLoggerListener.log Server version number: 11.0.5.0
06-May-2025 02:27:25.244 INFO [main] org.apache.catalina.startup.VersionLoggerListener.log OS Name:               Windows 11
06-May-2025 02:27:25.244 INFO [main] org.apache.catalina.startup.VersionLoggerListener.log OS Version:            10.0
06-May-2025 02:27:25.244 INFO [main] org.apache.catalina.startup.VersionLoggerListener.log Architecture:          amd64
06-May-2025 02:27:25.244 INFO [main] org.apache.catalina.startup.VersionLoggerListener.log Java Home:             C:\Users\msi\.jdks\openjdk-24
06-May-2025 02:27:25.244 INFO [main] org.apache.catalina.startup.VersionLoggerListener.log JVM Version:           24+36-3646
06-May-2025 02:27:25.244 INFO [main] org.apache.catalina.startup.VersionLoggerListener.log JVM Vendor:            Oracle Corporation
06-May-2025 02:27:25.244 INFO [main] org.apache.catalina.startup.VersionLoggerListener.log CATALINA_BASE:         C:\Users\msi\Downloads\Food Delivery Website - Copy\Food Delivery Website - Copy
06-May-2025 02:27:25.245 INFO [main] org.apache.catalina.startup.VersionLoggerListener.log CATALINA_HOME:         C:\Program Files\Apache Software Foundation\Tomcat 11.0
06-May-2025 02:27:25.252 INFO [main] org.apache.catalina.startup.VersionLoggerListener.log Command line argument: --add-opens=java.base/java.lang=ALL-UNNAMED
06-May-2025 02:27:25.252 INFO [main] org.apache.catalina.startup.VersionLoggerListener.log Command line argument: --add-opens=java.base/java.io=ALL-UNNAMED
06-May-2025 02:27:25.252 INFO [main] org.apache.catalina.startup.VersionLoggerListener.log Command line argument: --add-opens=java.base/java.util=ALL-UNNAMED
06-May-2025 02:27:25.252 INFO [main] org.apache.catalina.startup.VersionLoggerListener.log Command line argument: --add-opens=java.base/java.util.concurrent=ALL-UNNAMED
06-May-2025 02:27:25.252 INFO [main] org.apache.catalina.startup.VersionLoggerListener.log Command line argument: --add-opens=java.rmi/sun.rmi.transport=ALL-UNNAMED
06-May-2025 02:27:25.252 INFO [main] org.apache.catalina.startup.VersionLoggerListener.log Command line argument: -Dcatalina.home=C:\Program Files\Apache Software Foundation\Tomcat 11.0
06-May-2025 02:27:25.252 INFO [main] org.apache.catalina.startup.VersionLoggerListener.log Command line argument: -Dcatalina.base=C:\Users\msi\Downloads\Food Delivery Website - Copy\Food Delivery Website - Copy
06-May-2025 02:27:25.252 INFO [main] org.apache.catalina.startup.VersionLoggerListener.log Command line argument: -Djava.io.tmpdir=C:\Users\msi\Downloads\Food Delivery Website - Copy\Food Delivery Website - Copy\temp
06-May-2025 02:27:25.252 INFO [main] org.apache.catalina.startup.VersionLoggerListener.log Command line argument: -Djava.util.logging.config.file=C:\Users\msi\Downloads\Food Delivery Website - Copy\Food Delivery Website - Copy\conf\logging.properties
06-May-2025 02:27:25.252 INFO [main] org.apache.catalina.startup.VersionLoggerListener.log Command line argument: -Djava.util.logging.manager=org.apache.juli.ClassLoaderLogManager
06-May-2025 02:27:25.252 INFO [main] org.apache.catalina.startup.VersionLoggerListener.log Command line argument: -javaagent:C:\Users\msi\AppData\Local\JetBrains\IntelliJ IDEA 2024.3.5\lib\idea_rt.jar=65385
06-May-2025 02:27:25.252 INFO [main] org.apache.catalina.startup.VersionLoggerListener.log Command line argument: -Dfile.encoding=UTF-8
06-May-2025 02:27:25.252 INFO [main] org.apache.catalina.startup.VersionLoggerListener.log Command line argument: -Dsun.stdout.encoding=UTF-8
06-May-2025 02:27:25.252 INFO [main] org.apache.catalina.startup.VersionLoggerListener.log Command line argument: -Dsun.stderr.encoding=UTF-8
06-May-2025 02:27:25.256 INFO [main] org.apache.catalina.core.AprLifecycleListener.lifecycleEvent The Apache Tomcat Native library which allows using OpenSSL was not found on the java.library.path: [C:\Users\msi\.jdks\openjdk-24\bin;C:\WINDOWS\Sun\Java\bin;C:\WINDOWS\system32;C:\WINDOWS;C:\Program Files\Common Files\Oracle\Java\javapath;C:\WINDOWS\system32;C:\WINDOWS;C:\WINDOWS\System32\Wbem;C:\WINDOWS\System32\WindowsPowerShell\v1.0\;C:\WINDOWS\System32\OpenSSH\;C:\Program Files\NVIDIA Corporation\NVIDIA NvDLISR;C:\Program Files\Git\cmd;C:\Users\msi\AppData\Local\Microsoft\WindowsApps;C:\Users\msi\AppData\Local\Programs\Microsoft VS Code\bin;;.]
06-May-2025 02:27:25.481 INFO [main] org.apache.coyote.AbstractProtocol.init Initializing ProtocolHandler ["http-nio-8080"]
06-May-2025 02:27:25.491 SEVERE [main] org.apache.catalina.util.LifecycleBase.handleSubClassException Failed to initialize component [Connector["http-nio-8080"]]
	org.apache.catalina.LifecycleException: Protocol handler initialization failed
		at org.apache.catalina.connector.Connector.initInternal(Connector.java:1056)
		at org.apache.catalina.util.LifecycleBase.init(LifecycleBase.java:122)
		at org.apache.catalina.core.StandardService.initInternal(StandardService.java:525)
		at org.apache.catalina.util.LifecycleBase.init(LifecycleBase.java:122)
		at org.apache.catalina.core.StandardServer.initInternal(StandardServer.java:953)
		at org.apache.catalina.util.LifecycleBase.init(LifecycleBase.java:122)
		at org.apache.catalina.startup.Catalina.load(Catalina.java:710)
		at org.apache.catalina.startup.Catalina.load(Catalina.java:733)
		at java.base/jdk.internal.reflect.DirectMethodHandleAccessor.invoke(DirectMethodHandleAccessor.java:104)
		at java.base/java.lang.reflect.Method.invoke(Method.java:565)
		at org.apache.catalina.startup.Bootstrap.load(Bootstrap.java:299)
		at org.apache.catalina.startup.Bootstrap.main(Bootstrap.java:469)
	Caused by: java.net.BindException: Address already in use: bind
		at java.base/sun.nio.ch.Net.bind0(Native Method)
		at java.base/sun.nio.ch.Net.bind(Net.java:511)
		at java.base/sun.nio.ch.ServerSocketChannelImpl.netBind(ServerSocketChannelImpl.java:335)
		at java.base/sun.nio.ch.ServerSocketChannelImpl.bind(ServerSocketChannelImpl.java:297)
		at org.apache.tomcat.util.net.NioEndpoint.initServerSocket(NioEndpoint.java:240)
		at org.apache.tomcat.util.net.NioEndpoint.bind(NioEndpoint.java:195)
		at org.apache.tomcat.util.net.AbstractEndpoint.bindWithCleanup(AbstractEndpoint.java:1472)
		at org.apache.tomcat.util.net.AbstractEndpoint.init(AbstractEndpoint.java:1485)
		at org.apache.coyote.AbstractProtocol.init(AbstractProtocol.java:633)
		at org.apache.coyote.http11.AbstractHttp11Protocol.init(AbstractHttp11Protocol.java:83)
		at org.apache.catalina.connector.Connector.initInternal(Connector.java:1054)
		... 11 more
06-May-2025 02:27:25.492 INFO [main] org.apache.catalina.startup.Catalina.load Server initialization in [420] milliseconds
06-May-2025 02:27:25.547 INFO [main] org.apache.catalina.core.StandardService.startInternal Starting service [Catalina]
06-May-2025 02:27:25.547 INFO [main] org.apache.catalina.core.StandardEngine.startInternal Starting Servlet engine: [Apache Tomcat/11.0.5]
06-May-2025 02:27:25.556 INFO [main] org.apache.catalina.startup.HostConfig.deployDescriptor Deploying deployment descriptor [C:\Users\msi\Downloads\Food Delivery Website - Copy\Food Delivery Website - Copy\conf\Catalina\localhost\ROOT.xml]
06-May-2025 02:27:25.922 INFO [main] org.apache.catalina.startup.HostConfig.deployDescriptor Deployment of deployment descriptor [C:\Users\msi\Downloads\Food Delivery Website - Copy\Food Delivery Website - Copy\conf\Catalina\localhost\ROOT.xml] has finished in [365] ms
06-May-2025 02:27:25.937 INFO [main] org.apache.catalina.startup.Catalina.start Server startup in [442] milliseconds
06-May-2025 02:27:25.942 SEVERE [main] org.apache.catalina.core.StandardServer.await Failed to create server shutdown socket on address [localhost] and port [8005] (base port [8005] and offset [0])
	java.net.BindException: Address already in use: bind
		at java.base/sun.nio.ch.Net.bind0(Native Method)
		at java.base/sun.nio.ch.Net.bind(Net.java:511)
		at java.base/sun.nio.ch.Net.bind(Net.java:500)
		at java.base/sun.nio.ch.NioSocketImpl.bind(NioSocketImpl.java:630)
		at java.base/java.net.ServerSocket.bind(ServerSocket.java:326)
		at java.base/java.net.ServerSocket.<init>(ServerSocket.java:222)
		at org.apache.catalina.core.StandardServer.await(StandardServer.java:532)
		at org.apache.catalina.startup.Catalina.await(Catalina.java:849)
		at org.apache.catalina.startup.Catalina.start(Catalina.java:797)
		at java.base/jdk.internal.reflect.DirectMethodHandleAccessor.invoke(DirectMethodHandleAccessor.java:104)
		at java.base/java.lang.reflect.Method.invoke(Method.java:565)
		at org.apache.catalina.startup.Bootstrap.start(Bootstrap.java:342)
		at org.apache.catalina.startup.Bootstrap.main(Bootstrap.java:470)
06-May-2025 02:27:25.943 INFO [main] org.apache.coyote.AbstractProtocol.pause Pausing ProtocolHandler ["http-nio-8080"]
06-May-2025 02:27:25.943 INFO [main] org.apache.catalina.core.StandardService.stopInternal Stopping service [Catalina]
06-May-2025 02:27:25.950 INFO [main] org.apache.coyote.AbstractProtocol.stop Stopping ProtocolHandler ["http-nio-8080"]
06-May-2025 02:27:25.950 INFO [main] org.apache.coyote.AbstractProtocol.destroy Destroying ProtocolHandler ["http-nio-8080"]
06-May-2025 02:27:32.133 INFO [Catalina-utility-2] org.apache.catalina.startup.HostConfig.undeploy Undeploying context []
06-May-2025 02:27:32.189 INFO [Catalina-utility-2] org.apache.catalina.startup.HostConfig.deployDescriptor Deploying deployment descriptor [C:\Users\msi\Downloads\Food Delivery Website - Copy\Food Delivery Website - Copy\conf\Catalina\localhost\ROOT.xml]
06-May-2025 02:27:32.433 INFO [Catalina-utility-2] org.apache.catalina.startup.HostConfig.deployDescriptor Deployment of deployment descriptor [C:\Users\msi\Downloads\Food Delivery Website - Copy\Food Delivery Website - Copy\conf\Catalina\localhost\ROOT.xml] has finished in [244] ms
06-May-2025 02:28:27.310 INFO [main] org.apache.catalina.startup.VersionLoggerListener.log Server version name:   Apache Tomcat/11.0.5
06-May-2025 02:28:27.313 INFO [main] org.apache.catalina.startup.VersionLoggerListener.log Server built:          Feb 28 2025 15:54:41 UTC
06-May-2025 02:28:27.313 INFO [main] org.apache.catalina.startup.VersionLoggerListener.log Server version number: 11.0.5.0
06-May-2025 02:28:27.313 INFO [main] org.apache.catalina.startup.VersionLoggerListener.log OS Name:               Windows 11
06-May-2025 02:28:27.313 INFO [main] org.apache.catalina.startup.VersionLoggerListener.log OS Version:            10.0
06-May-2025 02:28:27.313 INFO [main] org.apache.catalina.startup.VersionLoggerListener.log Architecture:          amd64
06-May-2025 02:28:27.313 INFO [main] org.apache.catalina.startup.VersionLoggerListener.log Java Home:             C:\Users\msi\.jdks\openjdk-24
06-May-2025 02:28:27.313 INFO [main] org.apache.catalina.startup.VersionLoggerListener.log JVM Version:           24+36-3646
06-May-2025 02:28:27.314 INFO [main] org.apache.catalina.startup.VersionLoggerListener.log JVM Vendor:            Oracle Corporation
06-May-2025 02:28:27.314 INFO [main] org.apache.catalina.startup.VersionLoggerListener.log CATALINA_BASE:         C:\Users\msi\Downloads\Food Delivery Website - Copy\Food Delivery Website - Copy
06-May-2025 02:28:27.314 INFO [main] org.apache.catalina.startup.VersionLoggerListener.log CATALINA_HOME:         C:\Program Files\Apache Software Foundation\Tomcat 11.0
06-May-2025 02:28:27.321 INFO [main] org.apache.catalina.startup.VersionLoggerListener.log Command line argument: --add-opens=java.base/java.lang=ALL-UNNAMED
06-May-2025 02:28:27.321 INFO [main] org.apache.catalina.startup.VersionLoggerListener.log Command line argument: --add-opens=java.base/java.io=ALL-UNNAMED
06-May-2025 02:28:27.322 INFO [main] org.apache.catalina.startup.VersionLoggerListener.log Command line argument: --add-opens=java.base/java.util=ALL-UNNAMED
06-May-2025 02:28:27.322 INFO [main] org.apache.catalina.startup.VersionLoggerListener.log Command line argument: --add-opens=java.base/java.util.concurrent=ALL-UNNAMED
06-May-2025 02:28:27.322 INFO [main] org.apache.catalina.startup.VersionLoggerListener.log Command line argument: --add-opens=java.rmi/sun.rmi.transport=ALL-UNNAMED
06-May-2025 02:28:27.322 INFO [main] org.apache.catalina.startup.VersionLoggerListener.log Command line argument: -Dcatalina.home=C:\Program Files\Apache Software Foundation\Tomcat 11.0
06-May-2025 02:28:27.322 INFO [main] org.apache.catalina.startup.VersionLoggerListener.log Command line argument: -Dcatalina.base=C:\Users\msi\Downloads\Food Delivery Website - Copy\Food Delivery Website - Copy
06-May-2025 02:28:27.322 INFO [main] org.apache.catalina.startup.VersionLoggerListener.log Command line argument: -Djava.io.tmpdir=C:\Users\msi\Downloads\Food Delivery Website - Copy\Food Delivery Website - Copy\temp
06-May-2025 02:28:27.322 INFO [main] org.apache.catalina.startup.VersionLoggerListener.log Command line argument: -Djava.util.logging.config.file=C:\Users\msi\Downloads\Food Delivery Website - Copy\Food Delivery Website - Copy\conf\logging.properties
06-May-2025 02:28:27.322 INFO [main] org.apache.catalina.startup.VersionLoggerListener.log Command line argument: -Djava.util.logging.manager=org.apache.juli.ClassLoaderLogManager
06-May-2025 02:28:27.322 INFO [main] org.apache.catalina.startup.VersionLoggerListener.log Command line argument: -javaagent:C:\Users\msi\AppData\Local\JetBrains\IntelliJ IDEA 2024.3.5\lib\idea_rt.jar=65468
06-May-2025 02:28:27.322 INFO [main] org.apache.catalina.startup.VersionLoggerListener.log Command line argument: -Dfile.encoding=UTF-8
06-May-2025 02:28:27.322 INFO [main] org.apache.catalina.startup.VersionLoggerListener.log Command line argument: -Dsun.stdout.encoding=UTF-8
06-May-2025 02:28:27.322 INFO [main] org.apache.catalina.startup.VersionLoggerListener.log Command line argument: -Dsun.stderr.encoding=UTF-8
06-May-2025 02:28:27.326 INFO [main] org.apache.catalina.core.AprLifecycleListener.lifecycleEvent The Apache Tomcat Native library which allows using OpenSSL was not found on the java.library.path: [C:\Users\msi\.jdks\openjdk-24\bin;C:\WINDOWS\Sun\Java\bin;C:\WINDOWS\system32;C:\WINDOWS;C:\Program Files\Common Files\Oracle\Java\javapath;C:\WINDOWS\system32;C:\WINDOWS;C:\WINDOWS\System32\Wbem;C:\WINDOWS\System32\WindowsPowerShell\v1.0\;C:\WINDOWS\System32\OpenSSH\;C:\Program Files\NVIDIA Corporation\NVIDIA NvDLISR;C:\Program Files\Git\cmd;C:\Users\msi\AppData\Local\Microsoft\WindowsApps;C:\Users\msi\AppData\Local\Programs\Microsoft VS Code\bin;;.]
06-May-2025 02:28:27.543 INFO [main] org.apache.coyote.AbstractProtocol.init Initializing ProtocolHandler ["http-nio-8080"]
06-May-2025 02:28:27.554 SEVERE [main] org.apache.catalina.util.LifecycleBase.handleSubClassException Failed to initialize component [Connector["http-nio-8080"]]
	org.apache.catalina.LifecycleException: Protocol handler initialization failed
		at org.apache.catalina.connector.Connector.initInternal(Connector.java:1056)
		at org.apache.catalina.util.LifecycleBase.init(LifecycleBase.java:122)
		at org.apache.catalina.core.StandardService.initInternal(StandardService.java:525)
		at org.apache.catalina.util.LifecycleBase.init(LifecycleBase.java:122)
		at org.apache.catalina.core.StandardServer.initInternal(StandardServer.java:953)
		at org.apache.catalina.util.LifecycleBase.init(LifecycleBase.java:122)
		at org.apache.catalina.startup.Catalina.load(Catalina.java:710)
		at org.apache.catalina.startup.Catalina.load(Catalina.java:733)
		at java.base/jdk.internal.reflect.DirectMethodHandleAccessor.invoke(DirectMethodHandleAccessor.java:104)
		at java.base/java.lang.reflect.Method.invoke(Method.java:565)
		at org.apache.catalina.startup.Bootstrap.load(Bootstrap.java:299)
		at org.apache.catalina.startup.Bootstrap.main(Bootstrap.java:469)
	Caused by: java.net.BindException: Address already in use: bind
		at java.base/sun.nio.ch.Net.bind0(Native Method)
		at java.base/sun.nio.ch.Net.bind(Net.java:511)
		at java.base/sun.nio.ch.ServerSocketChannelImpl.netBind(ServerSocketChannelImpl.java:335)
		at java.base/sun.nio.ch.ServerSocketChannelImpl.bind(ServerSocketChannelImpl.java:297)
		at org.apache.tomcat.util.net.NioEndpoint.initServerSocket(NioEndpoint.java:240)
		at org.apache.tomcat.util.net.NioEndpoint.bind(NioEndpoint.java:195)
		at org.apache.tomcat.util.net.AbstractEndpoint.bindWithCleanup(AbstractEndpoint.java:1472)
		at org.apache.tomcat.util.net.AbstractEndpoint.init(AbstractEndpoint.java:1485)
		at org.apache.coyote.AbstractProtocol.init(AbstractProtocol.java:633)
		at org.apache.coyote.http11.AbstractHttp11Protocol.init(AbstractHttp11Protocol.java:83)
		at org.apache.catalina.connector.Connector.initInternal(Connector.java:1054)
		... 11 more
06-May-2025 02:28:27.555 INFO [main] org.apache.catalina.startup.Catalina.load Server initialization in [412] milliseconds
06-May-2025 02:28:27.616 INFO [main] org.apache.catalina.core.StandardService.startInternal Starting service [Catalina]
06-May-2025 02:28:27.617 INFO [main] org.apache.catalina.core.StandardEngine.startInternal Starting Servlet engine: [Apache Tomcat/11.0.5]
06-May-2025 02:28:27.629 INFO [main] org.apache.catalina.startup.HostConfig.deployDescriptor Deploying deployment descriptor [C:\Users\msi\Downloads\Food Delivery Website - Copy\Food Delivery Website - Copy\conf\Catalina\localhost\ROOT.xml]
06-May-2025 02:28:27.967 INFO [main] org.apache.catalina.startup.HostConfig.deployDescriptor Deployment of deployment descriptor [C:\Users\msi\Downloads\Food Delivery Website - Copy\Food Delivery Website - Copy\conf\Catalina\localhost\ROOT.xml] has finished in [336] ms
06-May-2025 02:28:27.979 INFO [main] org.apache.catalina.startup.Catalina.start Server startup in [422] milliseconds
06-May-2025 02:28:27.988 SEVERE [main] org.apache.catalina.core.StandardServer.await Failed to create server shutdown socket on address [localhost] and port [8005] (base port [8005] and offset [0])
	java.net.BindException: Address already in use: bind
		at java.base/sun.nio.ch.Net.bind0(Native Method)
		at java.base/sun.nio.ch.Net.bind(Net.java:511)
		at java.base/sun.nio.ch.Net.bind(Net.java:500)
		at java.base/sun.nio.ch.NioSocketImpl.bind(NioSocketImpl.java:630)
		at java.base/java.net.ServerSocket.bind(ServerSocket.java:326)
		at java.base/java.net.ServerSocket.<init>(ServerSocket.java:222)
		at org.apache.catalina.core.StandardServer.await(StandardServer.java:532)
		at org.apache.catalina.startup.Catalina.await(Catalina.java:849)
		at org.apache.catalina.startup.Catalina.start(Catalina.java:797)
		at java.base/jdk.internal.reflect.DirectMethodHandleAccessor.invoke(DirectMethodHandleAccessor.java:104)
		at java.base/java.lang.reflect.Method.invoke(Method.java:565)
		at org.apache.catalina.startup.Bootstrap.start(Bootstrap.java:342)
		at org.apache.catalina.startup.Bootstrap.main(Bootstrap.java:470)
06-May-2025 02:28:27.989 INFO [main] org.apache.coyote.AbstractProtocol.pause Pausing ProtocolHandler ["http-nio-8080"]
06-May-2025 02:28:27.989 INFO [main] org.apache.catalina.core.StandardService.stopInternal Stopping service [Catalina]
06-May-2025 02:28:27.996 INFO [main] org.apache.coyote.AbstractProtocol.stop Stopping ProtocolHandler ["http-nio-8080"]
06-May-2025 02:28:27.997 INFO [main] org.apache.coyote.AbstractProtocol.destroy Destroying ProtocolHandler ["http-nio-8080"]
06-May-2025 02:28:34.231 INFO [Catalina-utility-2] org.apache.catalina.startup.HostConfig.undeploy Undeploying context []
06-May-2025 02:28:34.243 INFO [Catalina-utility-2] org.apache.catalina.startup.HostConfig.deployDescriptor Deploying deployment descriptor [C:\Users\msi\Downloads\Food Delivery Website - Copy\Food Delivery Website - Copy\conf\Catalina\localhost\ROOT.xml]
06-May-2025 02:28:34.283 INFO [Catalina-utility-2] org.apache.catalina.startup.HostConfig.deployDescriptor Deployment of deployment descriptor [C:\Users\msi\Downloads\Food Delivery Website - Copy\Food Delivery Website - Copy\conf\Catalina\localhost\ROOT.xml] has finished in [40] ms
06-May-2025 02:38:58.310 INFO [main] org.apache.catalina.startup.VersionLoggerListener.log Server version name:   Apache Tomcat/11.0.5
06-May-2025 02:38:58.313 INFO [main] org.apache.catalina.startup.VersionLoggerListener.log Server built:          Feb 28 2025 15:54:41 UTC
06-May-2025 02:38:58.313 INFO [main] org.apache.catalina.startup.VersionLoggerListener.log Server version number: 11.0.5.0
06-May-2025 02:38:58.314 INFO [main] org.apache.catalina.startup.VersionLoggerListener.log OS Name:               Windows 11
06-May-2025 02:38:58.315 INFO [main] org.apache.catalina.startup.VersionLoggerListener.log OS Version:            10.0
06-May-2025 02:38:58.315 INFO [main] org.apache.catalina.startup.VersionLoggerListener.log Architecture:          amd64
06-May-2025 02:38:58.315 INFO [main] org.apache.catalina.startup.VersionLoggerListener.log Java Home:             C:\Users\msi\.jdks\openjdk-24
06-May-2025 02:38:58.315 INFO [main] org.apache.catalina.startup.VersionLoggerListener.log JVM Version:           24+36-3646
06-May-2025 02:38:58.315 INFO [main] org.apache.catalina.startup.VersionLoggerListener.log JVM Vendor:            Oracle Corporation
06-May-2025 02:38:58.315 INFO [main] org.apache.catalina.startup.VersionLoggerListener.log CATALINA_BASE:         C:\Users\msi\Downloads\Food Delivery Website - Copy\Food Delivery Website - Copy
06-May-2025 02:38:58.315 INFO [main] org.apache.catalina.startup.VersionLoggerListener.log CATALINA_HOME:         C:\Program Files\Apache Software Foundation\Tomcat 11.0
06-May-2025 02:38:58.325 INFO [main] org.apache.catalina.startup.VersionLoggerListener.log Command line argument: --add-opens=java.base/java.lang=ALL-UNNAMED
06-May-2025 02:38:58.325 INFO [main] org.apache.catalina.startup.VersionLoggerListener.log Command line argument: --add-opens=java.base/java.io=ALL-UNNAMED
06-May-2025 02:38:58.325 INFO [main] org.apache.catalina.startup.VersionLoggerListener.log Command line argument: --add-opens=java.base/java.util=ALL-UNNAMED
06-May-2025 02:38:58.325 INFO [main] org.apache.catalina.startup.VersionLoggerListener.log Command line argument: --add-opens=java.base/java.util.concurrent=ALL-UNNAMED
06-May-2025 02:38:58.325 INFO [main] org.apache.catalina.startup.VersionLoggerListener.log Command line argument: --add-opens=java.rmi/sun.rmi.transport=ALL-UNNAMED
06-May-2025 02:38:58.325 INFO [main] org.apache.catalina.startup.VersionLoggerListener.log Command line argument: -Dcatalina.home=C:\Program Files\Apache Software Foundation\Tomcat 11.0
06-May-2025 02:38:58.325 INFO [main] org.apache.catalina.startup.VersionLoggerListener.log Command line argument: -Dcatalina.base=C:\Users\msi\Downloads\Food Delivery Website - Copy\Food Delivery Website - Copy
06-May-2025 02:38:58.325 INFO [main] org.apache.catalina.startup.VersionLoggerListener.log Command line argument: -Djava.io.tmpdir=C:\Users\msi\Downloads\Food Delivery Website - Copy\Food Delivery Website - Copy\temp
06-May-2025 02:38:58.325 INFO [main] org.apache.catalina.startup.VersionLoggerListener.log Command line argument: -Djava.util.logging.config.file=C:\Users\msi\Downloads\Food Delivery Website - Copy\Food Delivery Website - Copy\conf\logging.properties
06-May-2025 02:38:58.325 INFO [main] org.apache.catalina.startup.VersionLoggerListener.log Command line argument: -Djava.util.logging.manager=org.apache.juli.ClassLoaderLogManager
06-May-2025 02:38:58.325 INFO [main] org.apache.catalina.startup.VersionLoggerListener.log Command line argument: -javaagent:C:\Users\msi\AppData\Local\JetBrains\IntelliJ IDEA 2024.3.5\lib\idea_rt.jar=49897
06-May-2025 02:38:58.325 INFO [main] org.apache.catalina.startup.VersionLoggerListener.log Command line argument: -Dfile.encoding=UTF-8
06-May-2025 02:38:58.325 INFO [main] org.apache.catalina.startup.VersionLoggerListener.log Command line argument: -Dsun.stdout.encoding=UTF-8
06-May-2025 02:38:58.325 INFO [main] org.apache.catalina.startup.VersionLoggerListener.log Command line argument: -Dsun.stderr.encoding=UTF-8
06-May-2025 02:38:58.329 INFO [main] org.apache.catalina.core.AprLifecycleListener.lifecycleEvent The Apache Tomcat Native library which allows using OpenSSL was not found on the java.library.path: [C:\Users\msi\.jdks\openjdk-24\bin;C:\WINDOWS\Sun\Java\bin;C:\WINDOWS\system32;C:\WINDOWS;C:\Program Files\Common Files\Oracle\Java\javapath;C:\WINDOWS\system32;C:\WINDOWS;C:\WINDOWS\System32\Wbem;C:\WINDOWS\System32\WindowsPowerShell\v1.0\;C:\WINDOWS\System32\OpenSSH\;C:\Program Files\NVIDIA Corporation\NVIDIA NvDLISR;C:\Program Files\Git\cmd;C:\Users\msi\AppData\Local\Microsoft\WindowsApps;C:\Users\msi\AppData\Local\Programs\Microsoft VS Code\bin;;.]
06-May-2025 02:38:58.654 INFO [main] org.apache.coyote.AbstractProtocol.init Initializing ProtocolHandler ["http-nio-8080"]
06-May-2025 02:38:58.662 SEVERE [main] org.apache.catalina.util.LifecycleBase.handleSubClassException Failed to initialize component [Connector["http-nio-8080"]]
	org.apache.catalina.LifecycleException: Protocol handler initialization failed
		at org.apache.catalina.connector.Connector.initInternal(Connector.java:1056)
		at org.apache.catalina.util.LifecycleBase.init(LifecycleBase.java:122)
		at org.apache.catalina.core.StandardService.initInternal(StandardService.java:525)
		at org.apache.catalina.util.LifecycleBase.init(LifecycleBase.java:122)
		at org.apache.catalina.core.StandardServer.initInternal(StandardServer.java:953)
		at org.apache.catalina.util.LifecycleBase.init(LifecycleBase.java:122)
		at org.apache.catalina.startup.Catalina.load(Catalina.java:710)
		at org.apache.catalina.startup.Catalina.load(Catalina.java:733)
		at java.base/jdk.internal.reflect.DirectMethodHandleAccessor.invoke(DirectMethodHandleAccessor.java:104)
		at java.base/java.lang.reflect.Method.invoke(Method.java:565)
		at org.apache.catalina.startup.Bootstrap.load(Bootstrap.java:299)
		at org.apache.catalina.startup.Bootstrap.main(Bootstrap.java:469)
	Caused by: java.net.BindException: Address already in use: bind
		at java.base/sun.nio.ch.Net.bind0(Native Method)
		at java.base/sun.nio.ch.Net.bind(Net.java:511)
		at java.base/sun.nio.ch.ServerSocketChannelImpl.netBind(ServerSocketChannelImpl.java:335)
		at java.base/sun.nio.ch.ServerSocketChannelImpl.bind(ServerSocketChannelImpl.java:297)
		at org.apache.tomcat.util.net.NioEndpoint.initServerSocket(NioEndpoint.java:240)
		at org.apache.tomcat.util.net.NioEndpoint.bind(NioEndpoint.java:195)
		at org.apache.tomcat.util.net.AbstractEndpoint.bindWithCleanup(AbstractEndpoint.java:1472)
		at org.apache.tomcat.util.net.AbstractEndpoint.init(AbstractEndpoint.java:1485)
		at org.apache.coyote.AbstractProtocol.init(AbstractProtocol.java:633)
		at org.apache.coyote.http11.AbstractHttp11Protocol.init(AbstractHttp11Protocol.java:83)
		at org.apache.catalina.connector.Connector.initInternal(Connector.java:1054)
		... 11 more
06-May-2025 02:38:58.664 INFO [main] org.apache.catalina.startup.Catalina.load Server initialization in [542] milliseconds
06-May-2025 02:38:58.737 INFO [main] org.apache.catalina.core.StandardService.startInternal Starting service [Catalina]
06-May-2025 02:38:58.738 INFO [main] org.apache.catalina.core.StandardEngine.startInternal Starting Servlet engine: [Apache Tomcat/11.0.5]
06-May-2025 02:38:58.750 INFO [main] org.apache.catalina.startup.HostConfig.deployDescriptor Deploying deployment descriptor [C:\Users\msi\Downloads\Food Delivery Website - Copy\Food Delivery Website - Copy\conf\Catalina\localhost\ROOT.xml]
06-May-2025 02:38:59.156 INFO [main] org.apache.catalina.startup.HostConfig.deployDescriptor Deployment of deployment descriptor [C:\Users\msi\Downloads\Food Delivery Website - Copy\Food Delivery Website - Copy\conf\Catalina\localhost\ROOT.xml] has finished in [405] ms
06-May-2025 02:38:59.167 INFO [main] org.apache.catalina.startup.Catalina.start Server startup in [500] milliseconds
06-May-2025 02:38:59.173 SEVERE [main] org.apache.catalina.core.StandardServer.await Failed to create server shutdown socket on address [localhost] and port [8005] (base port [8005] and offset [0])
	java.net.BindException: Address already in use: bind
		at java.base/sun.nio.ch.Net.bind0(Native Method)
		at java.base/sun.nio.ch.Net.bind(Net.java:511)
		at java.base/sun.nio.ch.Net.bind(Net.java:500)
		at java.base/sun.nio.ch.NioSocketImpl.bind(NioSocketImpl.java:630)
		at java.base/java.net.ServerSocket.bind(ServerSocket.java:326)
		at java.base/java.net.ServerSocket.<init>(ServerSocket.java:222)
		at org.apache.catalina.core.StandardServer.await(StandardServer.java:532)
		at org.apache.catalina.startup.Catalina.await(Catalina.java:849)
		at org.apache.catalina.startup.Catalina.start(Catalina.java:797)
		at java.base/jdk.internal.reflect.DirectMethodHandleAccessor.invoke(DirectMethodHandleAccessor.java:104)
		at java.base/java.lang.reflect.Method.invoke(Method.java:565)
		at org.apache.catalina.startup.Bootstrap.start(Bootstrap.java:342)
		at org.apache.catalina.startup.Bootstrap.main(Bootstrap.java:470)
06-May-2025 02:38:59.173 INFO [main] org.apache.coyote.AbstractProtocol.pause Pausing ProtocolHandler ["http-nio-8080"]
06-May-2025 02:38:59.173 INFO [main] org.apache.catalina.core.StandardService.stopInternal Stopping service [Catalina]
06-May-2025 02:38:59.182 INFO [main] org.apache.coyote.AbstractProtocol.stop Stopping ProtocolHandler ["http-nio-8080"]
06-May-2025 02:38:59.183 INFO [main] org.apache.coyote.AbstractProtocol.destroy Destroying ProtocolHandler ["http-nio-8080"]
06-May-2025 02:39:07.768 INFO [Catalina-utility-1] org.apache.catalina.startup.HostConfig.undeploy Undeploying context []
06-May-2025 02:39:07.806 INFO [Catalina-utility-1] org.apache.catalina.startup.HostConfig.deployDescriptor Deploying deployment descriptor [C:\Users\msi\Downloads\Food Delivery Website - Copy\Food Delivery Website - Copy\conf\Catalina\localhost\ROOT.xml]
06-May-2025 02:39:07.953 INFO [Catalina-utility-1] org.apache.catalina.startup.HostConfig.deployDescriptor Deployment of deployment descriptor [C:\Users\msi\Downloads\Food Delivery Website - Copy\Food Delivery Website - Copy\conf\Catalina\localhost\ROOT.xml] has finished in [147] ms
06-May-2025 02:40:29.993 INFO [main] org.apache.catalina.startup.VersionLoggerListener.log Server version name:   Apache Tomcat/11.0.5
06-May-2025 02:40:29.996 INFO [main] org.apache.catalina.startup.VersionLoggerListener.log Server built:          Feb 28 2025 15:54:41 UTC
06-May-2025 02:40:29.997 INFO [main] org.apache.catalina.startup.VersionLoggerListener.log Server version number: 11.0.5.0
06-May-2025 02:40:29.997 INFO [main] org.apache.catalina.startup.VersionLoggerListener.log OS Name:               Windows 11
06-May-2025 02:40:29.997 INFO [main] org.apache.catalina.startup.VersionLoggerListener.log OS Version:            10.0
06-May-2025 02:40:29.997 INFO [main] org.apache.catalina.startup.VersionLoggerListener.log Architecture:          amd64
06-May-2025 02:40:29.997 INFO [main] org.apache.catalina.startup.VersionLoggerListener.log Java Home:             C:\Users\msi\.jdks\openjdk-24
06-May-2025 02:40:29.997 INFO [main] org.apache.catalina.startup.VersionLoggerListener.log JVM Version:           24+36-3646
06-May-2025 02:40:29.997 INFO [main] org.apache.catalina.startup.VersionLoggerListener.log JVM Vendor:            Oracle Corporation
06-May-2025 02:40:29.997 INFO [main] org.apache.catalina.startup.VersionLoggerListener.log CATALINA_BASE:         C:\Users\msi\Downloads\Food Delivery Website - Copy\Food Delivery Website - Copy
06-May-2025 02:40:29.997 INFO [main] org.apache.catalina.startup.VersionLoggerListener.log CATALINA_HOME:         C:\Program Files\Apache Software Foundation\Tomcat 11.0
06-May-2025 02:40:30.017 INFO [main] org.apache.catalina.startup.VersionLoggerListener.log Command line argument: --add-opens=java.base/java.lang=ALL-UNNAMED
06-May-2025 02:40:30.018 INFO [main] org.apache.catalina.startup.VersionLoggerListener.log Command line argument: --add-opens=java.base/java.io=ALL-UNNAMED
06-May-2025 02:40:30.018 INFO [main] org.apache.catalina.startup.VersionLoggerListener.log Command line argument: --add-opens=java.base/java.util=ALL-UNNAMED
06-May-2025 02:40:30.018 INFO [main] org.apache.catalina.startup.VersionLoggerListener.log Command line argument: --add-opens=java.base/java.util.concurrent=ALL-UNNAMED
06-May-2025 02:40:30.018 INFO [main] org.apache.catalina.startup.VersionLoggerListener.log Command line argument: --add-opens=java.rmi/sun.rmi.transport=ALL-UNNAMED
06-May-2025 02:40:30.018 INFO [main] org.apache.catalina.startup.VersionLoggerListener.log Command line argument: -Dcatalina.home=C:\Program Files\Apache Software Foundation\Tomcat 11.0
06-May-2025 02:40:30.018 INFO [main] org.apache.catalina.startup.VersionLoggerListener.log Command line argument: -Dcatalina.base=C:\Users\msi\Downloads\Food Delivery Website - Copy\Food Delivery Website - Copy
06-May-2025 02:40:30.018 INFO [main] org.apache.catalina.startup.VersionLoggerListener.log Command line argument: -Djava.io.tmpdir=C:\Users\msi\Downloads\Food Delivery Website - Copy\Food Delivery Website - Copy\temp
06-May-2025 02:40:30.018 INFO [main] org.apache.catalina.startup.VersionLoggerListener.log Command line argument: -Djava.util.logging.config.file=C:\Users\msi\Downloads\Food Delivery Website - Copy\Food Delivery Website - Copy\conf\logging.properties
06-May-2025 02:40:30.019 INFO [main] org.apache.catalina.startup.VersionLoggerListener.log Command line argument: -Djava.util.logging.manager=org.apache.juli.ClassLoaderLogManager
06-May-2025 02:40:30.019 INFO [main] org.apache.catalina.startup.VersionLoggerListener.log Command line argument: -javaagent:C:\Users\msi\AppData\Local\JetBrains\IntelliJ IDEA 2024.3.5\lib\idea_rt.jar=49960
06-May-2025 02:40:30.019 INFO [main] org.apache.catalina.startup.VersionLoggerListener.log Command line argument: -Dfile.encoding=UTF-8
06-May-2025 02:40:30.019 INFO [main] org.apache.catalina.startup.VersionLoggerListener.log Command line argument: -Dsun.stdout.encoding=UTF-8
06-May-2025 02:40:30.019 INFO [main] org.apache.catalina.startup.VersionLoggerListener.log Command line argument: -Dsun.stderr.encoding=UTF-8
06-May-2025 02:40:30.026 INFO [main] org.apache.catalina.core.AprLifecycleListener.lifecycleEvent The Apache Tomcat Native library which allows using OpenSSL was not found on the java.library.path: [C:\Users\msi\.jdks\openjdk-24\bin;C:\WINDOWS\Sun\Java\bin;C:\WINDOWS\system32;C:\WINDOWS;C:\Program Files\Common Files\Oracle\Java\javapath;C:\WINDOWS\system32;C:\WINDOWS;C:\WINDOWS\System32\Wbem;C:\WINDOWS\System32\WindowsPowerShell\v1.0\;C:\WINDOWS\System32\OpenSSH\;C:\Program Files\NVIDIA Corporation\NVIDIA NvDLISR;C:\Program Files\Git\cmd;C:\Users\msi\AppData\Local\Microsoft\WindowsApps;C:\Users\msi\AppData\Local\Programs\Microsoft VS Code\bin;;.]
06-May-2025 02:40:30.356 INFO [main] org.apache.coyote.AbstractProtocol.init Initializing ProtocolHandler ["http-nio-8080"]
06-May-2025 02:40:30.363 SEVERE [main] org.apache.catalina.util.LifecycleBase.handleSubClassException Failed to initialize component [Connector["http-nio-8080"]]
	org.apache.catalina.LifecycleException: Protocol handler initialization failed
		at org.apache.catalina.connector.Connector.initInternal(Connector.java:1056)
		at org.apache.catalina.util.LifecycleBase.init(LifecycleBase.java:122)
		at org.apache.catalina.core.StandardService.initInternal(StandardService.java:525)
		at org.apache.catalina.util.LifecycleBase.init(LifecycleBase.java:122)
		at org.apache.catalina.core.StandardServer.initInternal(StandardServer.java:953)
		at org.apache.catalina.util.LifecycleBase.init(LifecycleBase.java:122)
		at org.apache.catalina.startup.Catalina.load(Catalina.java:710)
		at org.apache.catalina.startup.Catalina.load(Catalina.java:733)
		at java.base/jdk.internal.reflect.DirectMethodHandleAccessor.invoke(DirectMethodHandleAccessor.java:104)
		at java.base/java.lang.reflect.Method.invoke(Method.java:565)
		at org.apache.catalina.startup.Bootstrap.load(Bootstrap.java:299)
		at org.apache.catalina.startup.Bootstrap.main(Bootstrap.java:469)
	Caused by: java.net.BindException: Address already in use: bind
		at java.base/sun.nio.ch.Net.bind0(Native Method)
		at java.base/sun.nio.ch.Net.bind(Net.java:511)
		at java.base/sun.nio.ch.ServerSocketChannelImpl.netBind(ServerSocketChannelImpl.java:335)
		at java.base/sun.nio.ch.ServerSocketChannelImpl.bind(ServerSocketChannelImpl.java:297)
		at org.apache.tomcat.util.net.NioEndpoint.initServerSocket(NioEndpoint.java:240)
		at org.apache.tomcat.util.net.NioEndpoint.bind(NioEndpoint.java:195)
		at org.apache.tomcat.util.net.AbstractEndpoint.bindWithCleanup(AbstractEndpoint.java:1472)
		at org.apache.tomcat.util.net.AbstractEndpoint.init(AbstractEndpoint.java:1485)
		at org.apache.coyote.AbstractProtocol.init(AbstractProtocol.java:633)
		at org.apache.coyote.http11.AbstractHttp11Protocol.init(AbstractHttp11Protocol.java:83)
		at org.apache.catalina.connector.Connector.initInternal(Connector.java:1054)
		... 11 more
06-May-2025 02:40:30.364 INFO [main] org.apache.catalina.startup.Catalina.load Server initialization in [552] milliseconds
06-May-2025 02:40:30.422 INFO [main] org.apache.catalina.core.StandardService.startInternal Starting service [Catalina]
06-May-2025 02:40:30.422 INFO [main] org.apache.catalina.core.StandardEngine.startInternal Starting Servlet engine: [Apache Tomcat/11.0.5]
06-May-2025 02:40:30.433 INFO [main] org.apache.catalina.startup.HostConfig.deployDescriptor Deploying deployment descriptor [C:\Users\msi\Downloads\Food Delivery Website - Copy\Food Delivery Website - Copy\conf\Catalina\localhost\ROOT.xml]
06-May-2025 02:40:30.801 INFO [main] org.apache.catalina.startup.HostConfig.deployDescriptor Deployment of deployment descriptor [C:\Users\msi\Downloads\Food Delivery Website - Copy\Food Delivery Website - Copy\conf\Catalina\localhost\ROOT.xml] has finished in [366] ms
06-May-2025 02:40:30.812 INFO [main] org.apache.catalina.startup.Catalina.start Server startup in [445] milliseconds
06-May-2025 02:40:30.819 SEVERE [main] org.apache.catalina.core.StandardServer.await Failed to create server shutdown socket on address [localhost] and port [8005] (base port [8005] and offset [0])
	java.net.BindException: Address already in use: bind
		at java.base/sun.nio.ch.Net.bind0(Native Method)
		at java.base/sun.nio.ch.Net.bind(Net.java:511)
		at java.base/sun.nio.ch.Net.bind(Net.java:500)
		at java.base/sun.nio.ch.NioSocketImpl.bind(NioSocketImpl.java:630)
		at java.base/java.net.ServerSocket.bind(ServerSocket.java:326)
		at java.base/java.net.ServerSocket.<init>(ServerSocket.java:222)
		at org.apache.catalina.core.StandardServer.await(StandardServer.java:532)
		at org.apache.catalina.startup.Catalina.await(Catalina.java:849)
		at org.apache.catalina.startup.Catalina.start(Catalina.java:797)
		at java.base/jdk.internal.reflect.DirectMethodHandleAccessor.invoke(DirectMethodHandleAccessor.java:104)
		at java.base/java.lang.reflect.Method.invoke(Method.java:565)
		at org.apache.catalina.startup.Bootstrap.start(Bootstrap.java:342)
		at org.apache.catalina.startup.Bootstrap.main(Bootstrap.java:470)
06-May-2025 02:40:30.819 INFO [main] org.apache.coyote.AbstractProtocol.pause Pausing ProtocolHandler ["http-nio-8080"]
06-May-2025 02:40:30.819 INFO [main] org.apache.catalina.core.StandardService.stopInternal Stopping service [Catalina]
06-May-2025 02:40:30.828 INFO [main] org.apache.coyote.AbstractProtocol.stop Stopping ProtocolHandler ["http-nio-8080"]
06-May-2025 02:40:30.828 INFO [main] org.apache.coyote.AbstractProtocol.destroy Destroying ProtocolHandler ["http-nio-8080"]
06-May-2025 02:40:38.653 INFO [Catalina-utility-1] org.apache.catalina.startup.HostConfig.undeploy Undeploying context []
06-May-2025 02:40:38.666 INFO [Catalina-utility-1] org.apache.catalina.startup.HostConfig.deployDescriptor Deploying deployment descriptor [C:\Users\msi\Downloads\Food Delivery Website - Copy\Food Delivery Website - Copy\conf\Catalina\localhost\ROOT.xml]
06-May-2025 02:40:38.764 INFO [Catalina-utility-1] org.apache.catalina.startup.HostConfig.deployDescriptor Deployment of deployment descriptor [C:\Users\msi\Downloads\Food Delivery Website - Copy\Food Delivery Website - Copy\conf\Catalina\localhost\ROOT.xml] has finished in [99] ms
06-May-2025 02:41:38.231 INFO [main] org.apache.catalina.startup.VersionLoggerListener.log Server version name:   Apache Tomcat/11.0.5
06-May-2025 02:41:38.233 INFO [main] org.apache.catalina.startup.VersionLoggerListener.log Server built:          Feb 28 2025 15:54:41 UTC
06-May-2025 02:41:38.234 INFO [main] org.apache.catalina.startup.VersionLoggerListener.log Server version number: 11.0.5.0
06-May-2025 02:41:38.234 INFO [main] org.apache.catalina.startup.VersionLoggerListener.log OS Name:               Windows 11
06-May-2025 02:41:38.234 INFO [main] org.apache.catalina.startup.VersionLoggerListener.log OS Version:            10.0
06-May-2025 02:41:38.234 INFO [main] org.apache.catalina.startup.VersionLoggerListener.log Architecture:          amd64
06-May-2025 02:41:38.234 INFO [main] org.apache.catalina.startup.VersionLoggerListener.log Java Home:             C:\Users\msi\.jdks\openjdk-24
06-May-2025 02:41:38.234 INFO [main] org.apache.catalina.startup.VersionLoggerListener.log JVM Version:           24+36-3646
06-May-2025 02:41:38.234 INFO [main] org.apache.catalina.startup.VersionLoggerListener.log JVM Vendor:            Oracle Corporation
06-May-2025 02:41:38.234 INFO [main] org.apache.catalina.startup.VersionLoggerListener.log CATALINA_BASE:         C:\Users\msi\Downloads\Food Delivery Website - Copy\Food Delivery Website - Copy
06-May-2025 02:41:38.234 INFO [main] org.apache.catalina.startup.VersionLoggerListener.log CATALINA_HOME:         C:\Program Files\Apache Software Foundation\Tomcat 11.0
06-May-2025 02:41:38.243 INFO [main] org.apache.catalina.startup.VersionLoggerListener.log Command line argument: --add-opens=java.base/java.lang=ALL-UNNAMED
06-May-2025 02:41:38.243 INFO [main] org.apache.catalina.startup.VersionLoggerListener.log Command line argument: --add-opens=java.base/java.io=ALL-UNNAMED
06-May-2025 02:41:38.243 INFO [main] org.apache.catalina.startup.VersionLoggerListener.log Command line argument: --add-opens=java.base/java.util=ALL-UNNAMED
06-May-2025 02:41:38.243 INFO [main] org.apache.catalina.startup.VersionLoggerListener.log Command line argument: --add-opens=java.base/java.util.concurrent=ALL-UNNAMED
06-May-2025 02:41:38.244 INFO [main] org.apache.catalina.startup.VersionLoggerListener.log Command line argument: --add-opens=java.rmi/sun.rmi.transport=ALL-UNNAMED
06-May-2025 02:41:38.244 INFO [main] org.apache.catalina.startup.VersionLoggerListener.log Command line argument: -Dcatalina.home=C:\Program Files\Apache Software Foundation\Tomcat 11.0
06-May-2025 02:41:38.244 INFO [main] org.apache.catalina.startup.VersionLoggerListener.log Command line argument: -Dcatalina.base=C:\Users\msi\Downloads\Food Delivery Website - Copy\Food Delivery Website - Copy
06-May-2025 02:41:38.244 INFO [main] org.apache.catalina.startup.VersionLoggerListener.log Command line argument: -Djava.io.tmpdir=C:\Users\msi\Downloads\Food Delivery Website - Copy\Food Delivery Website - Copy\temp
06-May-2025 02:41:38.244 INFO [main] org.apache.catalina.startup.VersionLoggerListener.log Command line argument: -Djava.util.logging.config.file=C:\Users\msi\Downloads\Food Delivery Website - Copy\Food Delivery Website - Copy\conf\logging.properties
06-May-2025 02:41:38.244 INFO [main] org.apache.catalina.startup.VersionLoggerListener.log Command line argument: -Djava.util.logging.manager=org.apache.juli.ClassLoaderLogManager
06-May-2025 02:41:38.244 INFO [main] org.apache.catalina.startup.VersionLoggerListener.log Command line argument: -javaagent:C:\Users\msi\AppData\Local\JetBrains\IntelliJ IDEA 2024.3.5\lib\idea_rt.jar=49992
06-May-2025 02:41:38.244 INFO [main] org.apache.catalina.startup.VersionLoggerListener.log Command line argument: -Dfile.encoding=UTF-8
06-May-2025 02:41:38.244 INFO [main] org.apache.catalina.startup.VersionLoggerListener.log Command line argument: -Dsun.stdout.encoding=UTF-8
06-May-2025 02:41:38.244 INFO [main] org.apache.catalina.startup.VersionLoggerListener.log Command line argument: -Dsun.stderr.encoding=UTF-8
06-May-2025 02:41:38.247 INFO [main] org.apache.catalina.core.AprLifecycleListener.lifecycleEvent The Apache Tomcat Native library which allows using OpenSSL was not found on the java.library.path: [C:\Users\msi\.jdks\openjdk-24\bin;C:\WINDOWS\Sun\Java\bin;C:\WINDOWS\system32;C:\WINDOWS;C:\Program Files\Common Files\Oracle\Java\javapath;C:\WINDOWS\system32;C:\WINDOWS;C:\WINDOWS\System32\Wbem;C:\WINDOWS\System32\WindowsPowerShell\v1.0\;C:\WINDOWS\System32\OpenSSH\;C:\Program Files\NVIDIA Corporation\NVIDIA NvDLISR;C:\Program Files\Git\cmd;C:\Users\msi\AppData\Local\Microsoft\WindowsApps;C:\Users\msi\AppData\Local\Programs\Microsoft VS Code\bin;;.]
06-May-2025 02:41:38.518 INFO [main] org.apache.coyote.AbstractProtocol.init Initializing ProtocolHandler ["http-nio-8080"]
06-May-2025 02:41:38.530 SEVERE [main] org.apache.catalina.util.LifecycleBase.handleSubClassException Failed to initialize component [Connector["http-nio-8080"]]
	org.apache.catalina.LifecycleException: Protocol handler initialization failed
		at org.apache.catalina.connector.Connector.initInternal(Connector.java:1056)
		at org.apache.catalina.util.LifecycleBase.init(LifecycleBase.java:122)
		at org.apache.catalina.core.StandardService.initInternal(StandardService.java:525)
		at org.apache.catalina.util.LifecycleBase.init(LifecycleBase.java:122)
		at org.apache.catalina.core.StandardServer.initInternal(StandardServer.java:953)
		at org.apache.catalina.util.LifecycleBase.init(LifecycleBase.java:122)
		at org.apache.catalina.startup.Catalina.load(Catalina.java:710)
		at org.apache.catalina.startup.Catalina.load(Catalina.java:733)
		at java.base/jdk.internal.reflect.DirectMethodHandleAccessor.invoke(DirectMethodHandleAccessor.java:104)
		at java.base/java.lang.reflect.Method.invoke(Method.java:565)
		at org.apache.catalina.startup.Bootstrap.load(Bootstrap.java:299)
		at org.apache.catalina.startup.Bootstrap.main(Bootstrap.java:469)
	Caused by: java.net.BindException: Address already in use: bind
		at java.base/sun.nio.ch.Net.bind0(Native Method)
		at java.base/sun.nio.ch.Net.bind(Net.java:511)
		at java.base/sun.nio.ch.ServerSocketChannelImpl.netBind(ServerSocketChannelImpl.java:335)
		at java.base/sun.nio.ch.ServerSocketChannelImpl.bind(ServerSocketChannelImpl.java:297)
		at org.apache.tomcat.util.net.NioEndpoint.initServerSocket(NioEndpoint.java:240)
		at org.apache.tomcat.util.net.NioEndpoint.bind(NioEndpoint.java:195)
		at org.apache.tomcat.util.net.AbstractEndpoint.bindWithCleanup(AbstractEndpoint.java:1472)
		at org.apache.tomcat.util.net.AbstractEndpoint.init(AbstractEndpoint.java:1485)
		at org.apache.coyote.AbstractProtocol.init(AbstractProtocol.java:633)
		at org.apache.coyote.http11.AbstractHttp11Protocol.init(AbstractHttp11Protocol.java:83)
		at org.apache.catalina.connector.Connector.initInternal(Connector.java:1054)
		... 11 more
06-May-2025 02:41:38.531 INFO [main] org.apache.catalina.startup.Catalina.load Server initialization in [480] milliseconds
06-May-2025 02:41:38.593 INFO [main] org.apache.catalina.core.StandardService.startInternal Starting service [Catalina]
06-May-2025 02:41:38.593 INFO [main] org.apache.catalina.core.StandardEngine.startInternal Starting Servlet engine: [Apache Tomcat/11.0.5]
06-May-2025 02:41:38.602 INFO [main] org.apache.catalina.startup.HostConfig.deployDescriptor Deploying deployment descriptor [C:\Users\msi\Downloads\Food Delivery Website - Copy\Food Delivery Website - Copy\conf\Catalina\localhost\ROOT.xml]
06-May-2025 02:41:39.009 INFO [main] org.apache.catalina.startup.HostConfig.deployDescriptor Deployment of deployment descriptor [C:\Users\msi\Downloads\Food Delivery Website - Copy\Food Delivery Website - Copy\conf\Catalina\localhost\ROOT.xml] has finished in [406] ms
06-May-2025 02:41:39.019 INFO [main] org.apache.catalina.startup.Catalina.start Server startup in [486] milliseconds
06-May-2025 02:41:39.025 SEVERE [main] org.apache.catalina.core.StandardServer.await Failed to create server shutdown socket on address [localhost] and port [8005] (base port [8005] and offset [0])
	java.net.BindException: Address already in use: bind
		at java.base/sun.nio.ch.Net.bind0(Native Method)
		at java.base/sun.nio.ch.Net.bind(Net.java:511)
		at java.base/sun.nio.ch.Net.bind(Net.java:500)
		at java.base/sun.nio.ch.NioSocketImpl.bind(NioSocketImpl.java:630)
		at java.base/java.net.ServerSocket.bind(ServerSocket.java:326)
		at java.base/java.net.ServerSocket.<init>(ServerSocket.java:222)
		at org.apache.catalina.core.StandardServer.await(StandardServer.java:532)
		at org.apache.catalina.startup.Catalina.await(Catalina.java:849)
		at org.apache.catalina.startup.Catalina.start(Catalina.java:797)
		at java.base/jdk.internal.reflect.DirectMethodHandleAccessor.invoke(DirectMethodHandleAccessor.java:104)
		at java.base/java.lang.reflect.Method.invoke(Method.java:565)
		at org.apache.catalina.startup.Bootstrap.start(Bootstrap.java:342)
		at org.apache.catalina.startup.Bootstrap.main(Bootstrap.java:470)
06-May-2025 02:41:39.026 INFO [main] org.apache.coyote.AbstractProtocol.pause Pausing ProtocolHandler ["http-nio-8080"]
06-May-2025 02:41:39.026 INFO [main] org.apache.catalina.core.StandardService.stopInternal Stopping service [Catalina]
06-May-2025 02:41:39.033 INFO [main] org.apache.coyote.AbstractProtocol.stop Stopping ProtocolHandler ["http-nio-8080"]
06-May-2025 02:41:39.034 INFO [main] org.apache.coyote.AbstractProtocol.destroy Destroying ProtocolHandler ["http-nio-8080"]
06-May-2025 02:41:48.778 INFO [Catalina-utility-1] org.apache.catalina.startup.HostConfig.undeploy Undeploying context []
06-May-2025 02:41:48.787 INFO [Catalina-utility-1] org.apache.catalina.startup.HostConfig.deployDescriptor Deploying deployment descriptor [C:\Users\msi\Downloads\Food Delivery Website - Copy\Food Delivery Website - Copy\conf\Catalina\localhost\ROOT.xml]
06-May-2025 02:41:48.826 INFO [Catalina-utility-1] org.apache.catalina.startup.HostConfig.deployDescriptor Deployment of deployment descriptor [C:\Users\msi\Downloads\Food Delivery Website - Copy\Food Delivery Website - Copy\conf\Catalina\localhost\ROOT.xml] has finished in [39] ms
06-May-2025 02:42:39.056 INFO [main] org.apache.catalina.startup.VersionLoggerListener.log Server version name:   Apache Tomcat/11.0.5
06-May-2025 02:42:39.058 INFO [main] org.apache.catalina.startup.VersionLoggerListener.log Server built:          Feb 28 2025 15:54:41 UTC
06-May-2025 02:42:39.058 INFO [main] org.apache.catalina.startup.VersionLoggerListener.log Server version number: 11.0.5.0
06-May-2025 02:42:39.058 INFO [main] org.apache.catalina.startup.VersionLoggerListener.log OS Name:               Windows 11
06-May-2025 02:42:39.058 INFO [main] org.apache.catalina.startup.VersionLoggerListener.log OS Version:            10.0
06-May-2025 02:42:39.058 INFO [main] org.apache.catalina.startup.VersionLoggerListener.log Architecture:          amd64
06-May-2025 02:42:39.058 INFO [main] org.apache.catalina.startup.VersionLoggerListener.log Java Home:             C:\Users\msi\.jdks\openjdk-24
06-May-2025 02:42:39.058 INFO [main] org.apache.catalina.startup.VersionLoggerListener.log JVM Version:           24+36-3646
06-May-2025 02:42:39.059 INFO [main] org.apache.catalina.startup.VersionLoggerListener.log JVM Vendor:            Oracle Corporation
06-May-2025 02:42:39.059 INFO [main] org.apache.catalina.startup.VersionLoggerListener.log CATALINA_BASE:         C:\Users\msi\Downloads\Food Delivery Website - Copy\Food Delivery Website - Copy
06-May-2025 02:42:39.059 INFO [main] org.apache.catalina.startup.VersionLoggerListener.log CATALINA_HOME:         C:\Program Files\Apache Software Foundation\Tomcat 11.0
06-May-2025 02:42:39.068 INFO [main] org.apache.catalina.startup.VersionLoggerListener.log Command line argument: --add-opens=java.base/java.lang=ALL-UNNAMED
06-May-2025 02:42:39.068 INFO [main] org.apache.catalina.startup.VersionLoggerListener.log Command line argument: --add-opens=java.base/java.io=ALL-UNNAMED
06-May-2025 02:42:39.068 INFO [main] org.apache.catalina.startup.VersionLoggerListener.log Command line argument: --add-opens=java.base/java.util=ALL-UNNAMED
06-May-2025 02:42:39.068 INFO [main] org.apache.catalina.startup.VersionLoggerListener.log Command line argument: --add-opens=java.base/java.util.concurrent=ALL-UNNAMED
06-May-2025 02:42:39.068 INFO [main] org.apache.catalina.startup.VersionLoggerListener.log Command line argument: --add-opens=java.rmi/sun.rmi.transport=ALL-UNNAMED
06-May-2025 02:42:39.068 INFO [main] org.apache.catalina.startup.VersionLoggerListener.log Command line argument: -Dcatalina.home=C:\Program Files\Apache Software Foundation\Tomcat 11.0
06-May-2025 02:42:39.068 INFO [main] org.apache.catalina.startup.VersionLoggerListener.log Command line argument: -Dcatalina.base=C:\Users\msi\Downloads\Food Delivery Website - Copy\Food Delivery Website - Copy
06-May-2025 02:42:39.068 INFO [main] org.apache.catalina.startup.VersionLoggerListener.log Command line argument: -Djava.io.tmpdir=C:\Users\msi\Downloads\Food Delivery Website - Copy\Food Delivery Website - Copy\temp
06-May-2025 02:42:39.068 INFO [main] org.apache.catalina.startup.VersionLoggerListener.log Command line argument: -Djava.util.logging.config.file=C:\Users\msi\Downloads\Food Delivery Website - Copy\Food Delivery Website - Copy\conf\logging.properties
06-May-2025 02:42:39.068 INFO [main] org.apache.catalina.startup.VersionLoggerListener.log Command line argument: -Djava.util.logging.manager=org.apache.juli.ClassLoaderLogManager
06-May-2025 02:42:39.068 INFO [main] org.apache.catalina.startup.VersionLoggerListener.log Command line argument: -javaagent:C:\Users\msi\AppData\Local\JetBrains\IntelliJ IDEA 2024.3.5\lib\idea_rt.jar=50033
06-May-2025 02:42:39.068 INFO [main] org.apache.catalina.startup.VersionLoggerListener.log Command line argument: -Dfile.encoding=UTF-8
06-May-2025 02:42:39.068 INFO [main] org.apache.catalina.startup.VersionLoggerListener.log Command line argument: -Dsun.stdout.encoding=UTF-8
06-May-2025 02:42:39.068 INFO [main] org.apache.catalina.startup.VersionLoggerListener.log Command line argument: -Dsun.stderr.encoding=UTF-8
06-May-2025 02:42:39.071 INFO [main] org.apache.catalina.core.AprLifecycleListener.lifecycleEvent The Apache Tomcat Native library which allows using OpenSSL was not found on the java.library.path: [C:\Users\msi\.jdks\openjdk-24\bin;C:\WINDOWS\Sun\Java\bin;C:\WINDOWS\system32;C:\WINDOWS;C:\Program Files\Common Files\Oracle\Java\javapath;C:\WINDOWS\system32;C:\WINDOWS;C:\WINDOWS\System32\Wbem;C:\WINDOWS\System32\WindowsPowerShell\v1.0\;C:\WINDOWS\System32\OpenSSH\;C:\Program Files\NVIDIA Corporation\NVIDIA NvDLISR;C:\Program Files\Git\cmd;C:\Users\msi\AppData\Local\Microsoft\WindowsApps;C:\Users\msi\AppData\Local\Programs\Microsoft VS Code\bin;;.]
06-May-2025 02:42:39.377 INFO [main] org.apache.coyote.AbstractProtocol.init Initializing ProtocolHandler ["http-nio-8080"]
06-May-2025 02:42:39.386 SEVERE [main] org.apache.catalina.util.LifecycleBase.handleSubClassException Failed to initialize component [Connector["http-nio-8080"]]
	org.apache.catalina.LifecycleException: Protocol handler initialization failed
		at org.apache.catalina.connector.Connector.initInternal(Connector.java:1056)
		at org.apache.catalina.util.LifecycleBase.init(LifecycleBase.java:122)
		at org.apache.catalina.core.StandardService.initInternal(StandardService.java:525)
		at org.apache.catalina.util.LifecycleBase.init(LifecycleBase.java:122)
		at org.apache.catalina.core.StandardServer.initInternal(StandardServer.java:953)
		at org.apache.catalina.util.LifecycleBase.init(LifecycleBase.java:122)
		at org.apache.catalina.startup.Catalina.load(Catalina.java:710)
		at org.apache.catalina.startup.Catalina.load(Catalina.java:733)
		at java.base/jdk.internal.reflect.DirectMethodHandleAccessor.invoke(DirectMethodHandleAccessor.java:104)
		at java.base/java.lang.reflect.Method.invoke(Method.java:565)
		at org.apache.catalina.startup.Bootstrap.load(Bootstrap.java:299)
		at org.apache.catalina.startup.Bootstrap.main(Bootstrap.java:469)
	Caused by: java.net.BindException: Address already in use: bind
		at java.base/sun.nio.ch.Net.bind0(Native Method)
		at java.base/sun.nio.ch.Net.bind(Net.java:511)
		at java.base/sun.nio.ch.ServerSocketChannelImpl.netBind(ServerSocketChannelImpl.java:335)
		at java.base/sun.nio.ch.ServerSocketChannelImpl.bind(ServerSocketChannelImpl.java:297)
		at org.apache.tomcat.util.net.NioEndpoint.initServerSocket(NioEndpoint.java:240)
		at org.apache.tomcat.util.net.NioEndpoint.bind(NioEndpoint.java:195)
		at org.apache.tomcat.util.net.AbstractEndpoint.bindWithCleanup(AbstractEndpoint.java:1472)
		at org.apache.tomcat.util.net.AbstractEndpoint.init(AbstractEndpoint.java:1485)
		at org.apache.coyote.AbstractProtocol.init(AbstractProtocol.java:633)
		at org.apache.coyote.http11.AbstractHttp11Protocol.init(AbstractHttp11Protocol.java:83)
		at org.apache.catalina.connector.Connector.initInternal(Connector.java:1054)
		... 11 more
06-May-2025 02:42:39.387 INFO [main] org.apache.catalina.startup.Catalina.load Server initialization in [500] milliseconds
06-May-2025 02:42:39.437 INFO [main] org.apache.catalina.core.StandardService.startInternal Starting service [Catalina]
06-May-2025 02:42:39.438 INFO [main] org.apache.catalina.core.StandardEngine.startInternal Starting Servlet engine: [Apache Tomcat/11.0.5]
06-May-2025 02:42:39.448 INFO [main] org.apache.catalina.startup.HostConfig.deployDescriptor Deploying deployment descriptor [C:\Users\msi\Downloads\Food Delivery Website - Copy\Food Delivery Website - Copy\conf\Catalina\localhost\ROOT.xml]
06-May-2025 02:42:39.774 INFO [main] org.apache.catalina.startup.HostConfig.deployDescriptor Deployment of deployment descriptor [C:\Users\msi\Downloads\Food Delivery Website - Copy\Food Delivery Website - Copy\conf\Catalina\localhost\ROOT.xml] has finished in [325] ms
06-May-2025 02:42:39.787 INFO [main] org.apache.catalina.startup.Catalina.start Server startup in [398] milliseconds
06-May-2025 02:42:39.793 SEVERE [main] org.apache.catalina.core.StandardServer.await Failed to create server shutdown socket on address [localhost] and port [8005] (base port [8005] and offset [0])
	java.net.BindException: Address already in use: bind
		at java.base/sun.nio.ch.Net.bind0(Native Method)
		at java.base/sun.nio.ch.Net.bind(Net.java:511)
		at java.base/sun.nio.ch.Net.bind(Net.java:500)
		at java.base/sun.nio.ch.NioSocketImpl.bind(NioSocketImpl.java:630)
		at java.base/java.net.ServerSocket.bind(ServerSocket.java:326)
		at java.base/java.net.ServerSocket.<init>(ServerSocket.java:222)
		at org.apache.catalina.core.StandardServer.await(StandardServer.java:532)
		at org.apache.catalina.startup.Catalina.await(Catalina.java:849)
		at org.apache.catalina.startup.Catalina.start(Catalina.java:797)
		at java.base/jdk.internal.reflect.DirectMethodHandleAccessor.invoke(DirectMethodHandleAccessor.java:104)
		at java.base/java.lang.reflect.Method.invoke(Method.java:565)
		at org.apache.catalina.startup.Bootstrap.start(Bootstrap.java:342)
		at org.apache.catalina.startup.Bootstrap.main(Bootstrap.java:470)
06-May-2025 02:42:39.793 INFO [main] org.apache.coyote.AbstractProtocol.pause Pausing ProtocolHandler ["http-nio-8080"]
06-May-2025 02:42:39.793 INFO [main] org.apache.catalina.core.StandardService.stopInternal Stopping service [Catalina]
06-May-2025 02:42:39.800 INFO [main] org.apache.coyote.AbstractProtocol.stop Stopping ProtocolHandler ["http-nio-8080"]
06-May-2025 02:42:39.801 INFO [main] org.apache.coyote.AbstractProtocol.destroy Destroying ProtocolHandler ["http-nio-8080"]
06-May-2025 02:42:48.849 INFO [Catalina-utility-2] org.apache.catalina.startup.HostConfig.undeploy Undeploying context []
06-May-2025 02:42:48.881 INFO [Catalina-utility-2] org.apache.catalina.startup.HostConfig.deployDescriptor Deploying deployment descriptor [C:\Users\msi\Downloads\Food Delivery Website - Copy\Food Delivery Website - Copy\conf\Catalina\localhost\ROOT.xml]
06-May-2025 02:42:49.033 INFO [Catalina-utility-2] org.apache.catalina.startup.HostConfig.deployDescriptor Deployment of deployment descriptor [C:\Users\msi\Downloads\Food Delivery Website - Copy\Food Delivery Website - Copy\conf\Catalina\localhost\ROOT.xml] has finished in [152] ms
06-May-2025 02:43:30.167 INFO [main] org.apache.catalina.startup.VersionLoggerListener.log Server version name:   Apache Tomcat/11.0.5
06-May-2025 02:43:30.171 INFO [main] org.apache.catalina.startup.VersionLoggerListener.log Server built:          Feb 28 2025 15:54:41 UTC
06-May-2025 02:43:30.173 INFO [main] org.apache.catalina.startup.VersionLoggerListener.log Server version number: 11.0.5.0
06-May-2025 02:43:30.173 INFO [main] org.apache.catalina.startup.VersionLoggerListener.log OS Name:               Windows 11
06-May-2025 02:43:30.173 INFO [main] org.apache.catalina.startup.VersionLoggerListener.log OS Version:            10.0
06-May-2025 02:43:30.173 INFO [main] org.apache.catalina.startup.VersionLoggerListener.log Architecture:          amd64
06-May-2025 02:43:30.174 INFO [main] org.apache.catalina.startup.VersionLoggerListener.log Java Home:             C:\Users\msi\.jdks\openjdk-24
06-May-2025 02:43:30.174 INFO [main] org.apache.catalina.startup.VersionLoggerListener.log JVM Version:           24+36-3646
06-May-2025 02:43:30.174 INFO [main] org.apache.catalina.startup.VersionLoggerListener.log JVM Vendor:            Oracle Corporation
06-May-2025 02:43:30.174 INFO [main] org.apache.catalina.startup.VersionLoggerListener.log CATALINA_BASE:         C:\Users\msi\Downloads\Food Delivery Website - Copy\Food Delivery Website - Copy
06-May-2025 02:43:30.174 INFO [main] org.apache.catalina.startup.VersionLoggerListener.log CATALINA_HOME:         C:\Program Files\Apache Software Foundation\Tomcat 11.0
06-May-2025 02:43:30.190 INFO [main] org.apache.catalina.startup.VersionLoggerListener.log Command line argument: --add-opens=java.base/java.lang=ALL-UNNAMED
06-May-2025 02:43:30.190 INFO [main] org.apache.catalina.startup.VersionLoggerListener.log Command line argument: --add-opens=java.base/java.io=ALL-UNNAMED
06-May-2025 02:43:30.190 INFO [main] org.apache.catalina.startup.VersionLoggerListener.log Command line argument: --add-opens=java.base/java.util=ALL-UNNAMED
06-May-2025 02:43:30.190 INFO [main] org.apache.catalina.startup.VersionLoggerListener.log Command line argument: --add-opens=java.base/java.util.concurrent=ALL-UNNAMED
06-May-2025 02:43:30.190 INFO [main] org.apache.catalina.startup.VersionLoggerListener.log Command line argument: --add-opens=java.rmi/sun.rmi.transport=ALL-UNNAMED
06-May-2025 02:43:30.190 INFO [main] org.apache.catalina.startup.VersionLoggerListener.log Command line argument: -Dcatalina.home=C:\Program Files\Apache Software Foundation\Tomcat 11.0
06-May-2025 02:43:30.190 INFO [main] org.apache.catalina.startup.VersionLoggerListener.log Command line argument: -Dcatalina.base=C:\Users\msi\Downloads\Food Delivery Website - Copy\Food Delivery Website - Copy
06-May-2025 02:43:30.190 INFO [main] org.apache.catalina.startup.VersionLoggerListener.log Command line argument: -Djava.io.tmpdir=C:\Users\msi\Downloads\Food Delivery Website - Copy\Food Delivery Website - Copy\temp
06-May-2025 02:43:30.190 INFO [main] org.apache.catalina.startup.VersionLoggerListener.log Command line argument: -Djava.util.logging.config.file=C:\Users\msi\Downloads\Food Delivery Website - Copy\Food Delivery Website - Copy\conf\logging.properties
06-May-2025 02:43:30.190 INFO [main] org.apache.catalina.startup.VersionLoggerListener.log Command line argument: -Djava.util.logging.manager=org.apache.juli.ClassLoaderLogManager
06-May-2025 02:43:30.190 INFO [main] org.apache.catalina.startup.VersionLoggerListener.log Command line argument: -javaagent:C:\Users\msi\AppData\Local\JetBrains\IntelliJ IDEA 2024.3.5\lib\idea_rt.jar=50088
06-May-2025 02:43:30.192 INFO [main] org.apache.catalina.startup.VersionLoggerListener.log Command line argument: -Dfile.encoding=UTF-8
06-May-2025 02:43:30.192 INFO [main] org.apache.catalina.startup.VersionLoggerListener.log Command line argument: -Dsun.stdout.encoding=UTF-8
06-May-2025 02:43:30.192 INFO [main] org.apache.catalina.startup.VersionLoggerListener.log Command line argument: -Dsun.stderr.encoding=UTF-8
06-May-2025 02:43:30.196 INFO [main] org.apache.catalina.core.AprLifecycleListener.lifecycleEvent The Apache Tomcat Native library which allows using OpenSSL was not found on the java.library.path: [C:\Users\msi\.jdks\openjdk-24\bin;C:\WINDOWS\Sun\Java\bin;C:\WINDOWS\system32;C:\WINDOWS;C:\Program Files\Common Files\Oracle\Java\javapath;C:\WINDOWS\system32;C:\WINDOWS;C:\WINDOWS\System32\Wbem;C:\WINDOWS\System32\WindowsPowerShell\v1.0\;C:\WINDOWS\System32\OpenSSH\;C:\Program Files\NVIDIA Corporation\NVIDIA NvDLISR;C:\Program Files\Git\cmd;C:\Users\msi\AppData\Local\Microsoft\WindowsApps;C:\Users\msi\AppData\Local\Programs\Microsoft VS Code\bin;;.]
06-May-2025 02:43:30.564 INFO [main] org.apache.coyote.AbstractProtocol.init Initializing ProtocolHandler ["http-nio-8080"]
06-May-2025 02:43:30.577 SEVERE [main] org.apache.catalina.util.LifecycleBase.handleSubClassException Failed to initialize component [Connector["http-nio-8080"]]
	org.apache.catalina.LifecycleException: Protocol handler initialization failed
		at org.apache.catalina.connector.Connector.initInternal(Connector.java:1056)
		at org.apache.catalina.util.LifecycleBase.init(LifecycleBase.java:122)
		at org.apache.catalina.core.StandardService.initInternal(StandardService.java:525)
		at org.apache.catalina.util.LifecycleBase.init(LifecycleBase.java:122)
		at org.apache.catalina.core.StandardServer.initInternal(StandardServer.java:953)
		at org.apache.catalina.util.LifecycleBase.init(LifecycleBase.java:122)
		at org.apache.catalina.startup.Catalina.load(Catalina.java:710)
		at org.apache.catalina.startup.Catalina.load(Catalina.java:733)
		at java.base/jdk.internal.reflect.DirectMethodHandleAccessor.invoke(DirectMethodHandleAccessor.java:104)
		at java.base/java.lang.reflect.Method.invoke(Method.java:565)
		at org.apache.catalina.startup.Bootstrap.load(Bootstrap.java:299)
		at org.apache.catalina.startup.Bootstrap.main(Bootstrap.java:469)
	Caused by: java.net.BindException: Address already in use: bind
		at java.base/sun.nio.ch.Net.bind0(Native Method)
		at java.base/sun.nio.ch.Net.bind(Net.java:511)
		at java.base/sun.nio.ch.ServerSocketChannelImpl.netBind(ServerSocketChannelImpl.java:335)
		at java.base/sun.nio.ch.ServerSocketChannelImpl.bind(ServerSocketChannelImpl.java:297)
		at org.apache.tomcat.util.net.NioEndpoint.initServerSocket(NioEndpoint.java:240)
		at org.apache.tomcat.util.net.NioEndpoint.bind(NioEndpoint.java:195)
		at org.apache.tomcat.util.net.AbstractEndpoint.bindWithCleanup(AbstractEndpoint.java:1472)
		at org.apache.tomcat.util.net.AbstractEndpoint.init(AbstractEndpoint.java:1485)
		at org.apache.coyote.AbstractProtocol.init(AbstractProtocol.java:633)
		at org.apache.coyote.http11.AbstractHttp11Protocol.init(AbstractHttp11Protocol.java:83)
		at org.apache.catalina.connector.Connector.initInternal(Connector.java:1054)
		... 11 more
06-May-2025 02:43:30.577 INFO [main] org.apache.catalina.startup.Catalina.load Server initialization in [714] milliseconds
06-May-2025 02:43:30.651 INFO [main] org.apache.catalina.core.StandardService.startInternal Starting service [Catalina]
06-May-2025 02:43:30.651 INFO [main] org.apache.catalina.core.StandardEngine.startInternal Starting Servlet engine: [Apache Tomcat/11.0.5]
06-May-2025 02:43:30.665 INFO [main] org.apache.catalina.startup.HostConfig.deployDescriptor Deploying deployment descriptor [C:\Users\msi\Downloads\Food Delivery Website - Copy\Food Delivery Website - Copy\conf\Catalina\localhost\ROOT.xml]
06-May-2025 02:43:31.091 INFO [main] org.apache.catalina.startup.HostConfig.deployDescriptor Deployment of deployment descriptor [C:\Users\msi\Downloads\Food Delivery Website - Copy\Food Delivery Website - Copy\conf\Catalina\localhost\ROOT.xml] has finished in [426] ms
06-May-2025 02:43:31.110 INFO [main] org.apache.catalina.startup.Catalina.start Server startup in [530] milliseconds
06-May-2025 02:43:31.119 SEVERE [main] org.apache.catalina.core.StandardServer.await Failed to create server shutdown socket on address [localhost] and port [8005] (base port [8005] and offset [0])
	java.net.BindException: Address already in use: bind
		at java.base/sun.nio.ch.Net.bind0(Native Method)
		at java.base/sun.nio.ch.Net.bind(Net.java:511)
		at java.base/sun.nio.ch.Net.bind(Net.java:500)
		at java.base/sun.nio.ch.NioSocketImpl.bind(NioSocketImpl.java:630)
		at java.base/java.net.ServerSocket.bind(ServerSocket.java:326)
		at java.base/java.net.ServerSocket.<init>(ServerSocket.java:222)
		at org.apache.catalina.core.StandardServer.await(StandardServer.java:532)
		at org.apache.catalina.startup.Catalina.await(Catalina.java:849)
		at org.apache.catalina.startup.Catalina.start(Catalina.java:797)
		at java.base/jdk.internal.reflect.DirectMethodHandleAccessor.invoke(DirectMethodHandleAccessor.java:104)
		at java.base/java.lang.reflect.Method.invoke(Method.java:565)
		at org.apache.catalina.startup.Bootstrap.start(Bootstrap.java:342)
		at org.apache.catalina.startup.Bootstrap.main(Bootstrap.java:470)
06-May-2025 02:43:31.120 INFO [main] org.apache.coyote.AbstractProtocol.pause Pausing ProtocolHandler ["http-nio-8080"]
06-May-2025 02:43:31.120 INFO [main] org.apache.catalina.core.StandardService.stopInternal Stopping service [Catalina]
06-May-2025 02:43:31.133 INFO [main] org.apache.coyote.AbstractProtocol.stop Stopping ProtocolHandler ["http-nio-8080"]
06-May-2025 02:43:31.134 INFO [main] org.apache.coyote.AbstractProtocol.destroy Destroying ProtocolHandler ["http-nio-8080"]
06-May-2025 02:43:39.042 INFO [Catalina-utility-1] org.apache.catalina.startup.HostConfig.undeploy Undeploying context []
06-May-2025 02:43:39.053 INFO [Catalina-utility-1] org.apache.catalina.startup.HostConfig.deployDescriptor Deploying deployment descriptor [C:\Users\msi\Downloads\Food Delivery Website - Copy\Food Delivery Website - Copy\conf\Catalina\localhost\ROOT.xml]
06-May-2025 02:43:39.103 INFO [Catalina-utility-1] org.apache.catalina.startup.HostConfig.deployDescriptor Deployment of deployment descriptor [C:\Users\msi\Downloads\Food Delivery Website - Copy\Food Delivery Website - Copy\conf\Catalina\localhost\ROOT.xml] has finished in [49] ms
06-May-2025 02:44:45.659 INFO [main] org.apache.catalina.startup.VersionLoggerListener.log Server version name:   Apache Tomcat/11.0.5
06-May-2025 02:44:45.661 INFO [main] org.apache.catalina.startup.VersionLoggerListener.log Server built:          Feb 28 2025 15:54:41 UTC
06-May-2025 02:44:45.662 INFO [main] org.apache.catalina.startup.VersionLoggerListener.log Server version number: 11.0.5.0
06-May-2025 02:44:45.662 INFO [main] org.apache.catalina.startup.VersionLoggerListener.log OS Name:               Windows 11
06-May-2025 02:44:45.662 INFO [main] org.apache.catalina.startup.VersionLoggerListener.log OS Version:            10.0
06-May-2025 02:44:45.662 INFO [main] org.apache.catalina.startup.VersionLoggerListener.log Architecture:          amd64
06-May-2025 02:44:45.662 INFO [main] org.apache.catalina.startup.VersionLoggerListener.log Java Home:             C:\Users\msi\.jdks\openjdk-24
06-May-2025 02:44:45.662 INFO [main] org.apache.catalina.startup.VersionLoggerListener.log JVM Version:           24+36-3646
06-May-2025 02:44:45.662 INFO [main] org.apache.catalina.startup.VersionLoggerListener.log JVM Vendor:            Oracle Corporation
06-May-2025 02:44:45.662 INFO [main] org.apache.catalina.startup.VersionLoggerListener.log CATALINA_BASE:         C:\Users\msi\Downloads\Food Delivery Website - Copy\Food Delivery Website - Copy
06-May-2025 02:44:45.662 INFO [main] org.apache.catalina.startup.VersionLoggerListener.log CATALINA_HOME:         C:\Program Files\Apache Software Foundation\Tomcat 11.0
06-May-2025 02:44:45.673 INFO [main] org.apache.catalina.startup.VersionLoggerListener.log Command line argument: --add-opens=java.base/java.lang=ALL-UNNAMED
06-May-2025 02:44:45.673 INFO [main] org.apache.catalina.startup.VersionLoggerListener.log Command line argument: --add-opens=java.base/java.io=ALL-UNNAMED
06-May-2025 02:44:45.673 INFO [main] org.apache.catalina.startup.VersionLoggerListener.log Command line argument: --add-opens=java.base/java.util=ALL-UNNAMED
06-May-2025 02:44:45.673 INFO [main] org.apache.catalina.startup.VersionLoggerListener.log Command line argument: --add-opens=java.base/java.util.concurrent=ALL-UNNAMED
06-May-2025 02:44:45.673 INFO [main] org.apache.catalina.startup.VersionLoggerListener.log Command line argument: --add-opens=java.rmi/sun.rmi.transport=ALL-UNNAMED
06-May-2025 02:44:45.673 INFO [main] org.apache.catalina.startup.VersionLoggerListener.log Command line argument: -Dcatalina.home=C:\Program Files\Apache Software Foundation\Tomcat 11.0
06-May-2025 02:44:45.673 INFO [main] org.apache.catalina.startup.VersionLoggerListener.log Command line argument: -Dcatalina.base=C:\Users\msi\Downloads\Food Delivery Website - Copy\Food Delivery Website - Copy
06-May-2025 02:44:45.673 INFO [main] org.apache.catalina.startup.VersionLoggerListener.log Command line argument: -Djava.io.tmpdir=C:\Users\msi\Downloads\Food Delivery Website - Copy\Food Delivery Website - Copy\temp
06-May-2025 02:44:45.674 INFO [main] org.apache.catalina.startup.VersionLoggerListener.log Command line argument: -Djava.util.logging.config.file=C:\Users\msi\Downloads\Food Delivery Website - Copy\Food Delivery Website - Copy\conf\logging.properties
06-May-2025 02:44:45.674 INFO [main] org.apache.catalina.startup.VersionLoggerListener.log Command line argument: -Djava.util.logging.manager=org.apache.juli.ClassLoaderLogManager
06-May-2025 02:44:45.674 INFO [main] org.apache.catalina.startup.VersionLoggerListener.log Command line argument: -javaagent:C:\Users\msi\AppData\Local\JetBrains\IntelliJ IDEA 2024.3.5\lib\idea_rt.jar=50125
06-May-2025 02:44:45.674 INFO [main] org.apache.catalina.startup.VersionLoggerListener.log Command line argument: -Dfile.encoding=UTF-8
06-May-2025 02:44:45.674 INFO [main] org.apache.catalina.startup.VersionLoggerListener.log Command line argument: -Dsun.stdout.encoding=UTF-8
06-May-2025 02:44:45.674 INFO [main] org.apache.catalina.startup.VersionLoggerListener.log Command line argument: -Dsun.stderr.encoding=UTF-8
06-May-2025 02:44:45.679 INFO [main] org.apache.catalina.core.AprLifecycleListener.lifecycleEvent The Apache Tomcat Native library which allows using OpenSSL was not found on the java.library.path: [C:\Users\msi\.jdks\openjdk-24\bin;C:\WINDOWS\Sun\Java\bin;C:\WINDOWS\system32;C:\WINDOWS;C:\Program Files\Common Files\Oracle\Java\javapath;C:\WINDOWS\system32;C:\WINDOWS;C:\WINDOWS\System32\Wbem;C:\WINDOWS\System32\WindowsPowerShell\v1.0\;C:\WINDOWS\System32\OpenSSH\;C:\Program Files\NVIDIA Corporation\NVIDIA NvDLISR;C:\Program Files\Git\cmd;C:\Users\msi\AppData\Local\Microsoft\WindowsApps;C:\Users\msi\AppData\Local\Programs\Microsoft VS Code\bin;;.]
06-May-2025 02:44:45.939 INFO [main] org.apache.coyote.AbstractProtocol.init Initializing ProtocolHandler ["http-nio-8080"]
06-May-2025 02:44:45.949 SEVERE [main] org.apache.catalina.util.LifecycleBase.handleSubClassException Failed to initialize component [Connector["http-nio-8080"]]
	org.apache.catalina.LifecycleException: Protocol handler initialization failed
		at org.apache.catalina.connector.Connector.initInternal(Connector.java:1056)
		at org.apache.catalina.util.LifecycleBase.init(LifecycleBase.java:122)
		at org.apache.catalina.core.StandardService.initInternal(StandardService.java:525)
		at org.apache.catalina.util.LifecycleBase.init(LifecycleBase.java:122)
		at org.apache.catalina.core.StandardServer.initInternal(StandardServer.java:953)
		at org.apache.catalina.util.LifecycleBase.init(LifecycleBase.java:122)
		at org.apache.catalina.startup.Catalina.load(Catalina.java:710)
		at org.apache.catalina.startup.Catalina.load(Catalina.java:733)
		at java.base/jdk.internal.reflect.DirectMethodHandleAccessor.invoke(DirectMethodHandleAccessor.java:104)
		at java.base/java.lang.reflect.Method.invoke(Method.java:565)
		at org.apache.catalina.startup.Bootstrap.load(Bootstrap.java:299)
		at org.apache.catalina.startup.Bootstrap.main(Bootstrap.java:469)
	Caused by: java.net.BindException: Address already in use: bind
		at java.base/sun.nio.ch.Net.bind0(Native Method)
		at java.base/sun.nio.ch.Net.bind(Net.java:511)
		at java.base/sun.nio.ch.ServerSocketChannelImpl.netBind(ServerSocketChannelImpl.java:335)
		at java.base/sun.nio.ch.ServerSocketChannelImpl.bind(ServerSocketChannelImpl.java:297)
		at org.apache.tomcat.util.net.NioEndpoint.initServerSocket(NioEndpoint.java:240)
		at org.apache.tomcat.util.net.NioEndpoint.bind(NioEndpoint.java:195)
		at org.apache.tomcat.util.net.AbstractEndpoint.bindWithCleanup(AbstractEndpoint.java:1472)
		at org.apache.tomcat.util.net.AbstractEndpoint.init(AbstractEndpoint.java:1485)
		at org.apache.coyote.AbstractProtocol.init(AbstractProtocol.java:633)
		at org.apache.coyote.http11.AbstractHttp11Protocol.init(AbstractHttp11Protocol.java:83)
		at org.apache.catalina.connector.Connector.initInternal(Connector.java:1054)
		... 11 more
06-May-2025 02:44:45.950 INFO [main] org.apache.catalina.startup.Catalina.load Server initialization in [475] milliseconds
06-May-2025 02:44:46.007 INFO [main] org.apache.catalina.core.StandardService.startInternal Starting service [Catalina]
06-May-2025 02:44:46.007 INFO [main] org.apache.catalina.core.StandardEngine.startInternal Starting Servlet engine: [Apache Tomcat/11.0.5]
06-May-2025 02:44:46.014 INFO [main] org.apache.catalina.startup.HostConfig.deployDescriptor Deploying deployment descriptor [C:\Users\msi\Downloads\Food Delivery Website - Copy\Food Delivery Website - Copy\conf\Catalina\localhost\ROOT.xml]
06-May-2025 02:44:46.379 INFO [main] org.apache.catalina.startup.HostConfig.deployDescriptor Deployment of deployment descriptor [C:\Users\msi\Downloads\Food Delivery Website - Copy\Food Delivery Website - Copy\conf\Catalina\localhost\ROOT.xml] has finished in [364] ms
06-May-2025 02:44:46.392 INFO [main] org.apache.catalina.startup.Catalina.start Server startup in [439] milliseconds
06-May-2025 02:44:46.398 SEVERE [main] org.apache.catalina.core.StandardServer.await Failed to create server shutdown socket on address [localhost] and port [8005] (base port [8005] and offset [0])
	java.net.BindException: Address already in use: bind
		at java.base/sun.nio.ch.Net.bind0(Native Method)
		at java.base/sun.nio.ch.Net.bind(Net.java:511)
		at java.base/sun.nio.ch.Net.bind(Net.java:500)
		at java.base/sun.nio.ch.NioSocketImpl.bind(NioSocketImpl.java:630)
		at java.base/java.net.ServerSocket.bind(ServerSocket.java:326)
		at java.base/java.net.ServerSocket.<init>(ServerSocket.java:222)
		at org.apache.catalina.core.StandardServer.await(StandardServer.java:532)
		at org.apache.catalina.startup.Catalina.await(Catalina.java:849)
		at org.apache.catalina.startup.Catalina.start(Catalina.java:797)
		at java.base/jdk.internal.reflect.DirectMethodHandleAccessor.invoke(DirectMethodHandleAccessor.java:104)
		at java.base/java.lang.reflect.Method.invoke(Method.java:565)
		at org.apache.catalina.startup.Bootstrap.start(Bootstrap.java:342)
		at org.apache.catalina.startup.Bootstrap.main(Bootstrap.java:470)
06-May-2025 02:44:46.398 INFO [main] org.apache.coyote.AbstractProtocol.pause Pausing ProtocolHandler ["http-nio-8080"]
06-May-2025 02:44:46.398 INFO [main] org.apache.catalina.core.StandardService.stopInternal Stopping service [Catalina]
06-May-2025 02:44:46.406 INFO [main] org.apache.coyote.AbstractProtocol.stop Stopping ProtocolHandler ["http-nio-8080"]
06-May-2025 02:44:46.406 INFO [main] org.apache.coyote.AbstractProtocol.destroy Destroying ProtocolHandler ["http-nio-8080"]
06-May-2025 02:44:49.118 INFO [Catalina-utility-1] org.apache.catalina.startup.HostConfig.undeploy Undeploying context []
06-May-2025 02:44:49.125 INFO [Catalina-utility-1] org.apache.catalina.startup.HostConfig.deployDescriptor Deploying deployment descriptor [C:\Users\msi\Downloads\Food Delivery Website - Copy\Food Delivery Website - Copy\conf\Catalina\localhost\ROOT.xml]
06-May-2025 02:44:49.165 INFO [Catalina-utility-1] org.apache.catalina.startup.HostConfig.deployDescriptor Deployment of deployment descriptor [C:\Users\msi\Downloads\Food Delivery Website - Copy\Food Delivery Website - Copy\conf\Catalina\localhost\ROOT.xml] has finished in [40] ms
06-May-2025 02:49:20.453 INFO [main] org.apache.catalina.startup.VersionLoggerListener.log Server version name:   Apache Tomcat/11.0.5
06-May-2025 02:49:20.457 INFO [main] org.apache.catalina.startup.VersionLoggerListener.log Server built:          Feb 28 2025 15:54:41 UTC
06-May-2025 02:49:20.457 INFO [main] org.apache.catalina.startup.VersionLoggerListener.log Server version number: 11.0.5.0
06-May-2025 02:49:20.457 INFO [main] org.apache.catalina.startup.VersionLoggerListener.log OS Name:               Windows 11
06-May-2025 02:49:20.458 INFO [main] org.apache.catalina.startup.VersionLoggerListener.log OS Version:            10.0
06-May-2025 02:49:20.458 INFO [main] org.apache.catalina.startup.VersionLoggerListener.log Architecture:          amd64
06-May-2025 02:49:20.458 INFO [main] org.apache.catalina.startup.VersionLoggerListener.log Java Home:             C:\Users\msi\.jdks\openjdk-24
06-May-2025 02:49:20.458 INFO [main] org.apache.catalina.startup.VersionLoggerListener.log JVM Version:           24+36-3646
06-May-2025 02:49:20.458 INFO [main] org.apache.catalina.startup.VersionLoggerListener.log JVM Vendor:            Oracle Corporation
06-May-2025 02:49:20.458 INFO [main] org.apache.catalina.startup.VersionLoggerListener.log CATALINA_BASE:         C:\Users\msi\Downloads\Food Delivery Website - Copy\Food Delivery Website - Copy
06-May-2025 02:49:20.458 INFO [main] org.apache.catalina.startup.VersionLoggerListener.log CATALINA_HOME:         C:\Program Files\Apache Software Foundation\Tomcat 11.0
06-May-2025 02:49:20.478 INFO [main] org.apache.catalina.startup.VersionLoggerListener.log Command line argument: --add-opens=java.base/java.lang=ALL-UNNAMED
06-May-2025 02:49:20.478 INFO [main] org.apache.catalina.startup.VersionLoggerListener.log Command line argument: --add-opens=java.base/java.io=ALL-UNNAMED
06-May-2025 02:49:20.478 INFO [main] org.apache.catalina.startup.VersionLoggerListener.log Command line argument: --add-opens=java.base/java.util=ALL-UNNAMED
06-May-2025 02:49:20.478 INFO [main] org.apache.catalina.startup.VersionLoggerListener.log Command line argument: --add-opens=java.base/java.util.concurrent=ALL-UNNAMED
06-May-2025 02:49:20.478 INFO [main] org.apache.catalina.startup.VersionLoggerListener.log Command line argument: --add-opens=java.rmi/sun.rmi.transport=ALL-UNNAMED
06-May-2025 02:49:20.479 INFO [main] org.apache.catalina.startup.VersionLoggerListener.log Command line argument: -Dcatalina.home=C:\Program Files\Apache Software Foundation\Tomcat 11.0
06-May-2025 02:49:20.479 INFO [main] org.apache.catalina.startup.VersionLoggerListener.log Command line argument: -Dcatalina.base=C:\Users\msi\Downloads\Food Delivery Website - Copy\Food Delivery Website - Copy
06-May-2025 02:49:20.479 INFO [main] org.apache.catalina.startup.VersionLoggerListener.log Command line argument: -Djava.io.tmpdir=C:\Users\msi\Downloads\Food Delivery Website - Copy\Food Delivery Website - Copy\temp
06-May-2025 02:49:20.479 INFO [main] org.apache.catalina.startup.VersionLoggerListener.log Command line argument: -Djava.util.logging.config.file=C:\Users\msi\Downloads\Food Delivery Website - Copy\Food Delivery Website - Copy\conf\logging.properties
06-May-2025 02:49:20.479 INFO [main] org.apache.catalina.startup.VersionLoggerListener.log Command line argument: -Djava.util.logging.manager=org.apache.juli.ClassLoaderLogManager
06-May-2025 02:49:20.479 INFO [main] org.apache.catalina.startup.VersionLoggerListener.log Command line argument: -javaagent:C:\Users\msi\AppData\Local\JetBrains\IntelliJ IDEA 2024.3.5\lib\idea_rt.jar=50296
06-May-2025 02:49:20.479 INFO [main] org.apache.catalina.startup.VersionLoggerListener.log Command line argument: -Dfile.encoding=UTF-8
06-May-2025 02:49:20.479 INFO [main] org.apache.catalina.startup.VersionLoggerListener.log Command line argument: -Dsun.stdout.encoding=UTF-8
06-May-2025 02:49:20.479 INFO [main] org.apache.catalina.startup.VersionLoggerListener.log Command line argument: -Dsun.stderr.encoding=UTF-8
06-May-2025 02:49:20.487 INFO [main] org.apache.catalina.core.AprLifecycleListener.lifecycleEvent The Apache Tomcat Native library which allows using OpenSSL was not found on the java.library.path: [C:\Users\msi\.jdks\openjdk-24\bin;C:\WINDOWS\Sun\Java\bin;C:\WINDOWS\system32;C:\WINDOWS;C:\Program Files\Common Files\Oracle\Java\javapath;C:\WINDOWS\system32;C:\WINDOWS;C:\WINDOWS\System32\Wbem;C:\WINDOWS\System32\WindowsPowerShell\v1.0\;C:\WINDOWS\System32\OpenSSH\;C:\Program Files\NVIDIA Corporation\NVIDIA NvDLISR;C:\Program Files\Git\cmd;C:\Users\msi\AppData\Local\Microsoft\WindowsApps;C:\Users\msi\AppData\Local\Programs\Microsoft VS Code\bin;;.]
06-May-2025 02:49:20.823 INFO [main] org.apache.coyote.AbstractProtocol.init Initializing ProtocolHandler ["http-nio-8080"]
06-May-2025 02:49:20.834 SEVERE [main] org.apache.catalina.util.LifecycleBase.handleSubClassException Failed to initialize component [Connector["http-nio-8080"]]
	org.apache.catalina.LifecycleException: Protocol handler initialization failed
		at org.apache.catalina.connector.Connector.initInternal(Connector.java:1056)
		at org.apache.catalina.util.LifecycleBase.init(LifecycleBase.java:122)
		at org.apache.catalina.core.StandardService.initInternal(StandardService.java:525)
		at org.apache.catalina.util.LifecycleBase.init(LifecycleBase.java:122)
		at org.apache.catalina.core.StandardServer.initInternal(StandardServer.java:953)
		at org.apache.catalina.util.LifecycleBase.init(LifecycleBase.java:122)
		at org.apache.catalina.startup.Catalina.load(Catalina.java:710)
		at org.apache.catalina.startup.Catalina.load(Catalina.java:733)
		at java.base/jdk.internal.reflect.DirectMethodHandleAccessor.invoke(DirectMethodHandleAccessor.java:104)
		at java.base/java.lang.reflect.Method.invoke(Method.java:565)
		at org.apache.catalina.startup.Bootstrap.load(Bootstrap.java:299)
		at org.apache.catalina.startup.Bootstrap.main(Bootstrap.java:469)
	Caused by: java.net.BindException: Address already in use: bind
		at java.base/sun.nio.ch.Net.bind0(Native Method)
		at java.base/sun.nio.ch.Net.bind(Net.java:511)
		at java.base/sun.nio.ch.ServerSocketChannelImpl.netBind(ServerSocketChannelImpl.java:335)
		at java.base/sun.nio.ch.ServerSocketChannelImpl.bind(ServerSocketChannelImpl.java:297)
		at org.apache.tomcat.util.net.NioEndpoint.initServerSocket(NioEndpoint.java:240)
		at org.apache.tomcat.util.net.NioEndpoint.bind(NioEndpoint.java:195)
		at org.apache.tomcat.util.net.AbstractEndpoint.bindWithCleanup(AbstractEndpoint.java:1472)
		at org.apache.tomcat.util.net.AbstractEndpoint.init(AbstractEndpoint.java:1485)
		at org.apache.coyote.AbstractProtocol.init(AbstractProtocol.java:633)
		at org.apache.coyote.http11.AbstractHttp11Protocol.init(AbstractHttp11Protocol.java:83)
		at org.apache.catalina.connector.Connector.initInternal(Connector.java:1054)
		... 11 more
06-May-2025 02:49:20.837 INFO [main] org.apache.catalina.startup.Catalina.load Server initialization in [676] milliseconds
06-May-2025 02:49:20.905 INFO [main] org.apache.catalina.core.StandardService.startInternal Starting service [Catalina]
06-May-2025 02:49:20.906 INFO [main] org.apache.catalina.core.StandardEngine.startInternal Starting Servlet engine: [Apache Tomcat/11.0.5]
06-May-2025 02:49:20.914 INFO [main] org.apache.catalina.startup.HostConfig.deployDescriptor Deploying deployment descriptor [C:\Users\msi\Downloads\Food Delivery Website - Copy\Food Delivery Website - Copy\conf\Catalina\localhost\ROOT.xml]
06-May-2025 02:49:21.268 INFO [main] org.apache.catalina.startup.HostConfig.deployDescriptor Deployment of deployment descriptor [C:\Users\msi\Downloads\Food Delivery Website - Copy\Food Delivery Website - Copy\conf\Catalina\localhost\ROOT.xml] has finished in [353] ms
06-May-2025 02:49:21.278 INFO [main] org.apache.catalina.startup.Catalina.start Server startup in [434] milliseconds
06-May-2025 02:49:21.284 SEVERE [main] org.apache.catalina.core.StandardServer.await Failed to create server shutdown socket on address [localhost] and port [8005] (base port [8005] and offset [0])
	java.net.BindException: Address already in use: bind
		at java.base/sun.nio.ch.Net.bind0(Native Method)
		at java.base/sun.nio.ch.Net.bind(Net.java:511)
		at java.base/sun.nio.ch.Net.bind(Net.java:500)
		at java.base/sun.nio.ch.NioSocketImpl.bind(NioSocketImpl.java:630)
		at java.base/java.net.ServerSocket.bind(ServerSocket.java:326)
		at java.base/java.net.ServerSocket.<init>(ServerSocket.java:222)
		at org.apache.catalina.core.StandardServer.await(StandardServer.java:532)
		at org.apache.catalina.startup.Catalina.await(Catalina.java:849)
		at org.apache.catalina.startup.Catalina.start(Catalina.java:797)
		at java.base/jdk.internal.reflect.DirectMethodHandleAccessor.invoke(DirectMethodHandleAccessor.java:104)
		at java.base/java.lang.reflect.Method.invoke(Method.java:565)
		at org.apache.catalina.startup.Bootstrap.start(Bootstrap.java:342)
		at org.apache.catalina.startup.Bootstrap.main(Bootstrap.java:470)
06-May-2025 02:49:21.284 INFO [main] org.apache.coyote.AbstractProtocol.pause Pausing ProtocolHandler ["http-nio-8080"]
06-May-2025 02:49:21.284 INFO [main] org.apache.catalina.core.StandardService.stopInternal Stopping service [Catalina]
06-May-2025 02:49:21.291 INFO [main] org.apache.coyote.AbstractProtocol.stop Stopping ProtocolHandler ["http-nio-8080"]
06-May-2025 02:49:21.292 INFO [main] org.apache.coyote.AbstractProtocol.destroy Destroying ProtocolHandler ["http-nio-8080"]
06-May-2025 02:49:30.793 INFO [Catalina-utility-1] org.apache.catalina.startup.HostConfig.undeploy Undeploying context []
06-May-2025 02:49:30.817 INFO [Catalina-utility-1] org.apache.catalina.startup.HostConfig.deployDescriptor Deploying deployment descriptor [C:\Users\msi\Downloads\Food Delivery Website - Copy\Food Delivery Website - Copy\conf\Catalina\localhost\ROOT.xml]
06-May-2025 02:49:30.950 INFO [Catalina-utility-1] org.apache.catalina.startup.HostConfig.deployDescriptor Deployment of deployment descriptor [C:\Users\msi\Downloads\Food Delivery Website - Copy\Food Delivery Website - Copy\conf\Catalina\localhost\ROOT.xml] has finished in [134] ms
06-May-2025 02:50:59.806 INFO [main] org.apache.catalina.startup.VersionLoggerListener.log Server version name:   Apache Tomcat/11.0.5
06-May-2025 02:50:59.808 INFO [main] org.apache.catalina.startup.VersionLoggerListener.log Server built:          Feb 28 2025 15:54:41 UTC
06-May-2025 02:50:59.809 INFO [main] org.apache.catalina.startup.VersionLoggerListener.log Server version number: 11.0.5.0
06-May-2025 02:50:59.809 INFO [main] org.apache.catalina.startup.VersionLoggerListener.log OS Name:               Windows 11
06-May-2025 02:50:59.809 INFO [main] org.apache.catalina.startup.VersionLoggerListener.log OS Version:            10.0
06-May-2025 02:50:59.809 INFO [main] org.apache.catalina.startup.VersionLoggerListener.log Architecture:          amd64
06-May-2025 02:50:59.809 INFO [main] org.apache.catalina.startup.VersionLoggerListener.log Java Home:             C:\Users\msi\.jdks\openjdk-24
06-May-2025 02:50:59.809 INFO [main] org.apache.catalina.startup.VersionLoggerListener.log JVM Version:           24+36-3646
06-May-2025 02:50:59.809 INFO [main] org.apache.catalina.startup.VersionLoggerListener.log JVM Vendor:            Oracle Corporation
06-May-2025 02:50:59.809 INFO [main] org.apache.catalina.startup.VersionLoggerListener.log CATALINA_BASE:         C:\Users\msi\Downloads\Food Delivery Website - Copy\Food Delivery Website - Copy
06-May-2025 02:50:59.809 INFO [main] org.apache.catalina.startup.VersionLoggerListener.log CATALINA_HOME:         C:\Program Files\Apache Software Foundation\Tomcat 11.0
06-May-2025 02:50:59.819 INFO [main] org.apache.catalina.startup.VersionLoggerListener.log Command line argument: --add-opens=java.base/java.lang=ALL-UNNAMED
06-May-2025 02:50:59.819 INFO [main] org.apache.catalina.startup.VersionLoggerListener.log Command line argument: --add-opens=java.base/java.io=ALL-UNNAMED
06-May-2025 02:50:59.819 INFO [main] org.apache.catalina.startup.VersionLoggerListener.log Command line argument: --add-opens=java.base/java.util=ALL-UNNAMED
06-May-2025 02:50:59.819 INFO [main] org.apache.catalina.startup.VersionLoggerListener.log Command line argument: --add-opens=java.base/java.util.concurrent=ALL-UNNAMED
06-May-2025 02:50:59.819 INFO [main] org.apache.catalina.startup.VersionLoggerListener.log Command line argument: --add-opens=java.rmi/sun.rmi.transport=ALL-UNNAMED
06-May-2025 02:50:59.819 INFO [main] org.apache.catalina.startup.VersionLoggerListener.log Command line argument: -Dcatalina.home=C:\Program Files\Apache Software Foundation\Tomcat 11.0
06-May-2025 02:50:59.819 INFO [main] org.apache.catalina.startup.VersionLoggerListener.log Command line argument: -Dcatalina.base=C:\Users\msi\Downloads\Food Delivery Website - Copy\Food Delivery Website - Copy
06-May-2025 02:50:59.819 INFO [main] org.apache.catalina.startup.VersionLoggerListener.log Command line argument: -Djava.io.tmpdir=C:\Users\msi\Downloads\Food Delivery Website - Copy\Food Delivery Website - Copy\temp
06-May-2025 02:50:59.819 INFO [main] org.apache.catalina.startup.VersionLoggerListener.log Command line argument: -Djava.util.logging.config.file=C:\Users\msi\Downloads\Food Delivery Website - Copy\Food Delivery Website - Copy\conf\logging.properties
06-May-2025 02:50:59.819 INFO [main] org.apache.catalina.startup.VersionLoggerListener.log Command line argument: -Djava.util.logging.manager=org.apache.juli.ClassLoaderLogManager
06-May-2025 02:50:59.819 INFO [main] org.apache.catalina.startup.VersionLoggerListener.log Command line argument: -javaagent:C:\Users\msi\AppData\Local\JetBrains\IntelliJ IDEA 2024.3.5\lib\idea_rt.jar=50378
06-May-2025 02:50:59.819 INFO [main] org.apache.catalina.startup.VersionLoggerListener.log Command line argument: -Dfile.encoding=UTF-8
06-May-2025 02:50:59.819 INFO [main] org.apache.catalina.startup.VersionLoggerListener.log Command line argument: -Dsun.stdout.encoding=UTF-8
06-May-2025 02:50:59.820 INFO [main] org.apache.catalina.startup.VersionLoggerListener.log Command line argument: -Dsun.stderr.encoding=UTF-8
06-May-2025 02:50:59.824 INFO [main] org.apache.catalina.core.AprLifecycleListener.lifecycleEvent The Apache Tomcat Native library which allows using OpenSSL was not found on the java.library.path: [C:\Users\msi\.jdks\openjdk-24\bin;C:\WINDOWS\Sun\Java\bin;C:\WINDOWS\system32;C:\WINDOWS;C:\Program Files\Common Files\Oracle\Java\javapath;C:\WINDOWS\system32;C:\WINDOWS;C:\WINDOWS\System32\Wbem;C:\WINDOWS\System32\WindowsPowerShell\v1.0\;C:\WINDOWS\System32\OpenSSH\;C:\Program Files\NVIDIA Corporation\NVIDIA NvDLISR;C:\Program Files\Git\cmd;C:\Users\msi\AppData\Local\Microsoft\WindowsApps;C:\Users\msi\AppData\Local\Programs\Microsoft VS Code\bin;;.]
06-May-2025 02:51:00.080 INFO [main] org.apache.coyote.AbstractProtocol.init Initializing ProtocolHandler ["http-nio-8080"]
06-May-2025 02:51:00.087 SEVERE [main] org.apache.catalina.util.LifecycleBase.handleSubClassException Failed to initialize component [Connector["http-nio-8080"]]
	org.apache.catalina.LifecycleException: Protocol handler initialization failed
		at org.apache.catalina.connector.Connector.initInternal(Connector.java:1056)
		at org.apache.catalina.util.LifecycleBase.init(LifecycleBase.java:122)
		at org.apache.catalina.core.StandardService.initInternal(StandardService.java:525)
		at org.apache.catalina.util.LifecycleBase.init(LifecycleBase.java:122)
		at org.apache.catalina.core.StandardServer.initInternal(StandardServer.java:953)
		at org.apache.catalina.util.LifecycleBase.init(LifecycleBase.java:122)
		at org.apache.catalina.startup.Catalina.load(Catalina.java:710)
		at org.apache.catalina.startup.Catalina.load(Catalina.java:733)
		at java.base/jdk.internal.reflect.DirectMethodHandleAccessor.invoke(DirectMethodHandleAccessor.java:104)
		at java.base/java.lang.reflect.Method.invoke(Method.java:565)
		at org.apache.catalina.startup.Bootstrap.load(Bootstrap.java:299)
		at org.apache.catalina.startup.Bootstrap.main(Bootstrap.java:469)
	Caused by: java.net.BindException: Address already in use: bind
		at java.base/sun.nio.ch.Net.bind0(Native Method)
		at java.base/sun.nio.ch.Net.bind(Net.java:511)
		at java.base/sun.nio.ch.ServerSocketChannelImpl.netBind(ServerSocketChannelImpl.java:335)
		at java.base/sun.nio.ch.ServerSocketChannelImpl.bind(ServerSocketChannelImpl.java:297)
		at org.apache.tomcat.util.net.NioEndpoint.initServerSocket(NioEndpoint.java:240)
		at org.apache.tomcat.util.net.NioEndpoint.bind(NioEndpoint.java:195)
		at org.apache.tomcat.util.net.AbstractEndpoint.bindWithCleanup(AbstractEndpoint.java:1472)
		at org.apache.tomcat.util.net.AbstractEndpoint.init(AbstractEndpoint.java:1485)
		at org.apache.coyote.AbstractProtocol.init(AbstractProtocol.java:633)
		at org.apache.coyote.http11.AbstractHttp11Protocol.init(AbstractHttp11Protocol.java:83)
		at org.apache.catalina.connector.Connector.initInternal(Connector.java:1054)
		... 11 more
06-May-2025 02:51:00.088 INFO [main] org.apache.catalina.startup.Catalina.load Server initialization in [462] milliseconds
06-May-2025 02:51:00.144 INFO [main] org.apache.catalina.core.StandardService.startInternal Starting service [Catalina]
06-May-2025 02:51:00.144 INFO [main] org.apache.catalina.core.StandardEngine.startInternal Starting Servlet engine: [Apache Tomcat/11.0.5]
06-May-2025 02:51:00.154 INFO [main] org.apache.catalina.startup.HostConfig.deployDescriptor Deploying deployment descriptor [C:\Users\msi\Downloads\Food Delivery Website - Copy\Food Delivery Website - Copy\conf\Catalina\localhost\ROOT.xml]
06-May-2025 02:51:00.519 INFO [main] org.apache.catalina.startup.HostConfig.deployDescriptor Deployment of deployment descriptor [C:\Users\msi\Downloads\Food Delivery Website - Copy\Food Delivery Website - Copy\conf\Catalina\localhost\ROOT.xml] has finished in [364] ms
06-May-2025 02:51:00.530 INFO [main] org.apache.catalina.startup.Catalina.start Server startup in [437] milliseconds
06-May-2025 02:51:00.536 SEVERE [main] org.apache.catalina.core.StandardServer.await Failed to create server shutdown socket on address [localhost] and port [8005] (base port [8005] and offset [0])
	java.net.BindException: Address already in use: bind
		at java.base/sun.nio.ch.Net.bind0(Native Method)
		at java.base/sun.nio.ch.Net.bind(Net.java:511)
		at java.base/sun.nio.ch.Net.bind(Net.java:500)
		at java.base/sun.nio.ch.NioSocketImpl.bind(NioSocketImpl.java:630)
		at java.base/java.net.ServerSocket.bind(ServerSocket.java:326)
		at java.base/java.net.ServerSocket.<init>(ServerSocket.java:222)
		at org.apache.catalina.core.StandardServer.await(StandardServer.java:532)
		at org.apache.catalina.startup.Catalina.await(Catalina.java:849)
		at org.apache.catalina.startup.Catalina.start(Catalina.java:797)
		at java.base/jdk.internal.reflect.DirectMethodHandleAccessor.invoke(DirectMethodHandleAccessor.java:104)
		at java.base/java.lang.reflect.Method.invoke(Method.java:565)
		at org.apache.catalina.startup.Bootstrap.start(Bootstrap.java:342)
		at org.apache.catalina.startup.Bootstrap.main(Bootstrap.java:470)
06-May-2025 02:51:00.536 INFO [main] org.apache.coyote.AbstractProtocol.pause Pausing ProtocolHandler ["http-nio-8080"]
06-May-2025 02:51:00.537 INFO [main] org.apache.catalina.core.StandardService.stopInternal Stopping service [Catalina]
06-May-2025 02:51:00.543 INFO [main] org.apache.coyote.AbstractProtocol.stop Stopping ProtocolHandler ["http-nio-8080"]
06-May-2025 02:51:00.544 INFO [main] org.apache.coyote.AbstractProtocol.destroy Destroying ProtocolHandler ["http-nio-8080"]
06-May-2025 02:51:00.972 INFO [Catalina-utility-2] org.apache.catalina.startup.HostConfig.undeploy Undeploying context []
06-May-2025 02:51:00.977 INFO [Catalina-utility-2] org.apache.catalina.startup.HostConfig.deployDescriptor Deploying deployment descriptor [C:\Users\msi\Downloads\Food Delivery Website - Copy\Food Delivery Website - Copy\conf\Catalina\localhost\ROOT.xml]
06-May-2025 02:51:01.019 INFO [Catalina-utility-2] org.apache.catalina.startup.HostConfig.deployDescriptor Deployment of deployment descriptor [C:\Users\msi\Downloads\Food Delivery Website - Copy\Food Delivery Website - Copy\conf\Catalina\localhost\ROOT.xml] has finished in [41] ms
06-May-2025 02:53:41.992 INFO [main] org.apache.catalina.startup.VersionLoggerListener.log Server version name:   Apache Tomcat/11.0.5
06-May-2025 02:53:41.995 INFO [main] org.apache.catalina.startup.VersionLoggerListener.log Server built:          Feb 28 2025 15:54:41 UTC
06-May-2025 02:53:41.996 INFO [main] org.apache.catalina.startup.VersionLoggerListener.log Server version number: 11.0.5.0
06-May-2025 02:53:41.996 INFO [main] org.apache.catalina.startup.VersionLoggerListener.log OS Name:               Windows 11
06-May-2025 02:53:41.996 INFO [main] org.apache.catalina.startup.VersionLoggerListener.log OS Version:            10.0
06-May-2025 02:53:41.996 INFO [main] org.apache.catalina.startup.VersionLoggerListener.log Architecture:          amd64
06-May-2025 02:53:41.996 INFO [main] org.apache.catalina.startup.VersionLoggerListener.log Java Home:             C:\Users\msi\.jdks\openjdk-24
06-May-2025 02:53:41.996 INFO [main] org.apache.catalina.startup.VersionLoggerListener.log JVM Version:           24+36-3646
06-May-2025 02:53:41.996 INFO [main] org.apache.catalina.startup.VersionLoggerListener.log JVM Vendor:            Oracle Corporation
06-May-2025 02:53:41.996 INFO [main] org.apache.catalina.startup.VersionLoggerListener.log CATALINA_BASE:         C:\Users\msi\Downloads\Food Delivery Website - Copy\Food Delivery Website - Copy
06-May-2025 02:53:41.996 INFO [main] org.apache.catalina.startup.VersionLoggerListener.log CATALINA_HOME:         C:\Program Files\Apache Software Foundation\Tomcat 11.0
06-May-2025 02:53:42.004 INFO [main] org.apache.catalina.startup.VersionLoggerListener.log Command line argument: --add-opens=java.base/java.lang=ALL-UNNAMED
06-May-2025 02:53:42.004 INFO [main] org.apache.catalina.startup.VersionLoggerListener.log Command line argument: --add-opens=java.base/java.io=ALL-UNNAMED
06-May-2025 02:53:42.004 INFO [main] org.apache.catalina.startup.VersionLoggerListener.log Command line argument: --add-opens=java.base/java.util=ALL-UNNAMED
06-May-2025 02:53:42.005 INFO [main] org.apache.catalina.startup.VersionLoggerListener.log Command line argument: --add-opens=java.base/java.util.concurrent=ALL-UNNAMED
06-May-2025 02:53:42.005 INFO [main] org.apache.catalina.startup.VersionLoggerListener.log Command line argument: --add-opens=java.rmi/sun.rmi.transport=ALL-UNNAMED
06-May-2025 02:53:42.005 INFO [main] org.apache.catalina.startup.VersionLoggerListener.log Command line argument: -Dcatalina.home=C:\Program Files\Apache Software Foundation\Tomcat 11.0
06-May-2025 02:53:42.005 INFO [main] org.apache.catalina.startup.VersionLoggerListener.log Command line argument: -Dcatalina.base=C:\Users\msi\Downloads\Food Delivery Website - Copy\Food Delivery Website - Copy
06-May-2025 02:53:42.005 INFO [main] org.apache.catalina.startup.VersionLoggerListener.log Command line argument: -Djava.io.tmpdir=C:\Users\msi\Downloads\Food Delivery Website - Copy\Food Delivery Website - Copy\temp
06-May-2025 02:53:42.005 INFO [main] org.apache.catalina.startup.VersionLoggerListener.log Command line argument: -Djava.util.logging.config.file=C:\Users\msi\Downloads\Food Delivery Website - Copy\Food Delivery Website - Copy\conf\logging.properties
06-May-2025 02:53:42.005 INFO [main] org.apache.catalina.startup.VersionLoggerListener.log Command line argument: -Djava.util.logging.manager=org.apache.juli.ClassLoaderLogManager
06-May-2025 02:53:42.005 INFO [main] org.apache.catalina.startup.VersionLoggerListener.log Command line argument: -javaagent:C:\Users\msi\AppData\Local\JetBrains\IntelliJ IDEA 2024.3.5\lib\idea_rt.jar=50505
06-May-2025 02:53:42.005 INFO [main] org.apache.catalina.startup.VersionLoggerListener.log Command line argument: -Dfile.encoding=UTF-8
06-May-2025 02:53:42.005 INFO [main] org.apache.catalina.startup.VersionLoggerListener.log Command line argument: -Dsun.stdout.encoding=UTF-8
06-May-2025 02:53:42.005 INFO [main] org.apache.catalina.startup.VersionLoggerListener.log Command line argument: -Dsun.stderr.encoding=UTF-8
06-May-2025 02:53:42.011 INFO [main] org.apache.catalina.core.AprLifecycleListener.lifecycleEvent The Apache Tomcat Native library which allows using OpenSSL was not found on the java.library.path: [C:\Users\msi\.jdks\openjdk-24\bin;C:\WINDOWS\Sun\Java\bin;C:\WINDOWS\system32;C:\WINDOWS;C:\Program Files\Common Files\Oracle\Java\javapath;C:\WINDOWS\system32;C:\WINDOWS;C:\WINDOWS\System32\Wbem;C:\WINDOWS\System32\WindowsPowerShell\v1.0\;C:\WINDOWS\System32\OpenSSH\;C:\Program Files\NVIDIA Corporation\NVIDIA NvDLISR;C:\Program Files\Git\cmd;C:\Users\msi\AppData\Local\Microsoft\WindowsApps;C:\Users\msi\AppData\Local\Programs\Microsoft VS Code\bin;;.]
06-May-2025 02:53:42.294 INFO [main] org.apache.coyote.AbstractProtocol.init Initializing ProtocolHandler ["http-nio-8080"]
06-May-2025 02:53:42.306 SEVERE [main] org.apache.catalina.util.LifecycleBase.handleSubClassException Failed to initialize component [Connector["http-nio-8080"]]
	org.apache.catalina.LifecycleException: Protocol handler initialization failed
		at org.apache.catalina.connector.Connector.initInternal(Connector.java:1056)
		at org.apache.catalina.util.LifecycleBase.init(LifecycleBase.java:122)
		at org.apache.catalina.core.StandardService.initInternal(StandardService.java:525)
		at org.apache.catalina.util.LifecycleBase.init(LifecycleBase.java:122)
		at org.apache.catalina.core.StandardServer.initInternal(StandardServer.java:953)
		at org.apache.catalina.util.LifecycleBase.init(LifecycleBase.java:122)
		at org.apache.catalina.startup.Catalina.load(Catalina.java:710)
		at org.apache.catalina.startup.Catalina.load(Catalina.java:733)
		at java.base/jdk.internal.reflect.DirectMethodHandleAccessor.invoke(DirectMethodHandleAccessor.java:104)
		at java.base/java.lang.reflect.Method.invoke(Method.java:565)
		at org.apache.catalina.startup.Bootstrap.load(Bootstrap.java:299)
		at org.apache.catalina.startup.Bootstrap.main(Bootstrap.java:469)
	Caused by: java.net.BindException: Address already in use: bind
		at java.base/sun.nio.ch.Net.bind0(Native Method)
		at java.base/sun.nio.ch.Net.bind(Net.java:511)
		at java.base/sun.nio.ch.ServerSocketChannelImpl.netBind(ServerSocketChannelImpl.java:335)
		at java.base/sun.nio.ch.ServerSocketChannelImpl.bind(ServerSocketChannelImpl.java:297)
		at org.apache.tomcat.util.net.NioEndpoint.initServerSocket(NioEndpoint.java:240)
		at org.apache.tomcat.util.net.NioEndpoint.bind(NioEndpoint.java:195)
		at org.apache.tomcat.util.net.AbstractEndpoint.bindWithCleanup(AbstractEndpoint.java:1472)
		at org.apache.tomcat.util.net.AbstractEndpoint.init(AbstractEndpoint.java:1485)
		at org.apache.coyote.AbstractProtocol.init(AbstractProtocol.java:633)
		at org.apache.coyote.http11.AbstractHttp11Protocol.init(AbstractHttp11Protocol.java:83)
		at org.apache.catalina.connector.Connector.initInternal(Connector.java:1054)
		... 11 more
06-May-2025 02:53:42.307 INFO [main] org.apache.catalina.startup.Catalina.load Server initialization in [530] milliseconds
06-May-2025 02:53:42.389 INFO [main] org.apache.catalina.core.StandardService.startInternal Starting service [Catalina]
06-May-2025 02:53:42.389 INFO [main] org.apache.catalina.core.StandardEngine.startInternal Starting Servlet engine: [Apache Tomcat/11.0.5]
06-May-2025 02:53:42.401 INFO [main] org.apache.catalina.startup.HostConfig.deployDescriptor Deploying deployment descriptor [C:\Users\msi\Downloads\Food Delivery Website - Copy\Food Delivery Website - Copy\conf\Catalina\localhost\ROOT.xml]
06-May-2025 02:53:42.826 INFO [main] org.apache.catalina.startup.HostConfig.deployDescriptor Deployment of deployment descriptor [C:\Users\msi\Downloads\Food Delivery Website - Copy\Food Delivery Website - Copy\conf\Catalina\localhost\ROOT.xml] has finished in [424] ms
06-May-2025 02:53:42.839 INFO [main] org.apache.catalina.startup.Catalina.start Server startup in [529] milliseconds
06-May-2025 02:53:42.845 SEVERE [main] org.apache.catalina.core.StandardServer.await Failed to create server shutdown socket on address [localhost] and port [8005] (base port [8005] and offset [0])
	java.net.BindException: Address already in use: bind
		at java.base/sun.nio.ch.Net.bind0(Native Method)
		at java.base/sun.nio.ch.Net.bind(Net.java:511)
		at java.base/sun.nio.ch.Net.bind(Net.java:500)
		at java.base/sun.nio.ch.NioSocketImpl.bind(NioSocketImpl.java:630)
		at java.base/java.net.ServerSocket.bind(ServerSocket.java:326)
		at java.base/java.net.ServerSocket.<init>(ServerSocket.java:222)
		at org.apache.catalina.core.StandardServer.await(StandardServer.java:532)
		at org.apache.catalina.startup.Catalina.await(Catalina.java:849)
		at org.apache.catalina.startup.Catalina.start(Catalina.java:797)
		at java.base/jdk.internal.reflect.DirectMethodHandleAccessor.invoke(DirectMethodHandleAccessor.java:104)
		at java.base/java.lang.reflect.Method.invoke(Method.java:565)
		at org.apache.catalina.startup.Bootstrap.start(Bootstrap.java:342)
		at org.apache.catalina.startup.Bootstrap.main(Bootstrap.java:470)
06-May-2025 02:53:42.846 INFO [main] org.apache.coyote.AbstractProtocol.pause Pausing ProtocolHandler ["http-nio-8080"]
06-May-2025 02:53:42.846 INFO [main] org.apache.catalina.core.StandardService.stopInternal Stopping service [Catalina]
06-May-2025 02:53:42.856 INFO [main] org.apache.coyote.AbstractProtocol.stop Stopping ProtocolHandler ["http-nio-8080"]
06-May-2025 02:53:42.857 INFO [main] org.apache.coyote.AbstractProtocol.destroy Destroying ProtocolHandler ["http-nio-8080"]
06-May-2025 02:53:51.094 INFO [Catalina-utility-2] org.apache.catalina.startup.HostConfig.undeploy Undeploying context []
06-May-2025 02:53:51.101 INFO [Catalina-utility-2] org.apache.catalina.startup.HostConfig.deployDescriptor Deploying deployment descriptor [C:\Users\msi\Downloads\Food Delivery Website - Copy\Food Delivery Website - Copy\conf\Catalina\localhost\ROOT.xml]
06-May-2025 02:53:51.161 INFO [Catalina-utility-2] org.apache.catalina.startup.HostConfig.deployDescriptor Deployment of deployment descriptor [C:\Users\msi\Downloads\Food Delivery Website - Copy\Food Delivery Website - Copy\conf\Catalina\localhost\ROOT.xml] has finished in [60] ms
06-May-2025 02:54:51.531 INFO [main] org.apache.catalina.startup.VersionLoggerListener.log Server version name:   Apache Tomcat/11.0.5
06-May-2025 02:54:51.533 INFO [main] org.apache.catalina.startup.VersionLoggerListener.log Server built:          Feb 28 2025 15:54:41 UTC
06-May-2025 02:54:51.533 INFO [main] org.apache.catalina.startup.VersionLoggerListener.log Server version number: 11.0.5.0
06-May-2025 02:54:51.534 INFO [main] org.apache.catalina.startup.VersionLoggerListener.log OS Name:               Windows 11
06-May-2025 02:54:51.534 INFO [main] org.apache.catalina.startup.VersionLoggerListener.log OS Version:            10.0
06-May-2025 02:54:51.534 INFO [main] org.apache.catalina.startup.VersionLoggerListener.log Architecture:          amd64
06-May-2025 02:54:51.534 INFO [main] org.apache.catalina.startup.VersionLoggerListener.log Java Home:             C:\Users\msi\.jdks\openjdk-24
06-May-2025 02:54:51.534 INFO [main] org.apache.catalina.startup.VersionLoggerListener.log JVM Version:           24+36-3646
06-May-2025 02:54:51.534 INFO [main] org.apache.catalina.startup.VersionLoggerListener.log JVM Vendor:            Oracle Corporation
06-May-2025 02:54:51.534 INFO [main] org.apache.catalina.startup.VersionLoggerListener.log CATALINA_BASE:         C:\Users\msi\Downloads\Food Delivery Website - Copy\Food Delivery Website - Copy
06-May-2025 02:54:51.534 INFO [main] org.apache.catalina.startup.VersionLoggerListener.log CATALINA_HOME:         C:\Program Files\Apache Software Foundation\Tomcat 11.0
06-May-2025 02:54:51.543 INFO [main] org.apache.catalina.startup.VersionLoggerListener.log Command line argument: --add-opens=java.base/java.lang=ALL-UNNAMED
06-May-2025 02:54:51.543 INFO [main] org.apache.catalina.startup.VersionLoggerListener.log Command line argument: --add-opens=java.base/java.io=ALL-UNNAMED
06-May-2025 02:54:51.543 INFO [main] org.apache.catalina.startup.VersionLoggerListener.log Command line argument: --add-opens=java.base/java.util=ALL-UNNAMED
06-May-2025 02:54:51.543 INFO [main] org.apache.catalina.startup.VersionLoggerListener.log Command line argument: --add-opens=java.base/java.util.concurrent=ALL-UNNAMED
06-May-2025 02:54:51.543 INFO [main] org.apache.catalina.startup.VersionLoggerListener.log Command line argument: --add-opens=java.rmi/sun.rmi.transport=ALL-UNNAMED
06-May-2025 02:54:51.543 INFO [main] org.apache.catalina.startup.VersionLoggerListener.log Command line argument: -Dcatalina.home=C:\Program Files\Apache Software Foundation\Tomcat 11.0
06-May-2025 02:54:51.543 INFO [main] org.apache.catalina.startup.VersionLoggerListener.log Command line argument: -Dcatalina.base=C:\Users\msi\Downloads\Food Delivery Website - Copy\Food Delivery Website - Copy
06-May-2025 02:54:51.543 INFO [main] org.apache.catalina.startup.VersionLoggerListener.log Command line argument: -Djava.io.tmpdir=C:\Users\msi\Downloads\Food Delivery Website - Copy\Food Delivery Website - Copy\temp
06-May-2025 02:54:51.543 INFO [main] org.apache.catalina.startup.VersionLoggerListener.log Command line argument: -Djava.util.logging.config.file=C:\Users\msi\Downloads\Food Delivery Website - Copy\Food Delivery Website - Copy\conf\logging.properties
06-May-2025 02:54:51.543 INFO [main] org.apache.catalina.startup.VersionLoggerListener.log Command line argument: -Djava.util.logging.manager=org.apache.juli.ClassLoaderLogManager
06-May-2025 02:54:51.543 INFO [main] org.apache.catalina.startup.VersionLoggerListener.log Command line argument: -javaagent:C:\Users\msi\AppData\Local\JetBrains\IntelliJ IDEA 2024.3.5\lib\idea_rt.jar=50546
06-May-2025 02:54:51.543 INFO [main] org.apache.catalina.startup.VersionLoggerListener.log Command line argument: -Dfile.encoding=UTF-8
06-May-2025 02:54:51.544 INFO [main] org.apache.catalina.startup.VersionLoggerListener.log Command line argument: -Dsun.stdout.encoding=UTF-8
06-May-2025 02:54:51.544 INFO [main] org.apache.catalina.startup.VersionLoggerListener.log Command line argument: -Dsun.stderr.encoding=UTF-8
06-May-2025 02:54:51.547 INFO [main] org.apache.catalina.core.AprLifecycleListener.lifecycleEvent The Apache Tomcat Native library which allows using OpenSSL was not found on the java.library.path: [C:\Users\msi\.jdks\openjdk-24\bin;C:\WINDOWS\Sun\Java\bin;C:\WINDOWS\system32;C:\WINDOWS;C:\Program Files\Common Files\Oracle\Java\javapath;C:\WINDOWS\system32;C:\WINDOWS;C:\WINDOWS\System32\Wbem;C:\WINDOWS\System32\WindowsPowerShell\v1.0\;C:\WINDOWS\System32\OpenSSH\;C:\Program Files\NVIDIA Corporation\NVIDIA NvDLISR;C:\Program Files\Git\cmd;C:\Users\msi\AppData\Local\Microsoft\WindowsApps;C:\Users\msi\AppData\Local\Programs\Microsoft VS Code\bin;;.]
06-May-2025 02:54:51.788 INFO [main] org.apache.coyote.AbstractProtocol.init Initializing ProtocolHandler ["http-nio-8080"]
06-May-2025 02:54:51.798 SEVERE [main] org.apache.catalina.util.LifecycleBase.handleSubClassException Failed to initialize component [Connector["http-nio-8080"]]
	org.apache.catalina.LifecycleException: Protocol handler initialization failed
		at org.apache.catalina.connector.Connector.initInternal(Connector.java:1056)
		at org.apache.catalina.util.LifecycleBase.init(LifecycleBase.java:122)
		at org.apache.catalina.core.StandardService.initInternal(StandardService.java:525)
		at org.apache.catalina.util.LifecycleBase.init(LifecycleBase.java:122)
		at org.apache.catalina.core.StandardServer.initInternal(StandardServer.java:953)
		at org.apache.catalina.util.LifecycleBase.init(LifecycleBase.java:122)
		at org.apache.catalina.startup.Catalina.load(Catalina.java:710)
		at org.apache.catalina.startup.Catalina.load(Catalina.java:733)
		at java.base/jdk.internal.reflect.DirectMethodHandleAccessor.invoke(DirectMethodHandleAccessor.java:104)
		at java.base/java.lang.reflect.Method.invoke(Method.java:565)
		at org.apache.catalina.startup.Bootstrap.load(Bootstrap.java:299)
		at org.apache.catalina.startup.Bootstrap.main(Bootstrap.java:469)
	Caused by: java.net.BindException: Address already in use: bind
		at java.base/sun.nio.ch.Net.bind0(Native Method)
		at java.base/sun.nio.ch.Net.bind(Net.java:511)
		at java.base/sun.nio.ch.ServerSocketChannelImpl.netBind(ServerSocketChannelImpl.java:335)
		at java.base/sun.nio.ch.ServerSocketChannelImpl.bind(ServerSocketChannelImpl.java:297)
		at org.apache.tomcat.util.net.NioEndpoint.initServerSocket(NioEndpoint.java:240)
		at org.apache.tomcat.util.net.NioEndpoint.bind(NioEndpoint.java:195)
		at org.apache.tomcat.util.net.AbstractEndpoint.bindWithCleanup(AbstractEndpoint.java:1472)
		at org.apache.tomcat.util.net.AbstractEndpoint.init(AbstractEndpoint.java:1485)
		at org.apache.coyote.AbstractProtocol.init(AbstractProtocol.java:633)
		at org.apache.coyote.http11.AbstractHttp11Protocol.init(AbstractHttp11Protocol.java:83)
		at org.apache.catalina.connector.Connector.initInternal(Connector.java:1054)
		... 11 more
06-May-2025 02:54:51.799 INFO [main] org.apache.catalina.startup.Catalina.load Server initialization in [458] milliseconds
06-May-2025 02:54:51.847 INFO [main] org.apache.catalina.core.StandardService.startInternal Starting service [Catalina]
06-May-2025 02:54:51.847 INFO [main] org.apache.catalina.core.StandardEngine.startInternal Starting Servlet engine: [Apache Tomcat/11.0.5]
06-May-2025 02:54:51.857 INFO [main] org.apache.catalina.startup.HostConfig.deployDescriptor Deploying deployment descriptor [C:\Users\msi\Downloads\Food Delivery Website - Copy\Food Delivery Website - Copy\conf\Catalina\localhost\ROOT.xml]
06-May-2025 02:54:52.245 INFO [main] org.apache.catalina.startup.HostConfig.deployDescriptor Deployment of deployment descriptor [C:\Users\msi\Downloads\Food Delivery Website - Copy\Food Delivery Website - Copy\conf\Catalina\localhost\ROOT.xml] has finished in [387] ms
06-May-2025 02:54:52.263 INFO [main] org.apache.catalina.startup.Catalina.start Server startup in [461] milliseconds
06-May-2025 02:54:52.273 SEVERE [main] org.apache.catalina.core.StandardServer.await Failed to create server shutdown socket on address [localhost] and port [8005] (base port [8005] and offset [0])
	java.net.BindException: Address already in use: bind
		at java.base/sun.nio.ch.Net.bind0(Native Method)
		at java.base/sun.nio.ch.Net.bind(Net.java:511)
		at java.base/sun.nio.ch.Net.bind(Net.java:500)
		at java.base/sun.nio.ch.NioSocketImpl.bind(NioSocketImpl.java:630)
		at java.base/java.net.ServerSocket.bind(ServerSocket.java:326)
		at java.base/java.net.ServerSocket.<init>(ServerSocket.java:222)
		at org.apache.catalina.core.StandardServer.await(StandardServer.java:532)
		at org.apache.catalina.startup.Catalina.await(Catalina.java:849)
		at org.apache.catalina.startup.Catalina.start(Catalina.java:797)
		at java.base/jdk.internal.reflect.DirectMethodHandleAccessor.invoke(DirectMethodHandleAccessor.java:104)
		at java.base/java.lang.reflect.Method.invoke(Method.java:565)
		at org.apache.catalina.startup.Bootstrap.start(Bootstrap.java:342)
		at org.apache.catalina.startup.Bootstrap.main(Bootstrap.java:470)
06-May-2025 02:54:52.274 INFO [main] org.apache.coyote.AbstractProtocol.pause Pausing ProtocolHandler ["http-nio-8080"]
06-May-2025 02:54:52.274 INFO [main] org.apache.catalina.core.StandardService.stopInternal Stopping service [Catalina]
06-May-2025 02:54:52.298 INFO [main] org.apache.coyote.AbstractProtocol.stop Stopping ProtocolHandler ["http-nio-8080"]
06-May-2025 02:54:52.299 INFO [main] org.apache.coyote.AbstractProtocol.destroy Destroying ProtocolHandler ["http-nio-8080"]
06-May-2025 02:55:01.206 INFO [Catalina-utility-1] org.apache.catalina.startup.HostConfig.undeploy Undeploying context []
06-May-2025 02:55:01.223 INFO [Catalina-utility-1] org.apache.catalina.startup.HostConfig.deployDescriptor Deploying deployment descriptor [C:\Users\msi\Downloads\Food Delivery Website - Copy\Food Delivery Website - Copy\conf\Catalina\localhost\ROOT.xml]
06-May-2025 02:55:01.315 INFO [Catalina-utility-1] org.apache.catalina.startup.HostConfig.deployDescriptor Deployment of deployment descriptor [C:\Users\msi\Downloads\Food Delivery Website - Copy\Food Delivery Website - Copy\conf\Catalina\localhost\ROOT.xml] has finished in [92] ms
06-May-2025 02:57:36.322 INFO [main] org.apache.catalina.startup.VersionLoggerListener.log Server version name:   Apache Tomcat/11.0.5
06-May-2025 02:57:36.326 INFO [main] org.apache.catalina.startup.VersionLoggerListener.log Server built:          Feb 28 2025 15:54:41 UTC
06-May-2025 02:57:36.326 INFO [main] org.apache.catalina.startup.VersionLoggerListener.log Server version number: 11.0.5.0
06-May-2025 02:57:36.326 INFO [main] org.apache.catalina.startup.VersionLoggerListener.log OS Name:               Windows 11
06-May-2025 02:57:36.326 INFO [main] org.apache.catalina.startup.VersionLoggerListener.log OS Version:            10.0
06-May-2025 02:57:36.326 INFO [main] org.apache.catalina.startup.VersionLoggerListener.log Architecture:          amd64
06-May-2025 02:57:36.326 INFO [main] org.apache.catalina.startup.VersionLoggerListener.log Java Home:             C:\Users\msi\.jdks\openjdk-24
06-May-2025 02:57:36.326 INFO [main] org.apache.catalina.startup.VersionLoggerListener.log JVM Version:           24+36-3646
06-May-2025 02:57:36.326 INFO [main] org.apache.catalina.startup.VersionLoggerListener.log JVM Vendor:            Oracle Corporation
06-May-2025 02:57:36.326 INFO [main] org.apache.catalina.startup.VersionLoggerListener.log CATALINA_BASE:         C:\Users\msi\Downloads\Food Delivery Website - Copy\Food Delivery Website - Copy
06-May-2025 02:57:36.327 INFO [main] org.apache.catalina.startup.VersionLoggerListener.log CATALINA_HOME:         C:\Program Files\Apache Software Foundation\Tomcat 11.0
06-May-2025 02:57:36.336 INFO [main] org.apache.catalina.startup.VersionLoggerListener.log Command line argument: --add-opens=java.base/java.lang=ALL-UNNAMED
06-May-2025 02:57:36.336 INFO [main] org.apache.catalina.startup.VersionLoggerListener.log Command line argument: --add-opens=java.base/java.io=ALL-UNNAMED
06-May-2025 02:57:36.336 INFO [main] org.apache.catalina.startup.VersionLoggerListener.log Command line argument: --add-opens=java.base/java.util=ALL-UNNAMED
06-May-2025 02:57:36.336 INFO [main] org.apache.catalina.startup.VersionLoggerListener.log Command line argument: --add-opens=java.base/java.util.concurrent=ALL-UNNAMED
06-May-2025 02:57:36.336 INFO [main] org.apache.catalina.startup.VersionLoggerListener.log Command line argument: --add-opens=java.rmi/sun.rmi.transport=ALL-UNNAMED
06-May-2025 02:57:36.336 INFO [main] org.apache.catalina.startup.VersionLoggerListener.log Command line argument: -Dcatalina.home=C:\Program Files\Apache Software Foundation\Tomcat 11.0
06-May-2025 02:57:36.336 INFO [main] org.apache.catalina.startup.VersionLoggerListener.log Command line argument: -Dcatalina.base=C:\Users\msi\Downloads\Food Delivery Website - Copy\Food Delivery Website - Copy
06-May-2025 02:57:36.336 INFO [main] org.apache.catalina.startup.VersionLoggerListener.log Command line argument: -Djava.io.tmpdir=C:\Users\msi\Downloads\Food Delivery Website - Copy\Food Delivery Website - Copy\temp
06-May-2025 02:57:36.336 INFO [main] org.apache.catalina.startup.VersionLoggerListener.log Command line argument: -Djava.util.logging.config.file=C:\Users\msi\Downloads\Food Delivery Website - Copy\Food Delivery Website - Copy\conf\logging.properties
06-May-2025 02:57:36.336 INFO [main] org.apache.catalina.startup.VersionLoggerListener.log Command line argument: -Djava.util.logging.manager=org.apache.juli.ClassLoaderLogManager
06-May-2025 02:57:36.336 INFO [main] org.apache.catalina.startup.VersionLoggerListener.log Command line argument: -javaagent:C:\Users\msi\AppData\Local\JetBrains\IntelliJ IDEA 2024.3.5\lib\idea_rt.jar=50664
06-May-2025 02:57:36.336 INFO [main] org.apache.catalina.startup.VersionLoggerListener.log Command line argument: -Dfile.encoding=UTF-8
06-May-2025 02:57:36.337 INFO [main] org.apache.catalina.startup.VersionLoggerListener.log Command line argument: -Dsun.stdout.encoding=UTF-8
06-May-2025 02:57:36.337 INFO [main] org.apache.catalina.startup.VersionLoggerListener.log Command line argument: -Dsun.stderr.encoding=UTF-8
06-May-2025 02:57:36.341 INFO [main] org.apache.catalina.core.AprLifecycleListener.lifecycleEvent The Apache Tomcat Native library which allows using OpenSSL was not found on the java.library.path: [C:\Users\msi\.jdks\openjdk-24\bin;C:\WINDOWS\Sun\Java\bin;C:\WINDOWS\system32;C:\WINDOWS;C:\Program Files\Common Files\Oracle\Java\javapath;C:\WINDOWS\system32;C:\WINDOWS;C:\WINDOWS\System32\Wbem;C:\WINDOWS\System32\WindowsPowerShell\v1.0\;C:\WINDOWS\System32\OpenSSH\;C:\Program Files\NVIDIA Corporation\NVIDIA NvDLISR;C:\Program Files\Git\cmd;C:\Users\msi\AppData\Local\Microsoft\WindowsApps;C:\Users\msi\AppData\Local\Programs\Microsoft VS Code\bin;;.]
06-May-2025 02:57:36.587 INFO [main] org.apache.coyote.AbstractProtocol.init Initializing ProtocolHandler ["http-nio-8080"]
06-May-2025 02:57:36.597 SEVERE [main] org.apache.catalina.util.LifecycleBase.handleSubClassException Failed to initialize component [Connector["http-nio-8080"]]
	org.apache.catalina.LifecycleException: Protocol handler initialization failed
		at org.apache.catalina.connector.Connector.initInternal(Connector.java:1056)
		at org.apache.catalina.util.LifecycleBase.init(LifecycleBase.java:122)
		at org.apache.catalina.core.StandardService.initInternal(StandardService.java:525)
		at org.apache.catalina.util.LifecycleBase.init(LifecycleBase.java:122)
		at org.apache.catalina.core.StandardServer.initInternal(StandardServer.java:953)
		at org.apache.catalina.util.LifecycleBase.init(LifecycleBase.java:122)
		at org.apache.catalina.startup.Catalina.load(Catalina.java:710)
		at org.apache.catalina.startup.Catalina.load(Catalina.java:733)
		at java.base/jdk.internal.reflect.DirectMethodHandleAccessor.invoke(DirectMethodHandleAccessor.java:104)
		at java.base/java.lang.reflect.Method.invoke(Method.java:565)
		at org.apache.catalina.startup.Bootstrap.load(Bootstrap.java:299)
		at org.apache.catalina.startup.Bootstrap.main(Bootstrap.java:469)
	Caused by: java.net.BindException: Address already in use: bind
		at java.base/sun.nio.ch.Net.bind0(Native Method)
		at java.base/sun.nio.ch.Net.bind(Net.java:511)
		at java.base/sun.nio.ch.ServerSocketChannelImpl.netBind(ServerSocketChannelImpl.java:335)
		at java.base/sun.nio.ch.ServerSocketChannelImpl.bind(ServerSocketChannelImpl.java:297)
		at org.apache.tomcat.util.net.NioEndpoint.initServerSocket(NioEndpoint.java:240)
		at org.apache.tomcat.util.net.NioEndpoint.bind(NioEndpoint.java:195)
		at org.apache.tomcat.util.net.AbstractEndpoint.bindWithCleanup(AbstractEndpoint.java:1472)
		at org.apache.tomcat.util.net.AbstractEndpoint.init(AbstractEndpoint.java:1485)
		at org.apache.coyote.AbstractProtocol.init(AbstractProtocol.java:633)
		at org.apache.coyote.http11.AbstractHttp11Protocol.init(AbstractHttp11Protocol.java:83)
		at org.apache.catalina.connector.Connector.initInternal(Connector.java:1054)
		... 11 more
06-May-2025 02:57:36.598 INFO [main] org.apache.catalina.startup.Catalina.load Server initialization in [442] milliseconds
06-May-2025 02:57:36.661 INFO [main] org.apache.catalina.core.StandardService.startInternal Starting service [Catalina]
06-May-2025 02:57:36.661 INFO [main] org.apache.catalina.core.StandardEngine.startInternal Starting Servlet engine: [Apache Tomcat/11.0.5]
06-May-2025 02:57:36.669 INFO [main] org.apache.catalina.startup.HostConfig.deployDescriptor Deploying deployment descriptor [C:\Users\msi\Downloads\Food Delivery Website - Copy\Food Delivery Website - Copy\conf\Catalina\localhost\ROOT.xml]
06-May-2025 02:57:37.048 INFO [main] org.apache.catalina.startup.HostConfig.deployDescriptor Deployment of deployment descriptor [C:\Users\msi\Downloads\Food Delivery Website - Copy\Food Delivery Website - Copy\conf\Catalina\localhost\ROOT.xml] has finished in [379] ms
06-May-2025 02:57:37.061 INFO [main] org.apache.catalina.startup.Catalina.start Server startup in [460] milliseconds
06-May-2025 02:57:37.069 SEVERE [main] org.apache.catalina.core.StandardServer.await Failed to create server shutdown socket on address [localhost] and port [8005] (base port [8005] and offset [0])
	java.net.BindException: Address already in use: bind
		at java.base/sun.nio.ch.Net.bind0(Native Method)
		at java.base/sun.nio.ch.Net.bind(Net.java:511)
		at java.base/sun.nio.ch.Net.bind(Net.java:500)
		at java.base/sun.nio.ch.NioSocketImpl.bind(NioSocketImpl.java:630)
		at java.base/java.net.ServerSocket.bind(ServerSocket.java:326)
		at java.base/java.net.ServerSocket.<init>(ServerSocket.java:222)
		at org.apache.catalina.core.StandardServer.await(StandardServer.java:532)
		at org.apache.catalina.startup.Catalina.await(Catalina.java:849)
		at org.apache.catalina.startup.Catalina.start(Catalina.java:797)
		at java.base/jdk.internal.reflect.DirectMethodHandleAccessor.invoke(DirectMethodHandleAccessor.java:104)
		at java.base/java.lang.reflect.Method.invoke(Method.java:565)
		at org.apache.catalina.startup.Bootstrap.start(Bootstrap.java:342)
		at org.apache.catalina.startup.Bootstrap.main(Bootstrap.java:470)
06-May-2025 02:57:37.069 INFO [main] org.apache.coyote.AbstractProtocol.pause Pausing ProtocolHandler ["http-nio-8080"]
06-May-2025 02:57:37.069 INFO [main] org.apache.catalina.core.StandardService.stopInternal Stopping service [Catalina]
06-May-2025 02:57:37.079 INFO [main] org.apache.coyote.AbstractProtocol.stop Stopping ProtocolHandler ["http-nio-8080"]
06-May-2025 02:57:37.080 INFO [main] org.apache.coyote.AbstractProtocol.destroy Destroying ProtocolHandler ["http-nio-8080"]
06-May-2025 02:57:41.346 INFO [Catalina-utility-1] org.apache.catalina.startup.HostConfig.undeploy Undeploying context []
06-May-2025 02:57:41.353 INFO [Catalina-utility-1] org.apache.catalina.startup.HostConfig.deployDescriptor Deploying deployment descriptor [C:\Users\msi\Downloads\Food Delivery Website - Copy\Food Delivery Website - Copy\conf\Catalina\localhost\ROOT.xml]
06-May-2025 02:57:41.390 INFO [Catalina-utility-1] org.apache.catalina.startup.HostConfig.deployDescriptor Deployment of deployment descriptor [C:\Users\msi\Downloads\Food Delivery Website - Copy\Food Delivery Website - Copy\conf\Catalina\localhost\ROOT.xml] has finished in [37] ms
06-May-2025 03:01:36.672 INFO [main] org.apache.catalina.startup.VersionLoggerListener.log Server version name:   Apache Tomcat/11.0.5
06-May-2025 03:01:36.676 INFO [main] org.apache.catalina.startup.VersionLoggerListener.log Server built:          Feb 28 2025 15:54:41 UTC
06-May-2025 03:01:36.676 INFO [main] org.apache.catalina.startup.VersionLoggerListener.log Server version number: 11.0.5.0
06-May-2025 03:01:36.676 INFO [main] org.apache.catalina.startup.VersionLoggerListener.log OS Name:               Windows 11
06-May-2025 03:01:36.677 INFO [main] org.apache.catalina.startup.VersionLoggerListener.log OS Version:            10.0
06-May-2025 03:01:36.677 INFO [main] org.apache.catalina.startup.VersionLoggerListener.log Architecture:          amd64
06-May-2025 03:01:36.677 INFO [main] org.apache.catalina.startup.VersionLoggerListener.log Java Home:             C:\Users\msi\.jdks\openjdk-24
06-May-2025 03:01:36.677 INFO [main] org.apache.catalina.startup.VersionLoggerListener.log JVM Version:           24+36-3646
06-May-2025 03:01:36.677 INFO [main] org.apache.catalina.startup.VersionLoggerListener.log JVM Vendor:            Oracle Corporation
06-May-2025 03:01:36.677 INFO [main] org.apache.catalina.startup.VersionLoggerListener.log CATALINA_BASE:         C:\Users\msi\Downloads\Food Delivery Website - Copy\Food Delivery Website - Copy
06-May-2025 03:01:36.677 INFO [main] org.apache.catalina.startup.VersionLoggerListener.log CATALINA_HOME:         C:\Program Files\Apache Software Foundation\Tomcat 11.0
06-May-2025 03:01:36.695 INFO [main] org.apache.catalina.startup.VersionLoggerListener.log Command line argument: --add-opens=java.base/java.lang=ALL-UNNAMED
06-May-2025 03:01:36.695 INFO [main] org.apache.catalina.startup.VersionLoggerListener.log Command line argument: --add-opens=java.base/java.io=ALL-UNNAMED
06-May-2025 03:01:36.696 INFO [main] org.apache.catalina.startup.VersionLoggerListener.log Command line argument: --add-opens=java.base/java.util=ALL-UNNAMED
06-May-2025 03:01:36.696 INFO [main] org.apache.catalina.startup.VersionLoggerListener.log Command line argument: --add-opens=java.base/java.util.concurrent=ALL-UNNAMED
06-May-2025 03:01:36.696 INFO [main] org.apache.catalina.startup.VersionLoggerListener.log Command line argument: --add-opens=java.rmi/sun.rmi.transport=ALL-UNNAMED
06-May-2025 03:01:36.696 INFO [main] org.apache.catalina.startup.VersionLoggerListener.log Command line argument: -Dcatalina.home=C:\Program Files\Apache Software Foundation\Tomcat 11.0
06-May-2025 03:01:36.696 INFO [main] org.apache.catalina.startup.VersionLoggerListener.log Command line argument: -Dcatalina.base=C:\Users\msi\Downloads\Food Delivery Website - Copy\Food Delivery Website - Copy
06-May-2025 03:01:36.696 INFO [main] org.apache.catalina.startup.VersionLoggerListener.log Command line argument: -Djava.io.tmpdir=C:\Users\msi\Downloads\Food Delivery Website - Copy\Food Delivery Website - Copy\temp
06-May-2025 03:01:36.696 INFO [main] org.apache.catalina.startup.VersionLoggerListener.log Command line argument: -Djava.util.logging.config.file=C:\Users\msi\Downloads\Food Delivery Website - Copy\Food Delivery Website - Copy\conf\logging.properties
06-May-2025 03:01:36.696 INFO [main] org.apache.catalina.startup.VersionLoggerListener.log Command line argument: -Djava.util.logging.manager=org.apache.juli.ClassLoaderLogManager
06-May-2025 03:01:36.696 INFO [main] org.apache.catalina.startup.VersionLoggerListener.log Command line argument: -javaagent:C:\Users\msi\AppData\Local\JetBrains\IntelliJ IDEA 2024.3.5\lib\idea_rt.jar=50791
06-May-2025 03:01:36.696 INFO [main] org.apache.catalina.startup.VersionLoggerListener.log Command line argument: -Dfile.encoding=UTF-8
06-May-2025 03:01:36.696 INFO [main] org.apache.catalina.startup.VersionLoggerListener.log Command line argument: -Dsun.stdout.encoding=UTF-8
06-May-2025 03:01:36.696 INFO [main] org.apache.catalina.startup.VersionLoggerListener.log Command line argument: -Dsun.stderr.encoding=UTF-8
06-May-2025 03:01:36.706 INFO [main] org.apache.catalina.core.AprLifecycleListener.lifecycleEvent The Apache Tomcat Native library which allows using OpenSSL was not found on the java.library.path: [C:\Users\msi\.jdks\openjdk-24\bin;C:\WINDOWS\Sun\Java\bin;C:\WINDOWS\system32;C:\WINDOWS;C:\Program Files\Common Files\Oracle\Java\javapath;C:\WINDOWS\system32;C:\WINDOWS;C:\WINDOWS\System32\Wbem;C:\WINDOWS\System32\WindowsPowerShell\v1.0\;C:\WINDOWS\System32\OpenSSH\;C:\Program Files\NVIDIA Corporation\NVIDIA NvDLISR;C:\Program Files\Git\cmd;C:\Users\msi\AppData\Local\Microsoft\WindowsApps;C:\Users\msi\AppData\Local\Programs\Microsoft VS Code\bin;;.]
06-May-2025 03:01:37.094 INFO [main] org.apache.coyote.AbstractProtocol.init Initializing ProtocolHandler ["http-nio-8080"]
06-May-2025 03:01:37.119 SEVERE [main] org.apache.catalina.util.LifecycleBase.handleSubClassException Failed to initialize component [Connector["http-nio-8080"]]
	org.apache.catalina.LifecycleException: Protocol handler initialization failed
		at org.apache.catalina.connector.Connector.initInternal(Connector.java:1056)
		at org.apache.catalina.util.LifecycleBase.init(LifecycleBase.java:122)
		at org.apache.catalina.core.StandardService.initInternal(StandardService.java:525)
		at org.apache.catalina.util.LifecycleBase.init(LifecycleBase.java:122)
		at org.apache.catalina.core.StandardServer.initInternal(StandardServer.java:953)
		at org.apache.catalina.util.LifecycleBase.init(LifecycleBase.java:122)
		at org.apache.catalina.startup.Catalina.load(Catalina.java:710)
		at org.apache.catalina.startup.Catalina.load(Catalina.java:733)
		at java.base/jdk.internal.reflect.DirectMethodHandleAccessor.invoke(DirectMethodHandleAccessor.java:104)
		at java.base/java.lang.reflect.Method.invoke(Method.java:565)
		at org.apache.catalina.startup.Bootstrap.load(Bootstrap.java:299)
		at org.apache.catalina.startup.Bootstrap.main(Bootstrap.java:469)
	Caused by: java.net.BindException: Address already in use: bind
		at java.base/sun.nio.ch.Net.bind0(Native Method)
		at java.base/sun.nio.ch.Net.bind(Net.java:511)
		at java.base/sun.nio.ch.ServerSocketChannelImpl.netBind(ServerSocketChannelImpl.java:335)
		at java.base/sun.nio.ch.ServerSocketChannelImpl.bind(ServerSocketChannelImpl.java:297)
		at org.apache.tomcat.util.net.NioEndpoint.initServerSocket(NioEndpoint.java:240)
		at org.apache.tomcat.util.net.NioEndpoint.bind(NioEndpoint.java:195)
		at org.apache.tomcat.util.net.AbstractEndpoint.bindWithCleanup(AbstractEndpoint.java:1472)
		at org.apache.tomcat.util.net.AbstractEndpoint.init(AbstractEndpoint.java:1485)
		at org.apache.coyote.AbstractProtocol.init(AbstractProtocol.java:633)
		at org.apache.coyote.http11.AbstractHttp11Protocol.init(AbstractHttp11Protocol.java:83)
		at org.apache.catalina.connector.Connector.initInternal(Connector.java:1054)
		... 11 more
06-May-2025 03:01:37.120 INFO [main] org.apache.catalina.startup.Catalina.load Server initialization in [673] milliseconds
06-May-2025 03:01:37.187 INFO [main] org.apache.catalina.core.StandardService.startInternal Starting service [Catalina]
06-May-2025 03:01:37.187 INFO [main] org.apache.catalina.core.StandardEngine.startInternal Starting Servlet engine: [Apache Tomcat/11.0.5]
06-May-2025 03:01:37.201 INFO [main] org.apache.catalina.startup.HostConfig.deployDescriptor Deploying deployment descriptor [C:\Users\msi\Downloads\Food Delivery Website - Copy\Food Delivery Website - Copy\conf\Catalina\localhost\ROOT.xml]
06-May-2025 03:01:37.686 INFO [main] org.apache.catalina.startup.HostConfig.deployDescriptor Deployment of deployment descriptor [C:\Users\msi\Downloads\Food Delivery Website - Copy\Food Delivery Website - Copy\conf\Catalina\localhost\ROOT.xml] has finished in [484] ms
06-May-2025 03:01:37.694 INFO [main] org.apache.catalina.startup.Catalina.start Server startup in [571] milliseconds
06-May-2025 03:01:37.710 SEVERE [main] org.apache.catalina.core.StandardServer.await Failed to create server shutdown socket on address [localhost] and port [8005] (base port [8005] and offset [0])
	java.net.BindException: Address already in use: bind
		at java.base/sun.nio.ch.Net.bind0(Native Method)
		at java.base/sun.nio.ch.Net.bind(Net.java:511)
		at java.base/sun.nio.ch.Net.bind(Net.java:500)
		at java.base/sun.nio.ch.NioSocketImpl.bind(NioSocketImpl.java:630)
		at java.base/java.net.ServerSocket.bind(ServerSocket.java:326)
		at java.base/java.net.ServerSocket.<init>(ServerSocket.java:222)
		at org.apache.catalina.core.StandardServer.await(StandardServer.java:532)
		at org.apache.catalina.startup.Catalina.await(Catalina.java:849)
		at org.apache.catalina.startup.Catalina.start(Catalina.java:797)
		at java.base/jdk.internal.reflect.DirectMethodHandleAccessor.invoke(DirectMethodHandleAccessor.java:104)
		at java.base/java.lang.reflect.Method.invoke(Method.java:565)
		at org.apache.catalina.startup.Bootstrap.start(Bootstrap.java:342)
		at org.apache.catalina.startup.Bootstrap.main(Bootstrap.java:470)
06-May-2025 03:01:37.711 INFO [main] org.apache.coyote.AbstractProtocol.pause Pausing ProtocolHandler ["http-nio-8080"]
06-May-2025 03:01:37.711 INFO [main] org.apache.catalina.core.StandardService.stopInternal Stopping service [Catalina]
06-May-2025 03:01:37.720 INFO [main] org.apache.coyote.AbstractProtocol.stop Stopping ProtocolHandler ["http-nio-8080"]
06-May-2025 03:01:37.721 INFO [main] org.apache.coyote.AbstractProtocol.destroy Destroying ProtocolHandler ["http-nio-8080"]
06-May-2025 03:01:42.881 INFO [Catalina-utility-2] org.apache.catalina.startup.HostConfig.undeploy Undeploying context []
06-May-2025 03:01:42.907 INFO [Catalina-utility-2] org.apache.catalina.startup.HostConfig.deployDescriptor Deploying deployment descriptor [C:\Users\msi\Downloads\Food Delivery Website - Copy\Food Delivery Website - Copy\conf\Catalina\localhost\ROOT.xml]
06-May-2025 03:01:43.052 INFO [Catalina-utility-2] org.apache.catalina.startup.HostConfig.deployDescriptor Deployment of deployment descriptor [C:\Users\msi\Downloads\Food Delivery Website - Copy\Food Delivery Website - Copy\conf\Catalina\localhost\ROOT.xml] has finished in [145] ms
06-May-2025 03:02:11.411 INFO [main] org.apache.catalina.startup.VersionLoggerListener.log Server version name:   Apache Tomcat/11.0.5
06-May-2025 03:02:11.414 INFO [main] org.apache.catalina.startup.VersionLoggerListener.log Server built:          Feb 28 2025 15:54:41 UTC
06-May-2025 03:02:11.414 INFO [main] org.apache.catalina.startup.VersionLoggerListener.log Server version number: 11.0.5.0
06-May-2025 03:02:11.414 INFO [main] org.apache.catalina.startup.VersionLoggerListener.log OS Name:               Windows 11
06-May-2025 03:02:11.414 INFO [main] org.apache.catalina.startup.VersionLoggerListener.log OS Version:            10.0
06-May-2025 03:02:11.414 INFO [main] org.apache.catalina.startup.VersionLoggerListener.log Architecture:          amd64
06-May-2025 03:02:11.414 INFO [main] org.apache.catalina.startup.VersionLoggerListener.log Java Home:             C:\Users\msi\.jdks\openjdk-24
06-May-2025 03:02:11.414 INFO [main] org.apache.catalina.startup.VersionLoggerListener.log JVM Version:           24+36-3646
06-May-2025 03:02:11.414 INFO [main] org.apache.catalina.startup.VersionLoggerListener.log JVM Vendor:            Oracle Corporation
06-May-2025 03:02:11.414 INFO [main] org.apache.catalina.startup.VersionLoggerListener.log CATALINA_BASE:         C:\Users\msi\Downloads\Food Delivery Website - Copy\Food Delivery Website - Copy
06-May-2025 03:02:11.415 INFO [main] org.apache.catalina.startup.VersionLoggerListener.log CATALINA_HOME:         C:\Program Files\Apache Software Foundation\Tomcat 11.0
06-May-2025 03:02:11.422 INFO [main] org.apache.catalina.startup.VersionLoggerListener.log Command line argument: --add-opens=java.base/java.lang=ALL-UNNAMED
06-May-2025 03:02:11.422 INFO [main] org.apache.catalina.startup.VersionLoggerListener.log Command line argument: --add-opens=java.base/java.io=ALL-UNNAMED
06-May-2025 03:02:11.422 INFO [main] org.apache.catalina.startup.VersionLoggerListener.log Command line argument: --add-opens=java.base/java.util=ALL-UNNAMED
06-May-2025 03:02:11.422 INFO [main] org.apache.catalina.startup.VersionLoggerListener.log Command line argument: --add-opens=java.base/java.util.concurrent=ALL-UNNAMED
06-May-2025 03:02:11.422 INFO [main] org.apache.catalina.startup.VersionLoggerListener.log Command line argument: --add-opens=java.rmi/sun.rmi.transport=ALL-UNNAMED
06-May-2025 03:02:11.422 INFO [main] org.apache.catalina.startup.VersionLoggerListener.log Command line argument: -Dcatalina.home=C:\Program Files\Apache Software Foundation\Tomcat 11.0
06-May-2025 03:02:11.422 INFO [main] org.apache.catalina.startup.VersionLoggerListener.log Command line argument: -Dcatalina.base=C:\Users\msi\Downloads\Food Delivery Website - Copy\Food Delivery Website - Copy
06-May-2025 03:02:11.422 INFO [main] org.apache.catalina.startup.VersionLoggerListener.log Command line argument: -Djava.io.tmpdir=C:\Users\msi\Downloads\Food Delivery Website - Copy\Food Delivery Website - Copy\temp
06-May-2025 03:02:11.422 INFO [main] org.apache.catalina.startup.VersionLoggerListener.log Command line argument: -Djava.util.logging.config.file=C:\Users\msi\Downloads\Food Delivery Website - Copy\Food Delivery Website - Copy\conf\logging.properties
06-May-2025 03:02:11.422 INFO [main] org.apache.catalina.startup.VersionLoggerListener.log Command line argument: -Djava.util.logging.manager=org.apache.juli.ClassLoaderLogManager
06-May-2025 03:02:11.422 INFO [main] org.apache.catalina.startup.VersionLoggerListener.log Command line argument: -javaagent:C:\Users\msi\AppData\Local\JetBrains\IntelliJ IDEA 2024.3.5\lib\idea_rt.jar=50815
06-May-2025 03:02:11.422 INFO [main] org.apache.catalina.startup.VersionLoggerListener.log Command line argument: -Dfile.encoding=UTF-8
06-May-2025 03:02:11.423 INFO [main] org.apache.catalina.startup.VersionLoggerListener.log Command line argument: -Dsun.stdout.encoding=UTF-8
06-May-2025 03:02:11.423 INFO [main] org.apache.catalina.startup.VersionLoggerListener.log Command line argument: -Dsun.stderr.encoding=UTF-8
06-May-2025 03:02:11.426 INFO [main] org.apache.catalina.core.AprLifecycleListener.lifecycleEvent The Apache Tomcat Native library which allows using OpenSSL was not found on the java.library.path: [C:\Users\msi\.jdks\openjdk-24\bin;C:\WINDOWS\Sun\Java\bin;C:\WINDOWS\system32;C:\WINDOWS;C:\Program Files\Common Files\Oracle\Java\javapath;C:\WINDOWS\system32;C:\WINDOWS;C:\WINDOWS\System32\Wbem;C:\WINDOWS\System32\WindowsPowerShell\v1.0\;C:\WINDOWS\System32\OpenSSH\;C:\Program Files\NVIDIA Corporation\NVIDIA NvDLISR;C:\Program Files\Git\cmd;C:\Users\msi\AppData\Local\Microsoft\WindowsApps;C:\Users\msi\AppData\Local\Programs\Microsoft VS Code\bin;;.]
06-May-2025 03:02:11.691 INFO [main] org.apache.coyote.AbstractProtocol.init Initializing ProtocolHandler ["http-nio-8080"]
06-May-2025 03:02:11.699 SEVERE [main] org.apache.catalina.util.LifecycleBase.handleSubClassException Failed to initialize component [Connector["http-nio-8080"]]
	org.apache.catalina.LifecycleException: Protocol handler initialization failed
		at org.apache.catalina.connector.Connector.initInternal(Connector.java:1056)
		at org.apache.catalina.util.LifecycleBase.init(LifecycleBase.java:122)
		at org.apache.catalina.core.StandardService.initInternal(StandardService.java:525)
		at org.apache.catalina.util.LifecycleBase.init(LifecycleBase.java:122)
		at org.apache.catalina.core.StandardServer.initInternal(StandardServer.java:953)
		at org.apache.catalina.util.LifecycleBase.init(LifecycleBase.java:122)
		at org.apache.catalina.startup.Catalina.load(Catalina.java:710)
		at org.apache.catalina.startup.Catalina.load(Catalina.java:733)
		at java.base/jdk.internal.reflect.DirectMethodHandleAccessor.invoke(DirectMethodHandleAccessor.java:104)
		at java.base/java.lang.reflect.Method.invoke(Method.java:565)
		at org.apache.catalina.startup.Bootstrap.load(Bootstrap.java:299)
		at org.apache.catalina.startup.Bootstrap.main(Bootstrap.java:469)
	Caused by: java.net.BindException: Address already in use: bind
		at java.base/sun.nio.ch.Net.bind0(Native Method)
		at java.base/sun.nio.ch.Net.bind(Net.java:511)
		at java.base/sun.nio.ch.ServerSocketChannelImpl.netBind(ServerSocketChannelImpl.java:335)
		at java.base/sun.nio.ch.ServerSocketChannelImpl.bind(ServerSocketChannelImpl.java:297)
		at org.apache.tomcat.util.net.NioEndpoint.initServerSocket(NioEndpoint.java:240)
		at org.apache.tomcat.util.net.NioEndpoint.bind(NioEndpoint.java:195)
		at org.apache.tomcat.util.net.AbstractEndpoint.bindWithCleanup(AbstractEndpoint.java:1472)
		at org.apache.tomcat.util.net.AbstractEndpoint.init(AbstractEndpoint.java:1485)
		at org.apache.coyote.AbstractProtocol.init(AbstractProtocol.java:633)
		at org.apache.coyote.http11.AbstractHttp11Protocol.init(AbstractHttp11Protocol.java:83)
		at org.apache.catalina.connector.Connector.initInternal(Connector.java:1054)
		... 11 more
06-May-2025 03:02:11.701 INFO [main] org.apache.catalina.startup.Catalina.load Server initialization in [455] milliseconds
06-May-2025 03:02:11.756 INFO [main] org.apache.catalina.core.StandardService.startInternal Starting service [Catalina]
06-May-2025 03:02:11.756 INFO [main] org.apache.catalina.core.StandardEngine.startInternal Starting Servlet engine: [Apache Tomcat/11.0.5]
06-May-2025 03:02:11.767 INFO [main] org.apache.catalina.startup.HostConfig.deployDescriptor Deploying deployment descriptor [C:\Users\msi\Downloads\Food Delivery Website - Copy\Food Delivery Website - Copy\conf\Catalina\localhost\ROOT.xml]
06-May-2025 03:02:12.114 INFO [main] org.apache.catalina.startup.HostConfig.deployDescriptor Deployment of deployment descriptor [C:\Users\msi\Downloads\Food Delivery Website - Copy\Food Delivery Website - Copy\conf\Catalina\localhost\ROOT.xml] has finished in [346] ms
06-May-2025 03:02:12.126 INFO [main] org.apache.catalina.startup.Catalina.start Server startup in [421] milliseconds
06-May-2025 03:02:12.132 SEVERE [main] org.apache.catalina.core.StandardServer.await Failed to create server shutdown socket on address [localhost] and port [8005] (base port [8005] and offset [0])
	java.net.BindException: Address already in use: bind
		at java.base/sun.nio.ch.Net.bind0(Native Method)
		at java.base/sun.nio.ch.Net.bind(Net.java:511)
		at java.base/sun.nio.ch.Net.bind(Net.java:500)
		at java.base/sun.nio.ch.NioSocketImpl.bind(NioSocketImpl.java:630)
		at java.base/java.net.ServerSocket.bind(ServerSocket.java:326)
		at java.base/java.net.ServerSocket.<init>(ServerSocket.java:222)
		at org.apache.catalina.core.StandardServer.await(StandardServer.java:532)
		at org.apache.catalina.startup.Catalina.await(Catalina.java:849)
		at org.apache.catalina.startup.Catalina.start(Catalina.java:797)
		at java.base/jdk.internal.reflect.DirectMethodHandleAccessor.invoke(DirectMethodHandleAccessor.java:104)
		at java.base/java.lang.reflect.Method.invoke(Method.java:565)
		at org.apache.catalina.startup.Bootstrap.start(Bootstrap.java:342)
		at org.apache.catalina.startup.Bootstrap.main(Bootstrap.java:470)
06-May-2025 03:02:12.133 INFO [main] org.apache.coyote.AbstractProtocol.pause Pausing ProtocolHandler ["http-nio-8080"]
06-May-2025 03:02:12.133 INFO [main] org.apache.catalina.core.StandardService.stopInternal Stopping service [Catalina]
06-May-2025 03:02:12.140 INFO [main] org.apache.coyote.AbstractProtocol.stop Stopping ProtocolHandler ["http-nio-8080"]
06-May-2025 03:02:12.140 INFO [main] org.apache.coyote.AbstractProtocol.destroy Destroying ProtocolHandler ["http-nio-8080"]
06-May-2025 03:02:13.266 INFO [Catalina-utility-1] org.apache.catalina.startup.HostConfig.undeploy Undeploying context []
06-May-2025 03:02:13.462 INFO [Catalina-utility-1] org.apache.catalina.startup.HostConfig.deployDescriptor Deploying deployment descriptor [C:\Users\msi\Downloads\Food Delivery Website - Copy\Food Delivery Website - Copy\conf\Catalina\localhost\ROOT.xml]
06-May-2025 03:02:13.984 INFO [Catalina-utility-1] org.apache.catalina.startup.HostConfig.deployDescriptor Deployment of deployment descriptor [C:\Users\msi\Downloads\Food Delivery Website - Copy\Food Delivery Website - Copy\conf\Catalina\localhost\ROOT.xml] has finished in [522] ms
