08-May-2025 00:00:42.104 INFO [main] org.apache.catalina.startup.VersionLoggerListener.log Server version name:   Apache Tomcat/11.0.5
08-May-2025 00:00:42.108 INFO [main] org.apache.catalina.startup.VersionLoggerListener.log Server built:          Feb 28 2025 15:54:41 UTC
08-May-2025 00:00:42.108 INFO [main] org.apache.catalina.startup.VersionLoggerListener.log Server version number: 11.0.5.0
08-May-2025 00:00:42.109 INFO [main] org.apache.catalina.startup.VersionLoggerListener.log OS Name:               Windows 11
08-May-2025 00:00:42.109 INFO [main] org.apache.catalina.startup.VersionLoggerListener.log OS Version:            10.0
08-May-2025 00:00:42.109 INFO [main] org.apache.catalina.startup.VersionLoggerListener.log Architecture:          amd64
08-May-2025 00:00:42.118 INFO [main] org.apache.catalina.startup.VersionLoggerListener.log Java Home:             C:\Users\msi\.jdks\openjdk-24
08-May-2025 00:00:42.118 INFO [main] org.apache.catalina.startup.VersionLoggerListener.log JVM Version:           24+36-3646
08-May-2025 00:00:42.118 INFO [main] org.apache.catalina.startup.VersionLoggerListener.log JVM Vendor:            Oracle Corporation
08-May-2025 00:00:42.118 INFO [main] org.apache.catalina.startup.VersionLoggerListener.log CATALINA_BASE:         C:\Users\msi\Downloads\Food Delivery Website - Copy\Food Delivery Website - Copy
08-May-2025 00:00:42.118 INFO [main] org.apache.catalina.startup.VersionLoggerListener.log CATALINA_HOME:         C:\Program Files\Apache Software Foundation\Tomcat 11.0
08-May-2025 00:00:42.137 INFO [main] org.apache.catalina.startup.VersionLoggerListener.log Command line argument: --add-opens=java.base/java.lang=ALL-UNNAMED
08-May-2025 00:00:42.137 INFO [main] org.apache.catalina.startup.VersionLoggerListener.log Command line argument: --add-opens=java.base/java.io=ALL-UNNAMED
08-May-2025 00:00:42.137 INFO [main] org.apache.catalina.startup.VersionLoggerListener.log Command line argument: --add-opens=java.base/java.util=ALL-UNNAMED
08-May-2025 00:00:42.139 INFO [main] org.apache.catalina.startup.VersionLoggerListener.log Command line argument: --add-opens=java.base/java.util.concurrent=ALL-UNNAMED
08-May-2025 00:00:42.139 INFO [main] org.apache.catalina.startup.VersionLoggerListener.log Command line argument: --add-opens=java.rmi/sun.rmi.transport=ALL-UNNAMED
08-May-2025 00:00:42.139 INFO [main] org.apache.catalina.startup.VersionLoggerListener.log Command line argument: -Dcatalina.home=C:\Program Files\Apache Software Foundation\Tomcat 11.0
08-May-2025 00:00:42.139 INFO [main] org.apache.catalina.startup.VersionLoggerListener.log Command line argument: -Dcatalina.base=C:\Users\msi\Downloads\Food Delivery Website - Copy\Food Delivery Website - Copy
08-May-2025 00:00:42.139 INFO [main] org.apache.catalina.startup.VersionLoggerListener.log Command line argument: -Djava.io.tmpdir=C:\Users\msi\Downloads\Food Delivery Website - Copy\Food Delivery Website - Copy\temp
08-May-2025 00:00:42.139 INFO [main] org.apache.catalina.startup.VersionLoggerListener.log Command line argument: -Djava.util.logging.config.file=C:\Users\msi\Downloads\Food Delivery Website - Copy\Food Delivery Website - Copy\conf\logging.properties
08-May-2025 00:00:42.140 INFO [main] org.apache.catalina.startup.VersionLoggerListener.log Command line argument: -Djava.util.logging.manager=org.apache.juli.ClassLoaderLogManager
08-May-2025 00:00:42.140 INFO [main] org.apache.catalina.startup.VersionLoggerListener.log Command line argument: -javaagent:C:\Users\msi\AppData\Local\JetBrains\IntelliJ IDEA 2024.3.5\lib\idea_rt.jar=57382
08-May-2025 00:00:42.140 INFO [main] org.apache.catalina.startup.VersionLoggerListener.log Command line argument: -Dfile.encoding=UTF-8
08-May-2025 00:00:42.140 INFO [main] org.apache.catalina.startup.VersionLoggerListener.log Command line argument: -Dsun.stdout.encoding=UTF-8
08-May-2025 00:00:42.140 INFO [main] org.apache.catalina.startup.VersionLoggerListener.log Command line argument: -Dsun.stderr.encoding=UTF-8
08-May-2025 00:00:42.149 INFO [main] org.apache.catalina.core.AprLifecycleListener.lifecycleEvent The Apache Tomcat Native library which allows using OpenSSL was not found on the java.library.path: [C:\Users\msi\.jdks\openjdk-24\bin;C:\WINDOWS\Sun\Java\bin;C:\WINDOWS\system32;C:\WINDOWS;C:\Program Files\Common Files\Oracle\Java\javapath;C:\WINDOWS\system32;C:\WINDOWS;C:\WINDOWS\System32\Wbem;C:\WINDOWS\System32\WindowsPowerShell\v1.0\;C:\WINDOWS\System32\OpenSSH\;C:\Program Files\NVIDIA Corporation\NVIDIA NvDLISR;C:\Program Files\Git\cmd;C:\Users\msi\AppData\Local\Microsoft\WindowsApps;C:\Users\msi\AppData\Local\Programs\Microsoft VS Code\bin;;.]
08-May-2025 00:00:42.435 INFO [main] org.apache.coyote.AbstractProtocol.init Initializing ProtocolHandler ["http-nio-8080"]
08-May-2025 00:00:42.443 SEVERE [main] org.apache.catalina.util.LifecycleBase.handleSubClassException Failed to initialize component [Connector["http-nio-8080"]]
	org.apache.catalina.LifecycleException: Protocol handler initialization failed
		at org.apache.catalina.connector.Connector.initInternal(Connector.java:1056)
		at org.apache.catalina.util.LifecycleBase.init(LifecycleBase.java:122)
		at org.apache.catalina.core.StandardService.initInternal(StandardService.java:525)
		at org.apache.catalina.util.LifecycleBase.init(LifecycleBase.java:122)
		at org.apache.catalina.core.StandardServer.initInternal(StandardServer.java:953)
		at org.apache.catalina.util.LifecycleBase.init(LifecycleBase.java:122)
		at org.apache.catalina.startup.Catalina.load(Catalina.java:710)
		at org.apache.catalina.startup.Catalina.load(Catalina.java:733)
		at java.base/jdk.internal.reflect.DirectMethodHandleAccessor.invoke(DirectMethodHandleAccessor.java:104)
		at java.base/java.lang.reflect.Method.invoke(Method.java:565)
		at org.apache.catalina.startup.Bootstrap.load(Bootstrap.java:299)
		at org.apache.catalina.startup.Bootstrap.main(Bootstrap.java:469)
	Caused by: java.net.BindException: Address already in use: bind
		at java.base/sun.nio.ch.Net.bind0(Native Method)
		at java.base/sun.nio.ch.Net.bind(Net.java:511)
		at java.base/sun.nio.ch.ServerSocketChannelImpl.netBind(ServerSocketChannelImpl.java:335)
		at java.base/sun.nio.ch.ServerSocketChannelImpl.bind(ServerSocketChannelImpl.java:297)
		at org.apache.tomcat.util.net.NioEndpoint.initServerSocket(NioEndpoint.java:240)
		at org.apache.tomcat.util.net.NioEndpoint.bind(NioEndpoint.java:195)
		at org.apache.tomcat.util.net.AbstractEndpoint.bindWithCleanup(AbstractEndpoint.java:1472)
		at org.apache.tomcat.util.net.AbstractEndpoint.init(AbstractEndpoint.java:1485)
		at org.apache.coyote.AbstractProtocol.init(AbstractProtocol.java:633)
		at org.apache.coyote.http11.AbstractHttp11Protocol.init(AbstractHttp11Protocol.java:83)
		at org.apache.catalina.connector.Connector.initInternal(Connector.java:1054)
		... 11 more
08-May-2025 00:00:42.444 INFO [main] org.apache.catalina.startup.Catalina.load Server initialization in [541] milliseconds
08-May-2025 00:00:42.484 INFO [main] org.apache.catalina.core.StandardService.startInternal Starting service [Catalina]
08-May-2025 00:00:42.484 INFO [main] org.apache.catalina.core.StandardEngine.startInternal Starting Servlet engine: [Apache Tomcat/11.0.5]
08-May-2025 00:00:42.493 INFO [main] org.apache.catalina.startup.HostConfig.deployDescriptor Deploying deployment descriptor [C:\Users\msi\Downloads\Food Delivery Website - Copy\Food Delivery Website - Copy\conf\Catalina\localhost\ROOT.xml]
08-May-2025 00:00:42.830 INFO [main] org.apache.catalina.startup.HostConfig.deployDescriptor Deployment of deployment descriptor [C:\Users\msi\Downloads\Food Delivery Website - Copy\Food Delivery Website - Copy\conf\Catalina\localhost\ROOT.xml] has finished in [336] ms
08-May-2025 00:00:42.841 INFO [main] org.apache.catalina.startup.Catalina.start Server startup in [395] milliseconds
08-May-2025 00:00:42.847 SEVERE [main] org.apache.catalina.core.StandardServer.await Failed to create server shutdown socket on address [localhost] and port [8005] (base port [8005] and offset [0])
	java.net.BindException: Address already in use: bind
		at java.base/sun.nio.ch.Net.bind0(Native Method)
		at java.base/sun.nio.ch.Net.bind(Net.java:511)
		at java.base/sun.nio.ch.Net.bind(Net.java:500)
		at java.base/sun.nio.ch.NioSocketImpl.bind(NioSocketImpl.java:630)
		at java.base/java.net.ServerSocket.bind(ServerSocket.java:326)
		at java.base/java.net.ServerSocket.<init>(ServerSocket.java:222)
		at org.apache.catalina.core.StandardServer.await(StandardServer.java:532)
		at org.apache.catalina.startup.Catalina.await(Catalina.java:849)
		at org.apache.catalina.startup.Catalina.start(Catalina.java:797)
		at java.base/jdk.internal.reflect.DirectMethodHandleAccessor.invoke(DirectMethodHandleAccessor.java:104)
		at java.base/java.lang.reflect.Method.invoke(Method.java:565)
		at org.apache.catalina.startup.Bootstrap.start(Bootstrap.java:342)
		at org.apache.catalina.startup.Bootstrap.main(Bootstrap.java:470)
08-May-2025 00:00:42.847 INFO [main] org.apache.coyote.AbstractProtocol.pause Pausing ProtocolHandler ["http-nio-8080"]
08-May-2025 00:00:42.847 INFO [main] org.apache.catalina.core.StandardService.stopInternal Stopping service [Catalina]
08-May-2025 00:00:42.855 INFO [main] org.apache.coyote.AbstractProtocol.stop Stopping ProtocolHandler ["http-nio-8080"]
08-May-2025 00:00:42.856 INFO [main] org.apache.coyote.AbstractProtocol.destroy Destroying ProtocolHandler ["http-nio-8080"]
08-May-2025 00:00:45.595 INFO [Catalina-utility-2] org.apache.catalina.startup.HostConfig.undeploy Undeploying context []
08-May-2025 00:00:45.618 INFO [Catalina-utility-2] org.apache.catalina.startup.HostConfig.deployDescriptor Deploying deployment descriptor [C:\Users\msi\Downloads\Food Delivery Website - Copy\Food Delivery Website - Copy\conf\Catalina\localhost\ROOT.xml]
08-May-2025 00:00:45.688 INFO [Catalina-utility-2] org.apache.catalina.startup.HostConfig.deployDescriptor Deployment of deployment descriptor [C:\Users\msi\Downloads\Food Delivery Website - Copy\Food Delivery Website - Copy\conf\Catalina\localhost\ROOT.xml] has finished in [72] ms
08-May-2025 00:09:34.928 INFO [main] org.apache.catalina.startup.VersionLoggerListener.log Server version name:   Apache Tomcat/11.0.5
08-May-2025 00:09:34.930 INFO [main] org.apache.catalina.startup.VersionLoggerListener.log Server built:          Feb 28 2025 15:54:41 UTC
08-May-2025 00:09:34.930 INFO [main] org.apache.catalina.startup.VersionLoggerListener.log Server version number: 11.0.5.0
08-May-2025 00:09:34.930 INFO [main] org.apache.catalina.startup.VersionLoggerListener.log OS Name:               Windows 11
08-May-2025 00:09:34.930 INFO [main] org.apache.catalina.startup.VersionLoggerListener.log OS Version:            10.0
08-May-2025 00:09:34.930 INFO [main] org.apache.catalina.startup.VersionLoggerListener.log Architecture:          amd64
08-May-2025 00:09:34.930 INFO [main] org.apache.catalina.startup.VersionLoggerListener.log Java Home:             C:\Users\msi\.jdks\openjdk-24
08-May-2025 00:09:34.930 INFO [main] org.apache.catalina.startup.VersionLoggerListener.log JVM Version:           24+36-3646
08-May-2025 00:09:34.931 INFO [main] org.apache.catalina.startup.VersionLoggerListener.log JVM Vendor:            Oracle Corporation
08-May-2025 00:09:34.931 INFO [main] org.apache.catalina.startup.VersionLoggerListener.log CATALINA_BASE:         C:\Users\msi\Downloads\Food Delivery Website - Copy\Food Delivery Website - Copy
08-May-2025 00:09:34.931 INFO [main] org.apache.catalina.startup.VersionLoggerListener.log CATALINA_HOME:         C:\Program Files\Apache Software Foundation\Tomcat 11.0
08-May-2025 00:09:34.939 INFO [main] org.apache.catalina.startup.VersionLoggerListener.log Command line argument: --add-opens=java.base/java.lang=ALL-UNNAMED
08-May-2025 00:09:34.939 INFO [main] org.apache.catalina.startup.VersionLoggerListener.log Command line argument: --add-opens=java.base/java.io=ALL-UNNAMED
08-May-2025 00:09:34.939 INFO [main] org.apache.catalina.startup.VersionLoggerListener.log Command line argument: --add-opens=java.base/java.util=ALL-UNNAMED
08-May-2025 00:09:34.939 INFO [main] org.apache.catalina.startup.VersionLoggerListener.log Command line argument: --add-opens=java.base/java.util.concurrent=ALL-UNNAMED
08-May-2025 00:09:34.939 INFO [main] org.apache.catalina.startup.VersionLoggerListener.log Command line argument: --add-opens=java.rmi/sun.rmi.transport=ALL-UNNAMED
08-May-2025 00:09:34.939 INFO [main] org.apache.catalina.startup.VersionLoggerListener.log Command line argument: -Dcatalina.home=C:\Program Files\Apache Software Foundation\Tomcat 11.0
08-May-2025 00:09:34.939 INFO [main] org.apache.catalina.startup.VersionLoggerListener.log Command line argument: -Dcatalina.base=C:\Users\msi\Downloads\Food Delivery Website - Copy\Food Delivery Website - Copy
08-May-2025 00:09:34.939 INFO [main] org.apache.catalina.startup.VersionLoggerListener.log Command line argument: -Djava.io.tmpdir=C:\Users\msi\Downloads\Food Delivery Website - Copy\Food Delivery Website - Copy\temp
08-May-2025 00:09:34.939 INFO [main] org.apache.catalina.startup.VersionLoggerListener.log Command line argument: -Djava.util.logging.config.file=C:\Users\msi\Downloads\Food Delivery Website - Copy\Food Delivery Website - Copy\conf\logging.properties
08-May-2025 00:09:34.939 INFO [main] org.apache.catalina.startup.VersionLoggerListener.log Command line argument: -Djava.util.logging.manager=org.apache.juli.ClassLoaderLogManager
08-May-2025 00:09:34.940 INFO [main] org.apache.catalina.startup.VersionLoggerListener.log Command line argument: -javaagent:C:\Users\msi\AppData\Local\JetBrains\IntelliJ IDEA 2024.3.5\lib\idea_rt.jar=57504
08-May-2025 00:09:34.940 INFO [main] org.apache.catalina.startup.VersionLoggerListener.log Command line argument: -Dfile.encoding=UTF-8
08-May-2025 00:09:34.940 INFO [main] org.apache.catalina.startup.VersionLoggerListener.log Command line argument: -Dsun.stdout.encoding=UTF-8
08-May-2025 00:09:34.940 INFO [main] org.apache.catalina.startup.VersionLoggerListener.log Command line argument: -Dsun.stderr.encoding=UTF-8
08-May-2025 00:09:34.944 INFO [main] org.apache.catalina.core.AprLifecycleListener.lifecycleEvent The Apache Tomcat Native library which allows using OpenSSL was not found on the java.library.path: [C:\Users\msi\.jdks\openjdk-24\bin;C:\WINDOWS\Sun\Java\bin;C:\WINDOWS\system32;C:\WINDOWS;C:\Program Files\Common Files\Oracle\Java\javapath;C:\WINDOWS\system32;C:\WINDOWS;C:\WINDOWS\System32\Wbem;C:\WINDOWS\System32\WindowsPowerShell\v1.0\;C:\WINDOWS\System32\OpenSSH\;C:\Program Files\NVIDIA Corporation\NVIDIA NvDLISR;C:\Program Files\Git\cmd;C:\Users\msi\AppData\Local\Microsoft\WindowsApps;C:\Users\msi\AppData\Local\Programs\Microsoft VS Code\bin;;.]
08-May-2025 00:09:35.207 INFO [main] org.apache.coyote.AbstractProtocol.init Initializing ProtocolHandler ["http-nio-8080"]
08-May-2025 00:09:35.215 SEVERE [main] org.apache.catalina.util.LifecycleBase.handleSubClassException Failed to initialize component [Connector["http-nio-8080"]]
	org.apache.catalina.LifecycleException: Protocol handler initialization failed
		at org.apache.catalina.connector.Connector.initInternal(Connector.java:1056)
		at org.apache.catalina.util.LifecycleBase.init(LifecycleBase.java:122)
		at org.apache.catalina.core.StandardService.initInternal(StandardService.java:525)
		at org.apache.catalina.util.LifecycleBase.init(LifecycleBase.java:122)
		at org.apache.catalina.core.StandardServer.initInternal(StandardServer.java:953)
		at org.apache.catalina.util.LifecycleBase.init(LifecycleBase.java:122)
		at org.apache.catalina.startup.Catalina.load(Catalina.java:710)
		at org.apache.catalina.startup.Catalina.load(Catalina.java:733)
		at java.base/jdk.internal.reflect.DirectMethodHandleAccessor.invoke(DirectMethodHandleAccessor.java:104)
		at java.base/java.lang.reflect.Method.invoke(Method.java:565)
		at org.apache.catalina.startup.Bootstrap.load(Bootstrap.java:299)
		at org.apache.catalina.startup.Bootstrap.main(Bootstrap.java:469)
	Caused by: java.net.BindException: Address already in use: bind
		at java.base/sun.nio.ch.Net.bind0(Native Method)
		at java.base/sun.nio.ch.Net.bind(Net.java:511)
		at java.base/sun.nio.ch.ServerSocketChannelImpl.netBind(ServerSocketChannelImpl.java:335)
		at java.base/sun.nio.ch.ServerSocketChannelImpl.bind(ServerSocketChannelImpl.java:297)
		at org.apache.tomcat.util.net.NioEndpoint.initServerSocket(NioEndpoint.java:240)
		at org.apache.tomcat.util.net.NioEndpoint.bind(NioEndpoint.java:195)
		at org.apache.tomcat.util.net.AbstractEndpoint.bindWithCleanup(AbstractEndpoint.java:1472)
		at org.apache.tomcat.util.net.AbstractEndpoint.init(AbstractEndpoint.java:1485)
		at org.apache.coyote.AbstractProtocol.init(AbstractProtocol.java:633)
		at org.apache.coyote.http11.AbstractHttp11Protocol.init(AbstractHttp11Protocol.java:83)
		at org.apache.catalina.connector.Connector.initInternal(Connector.java:1054)
		... 11 more
08-May-2025 00:09:35.216 INFO [main] org.apache.catalina.startup.Catalina.load Server initialization in [453] milliseconds
08-May-2025 00:09:35.272 INFO [main] org.apache.catalina.core.StandardService.startInternal Starting service [Catalina]
08-May-2025 00:09:35.272 INFO [main] org.apache.catalina.core.StandardEngine.startInternal Starting Servlet engine: [Apache Tomcat/11.0.5]
08-May-2025 00:09:35.280 INFO [main] org.apache.catalina.startup.HostConfig.deployDescriptor Deploying deployment descriptor [C:\Users\msi\Downloads\Food Delivery Website - Copy\Food Delivery Website - Copy\conf\Catalina\localhost\ROOT.xml]
08-May-2025 00:09:35.636 INFO [main] org.apache.catalina.startup.HostConfig.deployDescriptor Deployment of deployment descriptor [C:\Users\msi\Downloads\Food Delivery Website - Copy\Food Delivery Website - Copy\conf\Catalina\localhost\ROOT.xml] has finished in [355] ms
08-May-2025 00:09:35.650 INFO [main] org.apache.catalina.startup.Catalina.start Server startup in [431] milliseconds
08-May-2025 00:09:35.656 SEVERE [main] org.apache.catalina.core.StandardServer.await Failed to create server shutdown socket on address [localhost] and port [8005] (base port [8005] and offset [0])
	java.net.BindException: Address already in use: bind
		at java.base/sun.nio.ch.Net.bind0(Native Method)
		at java.base/sun.nio.ch.Net.bind(Net.java:511)
		at java.base/sun.nio.ch.Net.bind(Net.java:500)
		at java.base/sun.nio.ch.NioSocketImpl.bind(NioSocketImpl.java:630)
		at java.base/java.net.ServerSocket.bind(ServerSocket.java:326)
		at java.base/java.net.ServerSocket.<init>(ServerSocket.java:222)
		at org.apache.catalina.core.StandardServer.await(StandardServer.java:532)
		at org.apache.catalina.startup.Catalina.await(Catalina.java:849)
		at org.apache.catalina.startup.Catalina.start(Catalina.java:797)
		at java.base/jdk.internal.reflect.DirectMethodHandleAccessor.invoke(DirectMethodHandleAccessor.java:104)
		at java.base/java.lang.reflect.Method.invoke(Method.java:565)
		at org.apache.catalina.startup.Bootstrap.start(Bootstrap.java:342)
		at org.apache.catalina.startup.Bootstrap.main(Bootstrap.java:470)
08-May-2025 00:09:35.656 INFO [main] org.apache.coyote.AbstractProtocol.pause Pausing ProtocolHandler ["http-nio-8080"]
08-May-2025 00:09:35.657 INFO [main] org.apache.catalina.core.StandardService.stopInternal Stopping service [Catalina]
08-May-2025 00:09:35.664 INFO [main] org.apache.coyote.AbstractProtocol.stop Stopping ProtocolHandler ["http-nio-8080"]
08-May-2025 00:09:35.664 INFO [main] org.apache.coyote.AbstractProtocol.destroy Destroying ProtocolHandler ["http-nio-8080"]
08-May-2025 00:09:37.012 INFO [Catalina-utility-1] org.apache.catalina.startup.HostConfig.undeploy Undeploying context []
08-May-2025 00:09:37.020 INFO [Catalina-utility-1] org.apache.catalina.startup.HostConfig.deployDescriptor Deploying deployment descriptor [C:\Users\msi\Downloads\Food Delivery Website - Copy\Food Delivery Website - Copy\conf\Catalina\localhost\ROOT.xml]
08-May-2025 00:09:37.064 INFO [Catalina-utility-1] org.apache.catalina.startup.HostConfig.deployDescriptor Deployment of deployment descriptor [C:\Users\msi\Downloads\Food Delivery Website - Copy\Food Delivery Website - Copy\conf\Catalina\localhost\ROOT.xml] has finished in [44] ms
08-May-2025 00:11:40.599 INFO [main] org.apache.catalina.startup.VersionLoggerListener.log Server version name:   Apache Tomcat/11.0.5
08-May-2025 00:11:40.601 INFO [main] org.apache.catalina.startup.VersionLoggerListener.log Server built:          Feb 28 2025 15:54:41 UTC
08-May-2025 00:11:40.601 INFO [main] org.apache.catalina.startup.VersionLoggerListener.log Server version number: 11.0.5.0
08-May-2025 00:11:40.602 INFO [main] org.apache.catalina.startup.VersionLoggerListener.log OS Name:               Windows 11
08-May-2025 00:11:40.602 INFO [main] org.apache.catalina.startup.VersionLoggerListener.log OS Version:            10.0
08-May-2025 00:11:40.602 INFO [main] org.apache.catalina.startup.VersionLoggerListener.log Architecture:          amd64
08-May-2025 00:11:40.602 INFO [main] org.apache.catalina.startup.VersionLoggerListener.log Java Home:             C:\Users\msi\.jdks\openjdk-24
08-May-2025 00:11:40.603 INFO [main] org.apache.catalina.startup.VersionLoggerListener.log JVM Version:           24+36-3646
08-May-2025 00:11:40.603 INFO [main] org.apache.catalina.startup.VersionLoggerListener.log JVM Vendor:            Oracle Corporation
08-May-2025 00:11:40.603 INFO [main] org.apache.catalina.startup.VersionLoggerListener.log CATALINA_BASE:         C:\Users\msi\Downloads\Food Delivery Website - Copy\Food Delivery Website - Copy
08-May-2025 00:11:40.603 INFO [main] org.apache.catalina.startup.VersionLoggerListener.log CATALINA_HOME:         C:\Program Files\Apache Software Foundation\Tomcat 11.0
08-May-2025 00:11:40.612 INFO [main] org.apache.catalina.startup.VersionLoggerListener.log Command line argument: --add-opens=java.base/java.lang=ALL-UNNAMED
08-May-2025 00:11:40.612 INFO [main] org.apache.catalina.startup.VersionLoggerListener.log Command line argument: --add-opens=java.base/java.io=ALL-UNNAMED
08-May-2025 00:11:40.612 INFO [main] org.apache.catalina.startup.VersionLoggerListener.log Command line argument: --add-opens=java.base/java.util=ALL-UNNAMED
08-May-2025 00:11:40.612 INFO [main] org.apache.catalina.startup.VersionLoggerListener.log Command line argument: --add-opens=java.base/java.util.concurrent=ALL-UNNAMED
08-May-2025 00:11:40.612 INFO [main] org.apache.catalina.startup.VersionLoggerListener.log Command line argument: --add-opens=java.rmi/sun.rmi.transport=ALL-UNNAMED
08-May-2025 00:11:40.612 INFO [main] org.apache.catalina.startup.VersionLoggerListener.log Command line argument: -Dcatalina.home=C:\Program Files\Apache Software Foundation\Tomcat 11.0
08-May-2025 00:11:40.612 INFO [main] org.apache.catalina.startup.VersionLoggerListener.log Command line argument: -Dcatalina.base=C:\Users\msi\Downloads\Food Delivery Website - Copy\Food Delivery Website - Copy
08-May-2025 00:11:40.612 INFO [main] org.apache.catalina.startup.VersionLoggerListener.log Command line argument: -Djava.io.tmpdir=C:\Users\msi\Downloads\Food Delivery Website - Copy\Food Delivery Website - Copy\temp
08-May-2025 00:11:40.612 INFO [main] org.apache.catalina.startup.VersionLoggerListener.log Command line argument: -Djava.util.logging.config.file=C:\Users\msi\Downloads\Food Delivery Website - Copy\Food Delivery Website - Copy\conf\logging.properties
08-May-2025 00:11:40.612 INFO [main] org.apache.catalina.startup.VersionLoggerListener.log Command line argument: -Djava.util.logging.manager=org.apache.juli.ClassLoaderLogManager
08-May-2025 00:11:40.612 INFO [main] org.apache.catalina.startup.VersionLoggerListener.log Command line argument: -javaagent:C:\Users\msi\AppData\Local\JetBrains\IntelliJ IDEA 2024.3.5\lib\idea_rt.jar=57522
08-May-2025 00:11:40.612 INFO [main] org.apache.catalina.startup.VersionLoggerListener.log Command line argument: -Dfile.encoding=UTF-8
08-May-2025 00:11:40.613 INFO [main] org.apache.catalina.startup.VersionLoggerListener.log Command line argument: -Dsun.stdout.encoding=UTF-8
08-May-2025 00:11:40.613 INFO [main] org.apache.catalina.startup.VersionLoggerListener.log Command line argument: -Dsun.stderr.encoding=UTF-8
08-May-2025 00:11:40.615 INFO [main] org.apache.catalina.core.AprLifecycleListener.lifecycleEvent The Apache Tomcat Native library which allows using OpenSSL was not found on the java.library.path: [C:\Users\msi\.jdks\openjdk-24\bin;C:\WINDOWS\Sun\Java\bin;C:\WINDOWS\system32;C:\WINDOWS;C:\Program Files\Common Files\Oracle\Java\javapath;C:\WINDOWS\system32;C:\WINDOWS;C:\WINDOWS\System32\Wbem;C:\WINDOWS\System32\WindowsPowerShell\v1.0\;C:\WINDOWS\System32\OpenSSH\;C:\Program Files\NVIDIA Corporation\NVIDIA NvDLISR;C:\Program Files\Git\cmd;C:\Users\msi\AppData\Local\Microsoft\WindowsApps;C:\Users\msi\AppData\Local\Programs\Microsoft VS Code\bin;;.]
08-May-2025 00:11:40.878 INFO [main] org.apache.coyote.AbstractProtocol.init Initializing ProtocolHandler ["http-nio-8080"]
08-May-2025 00:11:40.888 SEVERE [main] org.apache.catalina.util.LifecycleBase.handleSubClassException Failed to initialize component [Connector["http-nio-8080"]]
	org.apache.catalina.LifecycleException: Protocol handler initialization failed
		at org.apache.catalina.connector.Connector.initInternal(Connector.java:1056)
		at org.apache.catalina.util.LifecycleBase.init(LifecycleBase.java:122)
		at org.apache.catalina.core.StandardService.initInternal(StandardService.java:525)
		at org.apache.catalina.util.LifecycleBase.init(LifecycleBase.java:122)
		at org.apache.catalina.core.StandardServer.initInternal(StandardServer.java:953)
		at org.apache.catalina.util.LifecycleBase.init(LifecycleBase.java:122)
		at org.apache.catalina.startup.Catalina.load(Catalina.java:710)
		at org.apache.catalina.startup.Catalina.load(Catalina.java:733)
		at java.base/jdk.internal.reflect.DirectMethodHandleAccessor.invoke(DirectMethodHandleAccessor.java:104)
		at java.base/java.lang.reflect.Method.invoke(Method.java:565)
		at org.apache.catalina.startup.Bootstrap.load(Bootstrap.java:299)
		at org.apache.catalina.startup.Bootstrap.main(Bootstrap.java:469)
	Caused by: java.net.BindException: Address already in use: bind
		at java.base/sun.nio.ch.Net.bind0(Native Method)
		at java.base/sun.nio.ch.Net.bind(Net.java:511)
		at java.base/sun.nio.ch.ServerSocketChannelImpl.netBind(ServerSocketChannelImpl.java:335)
		at java.base/sun.nio.ch.ServerSocketChannelImpl.bind(ServerSocketChannelImpl.java:297)
		at org.apache.tomcat.util.net.NioEndpoint.initServerSocket(NioEndpoint.java:240)
		at org.apache.tomcat.util.net.NioEndpoint.bind(NioEndpoint.java:195)
		at org.apache.tomcat.util.net.AbstractEndpoint.bindWithCleanup(AbstractEndpoint.java:1472)
		at org.apache.tomcat.util.net.AbstractEndpoint.init(AbstractEndpoint.java:1485)
		at org.apache.coyote.AbstractProtocol.init(AbstractProtocol.java:633)
		at org.apache.coyote.http11.AbstractHttp11Protocol.init(AbstractHttp11Protocol.java:83)
		at org.apache.catalina.connector.Connector.initInternal(Connector.java:1054)
		... 11 more
08-May-2025 00:11:40.889 INFO [main] org.apache.catalina.startup.Catalina.load Server initialization in [479] milliseconds
08-May-2025 00:11:40.937 INFO [main] org.apache.catalina.core.StandardService.startInternal Starting service [Catalina]
08-May-2025 00:11:40.938 INFO [main] org.apache.catalina.core.StandardEngine.startInternal Starting Servlet engine: [Apache Tomcat/11.0.5]
08-May-2025 00:11:40.945 INFO [main] org.apache.catalina.startup.HostConfig.deployDescriptor Deploying deployment descriptor [C:\Users\msi\Downloads\Food Delivery Website - Copy\Food Delivery Website - Copy\conf\Catalina\localhost\ROOT.xml]
08-May-2025 00:11:41.268 INFO [main] org.apache.catalina.startup.HostConfig.deployDescriptor Deployment of deployment descriptor [C:\Users\msi\Downloads\Food Delivery Website - Copy\Food Delivery Website - Copy\conf\Catalina\localhost\ROOT.xml] has finished in [322] ms
08-May-2025 00:11:41.278 INFO [main] org.apache.catalina.startup.Catalina.start Server startup in [386] milliseconds
08-May-2025 00:11:41.284 SEVERE [main] org.apache.catalina.core.StandardServer.await Failed to create server shutdown socket on address [localhost] and port [8005] (base port [8005] and offset [0])
	java.net.BindException: Address already in use: bind
		at java.base/sun.nio.ch.Net.bind0(Native Method)
		at java.base/sun.nio.ch.Net.bind(Net.java:511)
		at java.base/sun.nio.ch.Net.bind(Net.java:500)
		at java.base/sun.nio.ch.NioSocketImpl.bind(NioSocketImpl.java:630)
		at java.base/java.net.ServerSocket.bind(ServerSocket.java:326)
		at java.base/java.net.ServerSocket.<init>(ServerSocket.java:222)
		at org.apache.catalina.core.StandardServer.await(StandardServer.java:532)
		at org.apache.catalina.startup.Catalina.await(Catalina.java:849)
		at org.apache.catalina.startup.Catalina.start(Catalina.java:797)
		at java.base/jdk.internal.reflect.DirectMethodHandleAccessor.invoke(DirectMethodHandleAccessor.java:104)
		at java.base/java.lang.reflect.Method.invoke(Method.java:565)
		at org.apache.catalina.startup.Bootstrap.start(Bootstrap.java:342)
		at org.apache.catalina.startup.Bootstrap.main(Bootstrap.java:470)
08-May-2025 00:11:41.285 INFO [main] org.apache.coyote.AbstractProtocol.pause Pausing ProtocolHandler ["http-nio-8080"]
08-May-2025 00:11:41.285 INFO [main] org.apache.catalina.core.StandardService.stopInternal Stopping service [Catalina]
08-May-2025 00:11:41.291 INFO [main] org.apache.coyote.AbstractProtocol.stop Stopping ProtocolHandler ["http-nio-8080"]
08-May-2025 00:11:41.292 INFO [main] org.apache.coyote.AbstractProtocol.destroy Destroying ProtocolHandler ["http-nio-8080"]
08-May-2025 00:11:47.174 INFO [Catalina-utility-1] org.apache.catalina.startup.HostConfig.undeploy Undeploying context []
08-May-2025 00:11:47.206 INFO [Catalina-utility-1] org.apache.catalina.startup.HostConfig.deployDescriptor Deploying deployment descriptor [C:\Users\msi\Downloads\Food Delivery Website - Copy\Food Delivery Website - Copy\conf\Catalina\localhost\ROOT.xml]
08-May-2025 00:11:47.371 INFO [Catalina-utility-1] org.apache.catalina.startup.HostConfig.deployDescriptor Deployment of deployment descriptor [C:\Users\msi\Downloads\Food Delivery Website - Copy\Food Delivery Website - Copy\conf\Catalina\localhost\ROOT.xml] has finished in [165] ms
08-May-2025 00:13:31.706 INFO [main] org.apache.catalina.startup.VersionLoggerListener.log Server version name:   Apache Tomcat/11.0.5
08-May-2025 00:13:31.709 INFO [main] org.apache.catalina.startup.VersionLoggerListener.log Server built:          Feb 28 2025 15:54:41 UTC
08-May-2025 00:13:31.709 INFO [main] org.apache.catalina.startup.VersionLoggerListener.log Server version number: 11.0.5.0
08-May-2025 00:13:31.709 INFO [main] org.apache.catalina.startup.VersionLoggerListener.log OS Name:               Windows 11
08-May-2025 00:13:31.709 INFO [main] org.apache.catalina.startup.VersionLoggerListener.log OS Version:            10.0
08-May-2025 00:13:31.709 INFO [main] org.apache.catalina.startup.VersionLoggerListener.log Architecture:          amd64
08-May-2025 00:13:31.709 INFO [main] org.apache.catalina.startup.VersionLoggerListener.log Java Home:             C:\Users\msi\.jdks\openjdk-24
08-May-2025 00:13:31.709 INFO [main] org.apache.catalina.startup.VersionLoggerListener.log JVM Version:           24+36-3646
08-May-2025 00:13:31.710 INFO [main] org.apache.catalina.startup.VersionLoggerListener.log JVM Vendor:            Oracle Corporation
08-May-2025 00:13:31.710 INFO [main] org.apache.catalina.startup.VersionLoggerListener.log CATALINA_BASE:         C:\Users\msi\Downloads\Food Delivery Website - Copy\Food Delivery Website - Copy
08-May-2025 00:13:31.710 INFO [main] org.apache.catalina.startup.VersionLoggerListener.log CATALINA_HOME:         C:\Program Files\Apache Software Foundation\Tomcat 11.0
08-May-2025 00:13:31.722 INFO [main] org.apache.catalina.startup.VersionLoggerListener.log Command line argument: --add-opens=java.base/java.lang=ALL-UNNAMED
08-May-2025 00:13:31.723 INFO [main] org.apache.catalina.startup.VersionLoggerListener.log Command line argument: --add-opens=java.base/java.io=ALL-UNNAMED
08-May-2025 00:13:31.723 INFO [main] org.apache.catalina.startup.VersionLoggerListener.log Command line argument: --add-opens=java.base/java.util=ALL-UNNAMED
08-May-2025 00:13:31.723 INFO [main] org.apache.catalina.startup.VersionLoggerListener.log Command line argument: --add-opens=java.base/java.util.concurrent=ALL-UNNAMED
08-May-2025 00:13:31.723 INFO [main] org.apache.catalina.startup.VersionLoggerListener.log Command line argument: --add-opens=java.rmi/sun.rmi.transport=ALL-UNNAMED
08-May-2025 00:13:31.723 INFO [main] org.apache.catalina.startup.VersionLoggerListener.log Command line argument: -Dcatalina.home=C:\Program Files\Apache Software Foundation\Tomcat 11.0
08-May-2025 00:13:31.723 INFO [main] org.apache.catalina.startup.VersionLoggerListener.log Command line argument: -Dcatalina.base=C:\Users\msi\Downloads\Food Delivery Website - Copy\Food Delivery Website - Copy
08-May-2025 00:13:31.723 INFO [main] org.apache.catalina.startup.VersionLoggerListener.log Command line argument: -Djava.io.tmpdir=C:\Users\msi\Downloads\Food Delivery Website - Copy\Food Delivery Website - Copy\temp
08-May-2025 00:13:31.723 INFO [main] org.apache.catalina.startup.VersionLoggerListener.log Command line argument: -Djava.util.logging.config.file=C:\Users\msi\Downloads\Food Delivery Website - Copy\Food Delivery Website - Copy\conf\logging.properties
08-May-2025 00:13:31.723 INFO [main] org.apache.catalina.startup.VersionLoggerListener.log Command line argument: -Djava.util.logging.manager=org.apache.juli.ClassLoaderLogManager
08-May-2025 00:13:31.724 INFO [main] org.apache.catalina.startup.VersionLoggerListener.log Command line argument: -javaagent:C:\Users\msi\AppData\Local\JetBrains\IntelliJ IDEA 2024.3.5\lib\idea_rt.jar=57541
08-May-2025 00:13:31.724 INFO [main] org.apache.catalina.startup.VersionLoggerListener.log Command line argument: -Dfile.encoding=UTF-8
08-May-2025 00:13:31.724 INFO [main] org.apache.catalina.startup.VersionLoggerListener.log Command line argument: -Dsun.stdout.encoding=UTF-8
08-May-2025 00:13:31.724 INFO [main] org.apache.catalina.startup.VersionLoggerListener.log Command line argument: -Dsun.stderr.encoding=UTF-8
08-May-2025 00:13:31.729 INFO [main] org.apache.catalina.core.AprLifecycleListener.lifecycleEvent The Apache Tomcat Native library which allows using OpenSSL was not found on the java.library.path: [C:\Users\msi\.jdks\openjdk-24\bin;C:\WINDOWS\Sun\Java\bin;C:\WINDOWS\system32;C:\WINDOWS;C:\Program Files\Common Files\Oracle\Java\javapath;C:\WINDOWS\system32;C:\WINDOWS;C:\WINDOWS\System32\Wbem;C:\WINDOWS\System32\WindowsPowerShell\v1.0\;C:\WINDOWS\System32\OpenSSH\;C:\Program Files\NVIDIA Corporation\NVIDIA NvDLISR;C:\Program Files\Git\cmd;C:\Users\msi\AppData\Local\Microsoft\WindowsApps;C:\Users\msi\AppData\Local\Programs\Microsoft VS Code\bin;;.]
08-May-2025 00:13:31.996 INFO [main] org.apache.coyote.AbstractProtocol.init Initializing ProtocolHandler ["http-nio-8080"]
08-May-2025 00:13:32.005 SEVERE [main] org.apache.catalina.util.LifecycleBase.handleSubClassException Failed to initialize component [Connector["http-nio-8080"]]
	org.apache.catalina.LifecycleException: Protocol handler initialization failed
		at org.apache.catalina.connector.Connector.initInternal(Connector.java:1056)
		at org.apache.catalina.util.LifecycleBase.init(LifecycleBase.java:122)
		at org.apache.catalina.core.StandardService.initInternal(StandardService.java:525)
		at org.apache.catalina.util.LifecycleBase.init(LifecycleBase.java:122)
		at org.apache.catalina.core.StandardServer.initInternal(StandardServer.java:953)
		at org.apache.catalina.util.LifecycleBase.init(LifecycleBase.java:122)
		at org.apache.catalina.startup.Catalina.load(Catalina.java:710)
		at org.apache.catalina.startup.Catalina.load(Catalina.java:733)
		at java.base/jdk.internal.reflect.DirectMethodHandleAccessor.invoke(DirectMethodHandleAccessor.java:104)
		at java.base/java.lang.reflect.Method.invoke(Method.java:565)
		at org.apache.catalina.startup.Bootstrap.load(Bootstrap.java:299)
		at org.apache.catalina.startup.Bootstrap.main(Bootstrap.java:469)
	Caused by: java.net.BindException: Address already in use: bind
		at java.base/sun.nio.ch.Net.bind0(Native Method)
		at java.base/sun.nio.ch.Net.bind(Net.java:511)
		at java.base/sun.nio.ch.ServerSocketChannelImpl.netBind(ServerSocketChannelImpl.java:335)
		at java.base/sun.nio.ch.ServerSocketChannelImpl.bind(ServerSocketChannelImpl.java:297)
		at org.apache.tomcat.util.net.NioEndpoint.initServerSocket(NioEndpoint.java:240)
		at org.apache.tomcat.util.net.NioEndpoint.bind(NioEndpoint.java:195)
		at org.apache.tomcat.util.net.AbstractEndpoint.bindWithCleanup(AbstractEndpoint.java:1472)
		at org.apache.tomcat.util.net.AbstractEndpoint.init(AbstractEndpoint.java:1485)
		at org.apache.coyote.AbstractProtocol.init(AbstractProtocol.java:633)
		at org.apache.coyote.http11.AbstractHttp11Protocol.init(AbstractHttp11Protocol.java:83)
		at org.apache.catalina.connector.Connector.initInternal(Connector.java:1054)
		... 11 more
08-May-2025 00:13:32.006 INFO [main] org.apache.catalina.startup.Catalina.load Server initialization in [490] milliseconds
08-May-2025 00:13:32.063 INFO [main] org.apache.catalina.core.StandardService.startInternal Starting service [Catalina]
08-May-2025 00:13:32.063 INFO [main] org.apache.catalina.core.StandardEngine.startInternal Starting Servlet engine: [Apache Tomcat/11.0.5]
08-May-2025 00:13:32.072 INFO [main] org.apache.catalina.startup.HostConfig.deployDescriptor Deploying deployment descriptor [C:\Users\msi\Downloads\Food Delivery Website - Copy\Food Delivery Website - Copy\conf\Catalina\localhost\ROOT.xml]
08-May-2025 00:13:32.401 INFO [main] org.apache.catalina.startup.HostConfig.deployDescriptor Deployment of deployment descriptor [C:\Users\msi\Downloads\Food Delivery Website - Copy\Food Delivery Website - Copy\conf\Catalina\localhost\ROOT.xml] has finished in [328] ms
08-May-2025 00:13:32.411 INFO [main] org.apache.catalina.startup.Catalina.start Server startup in [402] milliseconds
08-May-2025 00:13:32.417 SEVERE [main] org.apache.catalina.core.StandardServer.await Failed to create server shutdown socket on address [localhost] and port [8005] (base port [8005] and offset [0])
	java.net.BindException: Address already in use: bind
		at java.base/sun.nio.ch.Net.bind0(Native Method)
		at java.base/sun.nio.ch.Net.bind(Net.java:511)
		at java.base/sun.nio.ch.Net.bind(Net.java:500)
		at java.base/sun.nio.ch.NioSocketImpl.bind(NioSocketImpl.java:630)
		at java.base/java.net.ServerSocket.bind(ServerSocket.java:326)
		at java.base/java.net.ServerSocket.<init>(ServerSocket.java:222)
		at org.apache.catalina.core.StandardServer.await(StandardServer.java:532)
		at org.apache.catalina.startup.Catalina.await(Catalina.java:849)
		at org.apache.catalina.startup.Catalina.start(Catalina.java:797)
		at java.base/jdk.internal.reflect.DirectMethodHandleAccessor.invoke(DirectMethodHandleAccessor.java:104)
		at java.base/java.lang.reflect.Method.invoke(Method.java:565)
		at org.apache.catalina.startup.Bootstrap.start(Bootstrap.java:342)
		at org.apache.catalina.startup.Bootstrap.main(Bootstrap.java:470)
08-May-2025 00:13:32.417 INFO [main] org.apache.coyote.AbstractProtocol.pause Pausing ProtocolHandler ["http-nio-8080"]
08-May-2025 00:13:32.417 INFO [main] org.apache.catalina.core.StandardService.stopInternal Stopping service [Catalina]
08-May-2025 00:13:32.425 INFO [main] org.apache.coyote.AbstractProtocol.stop Stopping ProtocolHandler ["http-nio-8080"]
08-May-2025 00:13:32.425 INFO [main] org.apache.coyote.AbstractProtocol.destroy Destroying ProtocolHandler ["http-nio-8080"]
08-May-2025 00:13:38.148 INFO [Catalina-utility-2] org.apache.catalina.startup.HostConfig.undeploy Undeploying context []
08-May-2025 00:13:38.215 INFO [Catalina-utility-2] org.apache.catalina.startup.HostConfig.deployDescriptor Deploying deployment descriptor [C:\Users\msi\Downloads\Food Delivery Website - Copy\Food Delivery Website - Copy\conf\Catalina\localhost\ROOT.xml]
08-May-2025 00:13:38.529 INFO [Catalina-utility-2] org.apache.catalina.startup.HostConfig.deployDescriptor Deployment of deployment descriptor [C:\Users\msi\Downloads\Food Delivery Website - Copy\Food Delivery Website - Copy\conf\Catalina\localhost\ROOT.xml] has finished in [314] ms
08-May-2025 00:16:03.069 INFO [main] org.apache.catalina.startup.VersionLoggerListener.log Server version name:   Apache Tomcat/11.0.5
08-May-2025 00:16:03.071 INFO [main] org.apache.catalina.startup.VersionLoggerListener.log Server built:          Feb 28 2025 15:54:41 UTC
08-May-2025 00:16:03.072 INFO [main] org.apache.catalina.startup.VersionLoggerListener.log Server version number: 11.0.5.0
08-May-2025 00:16:03.072 INFO [main] org.apache.catalina.startup.VersionLoggerListener.log OS Name:               Windows 11
08-May-2025 00:16:03.072 INFO [main] org.apache.catalina.startup.VersionLoggerListener.log OS Version:            10.0
08-May-2025 00:16:03.072 INFO [main] org.apache.catalina.startup.VersionLoggerListener.log Architecture:          amd64
08-May-2025 00:16:03.072 INFO [main] org.apache.catalina.startup.VersionLoggerListener.log Java Home:             C:\Users\msi\.jdks\openjdk-24
08-May-2025 00:16:03.072 INFO [main] org.apache.catalina.startup.VersionLoggerListener.log JVM Version:           24+36-3646
08-May-2025 00:16:03.072 INFO [main] org.apache.catalina.startup.VersionLoggerListener.log JVM Vendor:            Oracle Corporation
08-May-2025 00:16:03.072 INFO [main] org.apache.catalina.startup.VersionLoggerListener.log CATALINA_BASE:         C:\Users\msi\Downloads\Food Delivery Website - Copy\Food Delivery Website - Copy
08-May-2025 00:16:03.072 INFO [main] org.apache.catalina.startup.VersionLoggerListener.log CATALINA_HOME:         C:\Program Files\Apache Software Foundation\Tomcat 11.0
08-May-2025 00:16:03.081 INFO [main] org.apache.catalina.startup.VersionLoggerListener.log Command line argument: --add-opens=java.base/java.lang=ALL-UNNAMED
08-May-2025 00:16:03.081 INFO [main] org.apache.catalina.startup.VersionLoggerListener.log Command line argument: --add-opens=java.base/java.io=ALL-UNNAMED
08-May-2025 00:16:03.081 INFO [main] org.apache.catalina.startup.VersionLoggerListener.log Command line argument: --add-opens=java.base/java.util=ALL-UNNAMED
08-May-2025 00:16:03.081 INFO [main] org.apache.catalina.startup.VersionLoggerListener.log Command line argument: --add-opens=java.base/java.util.concurrent=ALL-UNNAMED
08-May-2025 00:16:03.082 INFO [main] org.apache.catalina.startup.VersionLoggerListener.log Command line argument: --add-opens=java.rmi/sun.rmi.transport=ALL-UNNAMED
08-May-2025 00:16:03.082 INFO [main] org.apache.catalina.startup.VersionLoggerListener.log Command line argument: -Dcatalina.home=C:\Program Files\Apache Software Foundation\Tomcat 11.0
08-May-2025 00:16:03.082 INFO [main] org.apache.catalina.startup.VersionLoggerListener.log Command line argument: -Dcatalina.base=C:\Users\msi\Downloads\Food Delivery Website - Copy\Food Delivery Website - Copy
08-May-2025 00:16:03.082 INFO [main] org.apache.catalina.startup.VersionLoggerListener.log Command line argument: -Djava.io.tmpdir=C:\Users\msi\Downloads\Food Delivery Website - Copy\Food Delivery Website - Copy\temp
08-May-2025 00:16:03.082 INFO [main] org.apache.catalina.startup.VersionLoggerListener.log Command line argument: -Djava.util.logging.config.file=C:\Users\msi\Downloads\Food Delivery Website - Copy\Food Delivery Website - Copy\conf\logging.properties
08-May-2025 00:16:03.082 INFO [main] org.apache.catalina.startup.VersionLoggerListener.log Command line argument: -Djava.util.logging.manager=org.apache.juli.ClassLoaderLogManager
08-May-2025 00:16:03.082 INFO [main] org.apache.catalina.startup.VersionLoggerListener.log Command line argument: -javaagent:C:\Users\msi\AppData\Local\JetBrains\IntelliJ IDEA 2024.3.5\lib\idea_rt.jar=57564
08-May-2025 00:16:03.082 INFO [main] org.apache.catalina.startup.VersionLoggerListener.log Command line argument: -Dfile.encoding=UTF-8
08-May-2025 00:16:03.082 INFO [main] org.apache.catalina.startup.VersionLoggerListener.log Command line argument: -Dsun.stdout.encoding=UTF-8
08-May-2025 00:16:03.082 INFO [main] org.apache.catalina.startup.VersionLoggerListener.log Command line argument: -Dsun.stderr.encoding=UTF-8
08-May-2025 00:16:03.086 INFO [main] org.apache.catalina.core.AprLifecycleListener.lifecycleEvent The Apache Tomcat Native library which allows using OpenSSL was not found on the java.library.path: [C:\Users\msi\.jdks\openjdk-24\bin;C:\WINDOWS\Sun\Java\bin;C:\WINDOWS\system32;C:\WINDOWS;C:\Program Files\Common Files\Oracle\Java\javapath;C:\WINDOWS\system32;C:\WINDOWS;C:\WINDOWS\System32\Wbem;C:\WINDOWS\System32\WindowsPowerShell\v1.0\;C:\WINDOWS\System32\OpenSSH\;C:\Program Files\NVIDIA Corporation\NVIDIA NvDLISR;C:\Program Files\Git\cmd;C:\Users\msi\AppData\Local\Microsoft\WindowsApps;C:\Users\msi\AppData\Local\Programs\Microsoft VS Code\bin;;.]
08-May-2025 00:16:03.333 INFO [main] org.apache.coyote.AbstractProtocol.init Initializing ProtocolHandler ["http-nio-8080"]
08-May-2025 00:16:03.344 SEVERE [main] org.apache.catalina.util.LifecycleBase.handleSubClassException Failed to initialize component [Connector["http-nio-8080"]]
	org.apache.catalina.LifecycleException: Protocol handler initialization failed
		at org.apache.catalina.connector.Connector.initInternal(Connector.java:1056)
		at org.apache.catalina.util.LifecycleBase.init(LifecycleBase.java:122)
		at org.apache.catalina.core.StandardService.initInternal(StandardService.java:525)
		at org.apache.catalina.util.LifecycleBase.init(LifecycleBase.java:122)
		at org.apache.catalina.core.StandardServer.initInternal(StandardServer.java:953)
		at org.apache.catalina.util.LifecycleBase.init(LifecycleBase.java:122)
		at org.apache.catalina.startup.Catalina.load(Catalina.java:710)
		at org.apache.catalina.startup.Catalina.load(Catalina.java:733)
		at java.base/jdk.internal.reflect.DirectMethodHandleAccessor.invoke(DirectMethodHandleAccessor.java:104)
		at java.base/java.lang.reflect.Method.invoke(Method.java:565)
		at org.apache.catalina.startup.Bootstrap.load(Bootstrap.java:299)
		at org.apache.catalina.startup.Bootstrap.main(Bootstrap.java:469)
	Caused by: java.net.BindException: Address already in use: bind
		at java.base/sun.nio.ch.Net.bind0(Native Method)
		at java.base/sun.nio.ch.Net.bind(Net.java:511)
		at java.base/sun.nio.ch.ServerSocketChannelImpl.netBind(ServerSocketChannelImpl.java:335)
		at java.base/sun.nio.ch.ServerSocketChannelImpl.bind(ServerSocketChannelImpl.java:297)
		at org.apache.tomcat.util.net.NioEndpoint.initServerSocket(NioEndpoint.java:240)
		at org.apache.tomcat.util.net.NioEndpoint.bind(NioEndpoint.java:195)
		at org.apache.tomcat.util.net.AbstractEndpoint.bindWithCleanup(AbstractEndpoint.java:1472)
		at org.apache.tomcat.util.net.AbstractEndpoint.init(AbstractEndpoint.java:1485)
		at org.apache.coyote.AbstractProtocol.init(AbstractProtocol.java:633)
		at org.apache.coyote.http11.AbstractHttp11Protocol.init(AbstractHttp11Protocol.java:83)
		at org.apache.catalina.connector.Connector.initInternal(Connector.java:1054)
		... 11 more
08-May-2025 00:16:03.344 INFO [main] org.apache.catalina.startup.Catalina.load Server initialization in [460] milliseconds
08-May-2025 00:16:03.402 INFO [main] org.apache.catalina.core.StandardService.startInternal Starting service [Catalina]
08-May-2025 00:16:03.402 INFO [main] org.apache.catalina.core.StandardEngine.startInternal Starting Servlet engine: [Apache Tomcat/11.0.5]
08-May-2025 00:16:03.410 INFO [main] org.apache.catalina.startup.HostConfig.deployDescriptor Deploying deployment descriptor [C:\Users\msi\Downloads\Food Delivery Website - Copy\Food Delivery Website - Copy\conf\Catalina\localhost\ROOT.xml]
08-May-2025 00:16:03.736 INFO [main] org.apache.catalina.startup.HostConfig.deployDescriptor Deployment of deployment descriptor [C:\Users\msi\Downloads\Food Delivery Website - Copy\Food Delivery Website - Copy\conf\Catalina\localhost\ROOT.xml] has finished in [325] ms
08-May-2025 00:16:03.746 INFO [main] org.apache.catalina.startup.Catalina.start Server startup in [398] milliseconds
08-May-2025 00:16:03.752 SEVERE [main] org.apache.catalina.core.StandardServer.await Failed to create server shutdown socket on address [localhost] and port [8005] (base port [8005] and offset [0])
	java.net.BindException: Address already in use: bind
		at java.base/sun.nio.ch.Net.bind0(Native Method)
		at java.base/sun.nio.ch.Net.bind(Net.java:511)
		at java.base/sun.nio.ch.Net.bind(Net.java:500)
		at java.base/sun.nio.ch.NioSocketImpl.bind(NioSocketImpl.java:630)
		at java.base/java.net.ServerSocket.bind(ServerSocket.java:326)
		at java.base/java.net.ServerSocket.<init>(ServerSocket.java:222)
		at org.apache.catalina.core.StandardServer.await(StandardServer.java:532)
		at org.apache.catalina.startup.Catalina.await(Catalina.java:849)
		at org.apache.catalina.startup.Catalina.start(Catalina.java:797)
		at java.base/jdk.internal.reflect.DirectMethodHandleAccessor.invoke(DirectMethodHandleAccessor.java:104)
		at java.base/java.lang.reflect.Method.invoke(Method.java:565)
		at org.apache.catalina.startup.Bootstrap.start(Bootstrap.java:342)
		at org.apache.catalina.startup.Bootstrap.main(Bootstrap.java:470)
08-May-2025 00:16:03.752 INFO [main] org.apache.coyote.AbstractProtocol.pause Pausing ProtocolHandler ["http-nio-8080"]
08-May-2025 00:16:03.752 INFO [main] org.apache.catalina.core.StandardService.stopInternal Stopping service [Catalina]
08-May-2025 00:16:03.760 INFO [main] org.apache.coyote.AbstractProtocol.stop Stopping ProtocolHandler ["http-nio-8080"]
08-May-2025 00:16:03.760 INFO [main] org.apache.coyote.AbstractProtocol.destroy Destroying ProtocolHandler ["http-nio-8080"]
08-May-2025 00:16:08.903 INFO [Catalina-utility-1] org.apache.catalina.startup.HostConfig.undeploy Undeploying context []
08-May-2025 00:16:08.927 INFO [Catalina-utility-1] org.apache.catalina.startup.HostConfig.deployDescriptor Deploying deployment descriptor [C:\Users\msi\Downloads\Food Delivery Website - Copy\Food Delivery Website - Copy\conf\Catalina\localhost\ROOT.xml]
08-May-2025 00:16:08.966 INFO [Catalina-utility-1] org.apache.catalina.startup.HostConfig.deployDescriptor Deployment of deployment descriptor [C:\Users\msi\Downloads\Food Delivery Website - Copy\Food Delivery Website - Copy\conf\Catalina\localhost\ROOT.xml] has finished in [39] ms
08-May-2025 00:16:42.012 INFO [main] org.apache.catalina.startup.VersionLoggerListener.log Server version name:   Apache Tomcat/11.0.5
08-May-2025 00:16:42.015 INFO [main] org.apache.catalina.startup.VersionLoggerListener.log Server built:          Feb 28 2025 15:54:41 UTC
08-May-2025 00:16:42.015 INFO [main] org.apache.catalina.startup.VersionLoggerListener.log Server version number: 11.0.5.0
08-May-2025 00:16:42.016 INFO [main] org.apache.catalina.startup.VersionLoggerListener.log OS Name:               Windows 11
08-May-2025 00:16:42.016 INFO [main] org.apache.catalina.startup.VersionLoggerListener.log OS Version:            10.0
08-May-2025 00:16:42.016 INFO [main] org.apache.catalina.startup.VersionLoggerListener.log Architecture:          amd64
08-May-2025 00:16:42.016 INFO [main] org.apache.catalina.startup.VersionLoggerListener.log Java Home:             C:\Users\msi\.jdks\openjdk-24
08-May-2025 00:16:42.016 INFO [main] org.apache.catalina.startup.VersionLoggerListener.log JVM Version:           24+36-3646
08-May-2025 00:16:42.016 INFO [main] org.apache.catalina.startup.VersionLoggerListener.log JVM Vendor:            Oracle Corporation
08-May-2025 00:16:42.016 INFO [main] org.apache.catalina.startup.VersionLoggerListener.log CATALINA_BASE:         C:\Users\msi\Downloads\Food Delivery Website - Copy\Food Delivery Website - Copy
08-May-2025 00:16:42.016 INFO [main] org.apache.catalina.startup.VersionLoggerListener.log CATALINA_HOME:         C:\Program Files\Apache Software Foundation\Tomcat 11.0
08-May-2025 00:16:42.036 INFO [main] org.apache.catalina.startup.VersionLoggerListener.log Command line argument: --add-opens=java.base/java.lang=ALL-UNNAMED
08-May-2025 00:16:42.037 INFO [main] org.apache.catalina.startup.VersionLoggerListener.log Command line argument: --add-opens=java.base/java.io=ALL-UNNAMED
08-May-2025 00:16:42.037 INFO [main] org.apache.catalina.startup.VersionLoggerListener.log Command line argument: --add-opens=java.base/java.util=ALL-UNNAMED
08-May-2025 00:16:42.037 INFO [main] org.apache.catalina.startup.VersionLoggerListener.log Command line argument: --add-opens=java.base/java.util.concurrent=ALL-UNNAMED
08-May-2025 00:16:42.037 INFO [main] org.apache.catalina.startup.VersionLoggerListener.log Command line argument: --add-opens=java.rmi/sun.rmi.transport=ALL-UNNAMED
08-May-2025 00:16:42.037 INFO [main] org.apache.catalina.startup.VersionLoggerListener.log Command line argument: -Dcatalina.home=C:\Program Files\Apache Software Foundation\Tomcat 11.0
08-May-2025 00:16:42.037 INFO [main] org.apache.catalina.startup.VersionLoggerListener.log Command line argument: -Dcatalina.base=C:\Users\msi\Downloads\Food Delivery Website - Copy\Food Delivery Website - Copy
08-May-2025 00:16:42.038 INFO [main] org.apache.catalina.startup.VersionLoggerListener.log Command line argument: -Djava.io.tmpdir=C:\Users\msi\Downloads\Food Delivery Website - Copy\Food Delivery Website - Copy\temp
08-May-2025 00:16:42.038 INFO [main] org.apache.catalina.startup.VersionLoggerListener.log Command line argument: -Djava.util.logging.config.file=C:\Users\msi\Downloads\Food Delivery Website - Copy\Food Delivery Website - Copy\conf\logging.properties
08-May-2025 00:16:42.038 INFO [main] org.apache.catalina.startup.VersionLoggerListener.log Command line argument: -Djava.util.logging.manager=org.apache.juli.ClassLoaderLogManager
08-May-2025 00:16:42.038 INFO [main] org.apache.catalina.startup.VersionLoggerListener.log Command line argument: -javaagent:C:\Users\msi\AppData\Local\JetBrains\IntelliJ IDEA 2024.3.5\lib\idea_rt.jar=57571
08-May-2025 00:16:42.038 INFO [main] org.apache.catalina.startup.VersionLoggerListener.log Command line argument: -Dfile.encoding=UTF-8
08-May-2025 00:16:42.039 INFO [main] org.apache.catalina.startup.VersionLoggerListener.log Command line argument: -Dsun.stdout.encoding=UTF-8
08-May-2025 00:16:42.039 INFO [main] org.apache.catalina.startup.VersionLoggerListener.log Command line argument: -Dsun.stderr.encoding=UTF-8
08-May-2025 00:16:42.049 INFO [main] org.apache.catalina.core.AprLifecycleListener.lifecycleEvent The Apache Tomcat Native library which allows using OpenSSL was not found on the java.library.path: [C:\Users\msi\.jdks\openjdk-24\bin;C:\WINDOWS\Sun\Java\bin;C:\WINDOWS\system32;C:\WINDOWS;C:\Program Files\Common Files\Oracle\Java\javapath;C:\WINDOWS\system32;C:\WINDOWS;C:\WINDOWS\System32\Wbem;C:\WINDOWS\System32\WindowsPowerShell\v1.0\;C:\WINDOWS\System32\OpenSSH\;C:\Program Files\NVIDIA Corporation\NVIDIA NvDLISR;C:\Program Files\Git\cmd;C:\Users\msi\AppData\Local\Microsoft\WindowsApps;C:\Users\msi\AppData\Local\Programs\Microsoft VS Code\bin;;.]
08-May-2025 00:16:42.394 INFO [main] org.apache.coyote.AbstractProtocol.init Initializing ProtocolHandler ["http-nio-8080"]
08-May-2025 00:16:42.404 SEVERE [main] org.apache.catalina.util.LifecycleBase.handleSubClassException Failed to initialize component [Connector["http-nio-8080"]]
	org.apache.catalina.LifecycleException: Protocol handler initialization failed
		at org.apache.catalina.connector.Connector.initInternal(Connector.java:1056)
		at org.apache.catalina.util.LifecycleBase.init(LifecycleBase.java:122)
		at org.apache.catalina.core.StandardService.initInternal(StandardService.java:525)
		at org.apache.catalina.util.LifecycleBase.init(LifecycleBase.java:122)
		at org.apache.catalina.core.StandardServer.initInternal(StandardServer.java:953)
		at org.apache.catalina.util.LifecycleBase.init(LifecycleBase.java:122)
		at org.apache.catalina.startup.Catalina.load(Catalina.java:710)
		at org.apache.catalina.startup.Catalina.load(Catalina.java:733)
		at java.base/jdk.internal.reflect.DirectMethodHandleAccessor.invoke(DirectMethodHandleAccessor.java:104)
		at java.base/java.lang.reflect.Method.invoke(Method.java:565)
		at org.apache.catalina.startup.Bootstrap.load(Bootstrap.java:299)
		at org.apache.catalina.startup.Bootstrap.main(Bootstrap.java:469)
	Caused by: java.net.BindException: Address already in use: bind
		at java.base/sun.nio.ch.Net.bind0(Native Method)
		at java.base/sun.nio.ch.Net.bind(Net.java:511)
		at java.base/sun.nio.ch.ServerSocketChannelImpl.netBind(ServerSocketChannelImpl.java:335)
		at java.base/sun.nio.ch.ServerSocketChannelImpl.bind(ServerSocketChannelImpl.java:297)
		at org.apache.tomcat.util.net.NioEndpoint.initServerSocket(NioEndpoint.java:240)
		at org.apache.tomcat.util.net.NioEndpoint.bind(NioEndpoint.java:195)
		at org.apache.tomcat.util.net.AbstractEndpoint.bindWithCleanup(AbstractEndpoint.java:1472)
		at org.apache.tomcat.util.net.AbstractEndpoint.init(AbstractEndpoint.java:1485)
		at org.apache.coyote.AbstractProtocol.init(AbstractProtocol.java:633)
		at org.apache.coyote.http11.AbstractHttp11Protocol.init(AbstractHttp11Protocol.java:83)
		at org.apache.catalina.connector.Connector.initInternal(Connector.java:1054)
		... 11 more
08-May-2025 00:16:42.405 INFO [main] org.apache.catalina.startup.Catalina.load Server initialization in [608] milliseconds
08-May-2025 00:16:42.456 INFO [main] org.apache.catalina.core.StandardService.startInternal Starting service [Catalina]
08-May-2025 00:16:42.457 INFO [main] org.apache.catalina.core.StandardEngine.startInternal Starting Servlet engine: [Apache Tomcat/11.0.5]
08-May-2025 00:16:42.468 INFO [main] org.apache.catalina.startup.HostConfig.deployDescriptor Deploying deployment descriptor [C:\Users\msi\Downloads\Food Delivery Website - Copy\Food Delivery Website - Copy\conf\Catalina\localhost\ROOT.xml]
08-May-2025 00:16:42.883 INFO [main] org.apache.catalina.startup.HostConfig.deployDescriptor Deployment of deployment descriptor [C:\Users\msi\Downloads\Food Delivery Website - Copy\Food Delivery Website - Copy\conf\Catalina\localhost\ROOT.xml] has finished in [414] ms
08-May-2025 00:16:42.895 INFO [main] org.apache.catalina.startup.Catalina.start Server startup in [487] milliseconds
08-May-2025 00:16:42.901 SEVERE [main] org.apache.catalina.core.StandardServer.await Failed to create server shutdown socket on address [localhost] and port [8005] (base port [8005] and offset [0])
	java.net.BindException: Address already in use: bind
		at java.base/sun.nio.ch.Net.bind0(Native Method)
		at java.base/sun.nio.ch.Net.bind(Net.java:511)
		at java.base/sun.nio.ch.Net.bind(Net.java:500)
		at java.base/sun.nio.ch.NioSocketImpl.bind(NioSocketImpl.java:630)
		at java.base/java.net.ServerSocket.bind(ServerSocket.java:326)
		at java.base/java.net.ServerSocket.<init>(ServerSocket.java:222)
		at org.apache.catalina.core.StandardServer.await(StandardServer.java:532)
		at org.apache.catalina.startup.Catalina.await(Catalina.java:849)
		at org.apache.catalina.startup.Catalina.start(Catalina.java:797)
		at java.base/jdk.internal.reflect.DirectMethodHandleAccessor.invoke(DirectMethodHandleAccessor.java:104)
		at java.base/java.lang.reflect.Method.invoke(Method.java:565)
		at org.apache.catalina.startup.Bootstrap.start(Bootstrap.java:342)
		at org.apache.catalina.startup.Bootstrap.main(Bootstrap.java:470)
08-May-2025 00:16:42.901 INFO [main] org.apache.coyote.AbstractProtocol.pause Pausing ProtocolHandler ["http-nio-8080"]
08-May-2025 00:16:42.901 INFO [main] org.apache.catalina.core.StandardService.stopInternal Stopping service [Catalina]
08-May-2025 00:16:42.910 INFO [main] org.apache.coyote.AbstractProtocol.stop Stopping ProtocolHandler ["http-nio-8080"]
08-May-2025 00:16:42.911 INFO [main] org.apache.coyote.AbstractProtocol.destroy Destroying ProtocolHandler ["http-nio-8080"]
08-May-2025 00:16:49.002 INFO [Catalina-utility-2] org.apache.catalina.startup.HostConfig.undeploy Undeploying context []
08-May-2025 00:16:49.076 INFO [Catalina-utility-2] org.apache.catalina.startup.HostConfig.deployDescriptor Deploying deployment descriptor [C:\Users\msi\Downloads\Food Delivery Website - Copy\Food Delivery Website - Copy\conf\Catalina\localhost\ROOT.xml]
08-May-2025 00:16:49.255 INFO [Catalina-utility-2] org.apache.catalina.startup.HostConfig.deployDescriptor Deployment of deployment descriptor [C:\Users\msi\Downloads\Food Delivery Website - Copy\Food Delivery Website - Copy\conf\Catalina\localhost\ROOT.xml] has finished in [178] ms
08-May-2025 00:17:31.722 INFO [main] org.apache.catalina.startup.VersionLoggerListener.log Server version name:   Apache Tomcat/11.0.5
08-May-2025 00:17:31.724 INFO [main] org.apache.catalina.startup.VersionLoggerListener.log Server built:          Feb 28 2025 15:54:41 UTC
08-May-2025 00:17:31.724 INFO [main] org.apache.catalina.startup.VersionLoggerListener.log Server version number: 11.0.5.0
08-May-2025 00:17:31.724 INFO [main] org.apache.catalina.startup.VersionLoggerListener.log OS Name:               Windows 11
08-May-2025 00:17:31.724 INFO [main] org.apache.catalina.startup.VersionLoggerListener.log OS Version:            10.0
08-May-2025 00:17:31.724 INFO [main] org.apache.catalina.startup.VersionLoggerListener.log Architecture:          amd64
08-May-2025 00:17:31.724 INFO [main] org.apache.catalina.startup.VersionLoggerListener.log Java Home:             C:\Users\msi\.jdks\openjdk-24
08-May-2025 00:17:31.724 INFO [main] org.apache.catalina.startup.VersionLoggerListener.log JVM Version:           24+36-3646
08-May-2025 00:17:31.724 INFO [main] org.apache.catalina.startup.VersionLoggerListener.log JVM Vendor:            Oracle Corporation
08-May-2025 00:17:31.724 INFO [main] org.apache.catalina.startup.VersionLoggerListener.log CATALINA_BASE:         C:\Users\msi\Downloads\Food Delivery Website - Copy\Food Delivery Website - Copy
08-May-2025 00:17:31.725 INFO [main] org.apache.catalina.startup.VersionLoggerListener.log CATALINA_HOME:         C:\Program Files\Apache Software Foundation\Tomcat 11.0
08-May-2025 00:17:31.732 INFO [main] org.apache.catalina.startup.VersionLoggerListener.log Command line argument: --add-opens=java.base/java.lang=ALL-UNNAMED
08-May-2025 00:17:31.732 INFO [main] org.apache.catalina.startup.VersionLoggerListener.log Command line argument: --add-opens=java.base/java.io=ALL-UNNAMED
08-May-2025 00:17:31.732 INFO [main] org.apache.catalina.startup.VersionLoggerListener.log Command line argument: --add-opens=java.base/java.util=ALL-UNNAMED
08-May-2025 00:17:31.732 INFO [main] org.apache.catalina.startup.VersionLoggerListener.log Command line argument: --add-opens=java.base/java.util.concurrent=ALL-UNNAMED
08-May-2025 00:17:31.732 INFO [main] org.apache.catalina.startup.VersionLoggerListener.log Command line argument: --add-opens=java.rmi/sun.rmi.transport=ALL-UNNAMED
08-May-2025 00:17:31.732 INFO [main] org.apache.catalina.startup.VersionLoggerListener.log Command line argument: -Dcatalina.home=C:\Program Files\Apache Software Foundation\Tomcat 11.0
08-May-2025 00:17:31.732 INFO [main] org.apache.catalina.startup.VersionLoggerListener.log Command line argument: -Dcatalina.base=C:\Users\msi\Downloads\Food Delivery Website - Copy\Food Delivery Website - Copy
08-May-2025 00:17:31.732 INFO [main] org.apache.catalina.startup.VersionLoggerListener.log Command line argument: -Djava.io.tmpdir=C:\Users\msi\Downloads\Food Delivery Website - Copy\Food Delivery Website - Copy\temp
08-May-2025 00:17:31.733 INFO [main] org.apache.catalina.startup.VersionLoggerListener.log Command line argument: -Djava.util.logging.config.file=C:\Users\msi\Downloads\Food Delivery Website - Copy\Food Delivery Website - Copy\conf\logging.properties
08-May-2025 00:17:31.733 INFO [main] org.apache.catalina.startup.VersionLoggerListener.log Command line argument: -Djava.util.logging.manager=org.apache.juli.ClassLoaderLogManager
08-May-2025 00:17:31.733 INFO [main] org.apache.catalina.startup.VersionLoggerListener.log Command line argument: -javaagent:C:\Users\msi\AppData\Local\JetBrains\IntelliJ IDEA 2024.3.5\lib\idea_rt.jar=57588
08-May-2025 00:17:31.733 INFO [main] org.apache.catalina.startup.VersionLoggerListener.log Command line argument: -Dfile.encoding=UTF-8
08-May-2025 00:17:31.733 INFO [main] org.apache.catalina.startup.VersionLoggerListener.log Command line argument: -Dsun.stdout.encoding=UTF-8
08-May-2025 00:17:31.733 INFO [main] org.apache.catalina.startup.VersionLoggerListener.log Command line argument: -Dsun.stderr.encoding=UTF-8
08-May-2025 00:17:31.736 INFO [main] org.apache.catalina.core.AprLifecycleListener.lifecycleEvent The Apache Tomcat Native library which allows using OpenSSL was not found on the java.library.path: [C:\Users\msi\.jdks\openjdk-24\bin;C:\WINDOWS\Sun\Java\bin;C:\WINDOWS\system32;C:\WINDOWS;C:\Program Files\Common Files\Oracle\Java\javapath;C:\WINDOWS\system32;C:\WINDOWS;C:\WINDOWS\System32\Wbem;C:\WINDOWS\System32\WindowsPowerShell\v1.0\;C:\WINDOWS\System32\OpenSSH\;C:\Program Files\NVIDIA Corporation\NVIDIA NvDLISR;C:\Program Files\Git\cmd;C:\Users\msi\AppData\Local\Microsoft\WindowsApps;C:\Users\msi\AppData\Local\Programs\Microsoft VS Code\bin;;.]
08-May-2025 00:17:31.985 INFO [main] org.apache.coyote.AbstractProtocol.init Initializing ProtocolHandler ["http-nio-8080"]
08-May-2025 00:17:31.995 SEVERE [main] org.apache.catalina.util.LifecycleBase.handleSubClassException Failed to initialize component [Connector["http-nio-8080"]]
	org.apache.catalina.LifecycleException: Protocol handler initialization failed
		at org.apache.catalina.connector.Connector.initInternal(Connector.java:1056)
		at org.apache.catalina.util.LifecycleBase.init(LifecycleBase.java:122)
		at org.apache.catalina.core.StandardService.initInternal(StandardService.java:525)
		at org.apache.catalina.util.LifecycleBase.init(LifecycleBase.java:122)
		at org.apache.catalina.core.StandardServer.initInternal(StandardServer.java:953)
		at org.apache.catalina.util.LifecycleBase.init(LifecycleBase.java:122)
		at org.apache.catalina.startup.Catalina.load(Catalina.java:710)
		at org.apache.catalina.startup.Catalina.load(Catalina.java:733)
		at java.base/jdk.internal.reflect.DirectMethodHandleAccessor.invoke(DirectMethodHandleAccessor.java:104)
		at java.base/java.lang.reflect.Method.invoke(Method.java:565)
		at org.apache.catalina.startup.Bootstrap.load(Bootstrap.java:299)
		at org.apache.catalina.startup.Bootstrap.main(Bootstrap.java:469)
	Caused by: java.net.BindException: Address already in use: bind
		at java.base/sun.nio.ch.Net.bind0(Native Method)
		at java.base/sun.nio.ch.Net.bind(Net.java:511)
		at java.base/sun.nio.ch.ServerSocketChannelImpl.netBind(ServerSocketChannelImpl.java:335)
		at java.base/sun.nio.ch.ServerSocketChannelImpl.bind(ServerSocketChannelImpl.java:297)
		at org.apache.tomcat.util.net.NioEndpoint.initServerSocket(NioEndpoint.java:240)
		at org.apache.tomcat.util.net.NioEndpoint.bind(NioEndpoint.java:195)
		at org.apache.tomcat.util.net.AbstractEndpoint.bindWithCleanup(AbstractEndpoint.java:1472)
		at org.apache.tomcat.util.net.AbstractEndpoint.init(AbstractEndpoint.java:1485)
		at org.apache.coyote.AbstractProtocol.init(AbstractProtocol.java:633)
		at org.apache.coyote.http11.AbstractHttp11Protocol.init(AbstractHttp11Protocol.java:83)
		at org.apache.catalina.connector.Connector.initInternal(Connector.java:1054)
		... 11 more
08-May-2025 00:17:31.995 INFO [main] org.apache.catalina.startup.Catalina.load Server initialization in [433] milliseconds
08-May-2025 00:17:32.050 INFO [main] org.apache.catalina.core.StandardService.startInternal Starting service [Catalina]
08-May-2025 00:17:32.050 INFO [main] org.apache.catalina.core.StandardEngine.startInternal Starting Servlet engine: [Apache Tomcat/11.0.5]
08-May-2025 00:17:32.058 INFO [main] org.apache.catalina.startup.HostConfig.deployDescriptor Deploying deployment descriptor [C:\Users\msi\Downloads\Food Delivery Website - Copy\Food Delivery Website - Copy\conf\Catalina\localhost\ROOT.xml]
08-May-2025 00:17:32.380 INFO [main] org.apache.catalina.startup.HostConfig.deployDescriptor Deployment of deployment descriptor [C:\Users\msi\Downloads\Food Delivery Website - Copy\Food Delivery Website - Copy\conf\Catalina\localhost\ROOT.xml] has finished in [322] ms
08-May-2025 00:17:32.389 INFO [main] org.apache.catalina.startup.Catalina.start Server startup in [390] milliseconds
08-May-2025 00:17:32.395 SEVERE [main] org.apache.catalina.core.StandardServer.await Failed to create server shutdown socket on address [localhost] and port [8005] (base port [8005] and offset [0])
	java.net.BindException: Address already in use: bind
		at java.base/sun.nio.ch.Net.bind0(Native Method)
		at java.base/sun.nio.ch.Net.bind(Net.java:511)
		at java.base/sun.nio.ch.Net.bind(Net.java:500)
		at java.base/sun.nio.ch.NioSocketImpl.bind(NioSocketImpl.java:630)
		at java.base/java.net.ServerSocket.bind(ServerSocket.java:326)
		at java.base/java.net.ServerSocket.<init>(ServerSocket.java:222)
		at org.apache.catalina.core.StandardServer.await(StandardServer.java:532)
		at org.apache.catalina.startup.Catalina.await(Catalina.java:849)
		at org.apache.catalina.startup.Catalina.start(Catalina.java:797)
		at java.base/jdk.internal.reflect.DirectMethodHandleAccessor.invoke(DirectMethodHandleAccessor.java:104)
		at java.base/java.lang.reflect.Method.invoke(Method.java:565)
		at org.apache.catalina.startup.Bootstrap.start(Bootstrap.java:342)
		at org.apache.catalina.startup.Bootstrap.main(Bootstrap.java:470)
08-May-2025 00:17:32.395 INFO [main] org.apache.coyote.AbstractProtocol.pause Pausing ProtocolHandler ["http-nio-8080"]
08-May-2025 00:17:32.395 INFO [main] org.apache.catalina.core.StandardService.stopInternal Stopping service [Catalina]
08-May-2025 00:17:32.402 INFO [main] org.apache.coyote.AbstractProtocol.stop Stopping ProtocolHandler ["http-nio-8080"]
08-May-2025 00:17:32.402 INFO [main] org.apache.coyote.AbstractProtocol.destroy Destroying ProtocolHandler ["http-nio-8080"]
08-May-2025 00:17:39.879 INFO [Catalina-utility-2] org.apache.catalina.startup.HostConfig.undeploy Undeploying context []
08-May-2025 00:17:39.922 INFO [Catalina-utility-2] org.apache.catalina.startup.HostConfig.deployDescriptor Deploying deployment descriptor [C:\Users\msi\Downloads\Food Delivery Website - Copy\Food Delivery Website - Copy\conf\Catalina\localhost\ROOT.xml]
08-May-2025 00:17:40.060 INFO [Catalina-utility-2] org.apache.catalina.startup.HostConfig.deployDescriptor Deployment of deployment descriptor [C:\Users\msi\Downloads\Food Delivery Website - Copy\Food Delivery Website - Copy\conf\Catalina\localhost\ROOT.xml] has finished in [138] ms
08-May-2025 00:20:53.946 INFO [main] org.apache.catalina.startup.VersionLoggerListener.log Server version name:   Apache Tomcat/11.0.5
08-May-2025 00:20:53.948 INFO [main] org.apache.catalina.startup.VersionLoggerListener.log Server built:          Feb 28 2025 15:54:41 UTC
08-May-2025 00:20:53.949 INFO [main] org.apache.catalina.startup.VersionLoggerListener.log Server version number: 11.0.5.0
08-May-2025 00:20:53.949 INFO [main] org.apache.catalina.startup.VersionLoggerListener.log OS Name:               Windows 11
08-May-2025 00:20:53.949 INFO [main] org.apache.catalina.startup.VersionLoggerListener.log OS Version:            10.0
08-May-2025 00:20:53.949 INFO [main] org.apache.catalina.startup.VersionLoggerListener.log Architecture:          amd64
08-May-2025 00:20:53.949 INFO [main] org.apache.catalina.startup.VersionLoggerListener.log Java Home:             C:\Users\msi\.jdks\openjdk-24
08-May-2025 00:20:53.949 INFO [main] org.apache.catalina.startup.VersionLoggerListener.log JVM Version:           24+36-3646
08-May-2025 00:20:53.949 INFO [main] org.apache.catalina.startup.VersionLoggerListener.log JVM Vendor:            Oracle Corporation
08-May-2025 00:20:53.949 INFO [main] org.apache.catalina.startup.VersionLoggerListener.log CATALINA_BASE:         C:\Users\msi\Downloads\Food Delivery Website - Copy\Food Delivery Website - Copy
08-May-2025 00:20:53.949 INFO [main] org.apache.catalina.startup.VersionLoggerListener.log CATALINA_HOME:         C:\Program Files\Apache Software Foundation\Tomcat 11.0
08-May-2025 00:20:53.956 INFO [main] org.apache.catalina.startup.VersionLoggerListener.log Command line argument: --add-opens=java.base/java.lang=ALL-UNNAMED
08-May-2025 00:20:53.957 INFO [main] org.apache.catalina.startup.VersionLoggerListener.log Command line argument: --add-opens=java.base/java.io=ALL-UNNAMED
08-May-2025 00:20:53.957 INFO [main] org.apache.catalina.startup.VersionLoggerListener.log Command line argument: --add-opens=java.base/java.util=ALL-UNNAMED
08-May-2025 00:20:53.957 INFO [main] org.apache.catalina.startup.VersionLoggerListener.log Command line argument: --add-opens=java.base/java.util.concurrent=ALL-UNNAMED
08-May-2025 00:20:53.957 INFO [main] org.apache.catalina.startup.VersionLoggerListener.log Command line argument: --add-opens=java.rmi/sun.rmi.transport=ALL-UNNAMED
08-May-2025 00:20:53.957 INFO [main] org.apache.catalina.startup.VersionLoggerListener.log Command line argument: -Dcatalina.home=C:\Program Files\Apache Software Foundation\Tomcat 11.0
08-May-2025 00:20:53.957 INFO [main] org.apache.catalina.startup.VersionLoggerListener.log Command line argument: -Dcatalina.base=C:\Users\msi\Downloads\Food Delivery Website - Copy\Food Delivery Website - Copy
08-May-2025 00:20:53.957 INFO [main] org.apache.catalina.startup.VersionLoggerListener.log Command line argument: -Djava.io.tmpdir=C:\Users\msi\Downloads\Food Delivery Website - Copy\Food Delivery Website - Copy\temp
08-May-2025 00:20:53.957 INFO [main] org.apache.catalina.startup.VersionLoggerListener.log Command line argument: -Djava.util.logging.config.file=C:\Users\msi\Downloads\Food Delivery Website - Copy\Food Delivery Website - Copy\conf\logging.properties
08-May-2025 00:20:53.957 INFO [main] org.apache.catalina.startup.VersionLoggerListener.log Command line argument: -Djava.util.logging.manager=org.apache.juli.ClassLoaderLogManager
08-May-2025 00:20:53.957 INFO [main] org.apache.catalina.startup.VersionLoggerListener.log Command line argument: -javaagent:C:\Users\msi\AppData\Local\JetBrains\IntelliJ IDEA 2024.3.5\lib\idea_rt.jar=57630
08-May-2025 00:20:53.957 INFO [main] org.apache.catalina.startup.VersionLoggerListener.log Command line argument: -Dfile.encoding=UTF-8
08-May-2025 00:20:53.958 INFO [main] org.apache.catalina.startup.VersionLoggerListener.log Command line argument: -Dsun.stdout.encoding=UTF-8
08-May-2025 00:20:53.958 INFO [main] org.apache.catalina.startup.VersionLoggerListener.log Command line argument: -Dsun.stderr.encoding=UTF-8
08-May-2025 00:20:53.960 INFO [main] org.apache.catalina.core.AprLifecycleListener.lifecycleEvent The Apache Tomcat Native library which allows using OpenSSL was not found on the java.library.path: [C:\Users\msi\.jdks\openjdk-24\bin;C:\WINDOWS\Sun\Java\bin;C:\WINDOWS\system32;C:\WINDOWS;C:\Program Files\Common Files\Oracle\Java\javapath;C:\WINDOWS\system32;C:\WINDOWS;C:\WINDOWS\System32\Wbem;C:\WINDOWS\System32\WindowsPowerShell\v1.0\;C:\WINDOWS\System32\OpenSSH\;C:\Program Files\NVIDIA Corporation\NVIDIA NvDLISR;C:\Program Files\Git\cmd;C:\Users\msi\AppData\Local\Microsoft\WindowsApps;C:\Users\msi\AppData\Local\Programs\Microsoft VS Code\bin;;.]
08-May-2025 00:20:54.196 INFO [main] org.apache.coyote.AbstractProtocol.init Initializing ProtocolHandler ["http-nio-8080"]
08-May-2025 00:20:54.206 SEVERE [main] org.apache.catalina.util.LifecycleBase.handleSubClassException Failed to initialize component [Connector["http-nio-8080"]]
	org.apache.catalina.LifecycleException: Protocol handler initialization failed
		at org.apache.catalina.connector.Connector.initInternal(Connector.java:1056)
		at org.apache.catalina.util.LifecycleBase.init(LifecycleBase.java:122)
		at org.apache.catalina.core.StandardService.initInternal(StandardService.java:525)
		at org.apache.catalina.util.LifecycleBase.init(LifecycleBase.java:122)
		at org.apache.catalina.core.StandardServer.initInternal(StandardServer.java:953)
		at org.apache.catalina.util.LifecycleBase.init(LifecycleBase.java:122)
		at org.apache.catalina.startup.Catalina.load(Catalina.java:710)
		at org.apache.catalina.startup.Catalina.load(Catalina.java:733)
		at java.base/jdk.internal.reflect.DirectMethodHandleAccessor.invoke(DirectMethodHandleAccessor.java:104)
		at java.base/java.lang.reflect.Method.invoke(Method.java:565)
		at org.apache.catalina.startup.Bootstrap.load(Bootstrap.java:299)
		at org.apache.catalina.startup.Bootstrap.main(Bootstrap.java:469)
	Caused by: java.net.BindException: Address already in use: bind
		at java.base/sun.nio.ch.Net.bind0(Native Method)
		at java.base/sun.nio.ch.Net.bind(Net.java:511)
		at java.base/sun.nio.ch.ServerSocketChannelImpl.netBind(ServerSocketChannelImpl.java:335)
		at java.base/sun.nio.ch.ServerSocketChannelImpl.bind(ServerSocketChannelImpl.java:297)
		at org.apache.tomcat.util.net.NioEndpoint.initServerSocket(NioEndpoint.java:240)
		at org.apache.tomcat.util.net.NioEndpoint.bind(NioEndpoint.java:195)
		at org.apache.tomcat.util.net.AbstractEndpoint.bindWithCleanup(AbstractEndpoint.java:1472)
		at org.apache.tomcat.util.net.AbstractEndpoint.init(AbstractEndpoint.java:1485)
		at org.apache.coyote.AbstractProtocol.init(AbstractProtocol.java:633)
		at org.apache.coyote.http11.AbstractHttp11Protocol.init(AbstractHttp11Protocol.java:83)
		at org.apache.catalina.connector.Connector.initInternal(Connector.java:1054)
		... 11 more
08-May-2025 00:20:54.208 INFO [main] org.apache.catalina.startup.Catalina.load Server initialization in [425] milliseconds
08-May-2025 00:20:54.270 INFO [main] org.apache.catalina.core.StandardService.startInternal Starting service [Catalina]
08-May-2025 00:20:54.271 INFO [main] org.apache.catalina.core.StandardEngine.startInternal Starting Servlet engine: [Apache Tomcat/11.0.5]
08-May-2025 00:20:54.280 INFO [main] org.apache.catalina.startup.HostConfig.deployDescriptor Deploying deployment descriptor [C:\Users\msi\Downloads\Food Delivery Website - Copy\Food Delivery Website - Copy\conf\Catalina\localhost\ROOT.xml]
08-May-2025 00:20:54.620 INFO [main] org.apache.catalina.startup.HostConfig.deployDescriptor Deployment of deployment descriptor [C:\Users\msi\Downloads\Food Delivery Website - Copy\Food Delivery Website - Copy\conf\Catalina\localhost\ROOT.xml] has finished in [340] ms
08-May-2025 00:20:54.630 INFO [main] org.apache.catalina.startup.Catalina.start Server startup in [420] milliseconds
08-May-2025 00:20:54.636 SEVERE [main] org.apache.catalina.core.StandardServer.await Failed to create server shutdown socket on address [localhost] and port [8005] (base port [8005] and offset [0])
	java.net.BindException: Address already in use: bind
		at java.base/sun.nio.ch.Net.bind0(Native Method)
		at java.base/sun.nio.ch.Net.bind(Net.java:511)
		at java.base/sun.nio.ch.Net.bind(Net.java:500)
		at java.base/sun.nio.ch.NioSocketImpl.bind(NioSocketImpl.java:630)
		at java.base/java.net.ServerSocket.bind(ServerSocket.java:326)
		at java.base/java.net.ServerSocket.<init>(ServerSocket.java:222)
		at org.apache.catalina.core.StandardServer.await(StandardServer.java:532)
		at org.apache.catalina.startup.Catalina.await(Catalina.java:849)
		at org.apache.catalina.startup.Catalina.start(Catalina.java:797)
		at java.base/jdk.internal.reflect.DirectMethodHandleAccessor.invoke(DirectMethodHandleAccessor.java:104)
		at java.base/java.lang.reflect.Method.invoke(Method.java:565)
		at org.apache.catalina.startup.Bootstrap.start(Bootstrap.java:342)
		at org.apache.catalina.startup.Bootstrap.main(Bootstrap.java:470)
08-May-2025 00:20:54.636 INFO [main] org.apache.coyote.AbstractProtocol.pause Pausing ProtocolHandler ["http-nio-8080"]
08-May-2025 00:20:54.636 INFO [main] org.apache.catalina.core.StandardService.stopInternal Stopping service [Catalina]
08-May-2025 00:20:54.645 INFO [main] org.apache.coyote.AbstractProtocol.stop Stopping ProtocolHandler ["http-nio-8080"]
08-May-2025 00:20:54.645 INFO [main] org.apache.coyote.AbstractProtocol.destroy Destroying ProtocolHandler ["http-nio-8080"]
08-May-2025 00:21:00.701 INFO [Catalina-utility-2] org.apache.catalina.startup.HostConfig.undeploy Undeploying context []
08-May-2025 00:21:00.746 INFO [Catalina-utility-2] org.apache.catalina.startup.HostConfig.deployDescriptor Deploying deployment descriptor [C:\Users\msi\Downloads\Food Delivery Website - Copy\Food Delivery Website - Copy\conf\Catalina\localhost\ROOT.xml]
08-May-2025 00:21:00.945 INFO [Catalina-utility-2] org.apache.catalina.startup.HostConfig.deployDescriptor Deployment of deployment descriptor [C:\Users\msi\Downloads\Food Delivery Website - Copy\Food Delivery Website - Copy\conf\Catalina\localhost\ROOT.xml] has finished in [199] ms
08-May-2025 00:22:48.950 INFO [main] org.apache.catalina.startup.VersionLoggerListener.log Server version name:   Apache Tomcat/11.0.5
08-May-2025 00:22:48.952 INFO [main] org.apache.catalina.startup.VersionLoggerListener.log Server built:          Feb 28 2025 15:54:41 UTC
08-May-2025 00:22:48.953 INFO [main] org.apache.catalina.startup.VersionLoggerListener.log Server version number: 11.0.5.0
08-May-2025 00:22:48.953 INFO [main] org.apache.catalina.startup.VersionLoggerListener.log OS Name:               Windows 11
08-May-2025 00:22:48.953 INFO [main] org.apache.catalina.startup.VersionLoggerListener.log OS Version:            10.0
08-May-2025 00:22:48.953 INFO [main] org.apache.catalina.startup.VersionLoggerListener.log Architecture:          amd64
08-May-2025 00:22:48.953 INFO [main] org.apache.catalina.startup.VersionLoggerListener.log Java Home:             C:\Users\msi\.jdks\openjdk-24
08-May-2025 00:22:48.953 INFO [main] org.apache.catalina.startup.VersionLoggerListener.log JVM Version:           24+36-3646
08-May-2025 00:22:48.954 INFO [main] org.apache.catalina.startup.VersionLoggerListener.log JVM Vendor:            Oracle Corporation
08-May-2025 00:22:48.954 INFO [main] org.apache.catalina.startup.VersionLoggerListener.log CATALINA_BASE:         C:\Users\msi\Downloads\Food Delivery Website - Copy\Food Delivery Website - Copy
08-May-2025 00:22:48.954 INFO [main] org.apache.catalina.startup.VersionLoggerListener.log CATALINA_HOME:         C:\Program Files\Apache Software Foundation\Tomcat 11.0
08-May-2025 00:22:48.963 INFO [main] org.apache.catalina.startup.VersionLoggerListener.log Command line argument: --add-opens=java.base/java.lang=ALL-UNNAMED
08-May-2025 00:22:48.963 INFO [main] org.apache.catalina.startup.VersionLoggerListener.log Command line argument: --add-opens=java.base/java.io=ALL-UNNAMED
08-May-2025 00:22:48.963 INFO [main] org.apache.catalina.startup.VersionLoggerListener.log Command line argument: --add-opens=java.base/java.util=ALL-UNNAMED
08-May-2025 00:22:48.963 INFO [main] org.apache.catalina.startup.VersionLoggerListener.log Command line argument: --add-opens=java.base/java.util.concurrent=ALL-UNNAMED
08-May-2025 00:22:48.963 INFO [main] org.apache.catalina.startup.VersionLoggerListener.log Command line argument: --add-opens=java.rmi/sun.rmi.transport=ALL-UNNAMED
08-May-2025 00:22:48.963 INFO [main] org.apache.catalina.startup.VersionLoggerListener.log Command line argument: -Dcatalina.home=C:\Program Files\Apache Software Foundation\Tomcat 11.0
08-May-2025 00:22:48.963 INFO [main] org.apache.catalina.startup.VersionLoggerListener.log Command line argument: -Dcatalina.base=C:\Users\msi\Downloads\Food Delivery Website - Copy\Food Delivery Website - Copy
08-May-2025 00:22:48.963 INFO [main] org.apache.catalina.startup.VersionLoggerListener.log Command line argument: -Djava.io.tmpdir=C:\Users\msi\Downloads\Food Delivery Website - Copy\Food Delivery Website - Copy\temp
08-May-2025 00:22:48.964 INFO [main] org.apache.catalina.startup.VersionLoggerListener.log Command line argument: -Djava.util.logging.config.file=C:\Users\msi\Downloads\Food Delivery Website - Copy\Food Delivery Website - Copy\conf\logging.properties
08-May-2025 00:22:48.964 INFO [main] org.apache.catalina.startup.VersionLoggerListener.log Command line argument: -Djava.util.logging.manager=org.apache.juli.ClassLoaderLogManager
08-May-2025 00:22:48.964 INFO [main] org.apache.catalina.startup.VersionLoggerListener.log Command line argument: -javaagent:C:\Users\msi\AppData\Local\JetBrains\IntelliJ IDEA 2024.3.5\lib\idea_rt.jar=57649
08-May-2025 00:22:48.964 INFO [main] org.apache.catalina.startup.VersionLoggerListener.log Command line argument: -Dfile.encoding=UTF-8
08-May-2025 00:22:48.964 INFO [main] org.apache.catalina.startup.VersionLoggerListener.log Command line argument: -Dsun.stdout.encoding=UTF-8
08-May-2025 00:22:48.964 INFO [main] org.apache.catalina.startup.VersionLoggerListener.log Command line argument: -Dsun.stderr.encoding=UTF-8
08-May-2025 00:22:48.967 INFO [main] org.apache.catalina.core.AprLifecycleListener.lifecycleEvent The Apache Tomcat Native library which allows using OpenSSL was not found on the java.library.path: [C:\Users\msi\.jdks\openjdk-24\bin;C:\WINDOWS\Sun\Java\bin;C:\WINDOWS\system32;C:\WINDOWS;C:\Program Files\Common Files\Oracle\Java\javapath;C:\WINDOWS\system32;C:\WINDOWS;C:\WINDOWS\System32\Wbem;C:\WINDOWS\System32\WindowsPowerShell\v1.0\;C:\WINDOWS\System32\OpenSSH\;C:\Program Files\NVIDIA Corporation\NVIDIA NvDLISR;C:\Program Files\Git\cmd;C:\Users\msi\AppData\Local\Microsoft\WindowsApps;C:\Users\msi\AppData\Local\Programs\Microsoft VS Code\bin;;.]
08-May-2025 00:22:49.231 INFO [main] org.apache.coyote.AbstractProtocol.init Initializing ProtocolHandler ["http-nio-8080"]
08-May-2025 00:22:49.243 SEVERE [main] org.apache.catalina.util.LifecycleBase.handleSubClassException Failed to initialize component [Connector["http-nio-8080"]]
	org.apache.catalina.LifecycleException: Protocol handler initialization failed
		at org.apache.catalina.connector.Connector.initInternal(Connector.java:1056)
		at org.apache.catalina.util.LifecycleBase.init(LifecycleBase.java:122)
		at org.apache.catalina.core.StandardService.initInternal(StandardService.java:525)
		at org.apache.catalina.util.LifecycleBase.init(LifecycleBase.java:122)
		at org.apache.catalina.core.StandardServer.initInternal(StandardServer.java:953)
		at org.apache.catalina.util.LifecycleBase.init(LifecycleBase.java:122)
		at org.apache.catalina.startup.Catalina.load(Catalina.java:710)
		at org.apache.catalina.startup.Catalina.load(Catalina.java:733)
		at java.base/jdk.internal.reflect.DirectMethodHandleAccessor.invoke(DirectMethodHandleAccessor.java:104)
		at java.base/java.lang.reflect.Method.invoke(Method.java:565)
		at org.apache.catalina.startup.Bootstrap.load(Bootstrap.java:299)
		at org.apache.catalina.startup.Bootstrap.main(Bootstrap.java:469)
	Caused by: java.net.BindException: Address already in use: bind
		at java.base/sun.nio.ch.Net.bind0(Native Method)
		at java.base/sun.nio.ch.Net.bind(Net.java:511)
		at java.base/sun.nio.ch.ServerSocketChannelImpl.netBind(ServerSocketChannelImpl.java:335)
		at java.base/sun.nio.ch.ServerSocketChannelImpl.bind(ServerSocketChannelImpl.java:297)
		at org.apache.tomcat.util.net.NioEndpoint.initServerSocket(NioEndpoint.java:240)
		at org.apache.tomcat.util.net.NioEndpoint.bind(NioEndpoint.java:195)
		at org.apache.tomcat.util.net.AbstractEndpoint.bindWithCleanup(AbstractEndpoint.java:1472)
		at org.apache.tomcat.util.net.AbstractEndpoint.init(AbstractEndpoint.java:1485)
		at org.apache.coyote.AbstractProtocol.init(AbstractProtocol.java:633)
		at org.apache.coyote.http11.AbstractHttp11Protocol.init(AbstractHttp11Protocol.java:83)
		at org.apache.catalina.connector.Connector.initInternal(Connector.java:1054)
		... 11 more
08-May-2025 00:22:49.244 INFO [main] org.apache.catalina.startup.Catalina.load Server initialization in [473] milliseconds
08-May-2025 00:22:49.298 INFO [main] org.apache.catalina.core.StandardService.startInternal Starting service [Catalina]
08-May-2025 00:22:49.298 INFO [main] org.apache.catalina.core.StandardEngine.startInternal Starting Servlet engine: [Apache Tomcat/11.0.5]
08-May-2025 00:22:49.306 INFO [main] org.apache.catalina.startup.HostConfig.deployDescriptor Deploying deployment descriptor [C:\Users\msi\Downloads\Food Delivery Website - Copy\Food Delivery Website - Copy\conf\Catalina\localhost\ROOT.xml]
08-May-2025 00:22:49.649 INFO [main] org.apache.catalina.startup.HostConfig.deployDescriptor Deployment of deployment descriptor [C:\Users\msi\Downloads\Food Delivery Website - Copy\Food Delivery Website - Copy\conf\Catalina\localhost\ROOT.xml] has finished in [342] ms
08-May-2025 00:22:49.661 INFO [main] org.apache.catalina.startup.Catalina.start Server startup in [414] milliseconds
08-May-2025 00:22:49.666 SEVERE [main] org.apache.catalina.core.StandardServer.await Failed to create server shutdown socket on address [localhost] and port [8005] (base port [8005] and offset [0])
	java.net.BindException: Address already in use: bind
		at java.base/sun.nio.ch.Net.bind0(Native Method)
		at java.base/sun.nio.ch.Net.bind(Net.java:511)
		at java.base/sun.nio.ch.Net.bind(Net.java:500)
		at java.base/sun.nio.ch.NioSocketImpl.bind(NioSocketImpl.java:630)
		at java.base/java.net.ServerSocket.bind(ServerSocket.java:326)
		at java.base/java.net.ServerSocket.<init>(ServerSocket.java:222)
		at org.apache.catalina.core.StandardServer.await(StandardServer.java:532)
		at org.apache.catalina.startup.Catalina.await(Catalina.java:849)
		at org.apache.catalina.startup.Catalina.start(Catalina.java:797)
		at java.base/jdk.internal.reflect.DirectMethodHandleAccessor.invoke(DirectMethodHandleAccessor.java:104)
		at java.base/java.lang.reflect.Method.invoke(Method.java:565)
		at org.apache.catalina.startup.Bootstrap.start(Bootstrap.java:342)
		at org.apache.catalina.startup.Bootstrap.main(Bootstrap.java:470)
08-May-2025 00:22:49.667 INFO [main] org.apache.coyote.AbstractProtocol.pause Pausing ProtocolHandler ["http-nio-8080"]
08-May-2025 00:22:49.667 INFO [main] org.apache.catalina.core.StandardService.stopInternal Stopping service [Catalina]
08-May-2025 00:22:49.676 INFO [main] org.apache.coyote.AbstractProtocol.stop Stopping ProtocolHandler ["http-nio-8080"]
08-May-2025 00:22:49.677 INFO [main] org.apache.coyote.AbstractProtocol.destroy Destroying ProtocolHandler ["http-nio-8080"]
08-May-2025 00:22:51.238 INFO [Catalina-utility-2] org.apache.catalina.startup.HostConfig.undeploy Undeploying context []
08-May-2025 00:22:51.243 INFO [Catalina-utility-2] org.apache.catalina.startup.HostConfig.deployDescriptor Deploying deployment descriptor [C:\Users\msi\Downloads\Food Delivery Website - Copy\Food Delivery Website - Copy\conf\Catalina\localhost\ROOT.xml]
08-May-2025 00:22:51.304 INFO [Catalina-utility-2] org.apache.catalina.startup.HostConfig.deployDescriptor Deployment of deployment descriptor [C:\Users\msi\Downloads\Food Delivery Website - Copy\Food Delivery Website - Copy\conf\Catalina\localhost\ROOT.xml] has finished in [61] ms
08-May-2025 00:23:08.610 INFO [main] org.apache.catalina.startup.VersionLoggerListener.log Server version name:   Apache Tomcat/11.0.5
08-May-2025 00:23:08.613 INFO [main] org.apache.catalina.startup.VersionLoggerListener.log Server built:          Feb 28 2025 15:54:41 UTC
08-May-2025 00:23:08.613 INFO [main] org.apache.catalina.startup.VersionLoggerListener.log Server version number: 11.0.5.0
08-May-2025 00:23:08.613 INFO [main] org.apache.catalina.startup.VersionLoggerListener.log OS Name:               Windows 11
08-May-2025 00:23:08.613 INFO [main] org.apache.catalina.startup.VersionLoggerListener.log OS Version:            10.0
08-May-2025 00:23:08.613 INFO [main] org.apache.catalina.startup.VersionLoggerListener.log Architecture:          amd64
08-May-2025 00:23:08.613 INFO [main] org.apache.catalina.startup.VersionLoggerListener.log Java Home:             C:\Users\msi\.jdks\openjdk-24
08-May-2025 00:23:08.613 INFO [main] org.apache.catalina.startup.VersionLoggerListener.log JVM Version:           24+36-3646
08-May-2025 00:23:08.614 INFO [main] org.apache.catalina.startup.VersionLoggerListener.log JVM Vendor:            Oracle Corporation
08-May-2025 00:23:08.614 INFO [main] org.apache.catalina.startup.VersionLoggerListener.log CATALINA_BASE:         C:\Users\msi\Downloads\Food Delivery Website - Copy\Food Delivery Website - Copy
08-May-2025 00:23:08.614 INFO [main] org.apache.catalina.startup.VersionLoggerListener.log CATALINA_HOME:         C:\Program Files\Apache Software Foundation\Tomcat 11.0
08-May-2025 00:23:08.621 INFO [main] org.apache.catalina.startup.VersionLoggerListener.log Command line argument: --add-opens=java.base/java.lang=ALL-UNNAMED
08-May-2025 00:23:08.621 INFO [main] org.apache.catalina.startup.VersionLoggerListener.log Command line argument: --add-opens=java.base/java.io=ALL-UNNAMED
08-May-2025 00:23:08.621 INFO [main] org.apache.catalina.startup.VersionLoggerListener.log Command line argument: --add-opens=java.base/java.util=ALL-UNNAMED
08-May-2025 00:23:08.621 INFO [main] org.apache.catalina.startup.VersionLoggerListener.log Command line argument: --add-opens=java.base/java.util.concurrent=ALL-UNNAMED
08-May-2025 00:23:08.621 INFO [main] org.apache.catalina.startup.VersionLoggerListener.log Command line argument: --add-opens=java.rmi/sun.rmi.transport=ALL-UNNAMED
08-May-2025 00:23:08.621 INFO [main] org.apache.catalina.startup.VersionLoggerListener.log Command line argument: -Dcatalina.home=C:\Program Files\Apache Software Foundation\Tomcat 11.0
08-May-2025 00:23:08.621 INFO [main] org.apache.catalina.startup.VersionLoggerListener.log Command line argument: -Dcatalina.base=C:\Users\msi\Downloads\Food Delivery Website - Copy\Food Delivery Website - Copy
08-May-2025 00:23:08.621 INFO [main] org.apache.catalina.startup.VersionLoggerListener.log Command line argument: -Djava.io.tmpdir=C:\Users\msi\Downloads\Food Delivery Website - Copy\Food Delivery Website - Copy\temp
08-May-2025 00:23:08.622 INFO [main] org.apache.catalina.startup.VersionLoggerListener.log Command line argument: -Djava.util.logging.config.file=C:\Users\msi\Downloads\Food Delivery Website - Copy\Food Delivery Website - Copy\conf\logging.properties
08-May-2025 00:23:08.622 INFO [main] org.apache.catalina.startup.VersionLoggerListener.log Command line argument: -Djava.util.logging.manager=org.apache.juli.ClassLoaderLogManager
08-May-2025 00:23:08.622 INFO [main] org.apache.catalina.startup.VersionLoggerListener.log Command line argument: -javaagent:C:\Users\msi\AppData\Local\JetBrains\IntelliJ IDEA 2024.3.5\lib\idea_rt.jar=57654
08-May-2025 00:23:08.622 INFO [main] org.apache.catalina.startup.VersionLoggerListener.log Command line argument: -Dfile.encoding=UTF-8
08-May-2025 00:23:08.622 INFO [main] org.apache.catalina.startup.VersionLoggerListener.log Command line argument: -Dsun.stdout.encoding=UTF-8
08-May-2025 00:23:08.622 INFO [main] org.apache.catalina.startup.VersionLoggerListener.log Command line argument: -Dsun.stderr.encoding=UTF-8
08-May-2025 00:23:08.625 INFO [main] org.apache.catalina.core.AprLifecycleListener.lifecycleEvent The Apache Tomcat Native library which allows using OpenSSL was not found on the java.library.path: [C:\Users\msi\.jdks\openjdk-24\bin;C:\WINDOWS\Sun\Java\bin;C:\WINDOWS\system32;C:\WINDOWS;C:\Program Files\Common Files\Oracle\Java\javapath;C:\WINDOWS\system32;C:\WINDOWS;C:\WINDOWS\System32\Wbem;C:\WINDOWS\System32\WindowsPowerShell\v1.0\;C:\WINDOWS\System32\OpenSSH\;C:\Program Files\NVIDIA Corporation\NVIDIA NvDLISR;C:\Program Files\Git\cmd;C:\Users\msi\AppData\Local\Microsoft\WindowsApps;C:\Users\msi\AppData\Local\Programs\Microsoft VS Code\bin;;.]
08-May-2025 00:23:08.882 INFO [main] org.apache.coyote.AbstractProtocol.init Initializing ProtocolHandler ["http-nio-8080"]
08-May-2025 00:23:08.890 SEVERE [main] org.apache.catalina.util.LifecycleBase.handleSubClassException Failed to initialize component [Connector["http-nio-8080"]]
	org.apache.catalina.LifecycleException: Protocol handler initialization failed
		at org.apache.catalina.connector.Connector.initInternal(Connector.java:1056)
		at org.apache.catalina.util.LifecycleBase.init(LifecycleBase.java:122)
		at org.apache.catalina.core.StandardService.initInternal(StandardService.java:525)
		at org.apache.catalina.util.LifecycleBase.init(LifecycleBase.java:122)
		at org.apache.catalina.core.StandardServer.initInternal(StandardServer.java:953)
		at org.apache.catalina.util.LifecycleBase.init(LifecycleBase.java:122)
		at org.apache.catalina.startup.Catalina.load(Catalina.java:710)
		at org.apache.catalina.startup.Catalina.load(Catalina.java:733)
		at java.base/jdk.internal.reflect.DirectMethodHandleAccessor.invoke(DirectMethodHandleAccessor.java:104)
		at java.base/java.lang.reflect.Method.invoke(Method.java:565)
		at org.apache.catalina.startup.Bootstrap.load(Bootstrap.java:299)
		at org.apache.catalina.startup.Bootstrap.main(Bootstrap.java:469)
	Caused by: java.net.BindException: Address already in use: bind
		at java.base/sun.nio.ch.Net.bind0(Native Method)
		at java.base/sun.nio.ch.Net.bind(Net.java:511)
		at java.base/sun.nio.ch.ServerSocketChannelImpl.netBind(ServerSocketChannelImpl.java:335)
		at java.base/sun.nio.ch.ServerSocketChannelImpl.bind(ServerSocketChannelImpl.java:297)
		at org.apache.tomcat.util.net.NioEndpoint.initServerSocket(NioEndpoint.java:240)
		at org.apache.tomcat.util.net.NioEndpoint.bind(NioEndpoint.java:195)
		at org.apache.tomcat.util.net.AbstractEndpoint.bindWithCleanup(AbstractEndpoint.java:1472)
		at org.apache.tomcat.util.net.AbstractEndpoint.init(AbstractEndpoint.java:1485)
		at org.apache.coyote.AbstractProtocol.init(AbstractProtocol.java:633)
		at org.apache.coyote.http11.AbstractHttp11Protocol.init(AbstractHttp11Protocol.java:83)
		at org.apache.catalina.connector.Connector.initInternal(Connector.java:1054)
		... 11 more
08-May-2025 00:23:08.890 INFO [main] org.apache.catalina.startup.Catalina.load Server initialization in [440] milliseconds
08-May-2025 00:23:08.943 INFO [main] org.apache.catalina.core.StandardService.startInternal Starting service [Catalina]
08-May-2025 00:23:08.943 INFO [main] org.apache.catalina.core.StandardEngine.startInternal Starting Servlet engine: [Apache Tomcat/11.0.5]
08-May-2025 00:23:08.950 INFO [main] org.apache.catalina.startup.HostConfig.deployDescriptor Deploying deployment descriptor [C:\Users\msi\Downloads\Food Delivery Website - Copy\Food Delivery Website - Copy\conf\Catalina\localhost\ROOT.xml]
08-May-2025 00:23:09.261 INFO [main] org.apache.catalina.startup.HostConfig.deployDescriptor Deployment of deployment descriptor [C:\Users\msi\Downloads\Food Delivery Website - Copy\Food Delivery Website - Copy\conf\Catalina\localhost\ROOT.xml] has finished in [310] ms
08-May-2025 00:23:09.271 INFO [main] org.apache.catalina.startup.Catalina.start Server startup in [379] milliseconds
08-May-2025 00:23:09.278 SEVERE [main] org.apache.catalina.core.StandardServer.await Failed to create server shutdown socket on address [localhost] and port [8005] (base port [8005] and offset [0])
	java.net.BindException: Address already in use: bind
		at java.base/sun.nio.ch.Net.bind0(Native Method)
		at java.base/sun.nio.ch.Net.bind(Net.java:511)
		at java.base/sun.nio.ch.Net.bind(Net.java:500)
		at java.base/sun.nio.ch.NioSocketImpl.bind(NioSocketImpl.java:630)
		at java.base/java.net.ServerSocket.bind(ServerSocket.java:326)
		at java.base/java.net.ServerSocket.<init>(ServerSocket.java:222)
		at org.apache.catalina.core.StandardServer.await(StandardServer.java:532)
		at org.apache.catalina.startup.Catalina.await(Catalina.java:849)
		at org.apache.catalina.startup.Catalina.start(Catalina.java:797)
		at java.base/jdk.internal.reflect.DirectMethodHandleAccessor.invoke(DirectMethodHandleAccessor.java:104)
		at java.base/java.lang.reflect.Method.invoke(Method.java:565)
		at org.apache.catalina.startup.Bootstrap.start(Bootstrap.java:342)
		at org.apache.catalina.startup.Bootstrap.main(Bootstrap.java:470)
08-May-2025 00:23:09.278 INFO [main] org.apache.coyote.AbstractProtocol.pause Pausing ProtocolHandler ["http-nio-8080"]
08-May-2025 00:23:09.278 INFO [main] org.apache.catalina.core.StandardService.stopInternal Stopping service [Catalina]
08-May-2025 00:23:09.285 INFO [main] org.apache.coyote.AbstractProtocol.stop Stopping ProtocolHandler ["http-nio-8080"]
08-May-2025 00:23:09.286 INFO [main] org.apache.coyote.AbstractProtocol.destroy Destroying ProtocolHandler ["http-nio-8080"]
08-May-2025 00:23:11.308 INFO [Catalina-utility-1] org.apache.catalina.startup.HostConfig.undeploy Undeploying context []
08-May-2025 00:23:11.327 INFO [Catalina-utility-1] org.apache.catalina.startup.HostConfig.deployDescriptor Deploying deployment descriptor [C:\Users\msi\Downloads\Food Delivery Website - Copy\Food Delivery Website - Copy\conf\Catalina\localhost\ROOT.xml]
08-May-2025 00:23:11.421 INFO [Catalina-utility-1] org.apache.catalina.startup.HostConfig.deployDescriptor Deployment of deployment descriptor [C:\Users\msi\Downloads\Food Delivery Website - Copy\Food Delivery Website - Copy\conf\Catalina\localhost\ROOT.xml] has finished in [94] ms
08-May-2025 00:26:53.097 INFO [main] org.apache.catalina.startup.VersionLoggerListener.log Server version name:   Apache Tomcat/11.0.5
08-May-2025 00:26:53.099 INFO [main] org.apache.catalina.startup.VersionLoggerListener.log Server built:          Feb 28 2025 15:54:41 UTC
08-May-2025 00:26:53.099 INFO [main] org.apache.catalina.startup.VersionLoggerListener.log Server version number: 11.0.5.0
08-May-2025 00:26:53.099 INFO [main] org.apache.catalina.startup.VersionLoggerListener.log OS Name:               Windows 11
08-May-2025 00:26:53.099 INFO [main] org.apache.catalina.startup.VersionLoggerListener.log OS Version:            10.0
08-May-2025 00:26:53.099 INFO [main] org.apache.catalina.startup.VersionLoggerListener.log Architecture:          amd64
08-May-2025 00:26:53.099 INFO [main] org.apache.catalina.startup.VersionLoggerListener.log Java Home:             C:\Users\msi\.jdks\openjdk-24
08-May-2025 00:26:53.099 INFO [main] org.apache.catalina.startup.VersionLoggerListener.log JVM Version:           24+36-3646
08-May-2025 00:26:53.099 INFO [main] org.apache.catalina.startup.VersionLoggerListener.log JVM Vendor:            Oracle Corporation
08-May-2025 00:26:53.099 INFO [main] org.apache.catalina.startup.VersionLoggerListener.log CATALINA_BASE:         C:\Users\msi\Downloads\Food Delivery Website - Copy\Food Delivery Website - Copy
08-May-2025 00:26:53.099 INFO [main] org.apache.catalina.startup.VersionLoggerListener.log CATALINA_HOME:         C:\Program Files\Apache Software Foundation\Tomcat 11.0
08-May-2025 00:26:53.106 INFO [main] org.apache.catalina.startup.VersionLoggerListener.log Command line argument: --add-opens=java.base/java.lang=ALL-UNNAMED
08-May-2025 00:26:53.107 INFO [main] org.apache.catalina.startup.VersionLoggerListener.log Command line argument: --add-opens=java.base/java.io=ALL-UNNAMED
08-May-2025 00:26:53.107 INFO [main] org.apache.catalina.startup.VersionLoggerListener.log Command line argument: --add-opens=java.base/java.util=ALL-UNNAMED
08-May-2025 00:26:53.107 INFO [main] org.apache.catalina.startup.VersionLoggerListener.log Command line argument: --add-opens=java.base/java.util.concurrent=ALL-UNNAMED
08-May-2025 00:26:53.107 INFO [main] org.apache.catalina.startup.VersionLoggerListener.log Command line argument: --add-opens=java.rmi/sun.rmi.transport=ALL-UNNAMED
08-May-2025 00:26:53.107 INFO [main] org.apache.catalina.startup.VersionLoggerListener.log Command line argument: -Dcatalina.home=C:\Program Files\Apache Software Foundation\Tomcat 11.0
08-May-2025 00:26:53.107 INFO [main] org.apache.catalina.startup.VersionLoggerListener.log Command line argument: -Dcatalina.base=C:\Users\msi\Downloads\Food Delivery Website - Copy\Food Delivery Website - Copy
08-May-2025 00:26:53.107 INFO [main] org.apache.catalina.startup.VersionLoggerListener.log Command line argument: -Djava.io.tmpdir=C:\Users\msi\Downloads\Food Delivery Website - Copy\Food Delivery Website - Copy\temp
08-May-2025 00:26:53.107 INFO [main] org.apache.catalina.startup.VersionLoggerListener.log Command line argument: -Djava.util.logging.config.file=C:\Users\msi\Downloads\Food Delivery Website - Copy\Food Delivery Website - Copy\conf\logging.properties
08-May-2025 00:26:53.107 INFO [main] org.apache.catalina.startup.VersionLoggerListener.log Command line argument: -Djava.util.logging.manager=org.apache.juli.ClassLoaderLogManager
08-May-2025 00:26:53.107 INFO [main] org.apache.catalina.startup.VersionLoggerListener.log Command line argument: -javaagent:C:\Users\msi\AppData\Local\JetBrains\IntelliJ IDEA 2024.3.5\lib\idea_rt.jar=57719
08-May-2025 00:26:53.107 INFO [main] org.apache.catalina.startup.VersionLoggerListener.log Command line argument: -Dfile.encoding=UTF-8
08-May-2025 00:26:53.108 INFO [main] org.apache.catalina.startup.VersionLoggerListener.log Command line argument: -Dsun.stdout.encoding=UTF-8
08-May-2025 00:26:53.108 INFO [main] org.apache.catalina.startup.VersionLoggerListener.log Command line argument: -Dsun.stderr.encoding=UTF-8
08-May-2025 00:26:53.111 INFO [main] org.apache.catalina.core.AprLifecycleListener.lifecycleEvent The Apache Tomcat Native library which allows using OpenSSL was not found on the java.library.path: [C:\Users\msi\.jdks\openjdk-24\bin;C:\WINDOWS\Sun\Java\bin;C:\WINDOWS\system32;C:\WINDOWS;C:\Program Files\Common Files\Oracle\Java\javapath;C:\WINDOWS\system32;C:\WINDOWS;C:\WINDOWS\System32\Wbem;C:\WINDOWS\System32\WindowsPowerShell\v1.0\;C:\WINDOWS\System32\OpenSSH\;C:\Program Files\NVIDIA Corporation\NVIDIA NvDLISR;C:\Program Files\Git\cmd;C:\Users\msi\AppData\Local\Microsoft\WindowsApps;C:\Users\msi\AppData\Local\Programs\Microsoft VS Code\bin;;.]
08-May-2025 00:26:53.366 INFO [main] org.apache.coyote.AbstractProtocol.init Initializing ProtocolHandler ["http-nio-8080"]
08-May-2025 00:26:53.375 SEVERE [main] org.apache.catalina.util.LifecycleBase.handleSubClassException Failed to initialize component [Connector["http-nio-8080"]]
	org.apache.catalina.LifecycleException: Protocol handler initialization failed
		at org.apache.catalina.connector.Connector.initInternal(Connector.java:1056)
		at org.apache.catalina.util.LifecycleBase.init(LifecycleBase.java:122)
		at org.apache.catalina.core.StandardService.initInternal(StandardService.java:525)
		at org.apache.catalina.util.LifecycleBase.init(LifecycleBase.java:122)
		at org.apache.catalina.core.StandardServer.initInternal(StandardServer.java:953)
		at org.apache.catalina.util.LifecycleBase.init(LifecycleBase.java:122)
		at org.apache.catalina.startup.Catalina.load(Catalina.java:710)
		at org.apache.catalina.startup.Catalina.load(Catalina.java:733)
		at java.base/jdk.internal.reflect.DirectMethodHandleAccessor.invoke(DirectMethodHandleAccessor.java:104)
		at java.base/java.lang.reflect.Method.invoke(Method.java:565)
		at org.apache.catalina.startup.Bootstrap.load(Bootstrap.java:299)
		at org.apache.catalina.startup.Bootstrap.main(Bootstrap.java:469)
	Caused by: java.net.BindException: Address already in use: bind
		at java.base/sun.nio.ch.Net.bind0(Native Method)
		at java.base/sun.nio.ch.Net.bind(Net.java:511)
		at java.base/sun.nio.ch.ServerSocketChannelImpl.netBind(ServerSocketChannelImpl.java:335)
		at java.base/sun.nio.ch.ServerSocketChannelImpl.bind(ServerSocketChannelImpl.java:297)
		at org.apache.tomcat.util.net.NioEndpoint.initServerSocket(NioEndpoint.java:240)
		at org.apache.tomcat.util.net.NioEndpoint.bind(NioEndpoint.java:195)
		at org.apache.tomcat.util.net.AbstractEndpoint.bindWithCleanup(AbstractEndpoint.java:1472)
		at org.apache.tomcat.util.net.AbstractEndpoint.init(AbstractEndpoint.java:1485)
		at org.apache.coyote.AbstractProtocol.init(AbstractProtocol.java:633)
		at org.apache.coyote.http11.AbstractHttp11Protocol.init(AbstractHttp11Protocol.java:83)
		at org.apache.catalina.connector.Connector.initInternal(Connector.java:1054)
		... 11 more
08-May-2025 00:26:53.377 INFO [main] org.apache.catalina.startup.Catalina.load Server initialization in [439] milliseconds
08-May-2025 00:26:53.432 INFO [main] org.apache.catalina.core.StandardService.startInternal Starting service [Catalina]
08-May-2025 00:26:53.432 INFO [main] org.apache.catalina.core.StandardEngine.startInternal Starting Servlet engine: [Apache Tomcat/11.0.5]
08-May-2025 00:26:53.442 INFO [main] org.apache.catalina.startup.HostConfig.deployDescriptor Deploying deployment descriptor [C:\Users\msi\Downloads\Food Delivery Website - Copy\Food Delivery Website - Copy\conf\Catalina\localhost\ROOT.xml]
08-May-2025 00:26:53.800 INFO [main] org.apache.catalina.startup.HostConfig.deployDescriptor Deployment of deployment descriptor [C:\Users\msi\Downloads\Food Delivery Website - Copy\Food Delivery Website - Copy\conf\Catalina\localhost\ROOT.xml] has finished in [357] ms
08-May-2025 00:26:53.812 INFO [main] org.apache.catalina.startup.Catalina.start Server startup in [433] milliseconds
08-May-2025 00:26:53.817 SEVERE [main] org.apache.catalina.core.StandardServer.await Failed to create server shutdown socket on address [localhost] and port [8005] (base port [8005] and offset [0])
	java.net.BindException: Address already in use: bind
		at java.base/sun.nio.ch.Net.bind0(Native Method)
		at java.base/sun.nio.ch.Net.bind(Net.java:511)
		at java.base/sun.nio.ch.Net.bind(Net.java:500)
		at java.base/sun.nio.ch.NioSocketImpl.bind(NioSocketImpl.java:630)
		at java.base/java.net.ServerSocket.bind(ServerSocket.java:326)
		at java.base/java.net.ServerSocket.<init>(ServerSocket.java:222)
		at org.apache.catalina.core.StandardServer.await(StandardServer.java:532)
		at org.apache.catalina.startup.Catalina.await(Catalina.java:849)
		at org.apache.catalina.startup.Catalina.start(Catalina.java:797)
		at java.base/jdk.internal.reflect.DirectMethodHandleAccessor.invoke(DirectMethodHandleAccessor.java:104)
		at java.base/java.lang.reflect.Method.invoke(Method.java:565)
		at org.apache.catalina.startup.Bootstrap.start(Bootstrap.java:342)
		at org.apache.catalina.startup.Bootstrap.main(Bootstrap.java:470)
08-May-2025 00:26:53.818 INFO [main] org.apache.coyote.AbstractProtocol.pause Pausing ProtocolHandler ["http-nio-8080"]
08-May-2025 00:26:53.818 INFO [main] org.apache.catalina.core.StandardService.stopInternal Stopping service [Catalina]
08-May-2025 00:26:53.826 INFO [main] org.apache.coyote.AbstractProtocol.stop Stopping ProtocolHandler ["http-nio-8080"]
08-May-2025 00:26:53.826 INFO [main] org.apache.coyote.AbstractProtocol.destroy Destroying ProtocolHandler ["http-nio-8080"]
08-May-2025 00:27:01.660 INFO [Catalina-utility-1] org.apache.catalina.startup.HostConfig.undeploy Undeploying context []
08-May-2025 00:27:01.739 INFO [Catalina-utility-1] org.apache.catalina.startup.HostConfig.deployDescriptor Deploying deployment descriptor [C:\Users\msi\Downloads\Food Delivery Website - Copy\Food Delivery Website - Copy\conf\Catalina\localhost\ROOT.xml]
08-May-2025 00:27:01.946 INFO [Catalina-utility-1] org.apache.catalina.startup.HostConfig.deployDescriptor Deployment of deployment descriptor [C:\Users\msi\Downloads\Food Delivery Website - Copy\Food Delivery Website - Copy\conf\Catalina\localhost\ROOT.xml] has finished in [207] ms
08-May-2025 11:44:22.349 INFO [main] org.apache.catalina.startup.VersionLoggerListener.log Server version name:   Apache Tomcat/11.0.5
08-May-2025 11:44:22.352 INFO [main] org.apache.catalina.startup.VersionLoggerListener.log Server built:          Feb 28 2025 15:54:41 UTC
08-May-2025 11:44:22.353 INFO [main] org.apache.catalina.startup.VersionLoggerListener.log Server version number: 11.0.5.0
08-May-2025 11:44:22.353 INFO [main] org.apache.catalina.startup.VersionLoggerListener.log OS Name:               Windows 11
08-May-2025 11:44:22.353 INFO [main] org.apache.catalina.startup.VersionLoggerListener.log OS Version:            10.0
08-May-2025 11:44:22.354 INFO [main] org.apache.catalina.startup.VersionLoggerListener.log Architecture:          amd64
08-May-2025 11:44:22.354 INFO [main] org.apache.catalina.startup.VersionLoggerListener.log Java Home:             C:\Users\msi\.jdks\openjdk-24
08-May-2025 11:44:22.354 INFO [main] org.apache.catalina.startup.VersionLoggerListener.log JVM Version:           24+36-3646
08-May-2025 11:44:22.354 INFO [main] org.apache.catalina.startup.VersionLoggerListener.log JVM Vendor:            Oracle Corporation
08-May-2025 11:44:22.354 INFO [main] org.apache.catalina.startup.VersionLoggerListener.log CATALINA_BASE:         C:\Users\msi\Downloads\Food Delivery Website - Copy\Food Delivery Website - Copy
08-May-2025 11:44:22.354 INFO [main] org.apache.catalina.startup.VersionLoggerListener.log CATALINA_HOME:         C:\Program Files\Apache Software Foundation\Tomcat 11.0
08-May-2025 11:44:22.365 INFO [main] org.apache.catalina.startup.VersionLoggerListener.log Command line argument: --add-opens=java.base/java.lang=ALL-UNNAMED
08-May-2025 11:44:22.365 INFO [main] org.apache.catalina.startup.VersionLoggerListener.log Command line argument: --add-opens=java.base/java.io=ALL-UNNAMED
08-May-2025 11:44:22.365 INFO [main] org.apache.catalina.startup.VersionLoggerListener.log Command line argument: --add-opens=java.base/java.util=ALL-UNNAMED
08-May-2025 11:44:22.365 INFO [main] org.apache.catalina.startup.VersionLoggerListener.log Command line argument: --add-opens=java.base/java.util.concurrent=ALL-UNNAMED
08-May-2025 11:44:22.365 INFO [main] org.apache.catalina.startup.VersionLoggerListener.log Command line argument: --add-opens=java.rmi/sun.rmi.transport=ALL-UNNAMED
08-May-2025 11:44:22.365 INFO [main] org.apache.catalina.startup.VersionLoggerListener.log Command line argument: -Dcatalina.home=C:\Program Files\Apache Software Foundation\Tomcat 11.0
08-May-2025 11:44:22.365 INFO [main] org.apache.catalina.startup.VersionLoggerListener.log Command line argument: -Dcatalina.base=C:\Users\msi\Downloads\Food Delivery Website - Copy\Food Delivery Website - Copy
08-May-2025 11:44:22.366 INFO [main] org.apache.catalina.startup.VersionLoggerListener.log Command line argument: -Djava.io.tmpdir=C:\Users\msi\Downloads\Food Delivery Website - Copy\Food Delivery Website - Copy\temp
08-May-2025 11:44:22.366 INFO [main] org.apache.catalina.startup.VersionLoggerListener.log Command line argument: -Djava.util.logging.config.file=C:\Users\msi\Downloads\Food Delivery Website - Copy\Food Delivery Website - Copy\conf\logging.properties
08-May-2025 11:44:22.366 INFO [main] org.apache.catalina.startup.VersionLoggerListener.log Command line argument: -Djava.util.logging.manager=org.apache.juli.ClassLoaderLogManager
08-May-2025 11:44:22.366 INFO [main] org.apache.catalina.startup.VersionLoggerListener.log Command line argument: -javaagent:C:\Users\msi\AppData\Local\JetBrains\IntelliJ IDEA 2024.3.5\lib\idea_rt.jar=50261
08-May-2025 11:44:22.366 INFO [main] org.apache.catalina.startup.VersionLoggerListener.log Command line argument: -Dfile.encoding=UTF-8
08-May-2025 11:44:22.366 INFO [main] org.apache.catalina.startup.VersionLoggerListener.log Command line argument: -Dsun.stdout.encoding=UTF-8
08-May-2025 11:44:22.366 INFO [main] org.apache.catalina.startup.VersionLoggerListener.log Command line argument: -Dsun.stderr.encoding=UTF-8
08-May-2025 11:44:22.371 INFO [main] org.apache.catalina.core.AprLifecycleListener.lifecycleEvent The Apache Tomcat Native library which allows using OpenSSL was not found on the java.library.path: [C:\Users\msi\.jdks\openjdk-24\bin;C:\WINDOWS\Sun\Java\bin;C:\WINDOWS\system32;C:\WINDOWS;C:\Program Files\Common Files\Oracle\Java\javapath;C:\WINDOWS\system32;C:\WINDOWS;C:\WINDOWS\System32\Wbem;C:\WINDOWS\System32\WindowsPowerShell\v1.0\;C:\WINDOWS\System32\OpenSSH\;C:\Program Files\NVIDIA Corporation\NVIDIA NvDLISR;C:\Program Files\Git\cmd;C:\Users\msi\AppData\Local\Microsoft\WindowsApps;C:\Users\msi\AppData\Local\Programs\Microsoft VS Code\bin;;.]
08-May-2025 11:44:22.787 INFO [main] org.apache.coyote.AbstractProtocol.init Initializing ProtocolHandler ["http-nio-8080"]
08-May-2025 11:44:22.804 INFO [main] org.apache.catalina.startup.Catalina.load Server initialization in [770] milliseconds
08-May-2025 11:44:22.878 INFO [main] org.apache.catalina.core.StandardService.startInternal Starting service [Catalina]
08-May-2025 11:44:22.878 INFO [main] org.apache.catalina.core.StandardEngine.startInternal Starting Servlet engine: [Apache Tomcat/11.0.5]
08-May-2025 11:44:22.887 INFO [main] org.apache.catalina.startup.HostConfig.deployDescriptor Deploying deployment descriptor [C:\Users\msi\Downloads\Food Delivery Website - Copy\Food Delivery Website - Copy\conf\Catalina\localhost\ROOT.xml]
08-May-2025 11:44:23.922 INFO [main] org.apache.catalina.startup.HostConfig.deployDescriptor Deployment of deployment descriptor [C:\Users\msi\Downloads\Food Delivery Website - Copy\Food Delivery Website - Copy\conf\Catalina\localhost\ROOT.xml] has finished in [1,033] ms
08-May-2025 11:44:23.927 INFO [main] org.apache.coyote.AbstractProtocol.start Starting ProtocolHandler ["http-nio-8080"]
08-May-2025 11:44:23.957 INFO [main] org.apache.catalina.startup.Catalina.start Server startup in [1150] milliseconds
08-May-2025 11:47:27.729 INFO [Thread-1] org.apache.coyote.AbstractProtocol.pause Pausing ProtocolHandler ["http-nio-8080"]
08-May-2025 11:47:27.752 INFO [Thread-1] org.apache.catalina.core.StandardService.stopInternal Stopping service [Catalina]
08-May-2025 11:47:27.775 INFO [Thread-1] org.apache.coyote.AbstractProtocol.stop Stopping ProtocolHandler ["http-nio-8080"]
08-May-2025 11:47:27.792 INFO [Thread-1] org.apache.coyote.AbstractProtocol.destroy Destroying ProtocolHandler ["http-nio-8080"]
08-May-2025 11:47:29.929 INFO [main] org.apache.catalina.startup.VersionLoggerListener.log Server version name:   Apache Tomcat/11.0.5
08-May-2025 11:47:29.934 INFO [main] org.apache.catalina.startup.VersionLoggerListener.log Server built:          Feb 28 2025 15:54:41 UTC
08-May-2025 11:47:29.935 INFO [main] org.apache.catalina.startup.VersionLoggerListener.log Server version number: 11.0.5.0
08-May-2025 11:47:29.936 INFO [main] org.apache.catalina.startup.VersionLoggerListener.log OS Name:               Windows 11
08-May-2025 11:47:29.937 INFO [main] org.apache.catalina.startup.VersionLoggerListener.log OS Version:            10.0
08-May-2025 11:47:29.937 INFO [main] org.apache.catalina.startup.VersionLoggerListener.log Architecture:          amd64
08-May-2025 11:47:29.938 INFO [main] org.apache.catalina.startup.VersionLoggerListener.log Java Home:             C:\Users\msi\.jdks\openjdk-24
08-May-2025 11:47:29.938 INFO [main] org.apache.catalina.startup.VersionLoggerListener.log JVM Version:           24+36-3646
08-May-2025 11:47:29.939 INFO [main] org.apache.catalina.startup.VersionLoggerListener.log JVM Vendor:            Oracle Corporation
08-May-2025 11:47:29.940 INFO [main] org.apache.catalina.startup.VersionLoggerListener.log CATALINA_BASE:         C:\Users\msi\Downloads\Food Delivery Website - Copy\Food Delivery Website - Copy
08-May-2025 11:47:29.941 INFO [main] org.apache.catalina.startup.VersionLoggerListener.log CATALINA_HOME:         C:\Program Files\Apache Software Foundation\Tomcat 11.0
08-May-2025 11:47:29.961 INFO [main] org.apache.catalina.startup.VersionLoggerListener.log Command line argument: --add-opens=java.base/java.lang=ALL-UNNAMED
08-May-2025 11:47:29.962 INFO [main] org.apache.catalina.startup.VersionLoggerListener.log Command line argument: --add-opens=java.base/java.io=ALL-UNNAMED
08-May-2025 11:47:29.963 INFO [main] org.apache.catalina.startup.VersionLoggerListener.log Command line argument: --add-opens=java.base/java.util=ALL-UNNAMED
08-May-2025 11:47:29.963 INFO [main] org.apache.catalina.startup.VersionLoggerListener.log Command line argument: --add-opens=java.base/java.util.concurrent=ALL-UNNAMED
08-May-2025 11:47:29.963 INFO [main] org.apache.catalina.startup.VersionLoggerListener.log Command line argument: --add-opens=java.rmi/sun.rmi.transport=ALL-UNNAMED
08-May-2025 11:47:29.963 INFO [main] org.apache.catalina.startup.VersionLoggerListener.log Command line argument: -Dcatalina.home=C:\Program Files\Apache Software Foundation\Tomcat 11.0
08-May-2025 11:47:29.963 INFO [main] org.apache.catalina.startup.VersionLoggerListener.log Command line argument: -Dcatalina.base=C:\Users\msi\Downloads\Food Delivery Website - Copy\Food Delivery Website - Copy
08-May-2025 11:47:29.964 INFO [main] org.apache.catalina.startup.VersionLoggerListener.log Command line argument: -Djava.io.tmpdir=C:\Users\msi\Downloads\Food Delivery Website - Copy\Food Delivery Website - Copy\temp
08-May-2025 11:47:29.964 INFO [main] org.apache.catalina.startup.VersionLoggerListener.log Command line argument: -Djava.util.logging.config.file=C:\Users\msi\Downloads\Food Delivery Website - Copy\Food Delivery Website - Copy\conf\logging.properties
08-May-2025 11:47:29.964 INFO [main] org.apache.catalina.startup.VersionLoggerListener.log Command line argument: -Djava.util.logging.manager=org.apache.juli.ClassLoaderLogManager
08-May-2025 11:47:29.964 INFO [main] org.apache.catalina.startup.VersionLoggerListener.log Command line argument: -javaagent:C:\Users\msi\AppData\Local\JetBrains\IntelliJ IDEA 2024.3.5\lib\idea_rt.jar=50483
08-May-2025 11:47:29.964 INFO [main] org.apache.catalina.startup.VersionLoggerListener.log Command line argument: -Dfile.encoding=UTF-8
08-May-2025 11:47:29.964 INFO [main] org.apache.catalina.startup.VersionLoggerListener.log Command line argument: -Dsun.stdout.encoding=UTF-8
08-May-2025 11:47:29.965 INFO [main] org.apache.catalina.startup.VersionLoggerListener.log Command line argument: -Dsun.stderr.encoding=UTF-8
08-May-2025 11:47:29.971 INFO [main] org.apache.catalina.core.AprLifecycleListener.lifecycleEvent The Apache Tomcat Native library which allows using OpenSSL was not found on the java.library.path: [C:\Users\msi\.jdks\openjdk-24\bin;C:\WINDOWS\Sun\Java\bin;C:\WINDOWS\system32;C:\WINDOWS;C:\Program Files\Common Files\Oracle\Java\javapath;C:\WINDOWS\system32;C:\WINDOWS;C:\WINDOWS\System32\Wbem;C:\WINDOWS\System32\WindowsPowerShell\v1.0\;C:\WINDOWS\System32\OpenSSH\;C:\Program Files\NVIDIA Corporation\NVIDIA NvDLISR;C:\Program Files\Git\cmd;C:\Users\msi\AppData\Local\Microsoft\WindowsApps;C:\Users\msi\AppData\Local\Programs\Microsoft VS Code\bin;;.]
08-May-2025 11:47:30.363 INFO [main] org.apache.coyote.AbstractProtocol.init Initializing ProtocolHandler ["http-nio-8080"]
08-May-2025 11:47:30.384 INFO [main] org.apache.catalina.startup.Catalina.load Server initialization in [731] milliseconds
08-May-2025 11:47:30.461 INFO [main] org.apache.catalina.core.StandardService.startInternal Starting service [Catalina]
08-May-2025 11:47:30.461 INFO [main] org.apache.catalina.core.StandardEngine.startInternal Starting Servlet engine: [Apache Tomcat/11.0.5]
08-May-2025 11:47:30.479 INFO [main] org.apache.catalina.startup.HostConfig.deployDescriptor Deploying deployment descriptor [C:\Users\msi\Downloads\Food Delivery Website - Copy\Food Delivery Website - Copy\conf\Catalina\localhost\ROOT.xml]
08-May-2025 11:47:30.951 INFO [main] org.apache.catalina.startup.HostConfig.deployDescriptor Deployment of deployment descriptor [C:\Users\msi\Downloads\Food Delivery Website - Copy\Food Delivery Website - Copy\conf\Catalina\localhost\ROOT.xml] has finished in [470] ms
08-May-2025 11:47:30.958 INFO [main] org.apache.coyote.AbstractProtocol.start Starting ProtocolHandler ["http-nio-8080"]
08-May-2025 11:47:30.988 INFO [main] org.apache.catalina.startup.Catalina.start Server startup in [601] milliseconds
08-May-2025 11:48:12.527 INFO [Thread-1] org.apache.coyote.AbstractProtocol.pause Pausing ProtocolHandler ["http-nio-8080"]
08-May-2025 11:48:12.555 INFO [Thread-1] org.apache.catalina.core.StandardService.stopInternal Stopping service [Catalina]
08-May-2025 11:48:12.570 INFO [Thread-1] org.apache.coyote.AbstractProtocol.stop Stopping ProtocolHandler ["http-nio-8080"]
08-May-2025 11:48:12.579 INFO [Thread-1] org.apache.coyote.AbstractProtocol.destroy Destroying ProtocolHandler ["http-nio-8080"]
08-May-2025 11:48:14.832 INFO [main] org.apache.catalina.startup.VersionLoggerListener.log Server version name:   Apache Tomcat/11.0.5
08-May-2025 11:48:14.835 INFO [main] org.apache.catalina.startup.VersionLoggerListener.log Server built:          Feb 28 2025 15:54:41 UTC
08-May-2025 11:48:14.836 INFO [main] org.apache.catalina.startup.VersionLoggerListener.log Server version number: 11.0.5.0
08-May-2025 11:48:14.836 INFO [main] org.apache.catalina.startup.VersionLoggerListener.log OS Name:               Windows 11
08-May-2025 11:48:14.836 INFO [main] org.apache.catalina.startup.VersionLoggerListener.log OS Version:            10.0
08-May-2025 11:48:14.836 INFO [main] org.apache.catalina.startup.VersionLoggerListener.log Architecture:          amd64
08-May-2025 11:48:14.837 INFO [main] org.apache.catalina.startup.VersionLoggerListener.log Java Home:             C:\Users\msi\.jdks\openjdk-24
08-May-2025 11:48:14.837 INFO [main] org.apache.catalina.startup.VersionLoggerListener.log JVM Version:           24+36-3646
08-May-2025 11:48:14.837 INFO [main] org.apache.catalina.startup.VersionLoggerListener.log JVM Vendor:            Oracle Corporation
08-May-2025 11:48:14.837 INFO [main] org.apache.catalina.startup.VersionLoggerListener.log CATALINA_BASE:         C:\Users\msi\Downloads\Food Delivery Website - Copy\Food Delivery Website - Copy
08-May-2025 11:48:14.837 INFO [main] org.apache.catalina.startup.VersionLoggerListener.log CATALINA_HOME:         C:\Program Files\Apache Software Foundation\Tomcat 11.0
08-May-2025 11:48:14.850 INFO [main] org.apache.catalina.startup.VersionLoggerListener.log Command line argument: --add-opens=java.base/java.lang=ALL-UNNAMED
08-May-2025 11:48:14.850 INFO [main] org.apache.catalina.startup.VersionLoggerListener.log Command line argument: --add-opens=java.base/java.io=ALL-UNNAMED
08-May-2025 11:48:14.850 INFO [main] org.apache.catalina.startup.VersionLoggerListener.log Command line argument: --add-opens=java.base/java.util=ALL-UNNAMED
08-May-2025 11:48:14.850 INFO [main] org.apache.catalina.startup.VersionLoggerListener.log Command line argument: --add-opens=java.base/java.util.concurrent=ALL-UNNAMED
08-May-2025 11:48:14.851 INFO [main] org.apache.catalina.startup.VersionLoggerListener.log Command line argument: --add-opens=java.rmi/sun.rmi.transport=ALL-UNNAMED
08-May-2025 11:48:14.851 INFO [main] org.apache.catalina.startup.VersionLoggerListener.log Command line argument: -Dcatalina.home=C:\Program Files\Apache Software Foundation\Tomcat 11.0
08-May-2025 11:48:14.851 INFO [main] org.apache.catalina.startup.VersionLoggerListener.log Command line argument: -Dcatalina.base=C:\Users\msi\Downloads\Food Delivery Website - Copy\Food Delivery Website - Copy
08-May-2025 11:48:14.851 INFO [main] org.apache.catalina.startup.VersionLoggerListener.log Command line argument: -Djava.io.tmpdir=C:\Users\msi\Downloads\Food Delivery Website - Copy\Food Delivery Website - Copy\temp
08-May-2025 11:48:14.851 INFO [main] org.apache.catalina.startup.VersionLoggerListener.log Command line argument: -Djava.util.logging.config.file=C:\Users\msi\Downloads\Food Delivery Website - Copy\Food Delivery Website - Copy\conf\logging.properties
08-May-2025 11:48:14.851 INFO [main] org.apache.catalina.startup.VersionLoggerListener.log Command line argument: -Djava.util.logging.manager=org.apache.juli.ClassLoaderLogManager
08-May-2025 11:48:14.851 INFO [main] org.apache.catalina.startup.VersionLoggerListener.log Command line argument: -javaagent:C:\Users\msi\AppData\Local\JetBrains\IntelliJ IDEA 2024.3.5\lib\idea_rt.jar=50684
08-May-2025 11:48:14.851 INFO [main] org.apache.catalina.startup.VersionLoggerListener.log Command line argument: -Dfile.encoding=UTF-8
08-May-2025 11:48:14.851 INFO [main] org.apache.catalina.startup.VersionLoggerListener.log Command line argument: -Dsun.stdout.encoding=UTF-8
08-May-2025 11:48:14.851 INFO [main] org.apache.catalina.startup.VersionLoggerListener.log Command line argument: -Dsun.stderr.encoding=UTF-8
08-May-2025 11:48:14.859 INFO [main] org.apache.catalina.core.AprLifecycleListener.lifecycleEvent The Apache Tomcat Native library which allows using OpenSSL was not found on the java.library.path: [C:\Users\msi\.jdks\openjdk-24\bin;C:\WINDOWS\Sun\Java\bin;C:\WINDOWS\system32;C:\WINDOWS;C:\Program Files\Common Files\Oracle\Java\javapath;C:\WINDOWS\system32;C:\WINDOWS;C:\WINDOWS\System32\Wbem;C:\WINDOWS\System32\WindowsPowerShell\v1.0\;C:\WINDOWS\System32\OpenSSH\;C:\Program Files\NVIDIA Corporation\NVIDIA NvDLISR;C:\Program Files\Git\cmd;C:\Users\msi\AppData\Local\Microsoft\WindowsApps;C:\Users\msi\AppData\Local\Programs\Microsoft VS Code\bin;;.]
08-May-2025 11:48:15.186 INFO [main] org.apache.coyote.AbstractProtocol.init Initializing ProtocolHandler ["http-nio-8080"]
08-May-2025 11:48:15.206 INFO [main] org.apache.catalina.startup.Catalina.load Server initialization in [609] milliseconds
08-May-2025 11:48:15.267 INFO [main] org.apache.catalina.core.StandardService.startInternal Starting service [Catalina]
08-May-2025 11:48:15.267 INFO [main] org.apache.catalina.core.StandardEngine.startInternal Starting Servlet engine: [Apache Tomcat/11.0.5]
08-May-2025 11:48:15.282 INFO [main] org.apache.catalina.startup.HostConfig.deployDescriptor Deploying deployment descriptor [C:\Users\msi\Downloads\Food Delivery Website - Copy\Food Delivery Website - Copy\conf\Catalina\localhost\ROOT.xml]
08-May-2025 11:48:15.761 INFO [main] org.apache.catalina.startup.HostConfig.deployDescriptor Deployment of deployment descriptor [C:\Users\msi\Downloads\Food Delivery Website - Copy\Food Delivery Website - Copy\conf\Catalina\localhost\ROOT.xml] has finished in [477] ms
08-May-2025 11:48:15.772 INFO [main] org.apache.coyote.AbstractProtocol.start Starting ProtocolHandler ["http-nio-8080"]
08-May-2025 11:48:15.808 INFO [main] org.apache.catalina.startup.Catalina.start Server startup in [599] milliseconds
08-May-2025 11:48:34.217 INFO [Thread-1] org.apache.coyote.AbstractProtocol.pause Pausing ProtocolHandler ["http-nio-8080"]
08-May-2025 11:48:34.239 INFO [Thread-1] org.apache.catalina.core.StandardService.stopInternal Stopping service [Catalina]
08-May-2025 11:48:34.250 INFO [Thread-1] org.apache.coyote.AbstractProtocol.stop Stopping ProtocolHandler ["http-nio-8080"]
08-May-2025 11:48:34.265 INFO [Thread-1] org.apache.coyote.AbstractProtocol.destroy Destroying ProtocolHandler ["http-nio-8080"]
08-May-2025 11:48:36.076 INFO [main] org.apache.catalina.startup.VersionLoggerListener.log Server version name:   Apache Tomcat/11.0.5
08-May-2025 11:48:36.081 INFO [main] org.apache.catalina.startup.VersionLoggerListener.log Server built:          Feb 28 2025 15:54:41 UTC
08-May-2025 11:48:36.081 INFO [main] org.apache.catalina.startup.VersionLoggerListener.log Server version number: 11.0.5.0
08-May-2025 11:48:36.081 INFO [main] org.apache.catalina.startup.VersionLoggerListener.log OS Name:               Windows 11
08-May-2025 11:48:36.081 INFO [main] org.apache.catalina.startup.VersionLoggerListener.log OS Version:            10.0
08-May-2025 11:48:36.081 INFO [main] org.apache.catalina.startup.VersionLoggerListener.log Architecture:          amd64
08-May-2025 11:48:36.081 INFO [main] org.apache.catalina.startup.VersionLoggerListener.log Java Home:             C:\Users\msi\.jdks\openjdk-24
08-May-2025 11:48:36.081 INFO [main] org.apache.catalina.startup.VersionLoggerListener.log JVM Version:           24+36-3646
08-May-2025 11:48:36.081 INFO [main] org.apache.catalina.startup.VersionLoggerListener.log JVM Vendor:            Oracle Corporation
08-May-2025 11:48:36.081 INFO [main] org.apache.catalina.startup.VersionLoggerListener.log CATALINA_BASE:         C:\Users\msi\Downloads\Food Delivery Website - Copy\Food Delivery Website - Copy
08-May-2025 11:48:36.081 INFO [main] org.apache.catalina.startup.VersionLoggerListener.log CATALINA_HOME:         C:\Program Files\Apache Software Foundation\Tomcat 11.0
08-May-2025 11:48:36.093 INFO [main] org.apache.catalina.startup.VersionLoggerListener.log Command line argument: --add-opens=java.base/java.lang=ALL-UNNAMED
08-May-2025 11:48:36.093 INFO [main] org.apache.catalina.startup.VersionLoggerListener.log Command line argument: --add-opens=java.base/java.io=ALL-UNNAMED
08-May-2025 11:48:36.094 INFO [main] org.apache.catalina.startup.VersionLoggerListener.log Command line argument: --add-opens=java.base/java.util=ALL-UNNAMED
08-May-2025 11:48:36.094 INFO [main] org.apache.catalina.startup.VersionLoggerListener.log Command line argument: --add-opens=java.base/java.util.concurrent=ALL-UNNAMED
08-May-2025 11:48:36.094 INFO [main] org.apache.catalina.startup.VersionLoggerListener.log Command line argument: --add-opens=java.rmi/sun.rmi.transport=ALL-UNNAMED
08-May-2025 11:48:36.094 INFO [main] org.apache.catalina.startup.VersionLoggerListener.log Command line argument: -Dcatalina.home=C:\Program Files\Apache Software Foundation\Tomcat 11.0
08-May-2025 11:48:36.094 INFO [main] org.apache.catalina.startup.VersionLoggerListener.log Command line argument: -Dcatalina.base=C:\Users\msi\Downloads\Food Delivery Website - Copy\Food Delivery Website - Copy
08-May-2025 11:48:36.094 INFO [main] org.apache.catalina.startup.VersionLoggerListener.log Command line argument: -Djava.io.tmpdir=C:\Users\msi\Downloads\Food Delivery Website - Copy\Food Delivery Website - Copy\temp
08-May-2025 11:48:36.094 INFO [main] org.apache.catalina.startup.VersionLoggerListener.log Command line argument: -Djava.util.logging.config.file=C:\Users\msi\Downloads\Food Delivery Website - Copy\Food Delivery Website - Copy\conf\logging.properties
08-May-2025 11:48:36.094 INFO [main] org.apache.catalina.startup.VersionLoggerListener.log Command line argument: -Djava.util.logging.manager=org.apache.juli.ClassLoaderLogManager
08-May-2025 11:48:36.094 INFO [main] org.apache.catalina.startup.VersionLoggerListener.log Command line argument: -javaagent:C:\Users\msi\AppData\Local\JetBrains\IntelliJ IDEA 2024.3.5\lib\idea_rt.jar=50690
08-May-2025 11:48:36.095 INFO [main] org.apache.catalina.startup.VersionLoggerListener.log Command line argument: -Dfile.encoding=UTF-8
08-May-2025 11:48:36.095 INFO [main] org.apache.catalina.startup.VersionLoggerListener.log Command line argument: -Dsun.stdout.encoding=UTF-8
08-May-2025 11:48:36.095 INFO [main] org.apache.catalina.startup.VersionLoggerListener.log Command line argument: -Dsun.stderr.encoding=UTF-8
08-May-2025 11:48:36.100 INFO [main] org.apache.catalina.core.AprLifecycleListener.lifecycleEvent The Apache Tomcat Native library which allows using OpenSSL was not found on the java.library.path: [C:\Users\msi\.jdks\openjdk-24\bin;C:\WINDOWS\Sun\Java\bin;C:\WINDOWS\system32;C:\WINDOWS;C:\Program Files\Common Files\Oracle\Java\javapath;C:\WINDOWS\system32;C:\WINDOWS;C:\WINDOWS\System32\Wbem;C:\WINDOWS\System32\WindowsPowerShell\v1.0\;C:\WINDOWS\System32\OpenSSH\;C:\Program Files\NVIDIA Corporation\NVIDIA NvDLISR;C:\Program Files\Git\cmd;C:\Users\msi\AppData\Local\Microsoft\WindowsApps;C:\Users\msi\AppData\Local\Programs\Microsoft VS Code\bin;;.]
08-May-2025 11:48:36.498 INFO [main] org.apache.coyote.AbstractProtocol.init Initializing ProtocolHandler ["http-nio-8080"]
08-May-2025 11:48:36.523 INFO [main] org.apache.catalina.startup.Catalina.load Server initialization in [753] milliseconds
08-May-2025 11:48:36.594 INFO [main] org.apache.catalina.core.StandardService.startInternal Starting service [Catalina]
08-May-2025 11:48:36.595 INFO [main] org.apache.catalina.core.StandardEngine.startInternal Starting Servlet engine: [Apache Tomcat/11.0.5]
08-May-2025 11:48:36.611 INFO [main] org.apache.catalina.startup.HostConfig.deployDescriptor Deploying deployment descriptor [C:\Users\msi\Downloads\Food Delivery Website - Copy\Food Delivery Website - Copy\conf\Catalina\localhost\ROOT.xml]
08-May-2025 11:48:37.197 INFO [main] org.apache.catalina.startup.HostConfig.deployDescriptor Deployment of deployment descriptor [C:\Users\msi\Downloads\Food Delivery Website - Copy\Food Delivery Website - Copy\conf\Catalina\localhost\ROOT.xml] has finished in [584] ms
08-May-2025 11:48:37.204 INFO [main] org.apache.coyote.AbstractProtocol.start Starting ProtocolHandler ["http-nio-8080"]
08-May-2025 11:48:37.238 INFO [main] org.apache.catalina.startup.Catalina.start Server startup in [711] milliseconds
08-May-2025 11:48:54.397 INFO [Thread-1] org.apache.coyote.AbstractProtocol.pause Pausing ProtocolHandler ["http-nio-8080"]
08-May-2025 11:48:54.419 INFO [Thread-1] org.apache.catalina.core.StandardService.stopInternal Stopping service [Catalina]
08-May-2025 11:48:54.428 INFO [Thread-1] org.apache.coyote.AbstractProtocol.stop Stopping ProtocolHandler ["http-nio-8080"]
08-May-2025 11:48:54.432 INFO [Thread-1] org.apache.coyote.AbstractProtocol.destroy Destroying ProtocolHandler ["http-nio-8080"]
08-May-2025 11:48:56.835 INFO [main] org.apache.catalina.startup.VersionLoggerListener.log Server version name:   Apache Tomcat/11.0.5
08-May-2025 11:48:56.841 INFO [main] org.apache.catalina.startup.VersionLoggerListener.log Server built:          Feb 28 2025 15:54:41 UTC
08-May-2025 11:48:56.842 INFO [main] org.apache.catalina.startup.VersionLoggerListener.log Server version number: 11.0.5.0
08-May-2025 11:48:56.842 INFO [main] org.apache.catalina.startup.VersionLoggerListener.log OS Name:               Windows 11
08-May-2025 11:48:56.842 INFO [main] org.apache.catalina.startup.VersionLoggerListener.log OS Version:            10.0
08-May-2025 11:48:56.843 INFO [main] org.apache.catalina.startup.VersionLoggerListener.log Architecture:          amd64
08-May-2025 11:48:56.843 INFO [main] org.apache.catalina.startup.VersionLoggerListener.log Java Home:             C:\Users\msi\.jdks\openjdk-24
08-May-2025 11:48:56.843 INFO [main] org.apache.catalina.startup.VersionLoggerListener.log JVM Version:           24+36-3646
08-May-2025 11:48:56.843 INFO [main] org.apache.catalina.startup.VersionLoggerListener.log JVM Vendor:            Oracle Corporation
08-May-2025 11:48:56.843 INFO [main] org.apache.catalina.startup.VersionLoggerListener.log CATALINA_BASE:         C:\Users\msi\Downloads\Food Delivery Website - Copy\Food Delivery Website - Copy
08-May-2025 11:48:56.844 INFO [main] org.apache.catalina.startup.VersionLoggerListener.log CATALINA_HOME:         C:\Program Files\Apache Software Foundation\Tomcat 11.0
08-May-2025 11:48:56.861 INFO [main] org.apache.catalina.startup.VersionLoggerListener.log Command line argument: --add-opens=java.base/java.lang=ALL-UNNAMED
08-May-2025 11:48:56.861 INFO [main] org.apache.catalina.startup.VersionLoggerListener.log Command line argument: --add-opens=java.base/java.io=ALL-UNNAMED
08-May-2025 11:48:56.861 INFO [main] org.apache.catalina.startup.VersionLoggerListener.log Command line argument: --add-opens=java.base/java.util=ALL-UNNAMED
08-May-2025 11:48:56.861 INFO [main] org.apache.catalina.startup.VersionLoggerListener.log Command line argument: --add-opens=java.base/java.util.concurrent=ALL-UNNAMED
08-May-2025 11:48:56.861 INFO [main] org.apache.catalina.startup.VersionLoggerListener.log Command line argument: --add-opens=java.rmi/sun.rmi.transport=ALL-UNNAMED
08-May-2025 11:48:56.862 INFO [main] org.apache.catalina.startup.VersionLoggerListener.log Command line argument: -Dcatalina.home=C:\Program Files\Apache Software Foundation\Tomcat 11.0
08-May-2025 11:48:56.862 INFO [main] org.apache.catalina.startup.VersionLoggerListener.log Command line argument: -Dcatalina.base=C:\Users\msi\Downloads\Food Delivery Website - Copy\Food Delivery Website - Copy
08-May-2025 11:48:56.862 INFO [main] org.apache.catalina.startup.VersionLoggerListener.log Command line argument: -Djava.io.tmpdir=C:\Users\msi\Downloads\Food Delivery Website - Copy\Food Delivery Website - Copy\temp
08-May-2025 11:48:56.863 INFO [main] org.apache.catalina.startup.VersionLoggerListener.log Command line argument: -Djava.util.logging.config.file=C:\Users\msi\Downloads\Food Delivery Website - Copy\Food Delivery Website - Copy\conf\logging.properties
08-May-2025 11:48:56.863 INFO [main] org.apache.catalina.startup.VersionLoggerListener.log Command line argument: -Djava.util.logging.manager=org.apache.juli.ClassLoaderLogManager
08-May-2025 11:48:56.863 INFO [main] org.apache.catalina.startup.VersionLoggerListener.log Command line argument: -javaagent:C:\Users\msi\AppData\Local\JetBrains\IntelliJ IDEA 2024.3.5\lib\idea_rt.jar=50784
08-May-2025 11:48:56.863 INFO [main] org.apache.catalina.startup.VersionLoggerListener.log Command line argument: -Dfile.encoding=UTF-8
08-May-2025 11:48:56.863 INFO [main] org.apache.catalina.startup.VersionLoggerListener.log Command line argument: -Dsun.stdout.encoding=UTF-8
08-May-2025 11:48:56.863 INFO [main] org.apache.catalina.startup.VersionLoggerListener.log Command line argument: -Dsun.stderr.encoding=UTF-8
08-May-2025 11:48:56.876 INFO [main] org.apache.catalina.core.AprLifecycleListener.lifecycleEvent The Apache Tomcat Native library which allows using OpenSSL was not found on the java.library.path: [C:\Users\msi\.jdks\openjdk-24\bin;C:\WINDOWS\Sun\Java\bin;C:\WINDOWS\system32;C:\WINDOWS;C:\Program Files\Common Files\Oracle\Java\javapath;C:\WINDOWS\system32;C:\WINDOWS;C:\WINDOWS\System32\Wbem;C:\WINDOWS\System32\WindowsPowerShell\v1.0\;C:\WINDOWS\System32\OpenSSH\;C:\Program Files\NVIDIA Corporation\NVIDIA NvDLISR;C:\Program Files\Git\cmd;C:\Users\msi\AppData\Local\Microsoft\WindowsApps;C:\Users\msi\AppData\Local\Programs\Microsoft VS Code\bin;;.]
08-May-2025 11:48:57.231 INFO [main] org.apache.coyote.AbstractProtocol.init Initializing ProtocolHandler ["http-nio-8080"]
08-May-2025 11:48:57.249 INFO [main] org.apache.catalina.startup.Catalina.load Server initialization in [697] milliseconds
08-May-2025 11:48:57.312 INFO [main] org.apache.catalina.core.StandardService.startInternal Starting service [Catalina]
08-May-2025 11:48:57.313 INFO [main] org.apache.catalina.core.StandardEngine.startInternal Starting Servlet engine: [Apache Tomcat/11.0.5]
08-May-2025 11:48:57.329 INFO [main] org.apache.catalina.startup.HostConfig.deployDescriptor Deploying deployment descriptor [C:\Users\msi\Downloads\Food Delivery Website - Copy\Food Delivery Website - Copy\conf\Catalina\localhost\ROOT.xml]
08-May-2025 11:48:57.791 INFO [main] org.apache.catalina.startup.HostConfig.deployDescriptor Deployment of deployment descriptor [C:\Users\msi\Downloads\Food Delivery Website - Copy\Food Delivery Website - Copy\conf\Catalina\localhost\ROOT.xml] has finished in [462] ms
08-May-2025 11:48:57.796 INFO [main] org.apache.coyote.AbstractProtocol.start Starting ProtocolHandler ["http-nio-8080"]
08-May-2025 11:48:57.832 INFO [main] org.apache.catalina.startup.Catalina.start Server startup in [581] milliseconds
08-May-2025 11:49:26.266 INFO [main] org.apache.catalina.startup.VersionLoggerListener.log Server version name:   Apache Tomcat/11.0.5
08-May-2025 11:49:26.272 INFO [main] org.apache.catalina.startup.VersionLoggerListener.log Server built:          Feb 28 2025 15:54:41 UTC
08-May-2025 11:49:26.272 INFO [main] org.apache.catalina.startup.VersionLoggerListener.log Server version number: 11.0.5.0
08-May-2025 11:49:26.273 INFO [main] org.apache.catalina.startup.VersionLoggerListener.log OS Name:               Windows 11
08-May-2025 11:49:26.273 INFO [main] org.apache.catalina.startup.VersionLoggerListener.log OS Version:            10.0
08-May-2025 11:49:26.273 INFO [main] org.apache.catalina.startup.VersionLoggerListener.log Architecture:          amd64
08-May-2025 11:49:26.273 INFO [main] org.apache.catalina.startup.VersionLoggerListener.log Java Home:             C:\Users\msi\.jdks\openjdk-24
08-May-2025 11:49:26.273 INFO [main] org.apache.catalina.startup.VersionLoggerListener.log JVM Version:           24+36-3646
08-May-2025 11:49:26.273 INFO [main] org.apache.catalina.startup.VersionLoggerListener.log JVM Vendor:            Oracle Corporation
08-May-2025 11:49:26.273 INFO [main] org.apache.catalina.startup.VersionLoggerListener.log CATALINA_BASE:         C:\Users\msi\Downloads\Food Delivery Website - Copy\Food Delivery Website - Copy
08-May-2025 11:49:26.274 INFO [main] org.apache.catalina.startup.VersionLoggerListener.log CATALINA_HOME:         C:\Program Files\Apache Software Foundation\Tomcat 11.0
08-May-2025 11:49:26.287 INFO [main] org.apache.catalina.startup.VersionLoggerListener.log Command line argument: --add-opens=java.base/java.lang=ALL-UNNAMED
08-May-2025 11:49:26.287 INFO [main] org.apache.catalina.startup.VersionLoggerListener.log Command line argument: --add-opens=java.base/java.io=ALL-UNNAMED
08-May-2025 11:49:26.287 INFO [main] org.apache.catalina.startup.VersionLoggerListener.log Command line argument: --add-opens=java.base/java.util=ALL-UNNAMED
08-May-2025 11:49:26.287 INFO [main] org.apache.catalina.startup.VersionLoggerListener.log Command line argument: --add-opens=java.base/java.util.concurrent=ALL-UNNAMED
08-May-2025 11:49:26.287 INFO [main] org.apache.catalina.startup.VersionLoggerListener.log Command line argument: --add-opens=java.rmi/sun.rmi.transport=ALL-UNNAMED
08-May-2025 11:49:26.287 INFO [main] org.apache.catalina.startup.VersionLoggerListener.log Command line argument: -Dcatalina.home=C:\Program Files\Apache Software Foundation\Tomcat 11.0
08-May-2025 11:49:26.287 INFO [main] org.apache.catalina.startup.VersionLoggerListener.log Command line argument: -Dcatalina.base=C:\Users\msi\Downloads\Food Delivery Website - Copy\Food Delivery Website - Copy
08-May-2025 11:49:26.287 INFO [main] org.apache.catalina.startup.VersionLoggerListener.log Command line argument: -Djava.io.tmpdir=C:\Users\msi\Downloads\Food Delivery Website - Copy\Food Delivery Website - Copy\temp
08-May-2025 11:49:26.288 INFO [main] org.apache.catalina.startup.VersionLoggerListener.log Command line argument: -Djava.util.logging.config.file=C:\Users\msi\Downloads\Food Delivery Website - Copy\Food Delivery Website - Copy\conf\logging.properties
08-May-2025 11:49:26.288 INFO [main] org.apache.catalina.startup.VersionLoggerListener.log Command line argument: -Djava.util.logging.manager=org.apache.juli.ClassLoaderLogManager
08-May-2025 11:49:26.288 INFO [main] org.apache.catalina.startup.VersionLoggerListener.log Command line argument: -javaagent:C:\Users\msi\AppData\Local\JetBrains\IntelliJ IDEA 2024.3.5\lib\idea_rt.jar=50870
08-May-2025 11:49:26.288 INFO [main] org.apache.catalina.startup.VersionLoggerListener.log Command line argument: -Dfile.encoding=UTF-8
08-May-2025 11:49:26.288 INFO [main] org.apache.catalina.startup.VersionLoggerListener.log Command line argument: -Dsun.stdout.encoding=UTF-8
08-May-2025 11:49:26.288 INFO [main] org.apache.catalina.startup.VersionLoggerListener.log Command line argument: -Dsun.stderr.encoding=UTF-8
08-May-2025 11:49:26.295 INFO [main] org.apache.catalina.core.AprLifecycleListener.lifecycleEvent The Apache Tomcat Native library which allows using OpenSSL was not found on the java.library.path: [C:\Users\msi\.jdks\openjdk-24\bin;C:\WINDOWS\Sun\Java\bin;C:\WINDOWS\system32;C:\WINDOWS;C:\Program Files\Common Files\Oracle\Java\javapath;C:\WINDOWS\system32;C:\WINDOWS;C:\WINDOWS\System32\Wbem;C:\WINDOWS\System32\WindowsPowerShell\v1.0\;C:\WINDOWS\System32\OpenSSH\;C:\Program Files\NVIDIA Corporation\NVIDIA NvDLISR;C:\Program Files\Git\cmd;C:\Users\msi\AppData\Local\Microsoft\WindowsApps;C:\Users\msi\AppData\Local\Programs\Microsoft VS Code\bin;;.]
08-May-2025 11:49:26.713 INFO [main] org.apache.coyote.AbstractProtocol.init Initializing ProtocolHandler ["http-nio-8080"]
08-May-2025 11:49:26.730 SEVERE [main] org.apache.catalina.util.LifecycleBase.handleSubClassException Failed to initialize component [Connector["http-nio-8080"]]
	org.apache.catalina.LifecycleException: Protocol handler initialization failed
		at org.apache.catalina.connector.Connector.initInternal(Connector.java:1056)
		at org.apache.catalina.util.LifecycleBase.init(LifecycleBase.java:122)
		at org.apache.catalina.core.StandardService.initInternal(StandardService.java:525)
		at org.apache.catalina.util.LifecycleBase.init(LifecycleBase.java:122)
		at org.apache.catalina.core.StandardServer.initInternal(StandardServer.java:953)
		at org.apache.catalina.util.LifecycleBase.init(LifecycleBase.java:122)
		at org.apache.catalina.startup.Catalina.load(Catalina.java:710)
		at org.apache.catalina.startup.Catalina.load(Catalina.java:733)
		at java.base/jdk.internal.reflect.DirectMethodHandleAccessor.invoke(DirectMethodHandleAccessor.java:104)
		at java.base/java.lang.reflect.Method.invoke(Method.java:565)
		at org.apache.catalina.startup.Bootstrap.load(Bootstrap.java:299)
		at org.apache.catalina.startup.Bootstrap.main(Bootstrap.java:469)
	Caused by: java.net.BindException: Address already in use: bind
		at java.base/sun.nio.ch.Net.bind0(Native Method)
		at java.base/sun.nio.ch.Net.bind(Net.java:511)
		at java.base/sun.nio.ch.ServerSocketChannelImpl.netBind(ServerSocketChannelImpl.java:335)
		at java.base/sun.nio.ch.ServerSocketChannelImpl.bind(ServerSocketChannelImpl.java:297)
		at org.apache.tomcat.util.net.NioEndpoint.initServerSocket(NioEndpoint.java:240)
		at org.apache.tomcat.util.net.NioEndpoint.bind(NioEndpoint.java:195)
		at org.apache.tomcat.util.net.AbstractEndpoint.bindWithCleanup(AbstractEndpoint.java:1472)
		at org.apache.tomcat.util.net.AbstractEndpoint.init(AbstractEndpoint.java:1485)
		at org.apache.coyote.AbstractProtocol.init(AbstractProtocol.java:633)
		at org.apache.coyote.http11.AbstractHttp11Protocol.init(AbstractHttp11Protocol.java:83)
		at org.apache.catalina.connector.Connector.initInternal(Connector.java:1054)
		... 11 more
08-May-2025 11:49:26.731 INFO [main] org.apache.catalina.startup.Catalina.load Server initialization in [724] milliseconds
08-May-2025 11:49:26.824 INFO [main] org.apache.catalina.core.StandardService.startInternal Starting service [Catalina]
08-May-2025 11:49:26.824 INFO [main] org.apache.catalina.core.StandardEngine.startInternal Starting Servlet engine: [Apache Tomcat/11.0.5]
08-May-2025 11:49:26.842 INFO [main] org.apache.catalina.startup.HostConfig.deployDescriptor Deploying deployment descriptor [C:\Users\msi\Downloads\Food Delivery Website - Copy\Food Delivery Website - Copy\conf\Catalina\localhost\ROOT.xml]
08-May-2025 11:49:27.384 INFO [main] org.apache.catalina.startup.HostConfig.deployDescriptor Deployment of deployment descriptor [C:\Users\msi\Downloads\Food Delivery Website - Copy\Food Delivery Website - Copy\conf\Catalina\localhost\ROOT.xml] has finished in [542] ms
08-May-2025 11:49:27.396 INFO [main] org.apache.catalina.startup.Catalina.start Server startup in [662] milliseconds
08-May-2025 11:49:27.401 SEVERE [main] org.apache.catalina.core.StandardServer.await Failed to create server shutdown socket on address [localhost] and port [8005] (base port [8005] and offset [0])
	java.net.BindException: Address already in use: bind
		at java.base/sun.nio.ch.Net.bind0(Native Method)
		at java.base/sun.nio.ch.Net.bind(Net.java:511)
		at java.base/sun.nio.ch.Net.bind(Net.java:500)
		at java.base/sun.nio.ch.NioSocketImpl.bind(NioSocketImpl.java:630)
		at java.base/java.net.ServerSocket.bind(ServerSocket.java:326)
		at java.base/java.net.ServerSocket.<init>(ServerSocket.java:222)
		at org.apache.catalina.core.StandardServer.await(StandardServer.java:532)
		at org.apache.catalina.startup.Catalina.await(Catalina.java:849)
		at org.apache.catalina.startup.Catalina.start(Catalina.java:797)
		at java.base/jdk.internal.reflect.DirectMethodHandleAccessor.invoke(DirectMethodHandleAccessor.java:104)
		at java.base/java.lang.reflect.Method.invoke(Method.java:565)
		at org.apache.catalina.startup.Bootstrap.start(Bootstrap.java:342)
		at org.apache.catalina.startup.Bootstrap.main(Bootstrap.java:470)
08-May-2025 11:49:27.402 INFO [main] org.apache.coyote.AbstractProtocol.pause Pausing ProtocolHandler ["http-nio-8080"]
08-May-2025 11:49:27.402 INFO [main] org.apache.catalina.core.StandardService.stopInternal Stopping service [Catalina]
08-May-2025 11:49:27.411 INFO [main] org.apache.coyote.AbstractProtocol.stop Stopping ProtocolHandler ["http-nio-8080"]
08-May-2025 11:49:27.411 INFO [main] org.apache.coyote.AbstractProtocol.destroy Destroying ProtocolHandler ["http-nio-8080"]
08-May-2025 11:49:27.835 INFO [Catalina-utility-1] org.apache.catalina.startup.HostConfig.undeploy Undeploying context []
08-May-2025 11:49:27.842 INFO [Catalina-utility-1] org.apache.catalina.core.StandardWrapper.unload Waiting for [2] instance(s) to be deallocated for Servlet [jsp]
08-May-2025 11:49:28.198 INFO [Catalina-utility-1] org.apache.catalina.startup.HostConfig.deployDescriptor Deploying deployment descriptor [C:\Users\msi\Downloads\Food Delivery Website - Copy\Food Delivery Website - Copy\conf\Catalina\localhost\ROOT.xml]
08-May-2025 11:49:28.274 INFO [Catalina-utility-1] org.apache.catalina.startup.HostConfig.deployDescriptor Deployment of deployment descriptor [C:\Users\msi\Downloads\Food Delivery Website - Copy\Food Delivery Website - Copy\conf\Catalina\localhost\ROOT.xml] has finished in [75] ms
08-May-2025 11:50:01.797 INFO [main] org.apache.catalina.startup.VersionLoggerListener.log Server version name:   Apache Tomcat/11.0.5
08-May-2025 11:50:01.802 INFO [main] org.apache.catalina.startup.VersionLoggerListener.log Server built:          Feb 28 2025 15:54:41 UTC
08-May-2025 11:50:01.802 INFO [main] org.apache.catalina.startup.VersionLoggerListener.log Server version number: 11.0.5.0
08-May-2025 11:50:01.802 INFO [main] org.apache.catalina.startup.VersionLoggerListener.log OS Name:               Windows 11
08-May-2025 11:50:01.803 INFO [main] org.apache.catalina.startup.VersionLoggerListener.log OS Version:            10.0
08-May-2025 11:50:01.803 INFO [main] org.apache.catalina.startup.VersionLoggerListener.log Architecture:          amd64
08-May-2025 11:50:01.803 INFO [main] org.apache.catalina.startup.VersionLoggerListener.log Java Home:             C:\Users\msi\.jdks\openjdk-24
08-May-2025 11:50:01.803 INFO [main] org.apache.catalina.startup.VersionLoggerListener.log JVM Version:           24+36-3646
08-May-2025 11:50:01.803 INFO [main] org.apache.catalina.startup.VersionLoggerListener.log JVM Vendor:            Oracle Corporation
08-May-2025 11:50:01.804 INFO [main] org.apache.catalina.startup.VersionLoggerListener.log CATALINA_BASE:         C:\Users\msi\Downloads\Food Delivery Website - Copy\Food Delivery Website - Copy
08-May-2025 11:50:01.804 INFO [main] org.apache.catalina.startup.VersionLoggerListener.log CATALINA_HOME:         C:\Program Files\Apache Software Foundation\Tomcat 11.0
08-May-2025 11:50:01.823 INFO [main] org.apache.catalina.startup.VersionLoggerListener.log Command line argument: --add-opens=java.base/java.lang=ALL-UNNAMED
08-May-2025 11:50:01.823 INFO [main] org.apache.catalina.startup.VersionLoggerListener.log Command line argument: --add-opens=java.base/java.io=ALL-UNNAMED
08-May-2025 11:50:01.824 INFO [main] org.apache.catalina.startup.VersionLoggerListener.log Command line argument: --add-opens=java.base/java.util=ALL-UNNAMED
08-May-2025 11:50:01.824 INFO [main] org.apache.catalina.startup.VersionLoggerListener.log Command line argument: --add-opens=java.base/java.util.concurrent=ALL-UNNAMED
08-May-2025 11:50:01.824 INFO [main] org.apache.catalina.startup.VersionLoggerListener.log Command line argument: --add-opens=java.rmi/sun.rmi.transport=ALL-UNNAMED
08-May-2025 11:50:01.824 INFO [main] org.apache.catalina.startup.VersionLoggerListener.log Command line argument: -Dcatalina.home=C:\Program Files\Apache Software Foundation\Tomcat 11.0
08-May-2025 11:50:01.824 INFO [main] org.apache.catalina.startup.VersionLoggerListener.log Command line argument: -Dcatalina.base=C:\Users\msi\Downloads\Food Delivery Website - Copy\Food Delivery Website - Copy
08-May-2025 11:50:01.824 INFO [main] org.apache.catalina.startup.VersionLoggerListener.log Command line argument: -Djava.io.tmpdir=C:\Users\msi\Downloads\Food Delivery Website - Copy\Food Delivery Website - Copy\temp
08-May-2025 11:50:01.825 INFO [main] org.apache.catalina.startup.VersionLoggerListener.log Command line argument: -Djava.util.logging.config.file=C:\Users\msi\Downloads\Food Delivery Website - Copy\Food Delivery Website - Copy\conf\logging.properties
08-May-2025 11:50:01.825 INFO [main] org.apache.catalina.startup.VersionLoggerListener.log Command line argument: -Djava.util.logging.manager=org.apache.juli.ClassLoaderLogManager
08-May-2025 11:50:01.825 INFO [main] org.apache.catalina.startup.VersionLoggerListener.log Command line argument: -javaagent:C:\Users\msi\AppData\Local\JetBrains\IntelliJ IDEA 2024.3.5\lib\idea_rt.jar=50981
08-May-2025 11:50:01.825 INFO [main] org.apache.catalina.startup.VersionLoggerListener.log Command line argument: -Dfile.encoding=UTF-8
08-May-2025 11:50:01.825 INFO [main] org.apache.catalina.startup.VersionLoggerListener.log Command line argument: -Dsun.stdout.encoding=UTF-8
08-May-2025 11:50:01.825 INFO [main] org.apache.catalina.startup.VersionLoggerListener.log Command line argument: -Dsun.stderr.encoding=UTF-8
08-May-2025 11:50:01.831 INFO [main] org.apache.catalina.core.AprLifecycleListener.lifecycleEvent The Apache Tomcat Native library which allows using OpenSSL was not found on the java.library.path: [C:\Users\msi\.jdks\openjdk-24\bin;C:\WINDOWS\Sun\Java\bin;C:\WINDOWS\system32;C:\WINDOWS;C:\Program Files\Common Files\Oracle\Java\javapath;C:\WINDOWS\system32;C:\WINDOWS;C:\WINDOWS\System32\Wbem;C:\WINDOWS\System32\WindowsPowerShell\v1.0\;C:\WINDOWS\System32\OpenSSH\;C:\Program Files\NVIDIA Corporation\NVIDIA NvDLISR;C:\Program Files\Git\cmd;C:\Users\msi\AppData\Local\Microsoft\WindowsApps;C:\Users\msi\AppData\Local\Programs\Microsoft VS Code\bin;;.]
08-May-2025 11:50:02.317 INFO [main] org.apache.coyote.AbstractProtocol.init Initializing ProtocolHandler ["http-nio-8080"]
08-May-2025 11:50:02.329 SEVERE [main] org.apache.catalina.util.LifecycleBase.handleSubClassException Failed to initialize component [Connector["http-nio-8080"]]
	org.apache.catalina.LifecycleException: Protocol handler initialization failed
		at org.apache.catalina.connector.Connector.initInternal(Connector.java:1056)
		at org.apache.catalina.util.LifecycleBase.init(LifecycleBase.java:122)
		at org.apache.catalina.core.StandardService.initInternal(StandardService.java:525)
		at org.apache.catalina.util.LifecycleBase.init(LifecycleBase.java:122)
		at org.apache.catalina.core.StandardServer.initInternal(StandardServer.java:953)
		at org.apache.catalina.util.LifecycleBase.init(LifecycleBase.java:122)
		at org.apache.catalina.startup.Catalina.load(Catalina.java:710)
		at org.apache.catalina.startup.Catalina.load(Catalina.java:733)
		at java.base/jdk.internal.reflect.DirectMethodHandleAccessor.invoke(DirectMethodHandleAccessor.java:104)
		at java.base/java.lang.reflect.Method.invoke(Method.java:565)
		at org.apache.catalina.startup.Bootstrap.load(Bootstrap.java:299)
		at org.apache.catalina.startup.Bootstrap.main(Bootstrap.java:469)
	Caused by: java.net.BindException: Address already in use: bind
		at java.base/sun.nio.ch.Net.bind0(Native Method)
		at java.base/sun.nio.ch.Net.bind(Net.java:511)
		at java.base/sun.nio.ch.ServerSocketChannelImpl.netBind(ServerSocketChannelImpl.java:335)
		at java.base/sun.nio.ch.ServerSocketChannelImpl.bind(ServerSocketChannelImpl.java:297)
		at org.apache.tomcat.util.net.NioEndpoint.initServerSocket(NioEndpoint.java:240)
		at org.apache.tomcat.util.net.NioEndpoint.bind(NioEndpoint.java:195)
		at org.apache.tomcat.util.net.AbstractEndpoint.bindWithCleanup(AbstractEndpoint.java:1472)
		at org.apache.tomcat.util.net.AbstractEndpoint.init(AbstractEndpoint.java:1485)
		at org.apache.coyote.AbstractProtocol.init(AbstractProtocol.java:633)
		at org.apache.coyote.http11.AbstractHttp11Protocol.init(AbstractHttp11Protocol.java:83)
		at org.apache.catalina.connector.Connector.initInternal(Connector.java:1054)
		... 11 more
08-May-2025 11:50:02.331 INFO [main] org.apache.catalina.startup.Catalina.load Server initialization in [866] milliseconds
08-May-2025 11:50:02.414 INFO [main] org.apache.catalina.core.StandardService.startInternal Starting service [Catalina]
08-May-2025 11:50:02.415 INFO [main] org.apache.catalina.core.StandardEngine.startInternal Starting Servlet engine: [Apache Tomcat/11.0.5]
08-May-2025 11:50:02.427 INFO [main] org.apache.catalina.startup.HostConfig.deployDescriptor Deploying deployment descriptor [C:\Users\msi\Downloads\Food Delivery Website - Copy\Food Delivery Website - Copy\conf\Catalina\localhost\ROOT.xml]
08-May-2025 11:50:02.971 INFO [main] org.apache.catalina.startup.HostConfig.deployDescriptor Deployment of deployment descriptor [C:\Users\msi\Downloads\Food Delivery Website - Copy\Food Delivery Website - Copy\conf\Catalina\localhost\ROOT.xml] has finished in [542] ms
08-May-2025 11:50:02.988 INFO [main] org.apache.catalina.startup.Catalina.start Server startup in [654] milliseconds
08-May-2025 11:50:02.997 SEVERE [main] org.apache.catalina.core.StandardServer.await Failed to create server shutdown socket on address [localhost] and port [8005] (base port [8005] and offset [0])
	java.net.BindException: Address already in use: bind
		at java.base/sun.nio.ch.Net.bind0(Native Method)
		at java.base/sun.nio.ch.Net.bind(Net.java:511)
		at java.base/sun.nio.ch.Net.bind(Net.java:500)
		at java.base/sun.nio.ch.NioSocketImpl.bind(NioSocketImpl.java:630)
		at java.base/java.net.ServerSocket.bind(ServerSocket.java:326)
		at java.base/java.net.ServerSocket.<init>(ServerSocket.java:222)
		at org.apache.catalina.core.StandardServer.await(StandardServer.java:532)
		at org.apache.catalina.startup.Catalina.await(Catalina.java:849)
		at org.apache.catalina.startup.Catalina.start(Catalina.java:797)
		at java.base/jdk.internal.reflect.DirectMethodHandleAccessor.invoke(DirectMethodHandleAccessor.java:104)
		at java.base/java.lang.reflect.Method.invoke(Method.java:565)
		at org.apache.catalina.startup.Bootstrap.start(Bootstrap.java:342)
		at org.apache.catalina.startup.Bootstrap.main(Bootstrap.java:470)
08-May-2025 11:50:02.998 INFO [main] org.apache.coyote.AbstractProtocol.pause Pausing ProtocolHandler ["http-nio-8080"]
08-May-2025 11:50:02.998 INFO [main] org.apache.catalina.core.StandardService.stopInternal Stopping service [Catalina]
08-May-2025 11:50:03.010 INFO [main] org.apache.coyote.AbstractProtocol.stop Stopping ProtocolHandler ["http-nio-8080"]
08-May-2025 11:50:03.011 INFO [main] org.apache.coyote.AbstractProtocol.destroy Destroying ProtocolHandler ["http-nio-8080"]
08-May-2025 11:50:08.312 INFO [Catalina-utility-1] org.apache.catalina.startup.HostConfig.undeploy Undeploying context []
08-May-2025 11:50:08.334 INFO [Catalina-utility-1] org.apache.catalina.startup.HostConfig.deployDescriptor Deploying deployment descriptor [C:\Users\msi\Downloads\Food Delivery Website - Copy\Food Delivery Website - Copy\conf\Catalina\localhost\ROOT.xml]
08-May-2025 11:50:08.512 INFO [Catalina-utility-1] org.apache.catalina.startup.HostConfig.deployDescriptor Deployment of deployment descriptor [C:\Users\msi\Downloads\Food Delivery Website - Copy\Food Delivery Website - Copy\conf\Catalina\localhost\ROOT.xml] has finished in [178] ms
08-May-2025 11:50:40.560 INFO [main] org.apache.catalina.startup.VersionLoggerListener.log Server version name:   Apache Tomcat/11.0.5
08-May-2025 11:50:40.564 INFO [main] org.apache.catalina.startup.VersionLoggerListener.log Server built:          Feb 28 2025 15:54:41 UTC
08-May-2025 11:50:40.564 INFO [main] org.apache.catalina.startup.VersionLoggerListener.log Server version number: 11.0.5.0
08-May-2025 11:50:40.564 INFO [main] org.apache.catalina.startup.VersionLoggerListener.log OS Name:               Windows 11
08-May-2025 11:50:40.565 INFO [main] org.apache.catalina.startup.VersionLoggerListener.log OS Version:            10.0
08-May-2025 11:50:40.565 INFO [main] org.apache.catalina.startup.VersionLoggerListener.log Architecture:          amd64
08-May-2025 11:50:40.565 INFO [main] org.apache.catalina.startup.VersionLoggerListener.log Java Home:             C:\Users\msi\.jdks\openjdk-24
08-May-2025 11:50:40.565 INFO [main] org.apache.catalina.startup.VersionLoggerListener.log JVM Version:           24+36-3646
08-May-2025 11:50:40.566 INFO [main] org.apache.catalina.startup.VersionLoggerListener.log JVM Vendor:            Oracle Corporation
08-May-2025 11:50:40.566 INFO [main] org.apache.catalina.startup.VersionLoggerListener.log CATALINA_BASE:         C:\Users\msi\Downloads\Food Delivery Website - Copy\Food Delivery Website - Copy
08-May-2025 11:50:40.566 INFO [main] org.apache.catalina.startup.VersionLoggerListener.log CATALINA_HOME:         C:\Program Files\Apache Software Foundation\Tomcat 11.0
08-May-2025 11:50:40.581 INFO [main] org.apache.catalina.startup.VersionLoggerListener.log Command line argument: --add-opens=java.base/java.lang=ALL-UNNAMED
08-May-2025 11:50:40.581 INFO [main] org.apache.catalina.startup.VersionLoggerListener.log Command line argument: --add-opens=java.base/java.io=ALL-UNNAMED
08-May-2025 11:50:40.581 INFO [main] org.apache.catalina.startup.VersionLoggerListener.log Command line argument: --add-opens=java.base/java.util=ALL-UNNAMED
08-May-2025 11:50:40.581 INFO [main] org.apache.catalina.startup.VersionLoggerListener.log Command line argument: --add-opens=java.base/java.util.concurrent=ALL-UNNAMED
08-May-2025 11:50:40.581 INFO [main] org.apache.catalina.startup.VersionLoggerListener.log Command line argument: --add-opens=java.rmi/sun.rmi.transport=ALL-UNNAMED
08-May-2025 11:50:40.581 INFO [main] org.apache.catalina.startup.VersionLoggerListener.log Command line argument: -Dcatalina.home=C:\Program Files\Apache Software Foundation\Tomcat 11.0
08-May-2025 11:50:40.581 INFO [main] org.apache.catalina.startup.VersionLoggerListener.log Command line argument: -Dcatalina.base=C:\Users\msi\Downloads\Food Delivery Website - Copy\Food Delivery Website - Copy
08-May-2025 11:50:40.581 INFO [main] org.apache.catalina.startup.VersionLoggerListener.log Command line argument: -Djava.io.tmpdir=C:\Users\msi\Downloads\Food Delivery Website - Copy\Food Delivery Website - Copy\temp
08-May-2025 11:50:40.582 INFO [main] org.apache.catalina.startup.VersionLoggerListener.log Command line argument: -Djava.util.logging.config.file=C:\Users\msi\Downloads\Food Delivery Website - Copy\Food Delivery Website - Copy\conf\logging.properties
08-May-2025 11:50:40.582 INFO [main] org.apache.catalina.startup.VersionLoggerListener.log Command line argument: -Djava.util.logging.manager=org.apache.juli.ClassLoaderLogManager
08-May-2025 11:50:40.582 INFO [main] org.apache.catalina.startup.VersionLoggerListener.log Command line argument: -javaagent:C:\Users\msi\AppData\Local\JetBrains\IntelliJ IDEA 2024.3.5\lib\idea_rt.jar=51084
08-May-2025 11:50:40.582 INFO [main] org.apache.catalina.startup.VersionLoggerListener.log Command line argument: -Dfile.encoding=UTF-8
08-May-2025 11:50:40.582 INFO [main] org.apache.catalina.startup.VersionLoggerListener.log Command line argument: -Dsun.stdout.encoding=UTF-8
08-May-2025 11:50:40.582 INFO [main] org.apache.catalina.startup.VersionLoggerListener.log Command line argument: -Dsun.stderr.encoding=UTF-8
08-May-2025 11:50:40.588 INFO [main] org.apache.catalina.core.AprLifecycleListener.lifecycleEvent The Apache Tomcat Native library which allows using OpenSSL was not found on the java.library.path: [C:\Users\msi\.jdks\openjdk-24\bin;C:\WINDOWS\Sun\Java\bin;C:\WINDOWS\system32;C:\WINDOWS;C:\Program Files\Common Files\Oracle\Java\javapath;C:\WINDOWS\system32;C:\WINDOWS;C:\WINDOWS\System32\Wbem;C:\WINDOWS\System32\WindowsPowerShell\v1.0\;C:\WINDOWS\System32\OpenSSH\;C:\Program Files\NVIDIA Corporation\NVIDIA NvDLISR;C:\Program Files\Git\cmd;C:\Users\msi\AppData\Local\Microsoft\WindowsApps;C:\Users\msi\AppData\Local\Programs\Microsoft VS Code\bin;;.]
08-May-2025 11:50:41.026 INFO [main] org.apache.coyote.AbstractProtocol.init Initializing ProtocolHandler ["http-nio-8080"]
08-May-2025 11:50:41.042 SEVERE [main] org.apache.catalina.util.LifecycleBase.handleSubClassException Failed to initialize component [Connector["http-nio-8080"]]
	org.apache.catalina.LifecycleException: Protocol handler initialization failed
		at org.apache.catalina.connector.Connector.initInternal(Connector.java:1056)
		at org.apache.catalina.util.LifecycleBase.init(LifecycleBase.java:122)
		at org.apache.catalina.core.StandardService.initInternal(StandardService.java:525)
		at org.apache.catalina.util.LifecycleBase.init(LifecycleBase.java:122)
		at org.apache.catalina.core.StandardServer.initInternal(StandardServer.java:953)
		at org.apache.catalina.util.LifecycleBase.init(LifecycleBase.java:122)
		at org.apache.catalina.startup.Catalina.load(Catalina.java:710)
		at org.apache.catalina.startup.Catalina.load(Catalina.java:733)
		at java.base/jdk.internal.reflect.DirectMethodHandleAccessor.invoke(DirectMethodHandleAccessor.java:104)
		at java.base/java.lang.reflect.Method.invoke(Method.java:565)
		at org.apache.catalina.startup.Bootstrap.load(Bootstrap.java:299)
		at org.apache.catalina.startup.Bootstrap.main(Bootstrap.java:469)
	Caused by: java.net.BindException: Address already in use: bind
		at java.base/sun.nio.ch.Net.bind0(Native Method)
		at java.base/sun.nio.ch.Net.bind(Net.java:511)
		at java.base/sun.nio.ch.ServerSocketChannelImpl.netBind(ServerSocketChannelImpl.java:335)
		at java.base/sun.nio.ch.ServerSocketChannelImpl.bind(ServerSocketChannelImpl.java:297)
		at org.apache.tomcat.util.net.NioEndpoint.initServerSocket(NioEndpoint.java:240)
		at org.apache.tomcat.util.net.NioEndpoint.bind(NioEndpoint.java:195)
		at org.apache.tomcat.util.net.AbstractEndpoint.bindWithCleanup(AbstractEndpoint.java:1472)
		at org.apache.tomcat.util.net.AbstractEndpoint.init(AbstractEndpoint.java:1485)
		at org.apache.coyote.AbstractProtocol.init(AbstractProtocol.java:633)
		at org.apache.coyote.http11.AbstractHttp11Protocol.init(AbstractHttp11Protocol.java:83)
		at org.apache.catalina.connector.Connector.initInternal(Connector.java:1054)
		... 11 more
08-May-2025 11:50:41.044 INFO [main] org.apache.catalina.startup.Catalina.load Server initialization in [749] milliseconds
08-May-2025 11:50:41.130 INFO [main] org.apache.catalina.core.StandardService.startInternal Starting service [Catalina]
08-May-2025 11:50:41.131 INFO [main] org.apache.catalina.core.StandardEngine.startInternal Starting Servlet engine: [Apache Tomcat/11.0.5]
08-May-2025 11:50:41.143 INFO [main] org.apache.catalina.startup.HostConfig.deployDescriptor Deploying deployment descriptor [C:\Users\msi\Downloads\Food Delivery Website - Copy\Food Delivery Website - Copy\conf\Catalina\localhost\ROOT.xml]
08-May-2025 11:50:41.702 INFO [main] org.apache.catalina.startup.HostConfig.deployDescriptor Deployment of deployment descriptor [C:\Users\msi\Downloads\Food Delivery Website - Copy\Food Delivery Website - Copy\conf\Catalina\localhost\ROOT.xml] has finished in [557] ms
08-May-2025 11:50:41.718 INFO [main] org.apache.catalina.startup.Catalina.start Server startup in [670] milliseconds
08-May-2025 11:50:41.729 SEVERE [main] org.apache.catalina.core.StandardServer.await Failed to create server shutdown socket on address [localhost] and port [8005] (base port [8005] and offset [0])
	java.net.BindException: Address already in use: bind
		at java.base/sun.nio.ch.Net.bind0(Native Method)
		at java.base/sun.nio.ch.Net.bind(Net.java:511)
		at java.base/sun.nio.ch.Net.bind(Net.java:500)
		at java.base/sun.nio.ch.NioSocketImpl.bind(NioSocketImpl.java:630)
		at java.base/java.net.ServerSocket.bind(ServerSocket.java:326)
		at java.base/java.net.ServerSocket.<init>(ServerSocket.java:222)
		at org.apache.catalina.core.StandardServer.await(StandardServer.java:532)
		at org.apache.catalina.startup.Catalina.await(Catalina.java:849)
		at org.apache.catalina.startup.Catalina.start(Catalina.java:797)
		at java.base/jdk.internal.reflect.DirectMethodHandleAccessor.invoke(DirectMethodHandleAccessor.java:104)
		at java.base/java.lang.reflect.Method.invoke(Method.java:565)
		at org.apache.catalina.startup.Bootstrap.start(Bootstrap.java:342)
		at org.apache.catalina.startup.Bootstrap.main(Bootstrap.java:470)
08-May-2025 11:50:41.729 INFO [main] org.apache.coyote.AbstractProtocol.pause Pausing ProtocolHandler ["http-nio-8080"]
08-May-2025 11:50:41.729 INFO [main] org.apache.catalina.core.StandardService.stopInternal Stopping service [Catalina]
08-May-2025 11:50:41.743 INFO [main] org.apache.coyote.AbstractProtocol.stop Stopping ProtocolHandler ["http-nio-8080"]
08-May-2025 11:50:41.744 INFO [main] org.apache.coyote.AbstractProtocol.destroy Destroying ProtocolHandler ["http-nio-8080"]
08-May-2025 11:50:42.673 INFO [main] org.apache.catalina.startup.VersionLoggerListener.log Server version name:   Apache Tomcat/11.0.5
08-May-2025 11:50:42.677 INFO [main] org.apache.catalina.startup.VersionLoggerListener.log Server built:          Feb 28 2025 15:54:41 UTC
08-May-2025 11:50:42.677 INFO [main] org.apache.catalina.startup.VersionLoggerListener.log Server version number: 11.0.5.0
08-May-2025 11:50:42.678 INFO [main] org.apache.catalina.startup.VersionLoggerListener.log OS Name:               Windows 11
08-May-2025 11:50:42.678 INFO [main] org.apache.catalina.startup.VersionLoggerListener.log OS Version:            10.0
08-May-2025 11:50:42.678 INFO [main] org.apache.catalina.startup.VersionLoggerListener.log Architecture:          amd64
08-May-2025 11:50:42.678 INFO [main] org.apache.catalina.startup.VersionLoggerListener.log Java Home:             C:\Users\msi\.jdks\openjdk-24
08-May-2025 11:50:42.679 INFO [main] org.apache.catalina.startup.VersionLoggerListener.log JVM Version:           24+36-3646
08-May-2025 11:50:42.679 INFO [main] org.apache.catalina.startup.VersionLoggerListener.log JVM Vendor:            Oracle Corporation
08-May-2025 11:50:42.679 INFO [main] org.apache.catalina.startup.VersionLoggerListener.log CATALINA_BASE:         C:\Users\msi\Downloads\Food Delivery Website - Copy\Food Delivery Website - Copy
08-May-2025 11:50:42.679 INFO [main] org.apache.catalina.startup.VersionLoggerListener.log CATALINA_HOME:         C:\Program Files\Apache Software Foundation\Tomcat 11.0
08-May-2025 11:50:42.699 INFO [main] org.apache.catalina.startup.VersionLoggerListener.log Command line argument: --add-opens=java.base/java.lang=ALL-UNNAMED
08-May-2025 11:50:42.700 INFO [main] org.apache.catalina.startup.VersionLoggerListener.log Command line argument: --add-opens=java.base/java.io=ALL-UNNAMED
08-May-2025 11:50:42.700 INFO [main] org.apache.catalina.startup.VersionLoggerListener.log Command line argument: --add-opens=java.base/java.util=ALL-UNNAMED
08-May-2025 11:50:42.700 INFO [main] org.apache.catalina.startup.VersionLoggerListener.log Command line argument: --add-opens=java.base/java.util.concurrent=ALL-UNNAMED
08-May-2025 11:50:42.700 INFO [main] org.apache.catalina.startup.VersionLoggerListener.log Command line argument: --add-opens=java.rmi/sun.rmi.transport=ALL-UNNAMED
08-May-2025 11:50:42.701 INFO [main] org.apache.catalina.startup.VersionLoggerListener.log Command line argument: -Dcatalina.home=C:\Program Files\Apache Software Foundation\Tomcat 11.0
08-May-2025 11:50:42.701 INFO [main] org.apache.catalina.startup.VersionLoggerListener.log Command line argument: -Dcatalina.base=C:\Users\msi\Downloads\Food Delivery Website - Copy\Food Delivery Website - Copy
08-May-2025 11:50:42.701 INFO [main] org.apache.catalina.startup.VersionLoggerListener.log Command line argument: -Djava.io.tmpdir=C:\Users\msi\Downloads\Food Delivery Website - Copy\Food Delivery Website - Copy\temp
08-May-2025 11:50:42.701 INFO [main] org.apache.catalina.startup.VersionLoggerListener.log Command line argument: -Djava.util.logging.config.file=C:\Users\msi\Downloads\Food Delivery Website - Copy\Food Delivery Website - Copy\conf\logging.properties
08-May-2025 11:50:42.701 INFO [main] org.apache.catalina.startup.VersionLoggerListener.log Command line argument: -Djava.util.logging.manager=org.apache.juli.ClassLoaderLogManager
08-May-2025 11:50:42.701 INFO [main] org.apache.catalina.startup.VersionLoggerListener.log Command line argument: -javaagent:C:\Users\msi\AppData\Local\JetBrains\IntelliJ IDEA 2024.3.5\lib\idea_rt.jar=51113
08-May-2025 11:50:42.702 INFO [main] org.apache.catalina.startup.VersionLoggerListener.log Command line argument: -Dfile.encoding=UTF-8
08-May-2025 11:50:42.702 INFO [main] org.apache.catalina.startup.VersionLoggerListener.log Command line argument: -Dsun.stdout.encoding=UTF-8
08-May-2025 11:50:42.702 INFO [main] org.apache.catalina.startup.VersionLoggerListener.log Command line argument: -Dsun.stderr.encoding=UTF-8
08-May-2025 11:50:42.708 INFO [main] org.apache.catalina.core.AprLifecycleListener.lifecycleEvent The Apache Tomcat Native library which allows using OpenSSL was not found on the java.library.path: [C:\Users\msi\.jdks\openjdk-24\bin;C:\WINDOWS\Sun\Java\bin;C:\WINDOWS\system32;C:\WINDOWS;C:\Program Files\Common Files\Oracle\Java\javapath;C:\WINDOWS\system32;C:\WINDOWS;C:\WINDOWS\System32\Wbem;C:\WINDOWS\System32\WindowsPowerShell\v1.0\;C:\WINDOWS\System32\OpenSSH\;C:\Program Files\NVIDIA Corporation\NVIDIA NvDLISR;C:\Program Files\Git\cmd;C:\Users\msi\AppData\Local\Microsoft\WindowsApps;C:\Users\msi\AppData\Local\Programs\Microsoft VS Code\bin;;.]
08-May-2025 11:50:43.290 INFO [main] org.apache.coyote.AbstractProtocol.init Initializing ProtocolHandler ["http-nio-8080"]
08-May-2025 11:50:43.305 SEVERE [main] org.apache.catalina.util.LifecycleBase.handleSubClassException Failed to initialize component [Connector["http-nio-8080"]]
	org.apache.catalina.LifecycleException: Protocol handler initialization failed
		at org.apache.catalina.connector.Connector.initInternal(Connector.java:1056)
		at org.apache.catalina.util.LifecycleBase.init(LifecycleBase.java:122)
		at org.apache.catalina.core.StandardService.initInternal(StandardService.java:525)
		at org.apache.catalina.util.LifecycleBase.init(LifecycleBase.java:122)
		at org.apache.catalina.core.StandardServer.initInternal(StandardServer.java:953)
		at org.apache.catalina.util.LifecycleBase.init(LifecycleBase.java:122)
		at org.apache.catalina.startup.Catalina.load(Catalina.java:710)
		at org.apache.catalina.startup.Catalina.load(Catalina.java:733)
		at java.base/jdk.internal.reflect.DirectMethodHandleAccessor.invoke(DirectMethodHandleAccessor.java:104)
		at java.base/java.lang.reflect.Method.invoke(Method.java:565)
		at org.apache.catalina.startup.Bootstrap.load(Bootstrap.java:299)
		at org.apache.catalina.startup.Bootstrap.main(Bootstrap.java:469)
	Caused by: java.net.BindException: Address already in use: bind
		at java.base/sun.nio.ch.Net.bind0(Native Method)
		at java.base/sun.nio.ch.Net.bind(Net.java:511)
		at java.base/sun.nio.ch.ServerSocketChannelImpl.netBind(ServerSocketChannelImpl.java:335)
		at java.base/sun.nio.ch.ServerSocketChannelImpl.bind(ServerSocketChannelImpl.java:297)
		at org.apache.tomcat.util.net.NioEndpoint.initServerSocket(NioEndpoint.java:240)
		at org.apache.tomcat.util.net.NioEndpoint.bind(NioEndpoint.java:195)
		at org.apache.tomcat.util.net.AbstractEndpoint.bindWithCleanup(AbstractEndpoint.java:1472)
		at org.apache.tomcat.util.net.AbstractEndpoint.init(AbstractEndpoint.java:1485)
		at org.apache.coyote.AbstractProtocol.init(AbstractProtocol.java:633)
		at org.apache.coyote.http11.AbstractHttp11Protocol.init(AbstractHttp11Protocol.java:83)
		at org.apache.catalina.connector.Connector.initInternal(Connector.java:1054)
		... 11 more
08-May-2025 11:50:43.306 INFO [main] org.apache.catalina.startup.Catalina.load Server initialization in [992] milliseconds
08-May-2025 11:50:43.388 INFO [main] org.apache.catalina.core.StandardService.startInternal Starting service [Catalina]
08-May-2025 11:50:43.388 INFO [main] org.apache.catalina.core.StandardEngine.startInternal Starting Servlet engine: [Apache Tomcat/11.0.5]
08-May-2025 11:50:43.405 INFO [main] org.apache.catalina.startup.HostConfig.deployDescriptor Deploying deployment descriptor [C:\Users\msi\Downloads\Food Delivery Website - Copy\Food Delivery Website - Copy\conf\Catalina\localhost\ROOT.xml]
08-May-2025 11:50:43.974 INFO [main] org.apache.catalina.startup.HostConfig.deployDescriptor Deployment of deployment descriptor [C:\Users\msi\Downloads\Food Delivery Website - Copy\Food Delivery Website - Copy\conf\Catalina\localhost\ROOT.xml] has finished in [568] ms
08-May-2025 11:50:43.989 INFO [main] org.apache.catalina.startup.Catalina.start Server startup in [680] milliseconds
08-May-2025 11:50:43.998 SEVERE [main] org.apache.catalina.core.StandardServer.await Failed to create server shutdown socket on address [localhost] and port [8005] (base port [8005] and offset [0])
	java.net.BindException: Address already in use: bind
		at java.base/sun.nio.ch.Net.bind0(Native Method)
		at java.base/sun.nio.ch.Net.bind(Net.java:511)
		at java.base/sun.nio.ch.Net.bind(Net.java:500)
		at java.base/sun.nio.ch.NioSocketImpl.bind(NioSocketImpl.java:630)
		at java.base/java.net.ServerSocket.bind(ServerSocket.java:326)
		at java.base/java.net.ServerSocket.<init>(ServerSocket.java:222)
		at org.apache.catalina.core.StandardServer.await(StandardServer.java:532)
		at org.apache.catalina.startup.Catalina.await(Catalina.java:849)
		at org.apache.catalina.startup.Catalina.start(Catalina.java:797)
		at java.base/jdk.internal.reflect.DirectMethodHandleAccessor.invoke(DirectMethodHandleAccessor.java:104)
		at java.base/java.lang.reflect.Method.invoke(Method.java:565)
		at org.apache.catalina.startup.Bootstrap.start(Bootstrap.java:342)
		at org.apache.catalina.startup.Bootstrap.main(Bootstrap.java:470)
08-May-2025 11:50:43.998 INFO [main] org.apache.coyote.AbstractProtocol.pause Pausing ProtocolHandler ["http-nio-8080"]
08-May-2025 11:50:43.998 INFO [main] org.apache.catalina.core.StandardService.stopInternal Stopping service [Catalina]
08-May-2025 11:50:44.008 INFO [main] org.apache.coyote.AbstractProtocol.stop Stopping ProtocolHandler ["http-nio-8080"]
08-May-2025 11:50:44.008 INFO [main] org.apache.coyote.AbstractProtocol.destroy Destroying ProtocolHandler ["http-nio-8080"]
08-May-2025 11:50:48.547 INFO [Catalina-utility-2] org.apache.catalina.startup.HostConfig.undeploy Undeploying context []
08-May-2025 11:50:48.564 INFO [Catalina-utility-2] org.apache.catalina.startup.HostConfig.deployDescriptor Deploying deployment descriptor [C:\Users\msi\Downloads\Food Delivery Website - Copy\Food Delivery Website - Copy\conf\Catalina\localhost\ROOT.xml]
08-May-2025 11:50:48.756 INFO [Catalina-utility-2] org.apache.catalina.startup.HostConfig.deployDescriptor Deployment of deployment descriptor [C:\Users\msi\Downloads\Food Delivery Website - Copy\Food Delivery Website - Copy\conf\Catalina\localhost\ROOT.xml] has finished in [192] ms
08-May-2025 11:51:04.984 INFO [main] org.apache.catalina.startup.VersionLoggerListener.log Server version name:   Apache Tomcat/11.0.5
08-May-2025 11:51:04.988 INFO [main] org.apache.catalina.startup.VersionLoggerListener.log Server built:          Feb 28 2025 15:54:41 UTC
08-May-2025 11:51:04.988 INFO [main] org.apache.catalina.startup.VersionLoggerListener.log Server version number: 11.0.5.0
08-May-2025 11:51:04.988 INFO [main] org.apache.catalina.startup.VersionLoggerListener.log OS Name:               Windows 11
08-May-2025 11:51:04.988 INFO [main] org.apache.catalina.startup.VersionLoggerListener.log OS Version:            10.0
08-May-2025 11:51:04.988 INFO [main] org.apache.catalina.startup.VersionLoggerListener.log Architecture:          amd64
08-May-2025 11:51:04.989 INFO [main] org.apache.catalina.startup.VersionLoggerListener.log Java Home:             C:\Users\msi\.jdks\openjdk-24
08-May-2025 11:51:04.989 INFO [main] org.apache.catalina.startup.VersionLoggerListener.log JVM Version:           24+36-3646
08-May-2025 11:51:04.990 INFO [main] org.apache.catalina.startup.VersionLoggerListener.log JVM Vendor:            Oracle Corporation
08-May-2025 11:51:04.991 INFO [main] org.apache.catalina.startup.VersionLoggerListener.log CATALINA_BASE:         C:\Users\msi\Downloads\Food Delivery Website - Copy\Food Delivery Website - Copy
08-May-2025 11:51:04.991 INFO [main] org.apache.catalina.startup.VersionLoggerListener.log CATALINA_HOME:         C:\Program Files\Apache Software Foundation\Tomcat 11.0
08-May-2025 11:51:05.005 INFO [main] org.apache.catalina.startup.VersionLoggerListener.log Command line argument: --add-opens=java.base/java.lang=ALL-UNNAMED
08-May-2025 11:51:05.005 INFO [main] org.apache.catalina.startup.VersionLoggerListener.log Command line argument: --add-opens=java.base/java.io=ALL-UNNAMED
08-May-2025 11:51:05.006 INFO [main] org.apache.catalina.startup.VersionLoggerListener.log Command line argument: --add-opens=java.base/java.util=ALL-UNNAMED
08-May-2025 11:51:05.006 INFO [main] org.apache.catalina.startup.VersionLoggerListener.log Command line argument: --add-opens=java.base/java.util.concurrent=ALL-UNNAMED
08-May-2025 11:51:05.006 INFO [main] org.apache.catalina.startup.VersionLoggerListener.log Command line argument: --add-opens=java.rmi/sun.rmi.transport=ALL-UNNAMED
08-May-2025 11:51:05.006 INFO [main] org.apache.catalina.startup.VersionLoggerListener.log Command line argument: -Dcatalina.home=C:\Program Files\Apache Software Foundation\Tomcat 11.0
08-May-2025 11:51:05.006 INFO [main] org.apache.catalina.startup.VersionLoggerListener.log Command line argument: -Dcatalina.base=C:\Users\msi\Downloads\Food Delivery Website - Copy\Food Delivery Website - Copy
08-May-2025 11:51:05.007 INFO [main] org.apache.catalina.startup.VersionLoggerListener.log Command line argument: -Djava.io.tmpdir=C:\Users\msi\Downloads\Food Delivery Website - Copy\Food Delivery Website - Copy\temp
08-May-2025 11:51:05.007 INFO [main] org.apache.catalina.startup.VersionLoggerListener.log Command line argument: -Djava.util.logging.config.file=C:\Users\msi\Downloads\Food Delivery Website - Copy\Food Delivery Website - Copy\conf\logging.properties
08-May-2025 11:51:05.007 INFO [main] org.apache.catalina.startup.VersionLoggerListener.log Command line argument: -Djava.util.logging.manager=org.apache.juli.ClassLoaderLogManager
08-May-2025 11:51:05.007 INFO [main] org.apache.catalina.startup.VersionLoggerListener.log Command line argument: -javaagent:C:\Users\msi\AppData\Local\JetBrains\IntelliJ IDEA 2024.3.5\lib\idea_rt.jar=51166
08-May-2025 11:51:05.007 INFO [main] org.apache.catalina.startup.VersionLoggerListener.log Command line argument: -Dfile.encoding=UTF-8
08-May-2025 11:51:05.007 INFO [main] org.apache.catalina.startup.VersionLoggerListener.log Command line argument: -Dsun.stdout.encoding=UTF-8
08-May-2025 11:51:05.007 INFO [main] org.apache.catalina.startup.VersionLoggerListener.log Command line argument: -Dsun.stderr.encoding=UTF-8
08-May-2025 11:51:05.014 INFO [main] org.apache.catalina.core.AprLifecycleListener.lifecycleEvent The Apache Tomcat Native library which allows using OpenSSL was not found on the java.library.path: [C:\Users\msi\.jdks\openjdk-24\bin;C:\WINDOWS\Sun\Java\bin;C:\WINDOWS\system32;C:\WINDOWS;C:\Program Files\Common Files\Oracle\Java\javapath;C:\WINDOWS\system32;C:\WINDOWS;C:\WINDOWS\System32\Wbem;C:\WINDOWS\System32\WindowsPowerShell\v1.0\;C:\WINDOWS\System32\OpenSSH\;C:\Program Files\NVIDIA Corporation\NVIDIA NvDLISR;C:\Program Files\Git\cmd;C:\Users\msi\AppData\Local\Microsoft\WindowsApps;C:\Users\msi\AppData\Local\Programs\Microsoft VS Code\bin;;.]
08-May-2025 11:51:05.472 INFO [main] org.apache.coyote.AbstractProtocol.init Initializing ProtocolHandler ["http-nio-8080"]
08-May-2025 11:51:05.489 SEVERE [main] org.apache.catalina.util.LifecycleBase.handleSubClassException Failed to initialize component [Connector["http-nio-8080"]]
	org.apache.catalina.LifecycleException: Protocol handler initialization failed
		at org.apache.catalina.connector.Connector.initInternal(Connector.java:1056)
		at org.apache.catalina.util.LifecycleBase.init(LifecycleBase.java:122)
		at org.apache.catalina.core.StandardService.initInternal(StandardService.java:525)
		at org.apache.catalina.util.LifecycleBase.init(LifecycleBase.java:122)
		at org.apache.catalina.core.StandardServer.initInternal(StandardServer.java:953)
		at org.apache.catalina.util.LifecycleBase.init(LifecycleBase.java:122)
		at org.apache.catalina.startup.Catalina.load(Catalina.java:710)
		at org.apache.catalina.startup.Catalina.load(Catalina.java:733)
		at java.base/jdk.internal.reflect.DirectMethodHandleAccessor.invoke(DirectMethodHandleAccessor.java:104)
		at java.base/java.lang.reflect.Method.invoke(Method.java:565)
		at org.apache.catalina.startup.Bootstrap.load(Bootstrap.java:299)
		at org.apache.catalina.startup.Bootstrap.main(Bootstrap.java:469)
	Caused by: java.net.BindException: Address already in use: bind
		at java.base/sun.nio.ch.Net.bind0(Native Method)
		at java.base/sun.nio.ch.Net.bind(Net.java:511)
		at java.base/sun.nio.ch.ServerSocketChannelImpl.netBind(ServerSocketChannelImpl.java:335)
		at java.base/sun.nio.ch.ServerSocketChannelImpl.bind(ServerSocketChannelImpl.java:297)
		at org.apache.tomcat.util.net.NioEndpoint.initServerSocket(NioEndpoint.java:240)
		at org.apache.tomcat.util.net.NioEndpoint.bind(NioEndpoint.java:195)
		at org.apache.tomcat.util.net.AbstractEndpoint.bindWithCleanup(AbstractEndpoint.java:1472)
		at org.apache.tomcat.util.net.AbstractEndpoint.init(AbstractEndpoint.java:1485)
		at org.apache.coyote.AbstractProtocol.init(AbstractProtocol.java:633)
		at org.apache.coyote.http11.AbstractHttp11Protocol.init(AbstractHttp11Protocol.java:83)
		at org.apache.catalina.connector.Connector.initInternal(Connector.java:1054)
		... 11 more
08-May-2025 11:51:05.493 INFO [main] org.apache.catalina.startup.Catalina.load Server initialization in [823] milliseconds
08-May-2025 11:51:05.566 INFO [main] org.apache.catalina.core.StandardService.startInternal Starting service [Catalina]
08-May-2025 11:51:05.566 INFO [main] org.apache.catalina.core.StandardEngine.startInternal Starting Servlet engine: [Apache Tomcat/11.0.5]
08-May-2025 11:51:05.577 INFO [main] org.apache.catalina.startup.HostConfig.deployDescriptor Deploying deployment descriptor [C:\Users\msi\Downloads\Food Delivery Website - Copy\Food Delivery Website - Copy\conf\Catalina\localhost\ROOT.xml]
08-May-2025 11:51:06.121 INFO [main] org.apache.catalina.startup.HostConfig.deployDescriptor Deployment of deployment descriptor [C:\Users\msi\Downloads\Food Delivery Website - Copy\Food Delivery Website - Copy\conf\Catalina\localhost\ROOT.xml] has finished in [543] ms
08-May-2025 11:51:06.136 INFO [main] org.apache.catalina.startup.Catalina.start Server startup in [640] milliseconds
08-May-2025 11:51:06.148 SEVERE [main] org.apache.catalina.core.StandardServer.await Failed to create server shutdown socket on address [localhost] and port [8005] (base port [8005] and offset [0])
	java.net.BindException: Address already in use: bind
		at java.base/sun.nio.ch.Net.bind0(Native Method)
		at java.base/sun.nio.ch.Net.bind(Net.java:511)
		at java.base/sun.nio.ch.Net.bind(Net.java:500)
		at java.base/sun.nio.ch.NioSocketImpl.bind(NioSocketImpl.java:630)
		at java.base/java.net.ServerSocket.bind(ServerSocket.java:326)
		at java.base/java.net.ServerSocket.<init>(ServerSocket.java:222)
		at org.apache.catalina.core.StandardServer.await(StandardServer.java:532)
		at org.apache.catalina.startup.Catalina.await(Catalina.java:849)
		at org.apache.catalina.startup.Catalina.start(Catalina.java:797)
		at java.base/jdk.internal.reflect.DirectMethodHandleAccessor.invoke(DirectMethodHandleAccessor.java:104)
		at java.base/java.lang.reflect.Method.invoke(Method.java:565)
		at org.apache.catalina.startup.Bootstrap.start(Bootstrap.java:342)
		at org.apache.catalina.startup.Bootstrap.main(Bootstrap.java:470)
08-May-2025 11:51:06.148 INFO [main] org.apache.coyote.AbstractProtocol.pause Pausing ProtocolHandler ["http-nio-8080"]
08-May-2025 11:51:06.148 INFO [main] org.apache.catalina.core.StandardService.stopInternal Stopping service [Catalina]
08-May-2025 11:51:06.160 INFO [main] org.apache.coyote.AbstractProtocol.stop Stopping ProtocolHandler ["http-nio-8080"]
08-May-2025 11:51:06.160 INFO [main] org.apache.coyote.AbstractProtocol.destroy Destroying ProtocolHandler ["http-nio-8080"]
08-May-2025 11:51:08.765 INFO [Catalina-utility-2] org.apache.catalina.startup.HostConfig.undeploy Undeploying context []
08-May-2025 11:51:08.776 INFO [Catalina-utility-2] org.apache.catalina.startup.HostConfig.deployDescriptor Deploying deployment descriptor [C:\Users\msi\Downloads\Food Delivery Website - Copy\Food Delivery Website - Copy\conf\Catalina\localhost\ROOT.xml]
08-May-2025 11:51:08.844 INFO [Catalina-utility-2] org.apache.catalina.startup.HostConfig.deployDescriptor Deployment of deployment descriptor [C:\Users\msi\Downloads\Food Delivery Website - Copy\Food Delivery Website - Copy\conf\Catalina\localhost\ROOT.xml] has finished in [67] ms
08-May-2025 11:51:18.971 INFO [main] org.apache.catalina.startup.VersionLoggerListener.log Server version name:   Apache Tomcat/11.0.5
08-May-2025 11:51:18.975 INFO [main] org.apache.catalina.startup.VersionLoggerListener.log Server built:          Feb 28 2025 15:54:41 UTC
08-May-2025 11:51:18.975 INFO [main] org.apache.catalina.startup.VersionLoggerListener.log Server version number: 11.0.5.0
08-May-2025 11:51:18.975 INFO [main] org.apache.catalina.startup.VersionLoggerListener.log OS Name:               Windows 11
08-May-2025 11:51:18.976 INFO [main] org.apache.catalina.startup.VersionLoggerListener.log OS Version:            10.0
08-May-2025 11:51:18.976 INFO [main] org.apache.catalina.startup.VersionLoggerListener.log Architecture:          amd64
08-May-2025 11:51:18.976 INFO [main] org.apache.catalina.startup.VersionLoggerListener.log Java Home:             C:\Users\msi\.jdks\openjdk-24
08-May-2025 11:51:18.976 INFO [main] org.apache.catalina.startup.VersionLoggerListener.log JVM Version:           24+36-3646
08-May-2025 11:51:18.976 INFO [main] org.apache.catalina.startup.VersionLoggerListener.log JVM Vendor:            Oracle Corporation
08-May-2025 11:51:18.976 INFO [main] org.apache.catalina.startup.VersionLoggerListener.log CATALINA_BASE:         C:\Users\msi\Downloads\Food Delivery Website - Copy\Food Delivery Website - Copy
08-May-2025 11:51:18.976 INFO [main] org.apache.catalina.startup.VersionLoggerListener.log CATALINA_HOME:         C:\Program Files\Apache Software Foundation\Tomcat 11.0
08-May-2025 11:51:18.990 INFO [main] org.apache.catalina.startup.VersionLoggerListener.log Command line argument: --add-opens=java.base/java.lang=ALL-UNNAMED
08-May-2025 11:51:18.990 INFO [main] org.apache.catalina.startup.VersionLoggerListener.log Command line argument: --add-opens=java.base/java.io=ALL-UNNAMED
08-May-2025 11:51:18.990 INFO [main] org.apache.catalina.startup.VersionLoggerListener.log Command line argument: --add-opens=java.base/java.util=ALL-UNNAMED
08-May-2025 11:51:18.990 INFO [main] org.apache.catalina.startup.VersionLoggerListener.log Command line argument: --add-opens=java.base/java.util.concurrent=ALL-UNNAMED
08-May-2025 11:51:18.991 INFO [main] org.apache.catalina.startup.VersionLoggerListener.log Command line argument: --add-opens=java.rmi/sun.rmi.transport=ALL-UNNAMED
08-May-2025 11:51:18.991 INFO [main] org.apache.catalina.startup.VersionLoggerListener.log Command line argument: -Dcatalina.home=C:\Program Files\Apache Software Foundation\Tomcat 11.0
08-May-2025 11:51:18.991 INFO [main] org.apache.catalina.startup.VersionLoggerListener.log Command line argument: -Dcatalina.base=C:\Users\msi\Downloads\Food Delivery Website - Copy\Food Delivery Website - Copy
08-May-2025 11:51:18.991 INFO [main] org.apache.catalina.startup.VersionLoggerListener.log Command line argument: -Djava.io.tmpdir=C:\Users\msi\Downloads\Food Delivery Website - Copy\Food Delivery Website - Copy\temp
08-May-2025 11:51:18.991 INFO [main] org.apache.catalina.startup.VersionLoggerListener.log Command line argument: -Djava.util.logging.config.file=C:\Users\msi\Downloads\Food Delivery Website - Copy\Food Delivery Website - Copy\conf\logging.properties
08-May-2025 11:51:18.991 INFO [main] org.apache.catalina.startup.VersionLoggerListener.log Command line argument: -Djava.util.logging.manager=org.apache.juli.ClassLoaderLogManager
08-May-2025 11:51:18.991 INFO [main] org.apache.catalina.startup.VersionLoggerListener.log Command line argument: -javaagent:C:\Users\msi\AppData\Local\JetBrains\IntelliJ IDEA 2024.3.5\lib\idea_rt.jar=51219
08-May-2025 11:51:18.991 INFO [main] org.apache.catalina.startup.VersionLoggerListener.log Command line argument: -Dfile.encoding=UTF-8
08-May-2025 11:51:18.991 INFO [main] org.apache.catalina.startup.VersionLoggerListener.log Command line argument: -Dsun.stdout.encoding=UTF-8
08-May-2025 11:51:18.991 INFO [main] org.apache.catalina.startup.VersionLoggerListener.log Command line argument: -Dsun.stderr.encoding=UTF-8
08-May-2025 11:51:18.995 INFO [main] org.apache.catalina.core.AprLifecycleListener.lifecycleEvent The Apache Tomcat Native library which allows using OpenSSL was not found on the java.library.path: [C:\Users\msi\.jdks\openjdk-24\bin;C:\WINDOWS\Sun\Java\bin;C:\WINDOWS\system32;C:\WINDOWS;C:\Program Files\Common Files\Oracle\Java\javapath;C:\WINDOWS\system32;C:\WINDOWS;C:\WINDOWS\System32\Wbem;C:\WINDOWS\System32\WindowsPowerShell\v1.0\;C:\WINDOWS\System32\OpenSSH\;C:\Program Files\NVIDIA Corporation\NVIDIA NvDLISR;C:\Program Files\Git\cmd;C:\Users\msi\AppData\Local\Microsoft\WindowsApps;C:\Users\msi\AppData\Local\Programs\Microsoft VS Code\bin;;.]
08-May-2025 11:51:19.372 INFO [main] org.apache.coyote.AbstractProtocol.init Initializing ProtocolHandler ["http-nio-8080"]
08-May-2025 11:51:19.383 SEVERE [main] org.apache.catalina.util.LifecycleBase.handleSubClassException Failed to initialize component [Connector["http-nio-8080"]]
	org.apache.catalina.LifecycleException: Protocol handler initialization failed
		at org.apache.catalina.connector.Connector.initInternal(Connector.java:1056)
		at org.apache.catalina.util.LifecycleBase.init(LifecycleBase.java:122)
		at org.apache.catalina.core.StandardService.initInternal(StandardService.java:525)
		at org.apache.catalina.util.LifecycleBase.init(LifecycleBase.java:122)
		at org.apache.catalina.core.StandardServer.initInternal(StandardServer.java:953)
		at org.apache.catalina.util.LifecycleBase.init(LifecycleBase.java:122)
		at org.apache.catalina.startup.Catalina.load(Catalina.java:710)
		at org.apache.catalina.startup.Catalina.load(Catalina.java:733)
		at java.base/jdk.internal.reflect.DirectMethodHandleAccessor.invoke(DirectMethodHandleAccessor.java:104)
		at java.base/java.lang.reflect.Method.invoke(Method.java:565)
		at org.apache.catalina.startup.Bootstrap.load(Bootstrap.java:299)
		at org.apache.catalina.startup.Bootstrap.main(Bootstrap.java:469)
	Caused by: java.net.BindException: Address already in use: bind
		at java.base/sun.nio.ch.Net.bind0(Native Method)
		at java.base/sun.nio.ch.Net.bind(Net.java:511)
		at java.base/sun.nio.ch.ServerSocketChannelImpl.netBind(ServerSocketChannelImpl.java:335)
		at java.base/sun.nio.ch.ServerSocketChannelImpl.bind(ServerSocketChannelImpl.java:297)
		at org.apache.tomcat.util.net.NioEndpoint.initServerSocket(NioEndpoint.java:240)
		at org.apache.tomcat.util.net.NioEndpoint.bind(NioEndpoint.java:195)
		at org.apache.tomcat.util.net.AbstractEndpoint.bindWithCleanup(AbstractEndpoint.java:1472)
		at org.apache.tomcat.util.net.AbstractEndpoint.init(AbstractEndpoint.java:1485)
		at org.apache.coyote.AbstractProtocol.init(AbstractProtocol.java:633)
		at org.apache.coyote.http11.AbstractHttp11Protocol.init(AbstractHttp11Protocol.java:83)
		at org.apache.catalina.connector.Connector.initInternal(Connector.java:1054)
		... 11 more
08-May-2025 11:51:19.384 INFO [main] org.apache.catalina.startup.Catalina.load Server initialization in [695] milliseconds
08-May-2025 11:51:19.450 INFO [main] org.apache.catalina.core.StandardService.startInternal Starting service [Catalina]
08-May-2025 11:51:19.451 INFO [main] org.apache.catalina.core.StandardEngine.startInternal Starting Servlet engine: [Apache Tomcat/11.0.5]
08-May-2025 11:51:19.468 INFO [main] org.apache.catalina.startup.HostConfig.deployDescriptor Deploying deployment descriptor [C:\Users\msi\Downloads\Food Delivery Website - Copy\Food Delivery Website - Copy\conf\Catalina\localhost\ROOT.xml]
08-May-2025 11:51:19.970 INFO [main] org.apache.catalina.startup.HostConfig.deployDescriptor Deployment of deployment descriptor [C:\Users\msi\Downloads\Food Delivery Website - Copy\Food Delivery Website - Copy\conf\Catalina\localhost\ROOT.xml] has finished in [502] ms
08-May-2025 11:51:19.983 INFO [main] org.apache.catalina.startup.Catalina.start Server startup in [597] milliseconds
08-May-2025 11:51:19.990 SEVERE [main] org.apache.catalina.core.StandardServer.await Failed to create server shutdown socket on address [localhost] and port [8005] (base port [8005] and offset [0])
	java.net.BindException: Address already in use: bind
		at java.base/sun.nio.ch.Net.bind0(Native Method)
		at java.base/sun.nio.ch.Net.bind(Net.java:511)
		at java.base/sun.nio.ch.Net.bind(Net.java:500)
		at java.base/sun.nio.ch.NioSocketImpl.bind(NioSocketImpl.java:630)
		at java.base/java.net.ServerSocket.bind(ServerSocket.java:326)
		at java.base/java.net.ServerSocket.<init>(ServerSocket.java:222)
		at org.apache.catalina.core.StandardServer.await(StandardServer.java:532)
		at org.apache.catalina.startup.Catalina.await(Catalina.java:849)
		at org.apache.catalina.startup.Catalina.start(Catalina.java:797)
		at java.base/jdk.internal.reflect.DirectMethodHandleAccessor.invoke(DirectMethodHandleAccessor.java:104)
		at java.base/java.lang.reflect.Method.invoke(Method.java:565)
		at org.apache.catalina.startup.Bootstrap.start(Bootstrap.java:342)
		at org.apache.catalina.startup.Bootstrap.main(Bootstrap.java:470)
08-May-2025 11:51:19.990 INFO [main] org.apache.coyote.AbstractProtocol.pause Pausing ProtocolHandler ["http-nio-8080"]
08-May-2025 11:51:19.991 INFO [main] org.apache.catalina.core.StandardService.stopInternal Stopping service [Catalina]
08-May-2025 11:51:20.001 INFO [main] org.apache.coyote.AbstractProtocol.stop Stopping ProtocolHandler ["http-nio-8080"]
08-May-2025 11:51:20.002 INFO [main] org.apache.coyote.AbstractProtocol.destroy Destroying ProtocolHandler ["http-nio-8080"]
08-May-2025 11:51:28.850 INFO [Catalina-utility-1] org.apache.catalina.startup.HostConfig.undeploy Undeploying context []
08-May-2025 11:51:28.882 INFO [Catalina-utility-1] org.apache.catalina.startup.HostConfig.deployDescriptor Deploying deployment descriptor [C:\Users\msi\Downloads\Food Delivery Website - Copy\Food Delivery Website - Copy\conf\Catalina\localhost\ROOT.xml]
08-May-2025 11:51:28.969 INFO [Catalina-utility-1] org.apache.catalina.startup.HostConfig.deployDescriptor Deployment of deployment descriptor [C:\Users\msi\Downloads\Food Delivery Website - Copy\Food Delivery Website - Copy\conf\Catalina\localhost\ROOT.xml] has finished in [87] ms
08-May-2025 11:51:43.311 INFO [main] org.apache.catalina.startup.VersionLoggerListener.log Server version name:   Apache Tomcat/11.0.5
08-May-2025 11:51:43.314 INFO [main] org.apache.catalina.startup.VersionLoggerListener.log Server built:          Feb 28 2025 15:54:41 UTC
08-May-2025 11:51:43.315 INFO [main] org.apache.catalina.startup.VersionLoggerListener.log Server version number: 11.0.5.0
08-May-2025 11:51:43.315 INFO [main] org.apache.catalina.startup.VersionLoggerListener.log OS Name:               Windows 11
08-May-2025 11:51:43.315 INFO [main] org.apache.catalina.startup.VersionLoggerListener.log OS Version:            10.0
08-May-2025 11:51:43.315 INFO [main] org.apache.catalina.startup.VersionLoggerListener.log Architecture:          amd64
08-May-2025 11:51:43.315 INFO [main] org.apache.catalina.startup.VersionLoggerListener.log Java Home:             C:\Users\msi\.jdks\openjdk-24
08-May-2025 11:51:43.315 INFO [main] org.apache.catalina.startup.VersionLoggerListener.log JVM Version:           24+36-3646
08-May-2025 11:51:43.315 INFO [main] org.apache.catalina.startup.VersionLoggerListener.log JVM Vendor:            Oracle Corporation
08-May-2025 11:51:43.316 INFO [main] org.apache.catalina.startup.VersionLoggerListener.log CATALINA_BASE:         C:\Users\msi\Downloads\Food Delivery Website - Copy\Food Delivery Website - Copy
08-May-2025 11:51:43.316 INFO [main] org.apache.catalina.startup.VersionLoggerListener.log CATALINA_HOME:         C:\Program Files\Apache Software Foundation\Tomcat 11.0
08-May-2025 11:51:43.329 INFO [main] org.apache.catalina.startup.VersionLoggerListener.log Command line argument: --add-opens=java.base/java.lang=ALL-UNNAMED
08-May-2025 11:51:43.329 INFO [main] org.apache.catalina.startup.VersionLoggerListener.log Command line argument: --add-opens=java.base/java.io=ALL-UNNAMED
08-May-2025 11:51:43.330 INFO [main] org.apache.catalina.startup.VersionLoggerListener.log Command line argument: --add-opens=java.base/java.util=ALL-UNNAMED
08-May-2025 11:51:43.330 INFO [main] org.apache.catalina.startup.VersionLoggerListener.log Command line argument: --add-opens=java.base/java.util.concurrent=ALL-UNNAMED
08-May-2025 11:51:43.330 INFO [main] org.apache.catalina.startup.VersionLoggerListener.log Command line argument: --add-opens=java.rmi/sun.rmi.transport=ALL-UNNAMED
08-May-2025 11:51:43.330 INFO [main] org.apache.catalina.startup.VersionLoggerListener.log Command line argument: -Dcatalina.home=C:\Program Files\Apache Software Foundation\Tomcat 11.0
08-May-2025 11:51:43.330 INFO [main] org.apache.catalina.startup.VersionLoggerListener.log Command line argument: -Dcatalina.base=C:\Users\msi\Downloads\Food Delivery Website - Copy\Food Delivery Website - Copy
08-May-2025 11:51:43.330 INFO [main] org.apache.catalina.startup.VersionLoggerListener.log Command line argument: -Djava.io.tmpdir=C:\Users\msi\Downloads\Food Delivery Website - Copy\Food Delivery Website - Copy\temp
08-May-2025 11:51:43.330 INFO [main] org.apache.catalina.startup.VersionLoggerListener.log Command line argument: -Djava.util.logging.config.file=C:\Users\msi\Downloads\Food Delivery Website - Copy\Food Delivery Website - Copy\conf\logging.properties
08-May-2025 11:51:43.330 INFO [main] org.apache.catalina.startup.VersionLoggerListener.log Command line argument: -Djava.util.logging.manager=org.apache.juli.ClassLoaderLogManager
08-May-2025 11:51:43.330 INFO [main] org.apache.catalina.startup.VersionLoggerListener.log Command line argument: -javaagent:C:\Users\msi\AppData\Local\JetBrains\IntelliJ IDEA 2024.3.5\lib\idea_rt.jar=51310
08-May-2025 11:51:43.331 INFO [main] org.apache.catalina.startup.VersionLoggerListener.log Command line argument: -Dfile.encoding=UTF-8
08-May-2025 11:51:43.331 INFO [main] org.apache.catalina.startup.VersionLoggerListener.log Command line argument: -Dsun.stdout.encoding=UTF-8
08-May-2025 11:51:43.331 INFO [main] org.apache.catalina.startup.VersionLoggerListener.log Command line argument: -Dsun.stderr.encoding=UTF-8
08-May-2025 11:51:43.335 INFO [main] org.apache.catalina.core.AprLifecycleListener.lifecycleEvent The Apache Tomcat Native library which allows using OpenSSL was not found on the java.library.path: [C:\Users\msi\.jdks\openjdk-24\bin;C:\WINDOWS\Sun\Java\bin;C:\WINDOWS\system32;C:\WINDOWS;C:\Program Files\Common Files\Oracle\Java\javapath;C:\WINDOWS\system32;C:\WINDOWS;C:\WINDOWS\System32\Wbem;C:\WINDOWS\System32\WindowsPowerShell\v1.0\;C:\WINDOWS\System32\OpenSSH\;C:\Program Files\NVIDIA Corporation\NVIDIA NvDLISR;C:\Program Files\Git\cmd;C:\Users\msi\AppData\Local\Microsoft\WindowsApps;C:\Users\msi\AppData\Local\Programs\Microsoft VS Code\bin;;.]
08-May-2025 11:51:43.706 INFO [main] org.apache.coyote.AbstractProtocol.init Initializing ProtocolHandler ["http-nio-8080"]
08-May-2025 11:51:43.724 SEVERE [main] org.apache.catalina.util.LifecycleBase.handleSubClassException Failed to initialize component [Connector["http-nio-8080"]]
	org.apache.catalina.LifecycleException: Protocol handler initialization failed
		at org.apache.catalina.connector.Connector.initInternal(Connector.java:1056)
		at org.apache.catalina.util.LifecycleBase.init(LifecycleBase.java:122)
		at org.apache.catalina.core.StandardService.initInternal(StandardService.java:525)
		at org.apache.catalina.util.LifecycleBase.init(LifecycleBase.java:122)
		at org.apache.catalina.core.StandardServer.initInternal(StandardServer.java:953)
		at org.apache.catalina.util.LifecycleBase.init(LifecycleBase.java:122)
		at org.apache.catalina.startup.Catalina.load(Catalina.java:710)
		at org.apache.catalina.startup.Catalina.load(Catalina.java:733)
		at java.base/jdk.internal.reflect.DirectMethodHandleAccessor.invoke(DirectMethodHandleAccessor.java:104)
		at java.base/java.lang.reflect.Method.invoke(Method.java:565)
		at org.apache.catalina.startup.Bootstrap.load(Bootstrap.java:299)
		at org.apache.catalina.startup.Bootstrap.main(Bootstrap.java:469)
	Caused by: java.net.BindException: Address already in use: bind
		at java.base/sun.nio.ch.Net.bind0(Native Method)
		at java.base/sun.nio.ch.Net.bind(Net.java:511)
		at java.base/sun.nio.ch.ServerSocketChannelImpl.netBind(ServerSocketChannelImpl.java:335)
		at java.base/sun.nio.ch.ServerSocketChannelImpl.bind(ServerSocketChannelImpl.java:297)
		at org.apache.tomcat.util.net.NioEndpoint.initServerSocket(NioEndpoint.java:240)
		at org.apache.tomcat.util.net.NioEndpoint.bind(NioEndpoint.java:195)
		at org.apache.tomcat.util.net.AbstractEndpoint.bindWithCleanup(AbstractEndpoint.java:1472)
		at org.apache.tomcat.util.net.AbstractEndpoint.init(AbstractEndpoint.java:1485)
		at org.apache.coyote.AbstractProtocol.init(AbstractProtocol.java:633)
		at org.apache.coyote.http11.AbstractHttp11Protocol.init(AbstractHttp11Protocol.java:83)
		at org.apache.catalina.connector.Connector.initInternal(Connector.java:1054)
		... 11 more
08-May-2025 11:51:43.726 INFO [main] org.apache.catalina.startup.Catalina.load Server initialization in [648] milliseconds
08-May-2025 11:51:43.798 INFO [main] org.apache.catalina.core.StandardService.startInternal Starting service [Catalina]
08-May-2025 11:51:43.798 INFO [main] org.apache.catalina.core.StandardEngine.startInternal Starting Servlet engine: [Apache Tomcat/11.0.5]
08-May-2025 11:51:43.812 INFO [main] org.apache.catalina.startup.HostConfig.deployDescriptor Deploying deployment descriptor [C:\Users\msi\Downloads\Food Delivery Website - Copy\Food Delivery Website - Copy\conf\Catalina\localhost\ROOT.xml]
08-May-2025 11:51:44.296 INFO [main] org.apache.catalina.startup.HostConfig.deployDescriptor Deployment of deployment descriptor [C:\Users\msi\Downloads\Food Delivery Website - Copy\Food Delivery Website - Copy\conf\Catalina\localhost\ROOT.xml] has finished in [483] ms
08-May-2025 11:51:44.309 INFO [main] org.apache.catalina.startup.Catalina.start Server startup in [579] milliseconds
08-May-2025 11:51:44.316 SEVERE [main] org.apache.catalina.core.StandardServer.await Failed to create server shutdown socket on address [localhost] and port [8005] (base port [8005] and offset [0])
	java.net.BindException: Address already in use: bind
		at java.base/sun.nio.ch.Net.bind0(Native Method)
		at java.base/sun.nio.ch.Net.bind(Net.java:511)
		at java.base/sun.nio.ch.Net.bind(Net.java:500)
		at java.base/sun.nio.ch.NioSocketImpl.bind(NioSocketImpl.java:630)
		at java.base/java.net.ServerSocket.bind(ServerSocket.java:326)
		at java.base/java.net.ServerSocket.<init>(ServerSocket.java:222)
		at org.apache.catalina.core.StandardServer.await(StandardServer.java:532)
		at org.apache.catalina.startup.Catalina.await(Catalina.java:849)
		at org.apache.catalina.startup.Catalina.start(Catalina.java:797)
		at java.base/jdk.internal.reflect.DirectMethodHandleAccessor.invoke(DirectMethodHandleAccessor.java:104)
		at java.base/java.lang.reflect.Method.invoke(Method.java:565)
		at org.apache.catalina.startup.Bootstrap.start(Bootstrap.java:342)
		at org.apache.catalina.startup.Bootstrap.main(Bootstrap.java:470)
08-May-2025 11:51:44.317 INFO [main] org.apache.coyote.AbstractProtocol.pause Pausing ProtocolHandler ["http-nio-8080"]
08-May-2025 11:51:44.317 INFO [main] org.apache.catalina.core.StandardService.stopInternal Stopping service [Catalina]
08-May-2025 11:51:44.326 INFO [main] org.apache.coyote.AbstractProtocol.stop Stopping ProtocolHandler ["http-nio-8080"]
08-May-2025 11:51:44.327 INFO [main] org.apache.coyote.AbstractProtocol.destroy Destroying ProtocolHandler ["http-nio-8080"]
08-May-2025 11:51:48.243 INFO [main] org.apache.catalina.startup.VersionLoggerListener.log Server version name:   Apache Tomcat/11.0.5
08-May-2025 11:51:48.247 INFO [main] org.apache.catalina.startup.VersionLoggerListener.log Server built:          Feb 28 2025 15:54:41 UTC
08-May-2025 11:51:48.247 INFO [main] org.apache.catalina.startup.VersionLoggerListener.log Server version number: 11.0.5.0
08-May-2025 11:51:48.248 INFO [main] org.apache.catalina.startup.VersionLoggerListener.log OS Name:               Windows 11
08-May-2025 11:51:48.248 INFO [main] org.apache.catalina.startup.VersionLoggerListener.log OS Version:            10.0
08-May-2025 11:51:48.248 INFO [main] org.apache.catalina.startup.VersionLoggerListener.log Architecture:          amd64
08-May-2025 11:51:48.248 INFO [main] org.apache.catalina.startup.VersionLoggerListener.log Java Home:             C:\Users\msi\.jdks\openjdk-24
08-May-2025 11:51:48.248 INFO [main] org.apache.catalina.startup.VersionLoggerListener.log JVM Version:           24+36-3646
08-May-2025 11:51:48.248 INFO [main] org.apache.catalina.startup.VersionLoggerListener.log JVM Vendor:            Oracle Corporation
08-May-2025 11:51:48.248 INFO [main] org.apache.catalina.startup.VersionLoggerListener.log CATALINA_BASE:         C:\Users\msi\Downloads\Food Delivery Website - Copy\Food Delivery Website - Copy
08-May-2025 11:51:48.248 INFO [main] org.apache.catalina.startup.VersionLoggerListener.log CATALINA_HOME:         C:\Program Files\Apache Software Foundation\Tomcat 11.0
08-May-2025 11:51:48.261 INFO [main] org.apache.catalina.startup.VersionLoggerListener.log Command line argument: --add-opens=java.base/java.lang=ALL-UNNAMED
08-May-2025 11:51:48.261 INFO [main] org.apache.catalina.startup.VersionLoggerListener.log Command line argument: --add-opens=java.base/java.io=ALL-UNNAMED
08-May-2025 11:51:48.261 INFO [main] org.apache.catalina.startup.VersionLoggerListener.log Command line argument: --add-opens=java.base/java.util=ALL-UNNAMED
08-May-2025 11:51:48.261 INFO [main] org.apache.catalina.startup.VersionLoggerListener.log Command line argument: --add-opens=java.base/java.util.concurrent=ALL-UNNAMED
08-May-2025 11:51:48.261 INFO [main] org.apache.catalina.startup.VersionLoggerListener.log Command line argument: --add-opens=java.rmi/sun.rmi.transport=ALL-UNNAMED
08-May-2025 11:51:48.261 INFO [main] org.apache.catalina.startup.VersionLoggerListener.log Command line argument: -Dcatalina.home=C:\Program Files\Apache Software Foundation\Tomcat 11.0
08-May-2025 11:51:48.261 INFO [main] org.apache.catalina.startup.VersionLoggerListener.log Command line argument: -Dcatalina.base=C:\Users\msi\Downloads\Food Delivery Website - Copy\Food Delivery Website - Copy
08-May-2025 11:51:48.261 INFO [main] org.apache.catalina.startup.VersionLoggerListener.log Command line argument: -Djava.io.tmpdir=C:\Users\msi\Downloads\Food Delivery Website - Copy\Food Delivery Website - Copy\temp
08-May-2025 11:51:48.262 INFO [main] org.apache.catalina.startup.VersionLoggerListener.log Command line argument: -Djava.util.logging.config.file=C:\Users\msi\Downloads\Food Delivery Website - Copy\Food Delivery Website - Copy\conf\logging.properties
08-May-2025 11:51:48.262 INFO [main] org.apache.catalina.startup.VersionLoggerListener.log Command line argument: -Djava.util.logging.manager=org.apache.juli.ClassLoaderLogManager
08-May-2025 11:51:48.262 INFO [main] org.apache.catalina.startup.VersionLoggerListener.log Command line argument: -javaagent:C:\Users\msi\AppData\Local\JetBrains\IntelliJ IDEA 2024.3.5\lib\idea_rt.jar=51329
08-May-2025 11:51:48.262 INFO [main] org.apache.catalina.startup.VersionLoggerListener.log Command line argument: -Dfile.encoding=UTF-8
08-May-2025 11:51:48.262 INFO [main] org.apache.catalina.startup.VersionLoggerListener.log Command line argument: -Dsun.stdout.encoding=UTF-8
08-May-2025 11:51:48.262 INFO [main] org.apache.catalina.startup.VersionLoggerListener.log Command line argument: -Dsun.stderr.encoding=UTF-8
08-May-2025 11:51:48.268 INFO [main] org.apache.catalina.core.AprLifecycleListener.lifecycleEvent The Apache Tomcat Native library which allows using OpenSSL was not found on the java.library.path: [C:\Users\msi\.jdks\openjdk-24\bin;C:\WINDOWS\Sun\Java\bin;C:\WINDOWS\system32;C:\WINDOWS;C:\Program Files\Common Files\Oracle\Java\javapath;C:\WINDOWS\system32;C:\WINDOWS;C:\WINDOWS\System32\Wbem;C:\WINDOWS\System32\WindowsPowerShell\v1.0\;C:\WINDOWS\System32\OpenSSH\;C:\Program Files\NVIDIA Corporation\NVIDIA NvDLISR;C:\Program Files\Git\cmd;C:\Users\msi\AppData\Local\Microsoft\WindowsApps;C:\Users\msi\AppData\Local\Programs\Microsoft VS Code\bin;;.]
08-May-2025 11:51:48.655 INFO [main] org.apache.coyote.AbstractProtocol.init Initializing ProtocolHandler ["http-nio-8080"]
08-May-2025 11:51:48.669 SEVERE [main] org.apache.catalina.util.LifecycleBase.handleSubClassException Failed to initialize component [Connector["http-nio-8080"]]
	org.apache.catalina.LifecycleException: Protocol handler initialization failed
		at org.apache.catalina.connector.Connector.initInternal(Connector.java:1056)
		at org.apache.catalina.util.LifecycleBase.init(LifecycleBase.java:122)
		at org.apache.catalina.core.StandardService.initInternal(StandardService.java:525)
		at org.apache.catalina.util.LifecycleBase.init(LifecycleBase.java:122)
		at org.apache.catalina.core.StandardServer.initInternal(StandardServer.java:953)
		at org.apache.catalina.util.LifecycleBase.init(LifecycleBase.java:122)
		at org.apache.catalina.startup.Catalina.load(Catalina.java:710)
		at org.apache.catalina.startup.Catalina.load(Catalina.java:733)
		at java.base/jdk.internal.reflect.DirectMethodHandleAccessor.invoke(DirectMethodHandleAccessor.java:104)
		at java.base/java.lang.reflect.Method.invoke(Method.java:565)
		at org.apache.catalina.startup.Bootstrap.load(Bootstrap.java:299)
		at org.apache.catalina.startup.Bootstrap.main(Bootstrap.java:469)
	Caused by: java.net.BindException: Address already in use: bind
		at java.base/sun.nio.ch.Net.bind0(Native Method)
		at java.base/sun.nio.ch.Net.bind(Net.java:511)
		at java.base/sun.nio.ch.ServerSocketChannelImpl.netBind(ServerSocketChannelImpl.java:335)
		at java.base/sun.nio.ch.ServerSocketChannelImpl.bind(ServerSocketChannelImpl.java:297)
		at org.apache.tomcat.util.net.NioEndpoint.initServerSocket(NioEndpoint.java:240)
		at org.apache.tomcat.util.net.NioEndpoint.bind(NioEndpoint.java:195)
		at org.apache.tomcat.util.net.AbstractEndpoint.bindWithCleanup(AbstractEndpoint.java:1472)
		at org.apache.tomcat.util.net.AbstractEndpoint.init(AbstractEndpoint.java:1485)
		at org.apache.coyote.AbstractProtocol.init(AbstractProtocol.java:633)
		at org.apache.coyote.http11.AbstractHttp11Protocol.init(AbstractHttp11Protocol.java:83)
		at org.apache.catalina.connector.Connector.initInternal(Connector.java:1054)
		... 11 more
08-May-2025 11:51:48.671 INFO [main] org.apache.catalina.startup.Catalina.load Server initialization in [674] milliseconds
08-May-2025 11:51:48.765 INFO [main] org.apache.catalina.core.StandardService.startInternal Starting service [Catalina]
08-May-2025 11:51:48.765 INFO [main] org.apache.catalina.core.StandardEngine.startInternal Starting Servlet engine: [Apache Tomcat/11.0.5]
08-May-2025 11:51:48.784 INFO [main] org.apache.catalina.startup.HostConfig.deployDescriptor Deploying deployment descriptor [C:\Users\msi\Downloads\Food Delivery Website - Copy\Food Delivery Website - Copy\conf\Catalina\localhost\ROOT.xml]
08-May-2025 11:51:48.984 INFO [Catalina-utility-1] org.apache.catalina.startup.HostConfig.undeploy Undeploying context []
08-May-2025 11:51:49.001 INFO [Catalina-utility-1] org.apache.catalina.startup.HostConfig.deployDescriptor Deploying deployment descriptor [C:\Users\msi\Downloads\Food Delivery Website - Copy\Food Delivery Website - Copy\conf\Catalina\localhost\ROOT.xml]
08-May-2025 11:51:49.097 INFO [Catalina-utility-1] org.apache.catalina.startup.HostConfig.deployDescriptor Deployment of deployment descriptor [C:\Users\msi\Downloads\Food Delivery Website - Copy\Food Delivery Website - Copy\conf\Catalina\localhost\ROOT.xml] has finished in [96] ms
08-May-2025 11:51:49.350 INFO [main] org.apache.catalina.startup.HostConfig.deployDescriptor Deployment of deployment descriptor [C:\Users\msi\Downloads\Food Delivery Website - Copy\Food Delivery Website - Copy\conf\Catalina\localhost\ROOT.xml] has finished in [565] ms
08-May-2025 11:51:49.367 INFO [main] org.apache.catalina.startup.Catalina.start Server startup in [692] milliseconds
08-May-2025 11:51:49.375 SEVERE [main] org.apache.catalina.core.StandardServer.await Failed to create server shutdown socket on address [localhost] and port [8005] (base port [8005] and offset [0])
	java.net.BindException: Address already in use: bind
		at java.base/sun.nio.ch.Net.bind0(Native Method)
		at java.base/sun.nio.ch.Net.bind(Net.java:511)
		at java.base/sun.nio.ch.Net.bind(Net.java:500)
		at java.base/sun.nio.ch.NioSocketImpl.bind(NioSocketImpl.java:630)
		at java.base/java.net.ServerSocket.bind(ServerSocket.java:326)
		at java.base/java.net.ServerSocket.<init>(ServerSocket.java:222)
		at org.apache.catalina.core.StandardServer.await(StandardServer.java:532)
		at org.apache.catalina.startup.Catalina.await(Catalina.java:849)
		at org.apache.catalina.startup.Catalina.start(Catalina.java:797)
		at java.base/jdk.internal.reflect.DirectMethodHandleAccessor.invoke(DirectMethodHandleAccessor.java:104)
		at java.base/java.lang.reflect.Method.invoke(Method.java:565)
		at org.apache.catalina.startup.Bootstrap.start(Bootstrap.java:342)
		at org.apache.catalina.startup.Bootstrap.main(Bootstrap.java:470)
08-May-2025 11:51:49.375 INFO [main] org.apache.coyote.AbstractProtocol.pause Pausing ProtocolHandler ["http-nio-8080"]
08-May-2025 11:51:49.375 INFO [main] org.apache.catalina.core.StandardService.stopInternal Stopping service [Catalina]
08-May-2025 11:51:49.387 INFO [main] org.apache.coyote.AbstractProtocol.stop Stopping ProtocolHandler ["http-nio-8080"]
08-May-2025 11:51:49.387 INFO [main] org.apache.coyote.AbstractProtocol.destroy Destroying ProtocolHandler ["http-nio-8080"]
08-May-2025 11:52:17.032 INFO [main] org.apache.catalina.startup.VersionLoggerListener.log Server version name:   Apache Tomcat/11.0.5
08-May-2025 11:52:17.036 INFO [main] org.apache.catalina.startup.VersionLoggerListener.log Server built:          Feb 28 2025 15:54:41 UTC
08-May-2025 11:52:17.036 INFO [main] org.apache.catalina.startup.VersionLoggerListener.log Server version number: 11.0.5.0
08-May-2025 11:52:17.036 INFO [main] org.apache.catalina.startup.VersionLoggerListener.log OS Name:               Windows 11
08-May-2025 11:52:17.037 INFO [main] org.apache.catalina.startup.VersionLoggerListener.log OS Version:            10.0
08-May-2025 11:52:17.037 INFO [main] org.apache.catalina.startup.VersionLoggerListener.log Architecture:          amd64
08-May-2025 11:52:17.037 INFO [main] org.apache.catalina.startup.VersionLoggerListener.log Java Home:             C:\Users\msi\.jdks\openjdk-24
08-May-2025 11:52:17.037 INFO [main] org.apache.catalina.startup.VersionLoggerListener.log JVM Version:           24+36-3646
08-May-2025 11:52:17.037 INFO [main] org.apache.catalina.startup.VersionLoggerListener.log JVM Vendor:            Oracle Corporation
08-May-2025 11:52:17.038 INFO [main] org.apache.catalina.startup.VersionLoggerListener.log CATALINA_BASE:         C:\Users\msi\Downloads\Food Delivery Website - Copy\Food Delivery Website - Copy
08-May-2025 11:52:17.038 INFO [main] org.apache.catalina.startup.VersionLoggerListener.log CATALINA_HOME:         C:\Program Files\Apache Software Foundation\Tomcat 11.0
08-May-2025 11:52:17.054 INFO [main] org.apache.catalina.startup.VersionLoggerListener.log Command line argument: --add-opens=java.base/java.lang=ALL-UNNAMED
08-May-2025 11:52:17.054 INFO [main] org.apache.catalina.startup.VersionLoggerListener.log Command line argument: --add-opens=java.base/java.io=ALL-UNNAMED
08-May-2025 11:52:17.054 INFO [main] org.apache.catalina.startup.VersionLoggerListener.log Command line argument: --add-opens=java.base/java.util=ALL-UNNAMED
08-May-2025 11:52:17.055 INFO [main] org.apache.catalina.startup.VersionLoggerListener.log Command line argument: --add-opens=java.base/java.util.concurrent=ALL-UNNAMED
08-May-2025 11:52:17.055 INFO [main] org.apache.catalina.startup.VersionLoggerListener.log Command line argument: --add-opens=java.rmi/sun.rmi.transport=ALL-UNNAMED
08-May-2025 11:52:17.055 INFO [main] org.apache.catalina.startup.VersionLoggerListener.log Command line argument: -Dcatalina.home=C:\Program Files\Apache Software Foundation\Tomcat 11.0
08-May-2025 11:52:17.055 INFO [main] org.apache.catalina.startup.VersionLoggerListener.log Command line argument: -Dcatalina.base=C:\Users\msi\Downloads\Food Delivery Website - Copy\Food Delivery Website - Copy
08-May-2025 11:52:17.055 INFO [main] org.apache.catalina.startup.VersionLoggerListener.log Command line argument: -Djava.io.tmpdir=C:\Users\msi\Downloads\Food Delivery Website - Copy\Food Delivery Website - Copy\temp
08-May-2025 11:52:17.055 INFO [main] org.apache.catalina.startup.VersionLoggerListener.log Command line argument: -Djava.util.logging.config.file=C:\Users\msi\Downloads\Food Delivery Website - Copy\Food Delivery Website - Copy\conf\logging.properties
08-May-2025 11:52:17.056 INFO [main] org.apache.catalina.startup.VersionLoggerListener.log Command line argument: -Djava.util.logging.manager=org.apache.juli.ClassLoaderLogManager
08-May-2025 11:52:17.056 INFO [main] org.apache.catalina.startup.VersionLoggerListener.log Command line argument: -javaagent:C:\Users\msi\AppData\Local\JetBrains\IntelliJ IDEA 2024.3.5\lib\idea_rt.jar=51350
08-May-2025 11:52:17.056 INFO [main] org.apache.catalina.startup.VersionLoggerListener.log Command line argument: -Dfile.encoding=UTF-8
08-May-2025 11:52:17.056 INFO [main] org.apache.catalina.startup.VersionLoggerListener.log Command line argument: -Dsun.stdout.encoding=UTF-8
08-May-2025 11:52:17.056 INFO [main] org.apache.catalina.startup.VersionLoggerListener.log Command line argument: -Dsun.stderr.encoding=UTF-8
08-May-2025 11:52:17.064 INFO [main] org.apache.catalina.core.AprLifecycleListener.lifecycleEvent The Apache Tomcat Native library which allows using OpenSSL was not found on the java.library.path: [C:\Users\msi\.jdks\openjdk-24\bin;C:\WINDOWS\Sun\Java\bin;C:\WINDOWS\system32;C:\WINDOWS;C:\Program Files\Common Files\Oracle\Java\javapath;C:\WINDOWS\system32;C:\WINDOWS;C:\WINDOWS\System32\Wbem;C:\WINDOWS\System32\WindowsPowerShell\v1.0\;C:\WINDOWS\System32\OpenSSH\;C:\Program Files\NVIDIA Corporation\NVIDIA NvDLISR;C:\Program Files\Git\cmd;C:\Users\msi\AppData\Local\Microsoft\WindowsApps;C:\Users\msi\AppData\Local\Programs\Microsoft VS Code\bin;;.]
08-May-2025 11:52:17.435 INFO [main] org.apache.coyote.AbstractProtocol.init Initializing ProtocolHandler ["http-nio-8080"]
08-May-2025 11:52:17.444 SEVERE [main] org.apache.catalina.util.LifecycleBase.handleSubClassException Failed to initialize component [Connector["http-nio-8080"]]
	org.apache.catalina.LifecycleException: Protocol handler initialization failed
		at org.apache.catalina.connector.Connector.initInternal(Connector.java:1056)
		at org.apache.catalina.util.LifecycleBase.init(LifecycleBase.java:122)
		at org.apache.catalina.core.StandardService.initInternal(StandardService.java:525)
		at org.apache.catalina.util.LifecycleBase.init(LifecycleBase.java:122)
		at org.apache.catalina.core.StandardServer.initInternal(StandardServer.java:953)
		at org.apache.catalina.util.LifecycleBase.init(LifecycleBase.java:122)
		at org.apache.catalina.startup.Catalina.load(Catalina.java:710)
		at org.apache.catalina.startup.Catalina.load(Catalina.java:733)
		at java.base/jdk.internal.reflect.DirectMethodHandleAccessor.invoke(DirectMethodHandleAccessor.java:104)
		at java.base/java.lang.reflect.Method.invoke(Method.java:565)
		at org.apache.catalina.startup.Bootstrap.load(Bootstrap.java:299)
		at org.apache.catalina.startup.Bootstrap.main(Bootstrap.java:469)
	Caused by: java.net.BindException: Address already in use: bind
		at java.base/sun.nio.ch.Net.bind0(Native Method)
		at java.base/sun.nio.ch.Net.bind(Net.java:511)
		at java.base/sun.nio.ch.ServerSocketChannelImpl.netBind(ServerSocketChannelImpl.java:335)
		at java.base/sun.nio.ch.ServerSocketChannelImpl.bind(ServerSocketChannelImpl.java:297)
		at org.apache.tomcat.util.net.NioEndpoint.initServerSocket(NioEndpoint.java:240)
		at org.apache.tomcat.util.net.NioEndpoint.bind(NioEndpoint.java:195)
		at org.apache.tomcat.util.net.AbstractEndpoint.bindWithCleanup(AbstractEndpoint.java:1472)
		at org.apache.tomcat.util.net.AbstractEndpoint.init(AbstractEndpoint.java:1485)
		at org.apache.coyote.AbstractProtocol.init(AbstractProtocol.java:633)
		at org.apache.coyote.http11.AbstractHttp11Protocol.init(AbstractHttp11Protocol.java:83)
		at org.apache.catalina.connector.Connector.initInternal(Connector.java:1054)
		... 11 more
08-May-2025 11:52:17.445 INFO [main] org.apache.catalina.startup.Catalina.load Server initialization in [684] milliseconds
08-May-2025 11:52:17.506 INFO [main] org.apache.catalina.core.StandardService.startInternal Starting service [Catalina]
08-May-2025 11:52:17.506 INFO [main] org.apache.catalina.core.StandardEngine.startInternal Starting Servlet engine: [Apache Tomcat/11.0.5]
08-May-2025 11:52:17.520 INFO [main] org.apache.catalina.startup.HostConfig.deployDescriptor Deploying deployment descriptor [C:\Users\msi\Downloads\Food Delivery Website - Copy\Food Delivery Website - Copy\conf\Catalina\localhost\ROOT.xml]
08-May-2025 11:52:18.015 INFO [main] org.apache.catalina.startup.HostConfig.deployDescriptor Deployment of deployment descriptor [C:\Users\msi\Downloads\Food Delivery Website - Copy\Food Delivery Website - Copy\conf\Catalina\localhost\ROOT.xml] has finished in [494] ms
08-May-2025 11:52:18.030 INFO [main] org.apache.catalina.startup.Catalina.start Server startup in [583] milliseconds
08-May-2025 11:52:18.040 SEVERE [main] org.apache.catalina.core.StandardServer.await Failed to create server shutdown socket on address [localhost] and port [8005] (base port [8005] and offset [0])
	java.net.BindException: Address already in use: bind
		at java.base/sun.nio.ch.Net.bind0(Native Method)
		at java.base/sun.nio.ch.Net.bind(Net.java:511)
		at java.base/sun.nio.ch.Net.bind(Net.java:500)
		at java.base/sun.nio.ch.NioSocketImpl.bind(NioSocketImpl.java:630)
		at java.base/java.net.ServerSocket.bind(ServerSocket.java:326)
		at java.base/java.net.ServerSocket.<init>(ServerSocket.java:222)
		at org.apache.catalina.core.StandardServer.await(StandardServer.java:532)
		at org.apache.catalina.startup.Catalina.await(Catalina.java:849)
		at org.apache.catalina.startup.Catalina.start(Catalina.java:797)
		at java.base/jdk.internal.reflect.DirectMethodHandleAccessor.invoke(DirectMethodHandleAccessor.java:104)
		at java.base/java.lang.reflect.Method.invoke(Method.java:565)
		at org.apache.catalina.startup.Bootstrap.start(Bootstrap.java:342)
		at org.apache.catalina.startup.Bootstrap.main(Bootstrap.java:470)
08-May-2025 11:52:18.040 INFO [main] org.apache.coyote.AbstractProtocol.pause Pausing ProtocolHandler ["http-nio-8080"]
08-May-2025 11:52:18.040 INFO [main] org.apache.catalina.core.StandardService.stopInternal Stopping service [Catalina]
08-May-2025 11:52:18.055 INFO [main] org.apache.coyote.AbstractProtocol.stop Stopping ProtocolHandler ["http-nio-8080"]
08-May-2025 11:52:18.057 INFO [main] org.apache.coyote.AbstractProtocol.destroy Destroying ProtocolHandler ["http-nio-8080"]
08-May-2025 11:52:19.114 INFO [Catalina-utility-2] org.apache.catalina.startup.HostConfig.undeploy Undeploying context []
08-May-2025 11:52:19.123 INFO [Catalina-utility-2] org.apache.catalina.startup.HostConfig.deployDescriptor Deploying deployment descriptor [C:\Users\msi\Downloads\Food Delivery Website - Copy\Food Delivery Website - Copy\conf\Catalina\localhost\ROOT.xml]
08-May-2025 11:52:19.195 INFO [Catalina-utility-2] org.apache.catalina.startup.HostConfig.deployDescriptor Deployment of deployment descriptor [C:\Users\msi\Downloads\Food Delivery Website - Copy\Food Delivery Website - Copy\conf\Catalina\localhost\ROOT.xml] has finished in [72] ms
08-May-2025 11:52:27.299 INFO [main] org.apache.catalina.startup.VersionLoggerListener.log Server version name:   Apache Tomcat/11.0.5
08-May-2025 11:52:27.303 INFO [main] org.apache.catalina.startup.VersionLoggerListener.log Server built:          Feb 28 2025 15:54:41 UTC
08-May-2025 11:52:27.303 INFO [main] org.apache.catalina.startup.VersionLoggerListener.log Server version number: 11.0.5.0
08-May-2025 11:52:27.303 INFO [main] org.apache.catalina.startup.VersionLoggerListener.log OS Name:               Windows 11
08-May-2025 11:52:27.303 INFO [main] org.apache.catalina.startup.VersionLoggerListener.log OS Version:            10.0
08-May-2025 11:52:27.303 INFO [main] org.apache.catalina.startup.VersionLoggerListener.log Architecture:          amd64
08-May-2025 11:52:27.303 INFO [main] org.apache.catalina.startup.VersionLoggerListener.log Java Home:             C:\Users\msi\.jdks\openjdk-24
08-May-2025 11:52:27.304 INFO [main] org.apache.catalina.startup.VersionLoggerListener.log JVM Version:           24+36-3646
08-May-2025 11:52:27.304 INFO [main] org.apache.catalina.startup.VersionLoggerListener.log JVM Vendor:            Oracle Corporation
08-May-2025 11:52:27.304 INFO [main] org.apache.catalina.startup.VersionLoggerListener.log CATALINA_BASE:         C:\Users\msi\Downloads\Food Delivery Website - Copy\Food Delivery Website - Copy
08-May-2025 11:52:27.304 INFO [main] org.apache.catalina.startup.VersionLoggerListener.log CATALINA_HOME:         C:\Program Files\Apache Software Foundation\Tomcat 11.0
08-May-2025 11:52:27.315 INFO [main] org.apache.catalina.startup.VersionLoggerListener.log Command line argument: --add-opens=java.base/java.lang=ALL-UNNAMED
08-May-2025 11:52:27.315 INFO [main] org.apache.catalina.startup.VersionLoggerListener.log Command line argument: --add-opens=java.base/java.io=ALL-UNNAMED
08-May-2025 11:52:27.315 INFO [main] org.apache.catalina.startup.VersionLoggerListener.log Command line argument: --add-opens=java.base/java.util=ALL-UNNAMED
08-May-2025 11:52:27.315 INFO [main] org.apache.catalina.startup.VersionLoggerListener.log Command line argument: --add-opens=java.base/java.util.concurrent=ALL-UNNAMED
08-May-2025 11:52:27.316 INFO [main] org.apache.catalina.startup.VersionLoggerListener.log Command line argument: --add-opens=java.rmi/sun.rmi.transport=ALL-UNNAMED
08-May-2025 11:52:27.316 INFO [main] org.apache.catalina.startup.VersionLoggerListener.log Command line argument: -Dcatalina.home=C:\Program Files\Apache Software Foundation\Tomcat 11.0
08-May-2025 11:52:27.316 INFO [main] org.apache.catalina.startup.VersionLoggerListener.log Command line argument: -Dcatalina.base=C:\Users\msi\Downloads\Food Delivery Website - Copy\Food Delivery Website - Copy
08-May-2025 11:52:27.316 INFO [main] org.apache.catalina.startup.VersionLoggerListener.log Command line argument: -Djava.io.tmpdir=C:\Users\msi\Downloads\Food Delivery Website - Copy\Food Delivery Website - Copy\temp
08-May-2025 11:52:27.316 INFO [main] org.apache.catalina.startup.VersionLoggerListener.log Command line argument: -Djava.util.logging.config.file=C:\Users\msi\Downloads\Food Delivery Website - Copy\Food Delivery Website - Copy\conf\logging.properties
08-May-2025 11:52:27.316 INFO [main] org.apache.catalina.startup.VersionLoggerListener.log Command line argument: -Djava.util.logging.manager=org.apache.juli.ClassLoaderLogManager
08-May-2025 11:52:27.316 INFO [main] org.apache.catalina.startup.VersionLoggerListener.log Command line argument: -javaagent:C:\Users\msi\AppData\Local\JetBrains\IntelliJ IDEA 2024.3.5\lib\idea_rt.jar=51355
08-May-2025 11:52:27.316 INFO [main] org.apache.catalina.startup.VersionLoggerListener.log Command line argument: -Dfile.encoding=UTF-8
08-May-2025 11:52:27.316 INFO [main] org.apache.catalina.startup.VersionLoggerListener.log Command line argument: -Dsun.stdout.encoding=UTF-8
08-May-2025 11:52:27.316 INFO [main] org.apache.catalina.startup.VersionLoggerListener.log Command line argument: -Dsun.stderr.encoding=UTF-8
08-May-2025 11:52:27.321 INFO [main] org.apache.catalina.core.AprLifecycleListener.lifecycleEvent The Apache Tomcat Native library which allows using OpenSSL was not found on the java.library.path: [C:\Users\msi\.jdks\openjdk-24\bin;C:\WINDOWS\Sun\Java\bin;C:\WINDOWS\system32;C:\WINDOWS;C:\Program Files\Common Files\Oracle\Java\javapath;C:\WINDOWS\system32;C:\WINDOWS;C:\WINDOWS\System32\Wbem;C:\WINDOWS\System32\WindowsPowerShell\v1.0\;C:\WINDOWS\System32\OpenSSH\;C:\Program Files\NVIDIA Corporation\NVIDIA NvDLISR;C:\Program Files\Git\cmd;C:\Users\msi\AppData\Local\Microsoft\WindowsApps;C:\Users\msi\AppData\Local\Programs\Microsoft VS Code\bin;;.]
08-May-2025 11:52:27.688 INFO [main] org.apache.coyote.AbstractProtocol.init Initializing ProtocolHandler ["http-nio-8080"]
08-May-2025 11:52:27.705 SEVERE [main] org.apache.catalina.util.LifecycleBase.handleSubClassException Failed to initialize component [Connector["http-nio-8080"]]
	org.apache.catalina.LifecycleException: Protocol handler initialization failed
		at org.apache.catalina.connector.Connector.initInternal(Connector.java:1056)
		at org.apache.catalina.util.LifecycleBase.init(LifecycleBase.java:122)
		at org.apache.catalina.core.StandardService.initInternal(StandardService.java:525)
		at org.apache.catalina.util.LifecycleBase.init(LifecycleBase.java:122)
		at org.apache.catalina.core.StandardServer.initInternal(StandardServer.java:953)
		at org.apache.catalina.util.LifecycleBase.init(LifecycleBase.java:122)
		at org.apache.catalina.startup.Catalina.load(Catalina.java:710)
		at org.apache.catalina.startup.Catalina.load(Catalina.java:733)
		at java.base/jdk.internal.reflect.DirectMethodHandleAccessor.invoke(DirectMethodHandleAccessor.java:104)
		at java.base/java.lang.reflect.Method.invoke(Method.java:565)
		at org.apache.catalina.startup.Bootstrap.load(Bootstrap.java:299)
		at org.apache.catalina.startup.Bootstrap.main(Bootstrap.java:469)
	Caused by: java.net.BindException: Address already in use: bind
		at java.base/sun.nio.ch.Net.bind0(Native Method)
		at java.base/sun.nio.ch.Net.bind(Net.java:511)
		at java.base/sun.nio.ch.ServerSocketChannelImpl.netBind(ServerSocketChannelImpl.java:335)
		at java.base/sun.nio.ch.ServerSocketChannelImpl.bind(ServerSocketChannelImpl.java:297)
		at org.apache.tomcat.util.net.NioEndpoint.initServerSocket(NioEndpoint.java:240)
		at org.apache.tomcat.util.net.NioEndpoint.bind(NioEndpoint.java:195)
		at org.apache.tomcat.util.net.AbstractEndpoint.bindWithCleanup(AbstractEndpoint.java:1472)
		at org.apache.tomcat.util.net.AbstractEndpoint.init(AbstractEndpoint.java:1485)
		at org.apache.coyote.AbstractProtocol.init(AbstractProtocol.java:633)
		at org.apache.coyote.http11.AbstractHttp11Protocol.init(AbstractHttp11Protocol.java:83)
		at org.apache.catalina.connector.Connector.initInternal(Connector.java:1054)
		... 11 more
08-May-2025 11:52:27.708 INFO [main] org.apache.catalina.startup.Catalina.load Server initialization in [675] milliseconds
08-May-2025 11:52:27.772 INFO [main] org.apache.catalina.core.StandardService.startInternal Starting service [Catalina]
08-May-2025 11:52:27.773 INFO [main] org.apache.catalina.core.StandardEngine.startInternal Starting Servlet engine: [Apache Tomcat/11.0.5]
08-May-2025 11:52:27.785 INFO [main] org.apache.catalina.startup.HostConfig.deployDescriptor Deploying deployment descriptor [C:\Users\msi\Downloads\Food Delivery Website - Copy\Food Delivery Website - Copy\conf\Catalina\localhost\ROOT.xml]
08-May-2025 11:52:28.239 INFO [main] org.apache.catalina.startup.HostConfig.deployDescriptor Deployment of deployment descriptor [C:\Users\msi\Downloads\Food Delivery Website - Copy\Food Delivery Website - Copy\conf\Catalina\localhost\ROOT.xml] has finished in [453] ms
08-May-2025 11:52:28.251 INFO [main] org.apache.catalina.startup.Catalina.start Server startup in [540] milliseconds
08-May-2025 11:52:28.258 SEVERE [main] org.apache.catalina.core.StandardServer.await Failed to create server shutdown socket on address [localhost] and port [8005] (base port [8005] and offset [0])
	java.net.BindException: Address already in use: bind
		at java.base/sun.nio.ch.Net.bind0(Native Method)
		at java.base/sun.nio.ch.Net.bind(Net.java:511)
		at java.base/sun.nio.ch.Net.bind(Net.java:500)
		at java.base/sun.nio.ch.NioSocketImpl.bind(NioSocketImpl.java:630)
		at java.base/java.net.ServerSocket.bind(ServerSocket.java:326)
		at java.base/java.net.ServerSocket.<init>(ServerSocket.java:222)
		at org.apache.catalina.core.StandardServer.await(StandardServer.java:532)
		at org.apache.catalina.startup.Catalina.await(Catalina.java:849)
		at org.apache.catalina.startup.Catalina.start(Catalina.java:797)
		at java.base/jdk.internal.reflect.DirectMethodHandleAccessor.invoke(DirectMethodHandleAccessor.java:104)
		at java.base/java.lang.reflect.Method.invoke(Method.java:565)
		at org.apache.catalina.startup.Bootstrap.start(Bootstrap.java:342)
		at org.apache.catalina.startup.Bootstrap.main(Bootstrap.java:470)
08-May-2025 11:52:28.259 INFO [main] org.apache.coyote.AbstractProtocol.pause Pausing ProtocolHandler ["http-nio-8080"]
08-May-2025 11:52:28.259 INFO [main] org.apache.catalina.core.StandardService.stopInternal Stopping service [Catalina]
08-May-2025 11:52:28.270 INFO [main] org.apache.coyote.AbstractProtocol.stop Stopping ProtocolHandler ["http-nio-8080"]
08-May-2025 11:52:28.271 INFO [main] org.apache.coyote.AbstractProtocol.destroy Destroying ProtocolHandler ["http-nio-8080"]
08-May-2025 11:52:29.198 INFO [Catalina-utility-2] org.apache.catalina.startup.HostConfig.undeploy Undeploying context []
08-May-2025 11:52:29.205 INFO [Catalina-utility-2] org.apache.catalina.startup.HostConfig.deployDescriptor Deploying deployment descriptor [C:\Users\msi\Downloads\Food Delivery Website - Copy\Food Delivery Website - Copy\conf\Catalina\localhost\ROOT.xml]
08-May-2025 11:52:29.284 INFO [Catalina-utility-2] org.apache.catalina.startup.HostConfig.deployDescriptor Deployment of deployment descriptor [C:\Users\msi\Downloads\Food Delivery Website - Copy\Food Delivery Website - Copy\conf\Catalina\localhost\ROOT.xml] has finished in [79] ms
08-May-2025 11:57:54.771 INFO [main] org.apache.catalina.startup.VersionLoggerListener.log Server version name:   Apache Tomcat/11.0.5
08-May-2025 11:57:54.775 INFO [main] org.apache.catalina.startup.VersionLoggerListener.log Server built:          Feb 28 2025 15:54:41 UTC
08-May-2025 11:57:54.776 INFO [main] org.apache.catalina.startup.VersionLoggerListener.log Server version number: 11.0.5.0
08-May-2025 11:57:54.776 INFO [main] org.apache.catalina.startup.VersionLoggerListener.log OS Name:               Windows 11
08-May-2025 11:57:54.776 INFO [main] org.apache.catalina.startup.VersionLoggerListener.log OS Version:            10.0
08-May-2025 11:57:54.777 INFO [main] org.apache.catalina.startup.VersionLoggerListener.log Architecture:          amd64
08-May-2025 11:57:54.777 INFO [main] org.apache.catalina.startup.VersionLoggerListener.log Java Home:             C:\Users\msi\.jdks\openjdk-24
08-May-2025 11:57:54.777 INFO [main] org.apache.catalina.startup.VersionLoggerListener.log JVM Version:           24+36-3646
08-May-2025 11:57:54.777 INFO [main] org.apache.catalina.startup.VersionLoggerListener.log JVM Vendor:            Oracle Corporation
08-May-2025 11:57:54.777 INFO [main] org.apache.catalina.startup.VersionLoggerListener.log CATALINA_BASE:         C:\Users\msi\Downloads\Food Delivery Website - Copy\Food Delivery Website - Copy
08-May-2025 11:57:54.777 INFO [main] org.apache.catalina.startup.VersionLoggerListener.log CATALINA_HOME:         C:\Program Files\Apache Software Foundation\Tomcat 11.0
08-May-2025 11:57:54.790 INFO [main] org.apache.catalina.startup.VersionLoggerListener.log Command line argument: --add-opens=java.base/java.lang=ALL-UNNAMED
08-May-2025 11:57:54.790 INFO [main] org.apache.catalina.startup.VersionLoggerListener.log Command line argument: --add-opens=java.base/java.io=ALL-UNNAMED
08-May-2025 11:57:54.790 INFO [main] org.apache.catalina.startup.VersionLoggerListener.log Command line argument: --add-opens=java.base/java.util=ALL-UNNAMED
08-May-2025 11:57:54.791 INFO [main] org.apache.catalina.startup.VersionLoggerListener.log Command line argument: --add-opens=java.base/java.util.concurrent=ALL-UNNAMED
08-May-2025 11:57:54.791 INFO [main] org.apache.catalina.startup.VersionLoggerListener.log Command line argument: --add-opens=java.rmi/sun.rmi.transport=ALL-UNNAMED
08-May-2025 11:57:54.791 INFO [main] org.apache.catalina.startup.VersionLoggerListener.log Command line argument: -Dcatalina.home=C:\Program Files\Apache Software Foundation\Tomcat 11.0
08-May-2025 11:57:54.791 INFO [main] org.apache.catalina.startup.VersionLoggerListener.log Command line argument: -Dcatalina.base=C:\Users\msi\Downloads\Food Delivery Website - Copy\Food Delivery Website - Copy
08-May-2025 11:57:54.791 INFO [main] org.apache.catalina.startup.VersionLoggerListener.log Command line argument: -Djava.io.tmpdir=C:\Users\msi\Downloads\Food Delivery Website - Copy\Food Delivery Website - Copy\temp
08-May-2025 11:57:54.791 INFO [main] org.apache.catalina.startup.VersionLoggerListener.log Command line argument: -Djava.util.logging.config.file=C:\Users\msi\Downloads\Food Delivery Website - Copy\Food Delivery Website - Copy\conf\logging.properties
08-May-2025 11:57:54.791 INFO [main] org.apache.catalina.startup.VersionLoggerListener.log Command line argument: -Djava.util.logging.manager=org.apache.juli.ClassLoaderLogManager
08-May-2025 11:57:54.791 INFO [main] org.apache.catalina.startup.VersionLoggerListener.log Command line argument: -javaagent:C:\Users\msi\AppData\Local\JetBrains\IntelliJ IDEA 2024.3.5\lib\idea_rt.jar=52407
08-May-2025 11:57:54.791 INFO [main] org.apache.catalina.startup.VersionLoggerListener.log Command line argument: -Dfile.encoding=UTF-8
08-May-2025 11:57:54.791 INFO [main] org.apache.catalina.startup.VersionLoggerListener.log Command line argument: -Dsun.stdout.encoding=UTF-8
08-May-2025 11:57:54.791 INFO [main] org.apache.catalina.startup.VersionLoggerListener.log Command line argument: -Dsun.stderr.encoding=UTF-8
08-May-2025 11:57:54.797 INFO [main] org.apache.catalina.core.AprLifecycleListener.lifecycleEvent The Apache Tomcat Native library which allows using OpenSSL was not found on the java.library.path: [C:\Users\msi\.jdks\openjdk-24\bin;C:\WINDOWS\Sun\Java\bin;C:\WINDOWS\system32;C:\WINDOWS;C:\Program Files\Common Files\Oracle\Java\javapath;C:\WINDOWS\system32;C:\WINDOWS;C:\WINDOWS\System32\Wbem;C:\WINDOWS\System32\WindowsPowerShell\v1.0\;C:\WINDOWS\System32\OpenSSH\;C:\Program Files\NVIDIA Corporation\NVIDIA NvDLISR;C:\Program Files\Git\cmd;C:\Users\msi\AppData\Local\Microsoft\WindowsApps;C:\Users\msi\AppData\Local\Programs\Microsoft VS Code\bin;;.]
08-May-2025 11:57:55.207 INFO [main] org.apache.coyote.AbstractProtocol.init Initializing ProtocolHandler ["http-nio-8080"]
08-May-2025 11:57:55.222 SEVERE [main] org.apache.catalina.util.LifecycleBase.handleSubClassException Failed to initialize component [Connector["http-nio-8080"]]
	org.apache.catalina.LifecycleException: Protocol handler initialization failed
		at org.apache.catalina.connector.Connector.initInternal(Connector.java:1056)
		at org.apache.catalina.util.LifecycleBase.init(LifecycleBase.java:122)
		at org.apache.catalina.core.StandardService.initInternal(StandardService.java:525)
		at org.apache.catalina.util.LifecycleBase.init(LifecycleBase.java:122)
		at org.apache.catalina.core.StandardServer.initInternal(StandardServer.java:953)
		at org.apache.catalina.util.LifecycleBase.init(LifecycleBase.java:122)
		at org.apache.catalina.startup.Catalina.load(Catalina.java:710)
		at org.apache.catalina.startup.Catalina.load(Catalina.java:733)
		at java.base/jdk.internal.reflect.DirectMethodHandleAccessor.invoke(DirectMethodHandleAccessor.java:104)
		at java.base/java.lang.reflect.Method.invoke(Method.java:565)
		at org.apache.catalina.startup.Bootstrap.load(Bootstrap.java:299)
		at org.apache.catalina.startup.Bootstrap.main(Bootstrap.java:469)
	Caused by: java.net.BindException: Address already in use: bind
		at java.base/sun.nio.ch.Net.bind0(Native Method)
		at java.base/sun.nio.ch.Net.bind(Net.java:511)
		at java.base/sun.nio.ch.ServerSocketChannelImpl.netBind(ServerSocketChannelImpl.java:335)
		at java.base/sun.nio.ch.ServerSocketChannelImpl.bind(ServerSocketChannelImpl.java:297)
		at org.apache.tomcat.util.net.NioEndpoint.initServerSocket(NioEndpoint.java:240)
		at org.apache.tomcat.util.net.NioEndpoint.bind(NioEndpoint.java:195)
		at org.apache.tomcat.util.net.AbstractEndpoint.bindWithCleanup(AbstractEndpoint.java:1472)
		at org.apache.tomcat.util.net.AbstractEndpoint.init(AbstractEndpoint.java:1485)
		at org.apache.coyote.AbstractProtocol.init(AbstractProtocol.java:633)
		at org.apache.coyote.http11.AbstractHttp11Protocol.init(AbstractHttp11Protocol.java:83)
		at org.apache.catalina.connector.Connector.initInternal(Connector.java:1054)
		... 11 more
08-May-2025 11:57:55.224 INFO [main] org.apache.catalina.startup.Catalina.load Server initialization in [772] milliseconds
08-May-2025 11:57:55.333 INFO [main] org.apache.catalina.core.StandardService.startInternal Starting service [Catalina]
08-May-2025 11:57:55.333 INFO [main] org.apache.catalina.core.StandardEngine.startInternal Starting Servlet engine: [Apache Tomcat/11.0.5]
08-May-2025 11:57:55.349 INFO [main] org.apache.catalina.startup.HostConfig.deployDescriptor Deploying deployment descriptor [C:\Users\msi\Downloads\Food Delivery Website - Copy\Food Delivery Website - Copy\conf\Catalina\localhost\ROOT.xml]
08-May-2025 11:57:55.960 INFO [main] org.apache.catalina.startup.HostConfig.deployDescriptor Deployment of deployment descriptor [C:\Users\msi\Downloads\Food Delivery Website - Copy\Food Delivery Website - Copy\conf\Catalina\localhost\ROOT.xml] has finished in [609] ms
08-May-2025 11:57:55.981 INFO [main] org.apache.catalina.startup.Catalina.start Server startup in [753] milliseconds
08-May-2025 11:57:55.994 SEVERE [main] org.apache.catalina.core.StandardServer.await Failed to create server shutdown socket on address [localhost] and port [8005] (base port [8005] and offset [0])
	java.net.BindException: Address already in use: bind
		at java.base/sun.nio.ch.Net.bind0(Native Method)
		at java.base/sun.nio.ch.Net.bind(Net.java:511)
		at java.base/sun.nio.ch.Net.bind(Net.java:500)
		at java.base/sun.nio.ch.NioSocketImpl.bind(NioSocketImpl.java:630)
		at java.base/java.net.ServerSocket.bind(ServerSocket.java:326)
		at java.base/java.net.ServerSocket.<init>(ServerSocket.java:222)
		at org.apache.catalina.core.StandardServer.await(StandardServer.java:532)
		at org.apache.catalina.startup.Catalina.await(Catalina.java:849)
		at org.apache.catalina.startup.Catalina.start(Catalina.java:797)
		at java.base/jdk.internal.reflect.DirectMethodHandleAccessor.invoke(DirectMethodHandleAccessor.java:104)
		at java.base/java.lang.reflect.Method.invoke(Method.java:565)
		at org.apache.catalina.startup.Bootstrap.start(Bootstrap.java:342)
		at org.apache.catalina.startup.Bootstrap.main(Bootstrap.java:470)
08-May-2025 11:57:55.994 INFO [main] org.apache.coyote.AbstractProtocol.pause Pausing ProtocolHandler ["http-nio-8080"]
08-May-2025 11:57:55.994 INFO [main] org.apache.catalina.core.StandardService.stopInternal Stopping service [Catalina]
08-May-2025 11:57:56.012 INFO [main] org.apache.coyote.AbstractProtocol.stop Stopping ProtocolHandler ["http-nio-8080"]
08-May-2025 11:57:56.013 INFO [main] org.apache.coyote.AbstractProtocol.destroy Destroying ProtocolHandler ["http-nio-8080"]
08-May-2025 11:57:59.693 INFO [Catalina-utility-2] org.apache.catalina.startup.HostConfig.undeploy Undeploying context []
08-May-2025 11:57:59.721 INFO [Catalina-utility-2] org.apache.catalina.startup.HostConfig.deployDescriptor Deploying deployment descriptor [C:\Users\msi\Downloads\Food Delivery Website - Copy\Food Delivery Website - Copy\conf\Catalina\localhost\ROOT.xml]
08-May-2025 11:57:59.893 INFO [Catalina-utility-2] org.apache.catalina.startup.HostConfig.deployDescriptor Deployment of deployment descriptor [C:\Users\msi\Downloads\Food Delivery Website - Copy\Food Delivery Website - Copy\conf\Catalina\localhost\ROOT.xml] has finished in [171] ms
08-May-2025 11:58:28.134 INFO [main] org.apache.catalina.startup.VersionLoggerListener.log Server version name:   Apache Tomcat/11.0.5
08-May-2025 11:58:28.138 INFO [main] org.apache.catalina.startup.VersionLoggerListener.log Server built:          Feb 28 2025 15:54:41 UTC
08-May-2025 11:58:28.139 INFO [main] org.apache.catalina.startup.VersionLoggerListener.log Server version number: 11.0.5.0
08-May-2025 11:58:28.139 INFO [main] org.apache.catalina.startup.VersionLoggerListener.log OS Name:               Windows 11
08-May-2025 11:58:28.139 INFO [main] org.apache.catalina.startup.VersionLoggerListener.log OS Version:            10.0
08-May-2025 11:58:28.139 INFO [main] org.apache.catalina.startup.VersionLoggerListener.log Architecture:          amd64
08-May-2025 11:58:28.139 INFO [main] org.apache.catalina.startup.VersionLoggerListener.log Java Home:             C:\Users\msi\.jdks\openjdk-24
08-May-2025 11:58:28.140 INFO [main] org.apache.catalina.startup.VersionLoggerListener.log JVM Version:           24+36-3646
08-May-2025 11:58:28.140 INFO [main] org.apache.catalina.startup.VersionLoggerListener.log JVM Vendor:            Oracle Corporation
08-May-2025 11:58:28.140 INFO [main] org.apache.catalina.startup.VersionLoggerListener.log CATALINA_BASE:         C:\Users\msi\Downloads\Food Delivery Website - Copy\Food Delivery Website - Copy
08-May-2025 11:58:28.140 INFO [main] org.apache.catalina.startup.VersionLoggerListener.log CATALINA_HOME:         C:\Program Files\Apache Software Foundation\Tomcat 11.0
08-May-2025 11:58:28.155 INFO [main] org.apache.catalina.startup.VersionLoggerListener.log Command line argument: --add-opens=java.base/java.lang=ALL-UNNAMED
08-May-2025 11:58:28.156 INFO [main] org.apache.catalina.startup.VersionLoggerListener.log Command line argument: --add-opens=java.base/java.io=ALL-UNNAMED
08-May-2025 11:58:28.156 INFO [main] org.apache.catalina.startup.VersionLoggerListener.log Command line argument: --add-opens=java.base/java.util=ALL-UNNAMED
08-May-2025 11:58:28.157 INFO [main] org.apache.catalina.startup.VersionLoggerListener.log Command line argument: --add-opens=java.base/java.util.concurrent=ALL-UNNAMED
08-May-2025 11:58:28.157 INFO [main] org.apache.catalina.startup.VersionLoggerListener.log Command line argument: --add-opens=java.rmi/sun.rmi.transport=ALL-UNNAMED
08-May-2025 11:58:28.157 INFO [main] org.apache.catalina.startup.VersionLoggerListener.log Command line argument: -Dcatalina.home=C:\Program Files\Apache Software Foundation\Tomcat 11.0
08-May-2025 11:58:28.157 INFO [main] org.apache.catalina.startup.VersionLoggerListener.log Command line argument: -Dcatalina.base=C:\Users\msi\Downloads\Food Delivery Website - Copy\Food Delivery Website - Copy
08-May-2025 11:58:28.157 INFO [main] org.apache.catalina.startup.VersionLoggerListener.log Command line argument: -Djava.io.tmpdir=C:\Users\msi\Downloads\Food Delivery Website - Copy\Food Delivery Website - Copy\temp
08-May-2025 11:58:28.157 INFO [main] org.apache.catalina.startup.VersionLoggerListener.log Command line argument: -Djava.util.logging.config.file=C:\Users\msi\Downloads\Food Delivery Website - Copy\Food Delivery Website - Copy\conf\logging.properties
08-May-2025 11:58:28.157 INFO [main] org.apache.catalina.startup.VersionLoggerListener.log Command line argument: -Djava.util.logging.manager=org.apache.juli.ClassLoaderLogManager
08-May-2025 11:58:28.157 INFO [main] org.apache.catalina.startup.VersionLoggerListener.log Command line argument: -javaagent:C:\Users\msi\AppData\Local\JetBrains\IntelliJ IDEA 2024.3.5\lib\idea_rt.jar=52429
08-May-2025 11:58:28.157 INFO [main] org.apache.catalina.startup.VersionLoggerListener.log Command line argument: -Dfile.encoding=UTF-8
08-May-2025 11:58:28.158 INFO [main] org.apache.catalina.startup.VersionLoggerListener.log Command line argument: -Dsun.stdout.encoding=UTF-8
08-May-2025 11:58:28.158 INFO [main] org.apache.catalina.startup.VersionLoggerListener.log Command line argument: -Dsun.stderr.encoding=UTF-8
08-May-2025 11:58:28.168 INFO [main] org.apache.catalina.core.AprLifecycleListener.lifecycleEvent The Apache Tomcat Native library which allows using OpenSSL was not found on the java.library.path: [C:\Users\msi\.jdks\openjdk-24\bin;C:\WINDOWS\Sun\Java\bin;C:\WINDOWS\system32;C:\WINDOWS;C:\Program Files\Common Files\Oracle\Java\javapath;C:\WINDOWS\system32;C:\WINDOWS;C:\WINDOWS\System32\Wbem;C:\WINDOWS\System32\WindowsPowerShell\v1.0\;C:\WINDOWS\System32\OpenSSH\;C:\Program Files\NVIDIA Corporation\NVIDIA NvDLISR;C:\Program Files\Git\cmd;C:\Users\msi\AppData\Local\Microsoft\WindowsApps;C:\Users\msi\AppData\Local\Programs\Microsoft VS Code\bin;;.]
08-May-2025 11:58:28.650 INFO [main] org.apache.coyote.AbstractProtocol.init Initializing ProtocolHandler ["http-nio-8080"]
08-May-2025 11:58:28.665 SEVERE [main] org.apache.catalina.util.LifecycleBase.handleSubClassException Failed to initialize component [Connector["http-nio-8080"]]
	org.apache.catalina.LifecycleException: Protocol handler initialization failed
		at org.apache.catalina.connector.Connector.initInternal(Connector.java:1056)
		at org.apache.catalina.util.LifecycleBase.init(LifecycleBase.java:122)
		at org.apache.catalina.core.StandardService.initInternal(StandardService.java:525)
		at org.apache.catalina.util.LifecycleBase.init(LifecycleBase.java:122)
		at org.apache.catalina.core.StandardServer.initInternal(StandardServer.java:953)
		at org.apache.catalina.util.LifecycleBase.init(LifecycleBase.java:122)
		at org.apache.catalina.startup.Catalina.load(Catalina.java:710)
		at org.apache.catalina.startup.Catalina.load(Catalina.java:733)
		at java.base/jdk.internal.reflect.DirectMethodHandleAccessor.invoke(DirectMethodHandleAccessor.java:104)
		at java.base/java.lang.reflect.Method.invoke(Method.java:565)
		at org.apache.catalina.startup.Bootstrap.load(Bootstrap.java:299)
		at org.apache.catalina.startup.Bootstrap.main(Bootstrap.java:469)
	Caused by: java.net.BindException: Address already in use: bind
		at java.base/sun.nio.ch.Net.bind0(Native Method)
		at java.base/sun.nio.ch.Net.bind(Net.java:511)
		at java.base/sun.nio.ch.ServerSocketChannelImpl.netBind(ServerSocketChannelImpl.java:335)
		at java.base/sun.nio.ch.ServerSocketChannelImpl.bind(ServerSocketChannelImpl.java:297)
		at org.apache.tomcat.util.net.NioEndpoint.initServerSocket(NioEndpoint.java:240)
		at org.apache.tomcat.util.net.NioEndpoint.bind(NioEndpoint.java:195)
		at org.apache.tomcat.util.net.AbstractEndpoint.bindWithCleanup(AbstractEndpoint.java:1472)
		at org.apache.tomcat.util.net.AbstractEndpoint.init(AbstractEndpoint.java:1485)
		at org.apache.coyote.AbstractProtocol.init(AbstractProtocol.java:633)
		at org.apache.coyote.http11.AbstractHttp11Protocol.init(AbstractHttp11Protocol.java:83)
		at org.apache.catalina.connector.Connector.initInternal(Connector.java:1054)
		... 11 more
08-May-2025 11:58:28.667 INFO [main] org.apache.catalina.startup.Catalina.load Server initialization in [789] milliseconds
08-May-2025 11:58:28.766 INFO [main] org.apache.catalina.core.StandardService.startInternal Starting service [Catalina]
08-May-2025 11:58:28.766 INFO [main] org.apache.catalina.core.StandardEngine.startInternal Starting Servlet engine: [Apache Tomcat/11.0.5]
08-May-2025 11:58:28.784 INFO [main] org.apache.catalina.startup.HostConfig.deployDescriptor Deploying deployment descriptor [C:\Users\msi\Downloads\Food Delivery Website - Copy\Food Delivery Website - Copy\conf\Catalina\localhost\ROOT.xml]
08-May-2025 11:58:29.298 INFO [main] org.apache.catalina.startup.HostConfig.deployDescriptor Deployment of deployment descriptor [C:\Users\msi\Downloads\Food Delivery Website - Copy\Food Delivery Website - Copy\conf\Catalina\localhost\ROOT.xml] has finished in [513] ms
08-May-2025 11:58:29.314 INFO [main] org.apache.catalina.startup.Catalina.start Server startup in [644] milliseconds
08-May-2025 11:58:29.320 SEVERE [main] org.apache.catalina.core.StandardServer.await Failed to create server shutdown socket on address [localhost] and port [8005] (base port [8005] and offset [0])
	java.net.BindException: Address already in use: bind
		at java.base/sun.nio.ch.Net.bind0(Native Method)
		at java.base/sun.nio.ch.Net.bind(Net.java:511)
		at java.base/sun.nio.ch.Net.bind(Net.java:500)
		at java.base/sun.nio.ch.NioSocketImpl.bind(NioSocketImpl.java:630)
		at java.base/java.net.ServerSocket.bind(ServerSocket.java:326)
		at java.base/java.net.ServerSocket.<init>(ServerSocket.java:222)
		at org.apache.catalina.core.StandardServer.await(StandardServer.java:532)
		at org.apache.catalina.startup.Catalina.await(Catalina.java:849)
		at org.apache.catalina.startup.Catalina.start(Catalina.java:797)
		at java.base/jdk.internal.reflect.DirectMethodHandleAccessor.invoke(DirectMethodHandleAccessor.java:104)
		at java.base/java.lang.reflect.Method.invoke(Method.java:565)
		at org.apache.catalina.startup.Bootstrap.start(Bootstrap.java:342)
		at org.apache.catalina.startup.Bootstrap.main(Bootstrap.java:470)
08-May-2025 11:58:29.321 INFO [main] org.apache.coyote.AbstractProtocol.pause Pausing ProtocolHandler ["http-nio-8080"]
08-May-2025 11:58:29.321 INFO [main] org.apache.catalina.core.StandardService.stopInternal Stopping service [Catalina]
08-May-2025 11:58:29.332 INFO [main] org.apache.coyote.AbstractProtocol.stop Stopping ProtocolHandler ["http-nio-8080"]
08-May-2025 11:58:29.333 INFO [main] org.apache.coyote.AbstractProtocol.destroy Destroying ProtocolHandler ["http-nio-8080"]
08-May-2025 11:58:30.571 INFO [Catalina-utility-2] org.apache.catalina.startup.HostConfig.undeploy Undeploying context []
08-May-2025 11:58:30.586 INFO [Catalina-utility-2] org.apache.catalina.startup.HostConfig.deployDescriptor Deploying deployment descriptor [C:\Users\msi\Downloads\Food Delivery Website - Copy\Food Delivery Website - Copy\conf\Catalina\localhost\ROOT.xml]
08-May-2025 11:58:30.800 INFO [Catalina-utility-2] org.apache.catalina.startup.HostConfig.deployDescriptor Deployment of deployment descriptor [C:\Users\msi\Downloads\Food Delivery Website - Copy\Food Delivery Website - Copy\conf\Catalina\localhost\ROOT.xml] has finished in [215] ms
08-May-2025 12:01:04.403 INFO [main] org.apache.catalina.startup.VersionLoggerListener.log Server version name:   Apache Tomcat/11.0.5
08-May-2025 12:01:04.407 INFO [main] org.apache.catalina.startup.VersionLoggerListener.log Server built:          Feb 28 2025 15:54:41 UTC
08-May-2025 12:01:04.407 INFO [main] org.apache.catalina.startup.VersionLoggerListener.log Server version number: 11.0.5.0
08-May-2025 12:01:04.407 INFO [main] org.apache.catalina.startup.VersionLoggerListener.log OS Name:               Windows 11
08-May-2025 12:01:04.407 INFO [main] org.apache.catalina.startup.VersionLoggerListener.log OS Version:            10.0
08-May-2025 12:01:04.407 INFO [main] org.apache.catalina.startup.VersionLoggerListener.log Architecture:          amd64
08-May-2025 12:01:04.407 INFO [main] org.apache.catalina.startup.VersionLoggerListener.log Java Home:             C:\Users\msi\.jdks\openjdk-24
08-May-2025 12:01:04.408 INFO [main] org.apache.catalina.startup.VersionLoggerListener.log JVM Version:           24+36-3646
08-May-2025 12:01:04.408 INFO [main] org.apache.catalina.startup.VersionLoggerListener.log JVM Vendor:            Oracle Corporation
08-May-2025 12:01:04.408 INFO [main] org.apache.catalina.startup.VersionLoggerListener.log CATALINA_BASE:         C:\Users\msi\Downloads\Food Delivery Website - Copy\Food Delivery Website - Copy
08-May-2025 12:01:04.408 INFO [main] org.apache.catalina.startup.VersionLoggerListener.log CATALINA_HOME:         C:\Program Files\Apache Software Foundation\Tomcat 11.0
08-May-2025 12:01:04.421 INFO [main] org.apache.catalina.startup.VersionLoggerListener.log Command line argument: --add-opens=java.base/java.lang=ALL-UNNAMED
08-May-2025 12:01:04.422 INFO [main] org.apache.catalina.startup.VersionLoggerListener.log Command line argument: --add-opens=java.base/java.io=ALL-UNNAMED
08-May-2025 12:01:04.422 INFO [main] org.apache.catalina.startup.VersionLoggerListener.log Command line argument: --add-opens=java.base/java.util=ALL-UNNAMED
08-May-2025 12:01:04.422 INFO [main] org.apache.catalina.startup.VersionLoggerListener.log Command line argument: --add-opens=java.base/java.util.concurrent=ALL-UNNAMED
08-May-2025 12:01:04.422 INFO [main] org.apache.catalina.startup.VersionLoggerListener.log Command line argument: --add-opens=java.rmi/sun.rmi.transport=ALL-UNNAMED
08-May-2025 12:01:04.422 INFO [main] org.apache.catalina.startup.VersionLoggerListener.log Command line argument: -Dcatalina.home=C:\Program Files\Apache Software Foundation\Tomcat 11.0
08-May-2025 12:01:04.422 INFO [main] org.apache.catalina.startup.VersionLoggerListener.log Command line argument: -Dcatalina.base=C:\Users\msi\Downloads\Food Delivery Website - Copy\Food Delivery Website - Copy
08-May-2025 12:01:04.422 INFO [main] org.apache.catalina.startup.VersionLoggerListener.log Command line argument: -Djava.io.tmpdir=C:\Users\msi\Downloads\Food Delivery Website - Copy\Food Delivery Website - Copy\temp
08-May-2025 12:01:04.422 INFO [main] org.apache.catalina.startup.VersionLoggerListener.log Command line argument: -Djava.util.logging.config.file=C:\Users\msi\Downloads\Food Delivery Website - Copy\Food Delivery Website - Copy\conf\logging.properties
08-May-2025 12:01:04.422 INFO [main] org.apache.catalina.startup.VersionLoggerListener.log Command line argument: -Djava.util.logging.manager=org.apache.juli.ClassLoaderLogManager
08-May-2025 12:01:04.422 INFO [main] org.apache.catalina.startup.VersionLoggerListener.log Command line argument: -javaagent:C:\Users\msi\AppData\Local\JetBrains\IntelliJ IDEA 2024.3.5\lib\idea_rt.jar=52484
08-May-2025 12:01:04.422 INFO [main] org.apache.catalina.startup.VersionLoggerListener.log Command line argument: -Dfile.encoding=UTF-8
08-May-2025 12:01:04.423 INFO [main] org.apache.catalina.startup.VersionLoggerListener.log Command line argument: -Dsun.stdout.encoding=UTF-8
08-May-2025 12:01:04.423 INFO [main] org.apache.catalina.startup.VersionLoggerListener.log Command line argument: -Dsun.stderr.encoding=UTF-8
08-May-2025 12:01:04.428 INFO [main] org.apache.catalina.core.AprLifecycleListener.lifecycleEvent The Apache Tomcat Native library which allows using OpenSSL was not found on the java.library.path: [C:\Users\msi\.jdks\openjdk-24\bin;C:\WINDOWS\Sun\Java\bin;C:\WINDOWS\system32;C:\WINDOWS;C:\Program Files\Common Files\Oracle\Java\javapath;C:\WINDOWS\system32;C:\WINDOWS;C:\WINDOWS\System32\Wbem;C:\WINDOWS\System32\WindowsPowerShell\v1.0\;C:\WINDOWS\System32\OpenSSH\;C:\Program Files\NVIDIA Corporation\NVIDIA NvDLISR;C:\Program Files\Git\cmd;C:\Users\msi\AppData\Local\Microsoft\WindowsApps;C:\Users\msi\AppData\Local\Programs\Microsoft VS Code\bin;;.]
08-May-2025 12:01:04.777 INFO [main] org.apache.coyote.AbstractProtocol.init Initializing ProtocolHandler ["http-nio-8080"]
08-May-2025 12:01:04.788 SEVERE [main] org.apache.catalina.util.LifecycleBase.handleSubClassException Failed to initialize component [Connector["http-nio-8080"]]
	org.apache.catalina.LifecycleException: Protocol handler initialization failed
		at org.apache.catalina.connector.Connector.initInternal(Connector.java:1056)
		at org.apache.catalina.util.LifecycleBase.init(LifecycleBase.java:122)
		at org.apache.catalina.core.StandardService.initInternal(StandardService.java:525)
		at org.apache.catalina.util.LifecycleBase.init(LifecycleBase.java:122)
		at org.apache.catalina.core.StandardServer.initInternal(StandardServer.java:953)
		at org.apache.catalina.util.LifecycleBase.init(LifecycleBase.java:122)
		at org.apache.catalina.startup.Catalina.load(Catalina.java:710)
		at org.apache.catalina.startup.Catalina.load(Catalina.java:733)
		at java.base/jdk.internal.reflect.DirectMethodHandleAccessor.invoke(DirectMethodHandleAccessor.java:104)
		at java.base/java.lang.reflect.Method.invoke(Method.java:565)
		at org.apache.catalina.startup.Bootstrap.load(Bootstrap.java:299)
		at org.apache.catalina.startup.Bootstrap.main(Bootstrap.java:469)
	Caused by: java.net.BindException: Address already in use: bind
		at java.base/sun.nio.ch.Net.bind0(Native Method)
		at java.base/sun.nio.ch.Net.bind(Net.java:511)
		at java.base/sun.nio.ch.ServerSocketChannelImpl.netBind(ServerSocketChannelImpl.java:335)
		at java.base/sun.nio.ch.ServerSocketChannelImpl.bind(ServerSocketChannelImpl.java:297)
		at org.apache.tomcat.util.net.NioEndpoint.initServerSocket(NioEndpoint.java:240)
		at org.apache.tomcat.util.net.NioEndpoint.bind(NioEndpoint.java:195)
		at org.apache.tomcat.util.net.AbstractEndpoint.bindWithCleanup(AbstractEndpoint.java:1472)
		at org.apache.tomcat.util.net.AbstractEndpoint.init(AbstractEndpoint.java:1485)
		at org.apache.coyote.AbstractProtocol.init(AbstractProtocol.java:633)
		at org.apache.coyote.http11.AbstractHttp11Protocol.init(AbstractHttp11Protocol.java:83)
		at org.apache.catalina.connector.Connector.initInternal(Connector.java:1054)
		... 11 more
08-May-2025 12:01:04.789 INFO [main] org.apache.catalina.startup.Catalina.load Server initialization in [633] milliseconds
08-May-2025 12:01:04.857 INFO [main] org.apache.catalina.core.StandardService.startInternal Starting service [Catalina]
08-May-2025 12:01:04.858 INFO [main] org.apache.catalina.core.StandardEngine.startInternal Starting Servlet engine: [Apache Tomcat/11.0.5]
08-May-2025 12:01:04.873 INFO [main] org.apache.catalina.startup.HostConfig.deployDescriptor Deploying deployment descriptor [C:\Users\msi\Downloads\Food Delivery Website - Copy\Food Delivery Website - Copy\conf\Catalina\localhost\ROOT.xml]
08-May-2025 12:01:05.396 INFO [main] org.apache.catalina.startup.HostConfig.deployDescriptor Deployment of deployment descriptor [C:\Users\msi\Downloads\Food Delivery Website - Copy\Food Delivery Website - Copy\conf\Catalina\localhost\ROOT.xml] has finished in [522] ms
08-May-2025 12:01:05.409 INFO [main] org.apache.catalina.startup.Catalina.start Server startup in [618] milliseconds
08-May-2025 12:01:05.417 SEVERE [main] org.apache.catalina.core.StandardServer.await Failed to create server shutdown socket on address [localhost] and port [8005] (base port [8005] and offset [0])
	java.net.BindException: Address already in use: bind
		at java.base/sun.nio.ch.Net.bind0(Native Method)
		at java.base/sun.nio.ch.Net.bind(Net.java:511)
		at java.base/sun.nio.ch.Net.bind(Net.java:500)
		at java.base/sun.nio.ch.NioSocketImpl.bind(NioSocketImpl.java:630)
		at java.base/java.net.ServerSocket.bind(ServerSocket.java:326)
		at java.base/java.net.ServerSocket.<init>(ServerSocket.java:222)
		at org.apache.catalina.core.StandardServer.await(StandardServer.java:532)
		at org.apache.catalina.startup.Catalina.await(Catalina.java:849)
		at org.apache.catalina.startup.Catalina.start(Catalina.java:797)
		at java.base/jdk.internal.reflect.DirectMethodHandleAccessor.invoke(DirectMethodHandleAccessor.java:104)
		at java.base/java.lang.reflect.Method.invoke(Method.java:565)
		at org.apache.catalina.startup.Bootstrap.start(Bootstrap.java:342)
		at org.apache.catalina.startup.Bootstrap.main(Bootstrap.java:470)
08-May-2025 12:01:05.417 INFO [main] org.apache.coyote.AbstractProtocol.pause Pausing ProtocolHandler ["http-nio-8080"]
08-May-2025 12:01:05.417 INFO [main] org.apache.catalina.core.StandardService.stopInternal Stopping service [Catalina]
08-May-2025 12:01:05.429 INFO [main] org.apache.coyote.AbstractProtocol.stop Stopping ProtocolHandler ["http-nio-8080"]
08-May-2025 12:01:05.429 INFO [main] org.apache.coyote.AbstractProtocol.destroy Destroying ProtocolHandler ["http-nio-8080"]
08-May-2025 12:01:10.983 INFO [Catalina-utility-2] org.apache.catalina.startup.HostConfig.undeploy Undeploying context []
08-May-2025 12:01:11.001 INFO [Catalina-utility-2] org.apache.catalina.startup.HostConfig.deployDescriptor Deploying deployment descriptor [C:\Users\msi\Downloads\Food Delivery Website - Copy\Food Delivery Website - Copy\conf\Catalina\localhost\ROOT.xml]
08-May-2025 12:01:11.083 INFO [Catalina-utility-2] org.apache.catalina.startup.HostConfig.deployDescriptor Deployment of deployment descriptor [C:\Users\msi\Downloads\Food Delivery Website - Copy\Food Delivery Website - Copy\conf\Catalina\localhost\ROOT.xml] has finished in [81] ms
08-May-2025 12:02:02.021 INFO [main] org.apache.catalina.startup.VersionLoggerListener.log Server version name:   Apache Tomcat/11.0.5
08-May-2025 12:02:02.026 INFO [main] org.apache.catalina.startup.VersionLoggerListener.log Server built:          Feb 28 2025 15:54:41 UTC
08-May-2025 12:02:02.026 INFO [main] org.apache.catalina.startup.VersionLoggerListener.log Server version number: 11.0.5.0
08-May-2025 12:02:02.026 INFO [main] org.apache.catalina.startup.VersionLoggerListener.log OS Name:               Windows 11
08-May-2025 12:02:02.027 INFO [main] org.apache.catalina.startup.VersionLoggerListener.log OS Version:            10.0
08-May-2025 12:02:02.027 INFO [main] org.apache.catalina.startup.VersionLoggerListener.log Architecture:          amd64
08-May-2025 12:02:02.027 INFO [main] org.apache.catalina.startup.VersionLoggerListener.log Java Home:             C:\Users\msi\.jdks\openjdk-24
08-May-2025 12:02:02.027 INFO [main] org.apache.catalina.startup.VersionLoggerListener.log JVM Version:           24+36-3646
08-May-2025 12:02:02.027 INFO [main] org.apache.catalina.startup.VersionLoggerListener.log JVM Vendor:            Oracle Corporation
08-May-2025 12:02:02.027 INFO [main] org.apache.catalina.startup.VersionLoggerListener.log CATALINA_BASE:         C:\Users\msi\Downloads\Food Delivery Website - Copy\Food Delivery Website - Copy
08-May-2025 12:02:02.027 INFO [main] org.apache.catalina.startup.VersionLoggerListener.log CATALINA_HOME:         C:\Program Files\Apache Software Foundation\Tomcat 11.0
08-May-2025 12:02:02.042 INFO [main] org.apache.catalina.startup.VersionLoggerListener.log Command line argument: --add-opens=java.base/java.lang=ALL-UNNAMED
08-May-2025 12:02:02.042 INFO [main] org.apache.catalina.startup.VersionLoggerListener.log Command line argument: --add-opens=java.base/java.io=ALL-UNNAMED
08-May-2025 12:02:02.042 INFO [main] org.apache.catalina.startup.VersionLoggerListener.log Command line argument: --add-opens=java.base/java.util=ALL-UNNAMED
08-May-2025 12:02:02.042 INFO [main] org.apache.catalina.startup.VersionLoggerListener.log Command line argument: --add-opens=java.base/java.util.concurrent=ALL-UNNAMED
08-May-2025 12:02:02.043 INFO [main] org.apache.catalina.startup.VersionLoggerListener.log Command line argument: --add-opens=java.rmi/sun.rmi.transport=ALL-UNNAMED
08-May-2025 12:02:02.043 INFO [main] org.apache.catalina.startup.VersionLoggerListener.log Command line argument: -Dcatalina.home=C:\Program Files\Apache Software Foundation\Tomcat 11.0
08-May-2025 12:02:02.043 INFO [main] org.apache.catalina.startup.VersionLoggerListener.log Command line argument: -Dcatalina.base=C:\Users\msi\Downloads\Food Delivery Website - Copy\Food Delivery Website - Copy
08-May-2025 12:02:02.043 INFO [main] org.apache.catalina.startup.VersionLoggerListener.log Command line argument: -Djava.io.tmpdir=C:\Users\msi\Downloads\Food Delivery Website - Copy\Food Delivery Website - Copy\temp
08-May-2025 12:02:02.043 INFO [main] org.apache.catalina.startup.VersionLoggerListener.log Command line argument: -Djava.util.logging.config.file=C:\Users\msi\Downloads\Food Delivery Website - Copy\Food Delivery Website - Copy\conf\logging.properties
08-May-2025 12:02:02.043 INFO [main] org.apache.catalina.startup.VersionLoggerListener.log Command line argument: -Djava.util.logging.manager=org.apache.juli.ClassLoaderLogManager
08-May-2025 12:02:02.044 INFO [main] org.apache.catalina.startup.VersionLoggerListener.log Command line argument: -javaagent:C:\Users\msi\AppData\Local\JetBrains\IntelliJ IDEA 2024.3.5\lib\idea_rt.jar=52506
08-May-2025 12:02:02.044 INFO [main] org.apache.catalina.startup.VersionLoggerListener.log Command line argument: -Dfile.encoding=UTF-8
08-May-2025 12:02:02.044 INFO [main] org.apache.catalina.startup.VersionLoggerListener.log Command line argument: -Dsun.stdout.encoding=UTF-8
08-May-2025 12:02:02.045 INFO [main] org.apache.catalina.startup.VersionLoggerListener.log Command line argument: -Dsun.stderr.encoding=UTF-8
08-May-2025 12:02:02.049 INFO [main] org.apache.catalina.core.AprLifecycleListener.lifecycleEvent The Apache Tomcat Native library which allows using OpenSSL was not found on the java.library.path: [C:\Users\msi\.jdks\openjdk-24\bin;C:\WINDOWS\Sun\Java\bin;C:\WINDOWS\system32;C:\WINDOWS;C:\Program Files\Common Files\Oracle\Java\javapath;C:\WINDOWS\system32;C:\WINDOWS;C:\WINDOWS\System32\Wbem;C:\WINDOWS\System32\WindowsPowerShell\v1.0\;C:\WINDOWS\System32\OpenSSH\;C:\Program Files\NVIDIA Corporation\NVIDIA NvDLISR;C:\Program Files\Git\cmd;C:\Users\msi\AppData\Local\Microsoft\WindowsApps;C:\Users\msi\AppData\Local\Programs\Microsoft VS Code\bin;;.]
08-May-2025 12:02:02.401 INFO [main] org.apache.coyote.AbstractProtocol.init Initializing ProtocolHandler ["http-nio-8080"]
08-May-2025 12:02:02.411 SEVERE [main] org.apache.catalina.util.LifecycleBase.handleSubClassException Failed to initialize component [Connector["http-nio-8080"]]
	org.apache.catalina.LifecycleException: Protocol handler initialization failed
		at org.apache.catalina.connector.Connector.initInternal(Connector.java:1056)
		at org.apache.catalina.util.LifecycleBase.init(LifecycleBase.java:122)
		at org.apache.catalina.core.StandardService.initInternal(StandardService.java:525)
		at org.apache.catalina.util.LifecycleBase.init(LifecycleBase.java:122)
		at org.apache.catalina.core.StandardServer.initInternal(StandardServer.java:953)
		at org.apache.catalina.util.LifecycleBase.init(LifecycleBase.java:122)
		at org.apache.catalina.startup.Catalina.load(Catalina.java:710)
		at org.apache.catalina.startup.Catalina.load(Catalina.java:733)
		at java.base/jdk.internal.reflect.DirectMethodHandleAccessor.invoke(DirectMethodHandleAccessor.java:104)
		at java.base/java.lang.reflect.Method.invoke(Method.java:565)
		at org.apache.catalina.startup.Bootstrap.load(Bootstrap.java:299)
		at org.apache.catalina.startup.Bootstrap.main(Bootstrap.java:469)
	Caused by: java.net.BindException: Address already in use: bind
		at java.base/sun.nio.ch.Net.bind0(Native Method)
		at java.base/sun.nio.ch.Net.bind(Net.java:511)
		at java.base/sun.nio.ch.ServerSocketChannelImpl.netBind(ServerSocketChannelImpl.java:335)
		at java.base/sun.nio.ch.ServerSocketChannelImpl.bind(ServerSocketChannelImpl.java:297)
		at org.apache.tomcat.util.net.NioEndpoint.initServerSocket(NioEndpoint.java:240)
		at org.apache.tomcat.util.net.NioEndpoint.bind(NioEndpoint.java:195)
		at org.apache.tomcat.util.net.AbstractEndpoint.bindWithCleanup(AbstractEndpoint.java:1472)
		at org.apache.tomcat.util.net.AbstractEndpoint.init(AbstractEndpoint.java:1485)
		at org.apache.coyote.AbstractProtocol.init(AbstractProtocol.java:633)
		at org.apache.coyote.http11.AbstractHttp11Protocol.init(AbstractHttp11Protocol.java:83)
		at org.apache.catalina.connector.Connector.initInternal(Connector.java:1054)
		... 11 more
08-May-2025 12:02:02.412 INFO [main] org.apache.catalina.startup.Catalina.load Server initialization in [661] milliseconds
08-May-2025 12:02:02.481 INFO [main] org.apache.catalina.core.StandardService.startInternal Starting service [Catalina]
08-May-2025 12:02:02.481 INFO [main] org.apache.catalina.core.StandardEngine.startInternal Starting Servlet engine: [Apache Tomcat/11.0.5]
08-May-2025 12:02:02.496 INFO [main] org.apache.catalina.startup.HostConfig.deployDescriptor Deploying deployment descriptor [C:\Users\msi\Downloads\Food Delivery Website - Copy\Food Delivery Website - Copy\conf\Catalina\localhost\ROOT.xml]
08-May-2025 12:02:03.055 INFO [main] org.apache.catalina.startup.HostConfig.deployDescriptor Deployment of deployment descriptor [C:\Users\msi\Downloads\Food Delivery Website - Copy\Food Delivery Website - Copy\conf\Catalina\localhost\ROOT.xml] has finished in [558] ms
08-May-2025 12:02:03.070 INFO [main] org.apache.catalina.startup.Catalina.start Server startup in [654] milliseconds
08-May-2025 12:02:03.078 SEVERE [main] org.apache.catalina.core.StandardServer.await Failed to create server shutdown socket on address [localhost] and port [8005] (base port [8005] and offset [0])
	java.net.BindException: Address already in use: bind
		at java.base/sun.nio.ch.Net.bind0(Native Method)
		at java.base/sun.nio.ch.Net.bind(Net.java:511)
		at java.base/sun.nio.ch.Net.bind(Net.java:500)
		at java.base/sun.nio.ch.NioSocketImpl.bind(NioSocketImpl.java:630)
		at java.base/java.net.ServerSocket.bind(ServerSocket.java:326)
		at java.base/java.net.ServerSocket.<init>(ServerSocket.java:222)
		at org.apache.catalina.core.StandardServer.await(StandardServer.java:532)
		at org.apache.catalina.startup.Catalina.await(Catalina.java:849)
		at org.apache.catalina.startup.Catalina.start(Catalina.java:797)
		at java.base/jdk.internal.reflect.DirectMethodHandleAccessor.invoke(DirectMethodHandleAccessor.java:104)
		at java.base/java.lang.reflect.Method.invoke(Method.java:565)
		at org.apache.catalina.startup.Bootstrap.start(Bootstrap.java:342)
		at org.apache.catalina.startup.Bootstrap.main(Bootstrap.java:470)
08-May-2025 12:02:03.078 INFO [main] org.apache.coyote.AbstractProtocol.pause Pausing ProtocolHandler ["http-nio-8080"]
08-May-2025 12:02:03.078 INFO [main] org.apache.catalina.core.StandardService.stopInternal Stopping service [Catalina]
08-May-2025 12:02:03.091 INFO [main] org.apache.coyote.AbstractProtocol.stop Stopping ProtocolHandler ["http-nio-8080"]
08-May-2025 12:02:03.091 INFO [main] org.apache.coyote.AbstractProtocol.destroy Destroying ProtocolHandler ["http-nio-8080"]
08-May-2025 12:02:11.150 INFO [Catalina-utility-2] org.apache.catalina.startup.HostConfig.undeploy Undeploying context []
08-May-2025 12:02:11.184 INFO [Catalina-utility-2] org.apache.catalina.startup.HostConfig.deployDescriptor Deploying deployment descriptor [C:\Users\msi\Downloads\Food Delivery Website - Copy\Food Delivery Website - Copy\conf\Catalina\localhost\ROOT.xml]
08-May-2025 12:02:11.439 INFO [Catalina-utility-2] org.apache.catalina.startup.HostConfig.deployDescriptor Deployment of deployment descriptor [C:\Users\msi\Downloads\Food Delivery Website - Copy\Food Delivery Website - Copy\conf\Catalina\localhost\ROOT.xml] has finished in [255] ms
08-May-2025 12:03:55.206 INFO [main] org.apache.catalina.startup.VersionLoggerListener.log Server version name:   Apache Tomcat/11.0.5
08-May-2025 12:03:55.211 INFO [main] org.apache.catalina.startup.VersionLoggerListener.log Server built:          Feb 28 2025 15:54:41 UTC
08-May-2025 12:03:55.212 INFO [main] org.apache.catalina.startup.VersionLoggerListener.log Server version number: 11.0.5.0
08-May-2025 12:03:55.212 INFO [main] org.apache.catalina.startup.VersionLoggerListener.log OS Name:               Windows 11
08-May-2025 12:03:55.212 INFO [main] org.apache.catalina.startup.VersionLoggerListener.log OS Version:            10.0
08-May-2025 12:03:55.212 INFO [main] org.apache.catalina.startup.VersionLoggerListener.log Architecture:          amd64
08-May-2025 12:03:55.212 INFO [main] org.apache.catalina.startup.VersionLoggerListener.log Java Home:             C:\Users\msi\.jdks\openjdk-24
08-May-2025 12:03:55.212 INFO [main] org.apache.catalina.startup.VersionLoggerListener.log JVM Version:           24+36-3646
08-May-2025 12:03:55.212 INFO [main] org.apache.catalina.startup.VersionLoggerListener.log JVM Vendor:            Oracle Corporation
08-May-2025 12:03:55.213 INFO [main] org.apache.catalina.startup.VersionLoggerListener.log CATALINA_BASE:         C:\Users\msi\Downloads\Food Delivery Website - Copy\Food Delivery Website - Copy
08-May-2025 12:03:55.213 INFO [main] org.apache.catalina.startup.VersionLoggerListener.log CATALINA_HOME:         C:\Program Files\Apache Software Foundation\Tomcat 11.0
08-May-2025 12:03:55.227 INFO [main] org.apache.catalina.startup.VersionLoggerListener.log Command line argument: --add-opens=java.base/java.lang=ALL-UNNAMED
08-May-2025 12:03:55.227 INFO [main] org.apache.catalina.startup.VersionLoggerListener.log Command line argument: --add-opens=java.base/java.io=ALL-UNNAMED
08-May-2025 12:03:55.227 INFO [main] org.apache.catalina.startup.VersionLoggerListener.log Command line argument: --add-opens=java.base/java.util=ALL-UNNAMED
08-May-2025 12:03:55.227 INFO [main] org.apache.catalina.startup.VersionLoggerListener.log Command line argument: --add-opens=java.base/java.util.concurrent=ALL-UNNAMED
08-May-2025 12:03:55.227 INFO [main] org.apache.catalina.startup.VersionLoggerListener.log Command line argument: --add-opens=java.rmi/sun.rmi.transport=ALL-UNNAMED
08-May-2025 12:03:55.227 INFO [main] org.apache.catalina.startup.VersionLoggerListener.log Command line argument: -Dcatalina.home=C:\Program Files\Apache Software Foundation\Tomcat 11.0
08-May-2025 12:03:55.227 INFO [main] org.apache.catalina.startup.VersionLoggerListener.log Command line argument: -Dcatalina.base=C:\Users\msi\Downloads\Food Delivery Website - Copy\Food Delivery Website - Copy
08-May-2025 12:03:55.227 INFO [main] org.apache.catalina.startup.VersionLoggerListener.log Command line argument: -Djava.io.tmpdir=C:\Users\msi\Downloads\Food Delivery Website - Copy\Food Delivery Website - Copy\temp
08-May-2025 12:03:55.227 INFO [main] org.apache.catalina.startup.VersionLoggerListener.log Command line argument: -Djava.util.logging.config.file=C:\Users\msi\Downloads\Food Delivery Website - Copy\Food Delivery Website - Copy\conf\logging.properties
08-May-2025 12:03:55.227 INFO [main] org.apache.catalina.startup.VersionLoggerListener.log Command line argument: -Djava.util.logging.manager=org.apache.juli.ClassLoaderLogManager
08-May-2025 12:03:55.228 INFO [main] org.apache.catalina.startup.VersionLoggerListener.log Command line argument: -javaagent:C:\Users\msi\AppData\Local\JetBrains\IntelliJ IDEA 2024.3.5\lib\idea_rt.jar=52525
08-May-2025 12:03:55.228 INFO [main] org.apache.catalina.startup.VersionLoggerListener.log Command line argument: -Dfile.encoding=UTF-8
08-May-2025 12:03:55.228 INFO [main] org.apache.catalina.startup.VersionLoggerListener.log Command line argument: -Dsun.stdout.encoding=UTF-8
08-May-2025 12:03:55.228 INFO [main] org.apache.catalina.startup.VersionLoggerListener.log Command line argument: -Dsun.stderr.encoding=UTF-8
08-May-2025 12:03:55.233 INFO [main] org.apache.catalina.core.AprLifecycleListener.lifecycleEvent The Apache Tomcat Native library which allows using OpenSSL was not found on the java.library.path: [C:\Users\msi\.jdks\openjdk-24\bin;C:\WINDOWS\Sun\Java\bin;C:\WINDOWS\system32;C:\WINDOWS;C:\Program Files\Common Files\Oracle\Java\javapath;C:\WINDOWS\system32;C:\WINDOWS;C:\WINDOWS\System32\Wbem;C:\WINDOWS\System32\WindowsPowerShell\v1.0\;C:\WINDOWS\System32\OpenSSH\;C:\Program Files\NVIDIA Corporation\NVIDIA NvDLISR;C:\Program Files\Git\cmd;C:\Users\msi\AppData\Local\Microsoft\WindowsApps;C:\Users\msi\AppData\Local\Programs\Microsoft VS Code\bin;;.]
08-May-2025 12:03:55.660 INFO [main] org.apache.coyote.AbstractProtocol.init Initializing ProtocolHandler ["http-nio-8080"]
08-May-2025 12:03:55.672 SEVERE [main] org.apache.catalina.util.LifecycleBase.handleSubClassException Failed to initialize component [Connector["http-nio-8080"]]
	org.apache.catalina.LifecycleException: Protocol handler initialization failed
		at org.apache.catalina.connector.Connector.initInternal(Connector.java:1056)
		at org.apache.catalina.util.LifecycleBase.init(LifecycleBase.java:122)
		at org.apache.catalina.core.StandardService.initInternal(StandardService.java:525)
		at org.apache.catalina.util.LifecycleBase.init(LifecycleBase.java:122)
		at org.apache.catalina.core.StandardServer.initInternal(StandardServer.java:953)
		at org.apache.catalina.util.LifecycleBase.init(LifecycleBase.java:122)
		at org.apache.catalina.startup.Catalina.load(Catalina.java:710)
		at org.apache.catalina.startup.Catalina.load(Catalina.java:733)
		at java.base/jdk.internal.reflect.DirectMethodHandleAccessor.invoke(DirectMethodHandleAccessor.java:104)
		at java.base/java.lang.reflect.Method.invoke(Method.java:565)
		at org.apache.catalina.startup.Bootstrap.load(Bootstrap.java:299)
		at org.apache.catalina.startup.Bootstrap.main(Bootstrap.java:469)
	Caused by: java.net.BindException: Address already in use: bind
		at java.base/sun.nio.ch.Net.bind0(Native Method)
		at java.base/sun.nio.ch.Net.bind(Net.java:511)
		at java.base/sun.nio.ch.ServerSocketChannelImpl.netBind(ServerSocketChannelImpl.java:335)
		at java.base/sun.nio.ch.ServerSocketChannelImpl.bind(ServerSocketChannelImpl.java:297)
		at org.apache.tomcat.util.net.NioEndpoint.initServerSocket(NioEndpoint.java:240)
		at org.apache.tomcat.util.net.NioEndpoint.bind(NioEndpoint.java:195)
		at org.apache.tomcat.util.net.AbstractEndpoint.bindWithCleanup(AbstractEndpoint.java:1472)
		at org.apache.tomcat.util.net.AbstractEndpoint.init(AbstractEndpoint.java:1485)
		at org.apache.coyote.AbstractProtocol.init(AbstractProtocol.java:633)
		at org.apache.coyote.http11.AbstractHttp11Protocol.init(AbstractHttp11Protocol.java:83)
		at org.apache.catalina.connector.Connector.initInternal(Connector.java:1054)
		... 11 more
08-May-2025 12:03:55.674 INFO [main] org.apache.catalina.startup.Catalina.load Server initialization in [748] milliseconds
08-May-2025 12:03:55.748 INFO [main] org.apache.catalina.core.StandardService.startInternal Starting service [Catalina]
08-May-2025 12:03:55.748 INFO [main] org.apache.catalina.core.StandardEngine.startInternal Starting Servlet engine: [Apache Tomcat/11.0.5]
08-May-2025 12:03:55.768 INFO [main] org.apache.catalina.startup.HostConfig.deployDescriptor Deploying deployment descriptor [C:\Users\msi\Downloads\Food Delivery Website - Copy\Food Delivery Website - Copy\conf\Catalina\localhost\ROOT.xml]
08-May-2025 12:03:56.320 INFO [main] org.apache.catalina.startup.HostConfig.deployDescriptor Deployment of deployment descriptor [C:\Users\msi\Downloads\Food Delivery Website - Copy\Food Delivery Website - Copy\conf\Catalina\localhost\ROOT.xml] has finished in [550] ms
08-May-2025 12:03:56.337 INFO [main] org.apache.catalina.startup.Catalina.start Server startup in [660] milliseconds
08-May-2025 12:03:56.348 SEVERE [main] org.apache.catalina.core.StandardServer.await Failed to create server shutdown socket on address [localhost] and port [8005] (base port [8005] and offset [0])
	java.net.BindException: Address already in use: bind
		at java.base/sun.nio.ch.Net.bind0(Native Method)
		at java.base/sun.nio.ch.Net.bind(Net.java:511)
		at java.base/sun.nio.ch.Net.bind(Net.java:500)
		at java.base/sun.nio.ch.NioSocketImpl.bind(NioSocketImpl.java:630)
		at java.base/java.net.ServerSocket.bind(ServerSocket.java:326)
		at java.base/java.net.ServerSocket.<init>(ServerSocket.java:222)
		at org.apache.catalina.core.StandardServer.await(StandardServer.java:532)
		at org.apache.catalina.startup.Catalina.await(Catalina.java:849)
		at org.apache.catalina.startup.Catalina.start(Catalina.java:797)
		at java.base/jdk.internal.reflect.DirectMethodHandleAccessor.invoke(DirectMethodHandleAccessor.java:104)
		at java.base/java.lang.reflect.Method.invoke(Method.java:565)
		at org.apache.catalina.startup.Bootstrap.start(Bootstrap.java:342)
		at org.apache.catalina.startup.Bootstrap.main(Bootstrap.java:470)
08-May-2025 12:03:56.349 INFO [main] org.apache.coyote.AbstractProtocol.pause Pausing ProtocolHandler ["http-nio-8080"]
08-May-2025 12:03:56.349 INFO [main] org.apache.catalina.core.StandardService.stopInternal Stopping service [Catalina]
08-May-2025 12:03:56.360 INFO [main] org.apache.coyote.AbstractProtocol.stop Stopping ProtocolHandler ["http-nio-8080"]
08-May-2025 12:03:56.360 INFO [main] org.apache.coyote.AbstractProtocol.destroy Destroying ProtocolHandler ["http-nio-8080"]
08-May-2025 12:04:01.576 INFO [Catalina-utility-2] org.apache.catalina.startup.HostConfig.undeploy Undeploying context []
08-May-2025 12:04:01.603 INFO [Catalina-utility-2] org.apache.catalina.startup.HostConfig.deployDescriptor Deploying deployment descriptor [C:\Users\msi\Downloads\Food Delivery Website - Copy\Food Delivery Website - Copy\conf\Catalina\localhost\ROOT.xml]
08-May-2025 12:04:01.830 INFO [Catalina-utility-2] org.apache.catalina.startup.HostConfig.deployDescriptor Deployment of deployment descriptor [C:\Users\msi\Downloads\Food Delivery Website - Copy\Food Delivery Website - Copy\conf\Catalina\localhost\ROOT.xml] has finished in [226] ms
08-May-2025 12:04:47.517 INFO [main] org.apache.catalina.startup.VersionLoggerListener.log Server version name:   Apache Tomcat/11.0.5
08-May-2025 12:04:47.521 INFO [main] org.apache.catalina.startup.VersionLoggerListener.log Server built:          Feb 28 2025 15:54:41 UTC
08-May-2025 12:04:47.521 INFO [main] org.apache.catalina.startup.VersionLoggerListener.log Server version number: 11.0.5.0
08-May-2025 12:04:47.521 INFO [main] org.apache.catalina.startup.VersionLoggerListener.log OS Name:               Windows 11
08-May-2025 12:04:47.521 INFO [main] org.apache.catalina.startup.VersionLoggerListener.log OS Version:            10.0
08-May-2025 12:04:47.522 INFO [main] org.apache.catalina.startup.VersionLoggerListener.log Architecture:          amd64
08-May-2025 12:04:47.522 INFO [main] org.apache.catalina.startup.VersionLoggerListener.log Java Home:             C:\Users\msi\.jdks\openjdk-24
08-May-2025 12:04:47.522 INFO [main] org.apache.catalina.startup.VersionLoggerListener.log JVM Version:           24+36-3646
08-May-2025 12:04:47.522 INFO [main] org.apache.catalina.startup.VersionLoggerListener.log JVM Vendor:            Oracle Corporation
08-May-2025 12:04:47.522 INFO [main] org.apache.catalina.startup.VersionLoggerListener.log CATALINA_BASE:         C:\Users\msi\Downloads\Food Delivery Website - Copy\Food Delivery Website - Copy
08-May-2025 12:04:47.523 INFO [main] org.apache.catalina.startup.VersionLoggerListener.log CATALINA_HOME:         C:\Program Files\Apache Software Foundation\Tomcat 11.0
08-May-2025 12:04:47.535 INFO [main] org.apache.catalina.startup.VersionLoggerListener.log Command line argument: --add-opens=java.base/java.lang=ALL-UNNAMED
08-May-2025 12:04:47.535 INFO [main] org.apache.catalina.startup.VersionLoggerListener.log Command line argument: --add-opens=java.base/java.io=ALL-UNNAMED
08-May-2025 12:04:47.535 INFO [main] org.apache.catalina.startup.VersionLoggerListener.log Command line argument: --add-opens=java.base/java.util=ALL-UNNAMED
08-May-2025 12:04:47.535 INFO [main] org.apache.catalina.startup.VersionLoggerListener.log Command line argument: --add-opens=java.base/java.util.concurrent=ALL-UNNAMED
08-May-2025 12:04:47.535 INFO [main] org.apache.catalina.startup.VersionLoggerListener.log Command line argument: --add-opens=java.rmi/sun.rmi.transport=ALL-UNNAMED
08-May-2025 12:04:47.535 INFO [main] org.apache.catalina.startup.VersionLoggerListener.log Command line argument: -Dcatalina.home=C:\Program Files\Apache Software Foundation\Tomcat 11.0
08-May-2025 12:04:47.535 INFO [main] org.apache.catalina.startup.VersionLoggerListener.log Command line argument: -Dcatalina.base=C:\Users\msi\Downloads\Food Delivery Website - Copy\Food Delivery Website - Copy
08-May-2025 12:04:47.535 INFO [main] org.apache.catalina.startup.VersionLoggerListener.log Command line argument: -Djava.io.tmpdir=C:\Users\msi\Downloads\Food Delivery Website - Copy\Food Delivery Website - Copy\temp
08-May-2025 12:04:47.535 INFO [main] org.apache.catalina.startup.VersionLoggerListener.log Command line argument: -Djava.util.logging.config.file=C:\Users\msi\Downloads\Food Delivery Website - Copy\Food Delivery Website - Copy\conf\logging.properties
08-May-2025 12:04:47.536 INFO [main] org.apache.catalina.startup.VersionLoggerListener.log Command line argument: -Djava.util.logging.manager=org.apache.juli.ClassLoaderLogManager
08-May-2025 12:04:47.536 INFO [main] org.apache.catalina.startup.VersionLoggerListener.log Command line argument: -javaagent:C:\Users\msi\AppData\Local\JetBrains\IntelliJ IDEA 2024.3.5\lib\idea_rt.jar=52561
08-May-2025 12:04:47.536 INFO [main] org.apache.catalina.startup.VersionLoggerListener.log Command line argument: -Dfile.encoding=UTF-8
08-May-2025 12:04:47.536 INFO [main] org.apache.catalina.startup.VersionLoggerListener.log Command line argument: -Dsun.stdout.encoding=UTF-8
08-May-2025 12:04:47.536 INFO [main] org.apache.catalina.startup.VersionLoggerListener.log Command line argument: -Dsun.stderr.encoding=UTF-8
08-May-2025 12:04:47.540 INFO [main] org.apache.catalina.core.AprLifecycleListener.lifecycleEvent The Apache Tomcat Native library which allows using OpenSSL was not found on the java.library.path: [C:\Users\msi\.jdks\openjdk-24\bin;C:\WINDOWS\Sun\Java\bin;C:\WINDOWS\system32;C:\WINDOWS;C:\Program Files\Common Files\Oracle\Java\javapath;C:\WINDOWS\system32;C:\WINDOWS;C:\WINDOWS\System32\Wbem;C:\WINDOWS\System32\WindowsPowerShell\v1.0\;C:\WINDOWS\System32\OpenSSH\;C:\Program Files\NVIDIA Corporation\NVIDIA NvDLISR;C:\Program Files\Git\cmd;C:\Users\msi\AppData\Local\Microsoft\WindowsApps;C:\Users\msi\AppData\Local\Programs\Microsoft VS Code\bin;;.]
08-May-2025 12:04:47.910 INFO [main] org.apache.coyote.AbstractProtocol.init Initializing ProtocolHandler ["http-nio-8080"]
08-May-2025 12:04:47.924 SEVERE [main] org.apache.catalina.util.LifecycleBase.handleSubClassException Failed to initialize component [Connector["http-nio-8080"]]
	org.apache.catalina.LifecycleException: Protocol handler initialization failed
		at org.apache.catalina.connector.Connector.initInternal(Connector.java:1056)
		at org.apache.catalina.util.LifecycleBase.init(LifecycleBase.java:122)
		at org.apache.catalina.core.StandardService.initInternal(StandardService.java:525)
		at org.apache.catalina.util.LifecycleBase.init(LifecycleBase.java:122)
		at org.apache.catalina.core.StandardServer.initInternal(StandardServer.java:953)
		at org.apache.catalina.util.LifecycleBase.init(LifecycleBase.java:122)
		at org.apache.catalina.startup.Catalina.load(Catalina.java:710)
		at org.apache.catalina.startup.Catalina.load(Catalina.java:733)
		at java.base/jdk.internal.reflect.DirectMethodHandleAccessor.invoke(DirectMethodHandleAccessor.java:104)
		at java.base/java.lang.reflect.Method.invoke(Method.java:565)
		at org.apache.catalina.startup.Bootstrap.load(Bootstrap.java:299)
		at org.apache.catalina.startup.Bootstrap.main(Bootstrap.java:469)
	Caused by: java.net.BindException: Address already in use: bind
		at java.base/sun.nio.ch.Net.bind0(Native Method)
		at java.base/sun.nio.ch.Net.bind(Net.java:511)
		at java.base/sun.nio.ch.ServerSocketChannelImpl.netBind(ServerSocketChannelImpl.java:335)
		at java.base/sun.nio.ch.ServerSocketChannelImpl.bind(ServerSocketChannelImpl.java:297)
		at org.apache.tomcat.util.net.NioEndpoint.initServerSocket(NioEndpoint.java:240)
		at org.apache.tomcat.util.net.NioEndpoint.bind(NioEndpoint.java:195)
		at org.apache.tomcat.util.net.AbstractEndpoint.bindWithCleanup(AbstractEndpoint.java:1472)
		at org.apache.tomcat.util.net.AbstractEndpoint.init(AbstractEndpoint.java:1485)
		at org.apache.coyote.AbstractProtocol.init(AbstractProtocol.java:633)
		at org.apache.coyote.http11.AbstractHttp11Protocol.init(AbstractHttp11Protocol.java:83)
		at org.apache.catalina.connector.Connector.initInternal(Connector.java:1054)
		... 11 more
08-May-2025 12:04:47.925 INFO [main] org.apache.catalina.startup.Catalina.load Server initialization in [706] milliseconds
08-May-2025 12:04:48.014 INFO [main] org.apache.catalina.core.StandardService.startInternal Starting service [Catalina]
08-May-2025 12:04:48.014 INFO [main] org.apache.catalina.core.StandardEngine.startInternal Starting Servlet engine: [Apache Tomcat/11.0.5]
08-May-2025 12:04:48.027 INFO [main] org.apache.catalina.startup.HostConfig.deployDescriptor Deploying deployment descriptor [C:\Users\msi\Downloads\Food Delivery Website - Copy\Food Delivery Website - Copy\conf\Catalina\localhost\ROOT.xml]
08-May-2025 12:04:48.526 INFO [main] org.apache.catalina.startup.HostConfig.deployDescriptor Deployment of deployment descriptor [C:\Users\msi\Downloads\Food Delivery Website - Copy\Food Delivery Website - Copy\conf\Catalina\localhost\ROOT.xml] has finished in [498] ms
08-May-2025 12:04:48.538 INFO [main] org.apache.catalina.startup.Catalina.start Server startup in [609] milliseconds
08-May-2025 12:04:48.546 SEVERE [main] org.apache.catalina.core.StandardServer.await Failed to create server shutdown socket on address [localhost] and port [8005] (base port [8005] and offset [0])
	java.net.BindException: Address already in use: bind
		at java.base/sun.nio.ch.Net.bind0(Native Method)
		at java.base/sun.nio.ch.Net.bind(Net.java:511)
		at java.base/sun.nio.ch.Net.bind(Net.java:500)
		at java.base/sun.nio.ch.NioSocketImpl.bind(NioSocketImpl.java:630)
		at java.base/java.net.ServerSocket.bind(ServerSocket.java:326)
		at java.base/java.net.ServerSocket.<init>(ServerSocket.java:222)
		at org.apache.catalina.core.StandardServer.await(StandardServer.java:532)
		at org.apache.catalina.startup.Catalina.await(Catalina.java:849)
		at org.apache.catalina.startup.Catalina.start(Catalina.java:797)
		at java.base/jdk.internal.reflect.DirectMethodHandleAccessor.invoke(DirectMethodHandleAccessor.java:104)
		at java.base/java.lang.reflect.Method.invoke(Method.java:565)
		at org.apache.catalina.startup.Bootstrap.start(Bootstrap.java:342)
		at org.apache.catalina.startup.Bootstrap.main(Bootstrap.java:470)
08-May-2025 12:04:48.547 INFO [main] org.apache.coyote.AbstractProtocol.pause Pausing ProtocolHandler ["http-nio-8080"]
08-May-2025 12:04:48.547 INFO [main] org.apache.catalina.core.StandardService.stopInternal Stopping service [Catalina]
08-May-2025 12:04:48.559 INFO [main] org.apache.coyote.AbstractProtocol.stop Stopping ProtocolHandler ["http-nio-8080"]
08-May-2025 12:04:48.559 INFO [main] org.apache.coyote.AbstractProtocol.destroy Destroying ProtocolHandler ["http-nio-8080"]
08-May-2025 12:04:51.880 INFO [Catalina-utility-1] org.apache.catalina.startup.HostConfig.undeploy Undeploying context []
08-May-2025 12:04:51.888 INFO [Catalina-utility-1] org.apache.catalina.startup.HostConfig.deployDescriptor Deploying deployment descriptor [C:\Users\msi\Downloads\Food Delivery Website - Copy\Food Delivery Website - Copy\conf\Catalina\localhost\ROOT.xml]
08-May-2025 12:04:51.950 INFO [Catalina-utility-1] org.apache.catalina.startup.HostConfig.deployDescriptor Deployment of deployment descriptor [C:\Users\msi\Downloads\Food Delivery Website - Copy\Food Delivery Website - Copy\conf\Catalina\localhost\ROOT.xml] has finished in [61] ms
08-May-2025 12:05:22.138 INFO [main] org.apache.catalina.startup.VersionLoggerListener.log Server version name:   Apache Tomcat/11.0.5
08-May-2025 12:05:22.142 INFO [main] org.apache.catalina.startup.VersionLoggerListener.log Server built:          Feb 28 2025 15:54:41 UTC
08-May-2025 12:05:22.142 INFO [main] org.apache.catalina.startup.VersionLoggerListener.log Server version number: 11.0.5.0
08-May-2025 12:05:22.142 INFO [main] org.apache.catalina.startup.VersionLoggerListener.log OS Name:               Windows 11
08-May-2025 12:05:22.142 INFO [main] org.apache.catalina.startup.VersionLoggerListener.log OS Version:            10.0
08-May-2025 12:05:22.143 INFO [main] org.apache.catalina.startup.VersionLoggerListener.log Architecture:          amd64
08-May-2025 12:05:22.143 INFO [main] org.apache.catalina.startup.VersionLoggerListener.log Java Home:             C:\Users\msi\.jdks\openjdk-24
08-May-2025 12:05:22.143 INFO [main] org.apache.catalina.startup.VersionLoggerListener.log JVM Version:           24+36-3646
08-May-2025 12:05:22.143 INFO [main] org.apache.catalina.startup.VersionLoggerListener.log JVM Vendor:            Oracle Corporation
08-May-2025 12:05:22.143 INFO [main] org.apache.catalina.startup.VersionLoggerListener.log CATALINA_BASE:         C:\Users\msi\Downloads\Food Delivery Website - Copy\Food Delivery Website - Copy
08-May-2025 12:05:22.143 INFO [main] org.apache.catalina.startup.VersionLoggerListener.log CATALINA_HOME:         C:\Program Files\Apache Software Foundation\Tomcat 11.0
08-May-2025 12:05:22.161 INFO [main] org.apache.catalina.startup.VersionLoggerListener.log Command line argument: --add-opens=java.base/java.lang=ALL-UNNAMED
08-May-2025 12:05:22.162 INFO [main] org.apache.catalina.startup.VersionLoggerListener.log Command line argument: --add-opens=java.base/java.io=ALL-UNNAMED
08-May-2025 12:05:22.162 INFO [main] org.apache.catalina.startup.VersionLoggerListener.log Command line argument: --add-opens=java.base/java.util=ALL-UNNAMED
08-May-2025 12:05:22.162 INFO [main] org.apache.catalina.startup.VersionLoggerListener.log Command line argument: --add-opens=java.base/java.util.concurrent=ALL-UNNAMED
08-May-2025 12:05:22.162 INFO [main] org.apache.catalina.startup.VersionLoggerListener.log Command line argument: --add-opens=java.rmi/sun.rmi.transport=ALL-UNNAMED
08-May-2025 12:05:22.162 INFO [main] org.apache.catalina.startup.VersionLoggerListener.log Command line argument: -Dcatalina.home=C:\Program Files\Apache Software Foundation\Tomcat 11.0
08-May-2025 12:05:22.162 INFO [main] org.apache.catalina.startup.VersionLoggerListener.log Command line argument: -Dcatalina.base=C:\Users\msi\Downloads\Food Delivery Website - Copy\Food Delivery Website - Copy
08-May-2025 12:05:22.162 INFO [main] org.apache.catalina.startup.VersionLoggerListener.log Command line argument: -Djava.io.tmpdir=C:\Users\msi\Downloads\Food Delivery Website - Copy\Food Delivery Website - Copy\temp
08-May-2025 12:05:22.162 INFO [main] org.apache.catalina.startup.VersionLoggerListener.log Command line argument: -Djava.util.logging.config.file=C:\Users\msi\Downloads\Food Delivery Website - Copy\Food Delivery Website - Copy\conf\logging.properties
08-May-2025 12:05:22.162 INFO [main] org.apache.catalina.startup.VersionLoggerListener.log Command line argument: -Djava.util.logging.manager=org.apache.juli.ClassLoaderLogManager
08-May-2025 12:05:22.163 INFO [main] org.apache.catalina.startup.VersionLoggerListener.log Command line argument: -javaagent:C:\Users\msi\AppData\Local\JetBrains\IntelliJ IDEA 2024.3.5\lib\idea_rt.jar=52570
08-May-2025 12:05:22.163 INFO [main] org.apache.catalina.startup.VersionLoggerListener.log Command line argument: -Dfile.encoding=UTF-8
08-May-2025 12:05:22.163 INFO [main] org.apache.catalina.startup.VersionLoggerListener.log Command line argument: -Dsun.stdout.encoding=UTF-8
08-May-2025 12:05:22.163 INFO [main] org.apache.catalina.startup.VersionLoggerListener.log Command line argument: -Dsun.stderr.encoding=UTF-8
08-May-2025 12:05:22.172 INFO [main] org.apache.catalina.core.AprLifecycleListener.lifecycleEvent The Apache Tomcat Native library which allows using OpenSSL was not found on the java.library.path: [C:\Users\msi\.jdks\openjdk-24\bin;C:\WINDOWS\Sun\Java\bin;C:\WINDOWS\system32;C:\WINDOWS;C:\Program Files\Common Files\Oracle\Java\javapath;C:\WINDOWS\system32;C:\WINDOWS;C:\WINDOWS\System32\Wbem;C:\WINDOWS\System32\WindowsPowerShell\v1.0\;C:\WINDOWS\System32\OpenSSH\;C:\Program Files\NVIDIA Corporation\NVIDIA NvDLISR;C:\Program Files\Git\cmd;C:\Users\msi\AppData\Local\Microsoft\WindowsApps;C:\Users\msi\AppData\Local\Programs\Microsoft VS Code\bin;;.]
08-May-2025 12:05:22.589 INFO [main] org.apache.coyote.AbstractProtocol.init Initializing ProtocolHandler ["http-nio-8080"]
08-May-2025 12:05:22.601 SEVERE [main] org.apache.catalina.util.LifecycleBase.handleSubClassException Failed to initialize component [Connector["http-nio-8080"]]
	org.apache.catalina.LifecycleException: Protocol handler initialization failed
		at org.apache.catalina.connector.Connector.initInternal(Connector.java:1056)
		at org.apache.catalina.util.LifecycleBase.init(LifecycleBase.java:122)
		at org.apache.catalina.core.StandardService.initInternal(StandardService.java:525)
		at org.apache.catalina.util.LifecycleBase.init(LifecycleBase.java:122)
		at org.apache.catalina.core.StandardServer.initInternal(StandardServer.java:953)
		at org.apache.catalina.util.LifecycleBase.init(LifecycleBase.java:122)
		at org.apache.catalina.startup.Catalina.load(Catalina.java:710)
		at org.apache.catalina.startup.Catalina.load(Catalina.java:733)
		at java.base/jdk.internal.reflect.DirectMethodHandleAccessor.invoke(DirectMethodHandleAccessor.java:104)
		at java.base/java.lang.reflect.Method.invoke(Method.java:565)
		at org.apache.catalina.startup.Bootstrap.load(Bootstrap.java:299)
		at org.apache.catalina.startup.Bootstrap.main(Bootstrap.java:469)
	Caused by: java.net.BindException: Address already in use: bind
		at java.base/sun.nio.ch.Net.bind0(Native Method)
		at java.base/sun.nio.ch.Net.bind(Net.java:511)
		at java.base/sun.nio.ch.ServerSocketChannelImpl.netBind(ServerSocketChannelImpl.java:335)
		at java.base/sun.nio.ch.ServerSocketChannelImpl.bind(ServerSocketChannelImpl.java:297)
		at org.apache.tomcat.util.net.NioEndpoint.initServerSocket(NioEndpoint.java:240)
		at org.apache.tomcat.util.net.NioEndpoint.bind(NioEndpoint.java:195)
		at org.apache.tomcat.util.net.AbstractEndpoint.bindWithCleanup(AbstractEndpoint.java:1472)
		at org.apache.tomcat.util.net.AbstractEndpoint.init(AbstractEndpoint.java:1485)
		at org.apache.coyote.AbstractProtocol.init(AbstractProtocol.java:633)
		at org.apache.coyote.http11.AbstractHttp11Protocol.init(AbstractHttp11Protocol.java:83)
		at org.apache.catalina.connector.Connector.initInternal(Connector.java:1054)
		... 11 more
08-May-2025 12:05:22.602 INFO [main] org.apache.catalina.startup.Catalina.load Server initialization in [723] milliseconds
08-May-2025 12:05:22.683 INFO [main] org.apache.catalina.core.StandardService.startInternal Starting service [Catalina]
08-May-2025 12:05:22.683 INFO [main] org.apache.catalina.core.StandardEngine.startInternal Starting Servlet engine: [Apache Tomcat/11.0.5]
08-May-2025 12:05:22.697 INFO [main] org.apache.catalina.startup.HostConfig.deployDescriptor Deploying deployment descriptor [C:\Users\msi\Downloads\Food Delivery Website - Copy\Food Delivery Website - Copy\conf\Catalina\localhost\ROOT.xml]
08-May-2025 12:05:23.221 INFO [main] org.apache.catalina.startup.HostConfig.deployDescriptor Deployment of deployment descriptor [C:\Users\msi\Downloads\Food Delivery Website - Copy\Food Delivery Website - Copy\conf\Catalina\localhost\ROOT.xml] has finished in [523] ms
08-May-2025 12:05:23.236 INFO [main] org.apache.catalina.startup.Catalina.start Server startup in [631] milliseconds
08-May-2025 12:05:23.243 SEVERE [main] org.apache.catalina.core.StandardServer.await Failed to create server shutdown socket on address [localhost] and port [8005] (base port [8005] and offset [0])
	java.net.BindException: Address already in use: bind
		at java.base/sun.nio.ch.Net.bind0(Native Method)
		at java.base/sun.nio.ch.Net.bind(Net.java:511)
		at java.base/sun.nio.ch.Net.bind(Net.java:500)
		at java.base/sun.nio.ch.NioSocketImpl.bind(NioSocketImpl.java:630)
		at java.base/java.net.ServerSocket.bind(ServerSocket.java:326)
		at java.base/java.net.ServerSocket.<init>(ServerSocket.java:222)
		at org.apache.catalina.core.StandardServer.await(StandardServer.java:532)
		at org.apache.catalina.startup.Catalina.await(Catalina.java:849)
		at org.apache.catalina.startup.Catalina.start(Catalina.java:797)
		at java.base/jdk.internal.reflect.DirectMethodHandleAccessor.invoke(DirectMethodHandleAccessor.java:104)
		at java.base/java.lang.reflect.Method.invoke(Method.java:565)
		at org.apache.catalina.startup.Bootstrap.start(Bootstrap.java:342)
		at org.apache.catalina.startup.Bootstrap.main(Bootstrap.java:470)
08-May-2025 12:05:23.244 INFO [main] org.apache.coyote.AbstractProtocol.pause Pausing ProtocolHandler ["http-nio-8080"]
08-May-2025 12:05:23.244 INFO [main] org.apache.catalina.core.StandardService.stopInternal Stopping service [Catalina]
08-May-2025 12:05:23.257 INFO [main] org.apache.coyote.AbstractProtocol.stop Stopping ProtocolHandler ["http-nio-8080"]
08-May-2025 12:05:23.258 INFO [main] org.apache.coyote.AbstractProtocol.destroy Destroying ProtocolHandler ["http-nio-8080"]
08-May-2025 12:05:31.963 INFO [Catalina-utility-1] org.apache.catalina.startup.HostConfig.undeploy Undeploying context []
08-May-2025 12:05:31.982 INFO [Catalina-utility-1] org.apache.catalina.startup.HostConfig.deployDescriptor Deploying deployment descriptor [C:\Users\msi\Downloads\Food Delivery Website - Copy\Food Delivery Website - Copy\conf\Catalina\localhost\ROOT.xml]
08-May-2025 12:05:32.139 INFO [Catalina-utility-1] org.apache.catalina.startup.HostConfig.deployDescriptor Deployment of deployment descriptor [C:\Users\msi\Downloads\Food Delivery Website - Copy\Food Delivery Website - Copy\conf\Catalina\localhost\ROOT.xml] has finished in [157] ms
08-May-2025 12:06:41.202 INFO [main] org.apache.catalina.startup.VersionLoggerListener.log Server version name:   Apache Tomcat/11.0.5
08-May-2025 12:06:41.207 INFO [main] org.apache.catalina.startup.VersionLoggerListener.log Server built:          Feb 28 2025 15:54:41 UTC
08-May-2025 12:06:41.208 INFO [main] org.apache.catalina.startup.VersionLoggerListener.log Server version number: 11.0.5.0
08-May-2025 12:06:41.208 INFO [main] org.apache.catalina.startup.VersionLoggerListener.log OS Name:               Windows 11
08-May-2025 12:06:41.208 INFO [main] org.apache.catalina.startup.VersionLoggerListener.log OS Version:            10.0
08-May-2025 12:06:41.208 INFO [main] org.apache.catalina.startup.VersionLoggerListener.log Architecture:          amd64
08-May-2025 12:06:41.208 INFO [main] org.apache.catalina.startup.VersionLoggerListener.log Java Home:             C:\Users\msi\.jdks\openjdk-24
08-May-2025 12:06:41.209 INFO [main] org.apache.catalina.startup.VersionLoggerListener.log JVM Version:           24+36-3646
08-May-2025 12:06:41.209 INFO [main] org.apache.catalina.startup.VersionLoggerListener.log JVM Vendor:            Oracle Corporation
08-May-2025 12:06:41.209 INFO [main] org.apache.catalina.startup.VersionLoggerListener.log CATALINA_BASE:         C:\Users\msi\Downloads\Food Delivery Website - Copy\Food Delivery Website - Copy
08-May-2025 12:06:41.209 INFO [main] org.apache.catalina.startup.VersionLoggerListener.log CATALINA_HOME:         C:\Program Files\Apache Software Foundation\Tomcat 11.0
08-May-2025 12:06:41.225 INFO [main] org.apache.catalina.startup.VersionLoggerListener.log Command line argument: --add-opens=java.base/java.lang=ALL-UNNAMED
08-May-2025 12:06:41.225 INFO [main] org.apache.catalina.startup.VersionLoggerListener.log Command line argument: --add-opens=java.base/java.io=ALL-UNNAMED
08-May-2025 12:06:41.225 INFO [main] org.apache.catalina.startup.VersionLoggerListener.log Command line argument: --add-opens=java.base/java.util=ALL-UNNAMED
08-May-2025 12:06:41.225 INFO [main] org.apache.catalina.startup.VersionLoggerListener.log Command line argument: --add-opens=java.base/java.util.concurrent=ALL-UNNAMED
08-May-2025 12:06:41.226 INFO [main] org.apache.catalina.startup.VersionLoggerListener.log Command line argument: --add-opens=java.rmi/sun.rmi.transport=ALL-UNNAMED
08-May-2025 12:06:41.226 INFO [main] org.apache.catalina.startup.VersionLoggerListener.log Command line argument: -Dcatalina.home=C:\Program Files\Apache Software Foundation\Tomcat 11.0
08-May-2025 12:06:41.226 INFO [main] org.apache.catalina.startup.VersionLoggerListener.log Command line argument: -Dcatalina.base=C:\Users\msi\Downloads\Food Delivery Website - Copy\Food Delivery Website - Copy
08-May-2025 12:06:41.226 INFO [main] org.apache.catalina.startup.VersionLoggerListener.log Command line argument: -Djava.io.tmpdir=C:\Users\msi\Downloads\Food Delivery Website - Copy\Food Delivery Website - Copy\temp
08-May-2025 12:06:41.226 INFO [main] org.apache.catalina.startup.VersionLoggerListener.log Command line argument: -Djava.util.logging.config.file=C:\Users\msi\Downloads\Food Delivery Website - Copy\Food Delivery Website - Copy\conf\logging.properties
08-May-2025 12:06:41.226 INFO [main] org.apache.catalina.startup.VersionLoggerListener.log Command line argument: -Djava.util.logging.manager=org.apache.juli.ClassLoaderLogManager
08-May-2025 12:06:41.227 INFO [main] org.apache.catalina.startup.VersionLoggerListener.log Command line argument: -javaagent:C:\Users\msi\AppData\Local\JetBrains\IntelliJ IDEA 2024.3.5\lib\idea_rt.jar=52584
08-May-2025 12:06:41.227 INFO [main] org.apache.catalina.startup.VersionLoggerListener.log Command line argument: -Dfile.encoding=UTF-8
08-May-2025 12:06:41.227 INFO [main] org.apache.catalina.startup.VersionLoggerListener.log Command line argument: -Dsun.stdout.encoding=UTF-8
08-May-2025 12:06:41.227 INFO [main] org.apache.catalina.startup.VersionLoggerListener.log Command line argument: -Dsun.stderr.encoding=UTF-8
08-May-2025 12:06:41.233 INFO [main] org.apache.catalina.core.AprLifecycleListener.lifecycleEvent The Apache Tomcat Native library which allows using OpenSSL was not found on the java.library.path: [C:\Users\msi\.jdks\openjdk-24\bin;C:\WINDOWS\Sun\Java\bin;C:\WINDOWS\system32;C:\WINDOWS;C:\Program Files\Common Files\Oracle\Java\javapath;C:\WINDOWS\system32;C:\WINDOWS;C:\WINDOWS\System32\Wbem;C:\WINDOWS\System32\WindowsPowerShell\v1.0\;C:\WINDOWS\System32\OpenSSH\;C:\Program Files\NVIDIA Corporation\NVIDIA NvDLISR;C:\Program Files\Git\cmd;C:\Users\msi\AppData\Local\Microsoft\WindowsApps;C:\Users\msi\AppData\Local\Programs\Microsoft VS Code\bin;;.]
08-May-2025 12:06:41.622 INFO [main] org.apache.coyote.AbstractProtocol.init Initializing ProtocolHandler ["http-nio-8080"]
08-May-2025 12:06:41.634 SEVERE [main] org.apache.catalina.util.LifecycleBase.handleSubClassException Failed to initialize component [Connector["http-nio-8080"]]
	org.apache.catalina.LifecycleException: Protocol handler initialization failed
		at org.apache.catalina.connector.Connector.initInternal(Connector.java:1056)
		at org.apache.catalina.util.LifecycleBase.init(LifecycleBase.java:122)
		at org.apache.catalina.core.StandardService.initInternal(StandardService.java:525)
		at org.apache.catalina.util.LifecycleBase.init(LifecycleBase.java:122)
		at org.apache.catalina.core.StandardServer.initInternal(StandardServer.java:953)
		at org.apache.catalina.util.LifecycleBase.init(LifecycleBase.java:122)
		at org.apache.catalina.startup.Catalina.load(Catalina.java:710)
		at org.apache.catalina.startup.Catalina.load(Catalina.java:733)
		at java.base/jdk.internal.reflect.DirectMethodHandleAccessor.invoke(DirectMethodHandleAccessor.java:104)
		at java.base/java.lang.reflect.Method.invoke(Method.java:565)
		at org.apache.catalina.startup.Bootstrap.load(Bootstrap.java:299)
		at org.apache.catalina.startup.Bootstrap.main(Bootstrap.java:469)
	Caused by: java.net.BindException: Address already in use: bind
		at java.base/sun.nio.ch.Net.bind0(Native Method)
		at java.base/sun.nio.ch.Net.bind(Net.java:511)
		at java.base/sun.nio.ch.ServerSocketChannelImpl.netBind(ServerSocketChannelImpl.java:335)
		at java.base/sun.nio.ch.ServerSocketChannelImpl.bind(ServerSocketChannelImpl.java:297)
		at org.apache.tomcat.util.net.NioEndpoint.initServerSocket(NioEndpoint.java:240)
		at org.apache.tomcat.util.net.NioEndpoint.bind(NioEndpoint.java:195)
		at org.apache.tomcat.util.net.AbstractEndpoint.bindWithCleanup(AbstractEndpoint.java:1472)
		at org.apache.tomcat.util.net.AbstractEndpoint.init(AbstractEndpoint.java:1485)
		at org.apache.coyote.AbstractProtocol.init(AbstractProtocol.java:633)
		at org.apache.coyote.http11.AbstractHttp11Protocol.init(AbstractHttp11Protocol.java:83)
		at org.apache.catalina.connector.Connector.initInternal(Connector.java:1054)
		... 11 more
08-May-2025 12:06:41.635 INFO [main] org.apache.catalina.startup.Catalina.load Server initialization in [729] milliseconds
08-May-2025 12:06:41.731 INFO [main] org.apache.catalina.core.StandardService.startInternal Starting service [Catalina]
08-May-2025 12:06:41.731 INFO [main] org.apache.catalina.core.StandardEngine.startInternal Starting Servlet engine: [Apache Tomcat/11.0.5]
08-May-2025 12:06:41.745 INFO [main] org.apache.catalina.startup.HostConfig.deployDescriptor Deploying deployment descriptor [C:\Users\msi\Downloads\Food Delivery Website - Copy\Food Delivery Website - Copy\conf\Catalina\localhost\ROOT.xml]
08-May-2025 12:06:42.204 INFO [Catalina-utility-1] org.apache.catalina.startup.HostConfig.undeploy Undeploying context []
08-May-2025 12:06:42.212 INFO [Catalina-utility-1] org.apache.catalina.startup.HostConfig.deployDescriptor Deploying deployment descriptor [C:\Users\msi\Downloads\Food Delivery Website - Copy\Food Delivery Website - Copy\conf\Catalina\localhost\ROOT.xml]
08-May-2025 12:06:42.298 INFO [Catalina-utility-1] org.apache.catalina.startup.HostConfig.deployDescriptor Deployment of deployment descriptor [C:\Users\msi\Downloads\Food Delivery Website - Copy\Food Delivery Website - Copy\conf\Catalina\localhost\ROOT.xml] has finished in [86] ms
08-May-2025 12:06:42.309 INFO [main] org.apache.catalina.startup.HostConfig.deployDescriptor Deployment of deployment descriptor [C:\Users\msi\Downloads\Food Delivery Website - Copy\Food Delivery Website - Copy\conf\Catalina\localhost\ROOT.xml] has finished in [562] ms
08-May-2025 12:06:42.325 INFO [main] org.apache.catalina.startup.Catalina.start Server startup in [685] milliseconds
08-May-2025 12:06:42.333 SEVERE [main] org.apache.catalina.core.StandardServer.await Failed to create server shutdown socket on address [localhost] and port [8005] (base port [8005] and offset [0])
	java.net.BindException: Address already in use: bind
		at java.base/sun.nio.ch.Net.bind0(Native Method)
		at java.base/sun.nio.ch.Net.bind(Net.java:511)
		at java.base/sun.nio.ch.Net.bind(Net.java:500)
		at java.base/sun.nio.ch.NioSocketImpl.bind(NioSocketImpl.java:630)
		at java.base/java.net.ServerSocket.bind(ServerSocket.java:326)
		at java.base/java.net.ServerSocket.<init>(ServerSocket.java:222)
		at org.apache.catalina.core.StandardServer.await(StandardServer.java:532)
		at org.apache.catalina.startup.Catalina.await(Catalina.java:849)
		at org.apache.catalina.startup.Catalina.start(Catalina.java:797)
		at java.base/jdk.internal.reflect.DirectMethodHandleAccessor.invoke(DirectMethodHandleAccessor.java:104)
		at java.base/java.lang.reflect.Method.invoke(Method.java:565)
		at org.apache.catalina.startup.Bootstrap.start(Bootstrap.java:342)
		at org.apache.catalina.startup.Bootstrap.main(Bootstrap.java:470)
08-May-2025 12:06:42.333 INFO [main] org.apache.coyote.AbstractProtocol.pause Pausing ProtocolHandler ["http-nio-8080"]
08-May-2025 12:06:42.333 INFO [main] org.apache.catalina.core.StandardService.stopInternal Stopping service [Catalina]
08-May-2025 12:06:42.344 INFO [main] org.apache.coyote.AbstractProtocol.stop Stopping ProtocolHandler ["http-nio-8080"]
08-May-2025 12:06:42.345 INFO [main] org.apache.coyote.AbstractProtocol.destroy Destroying ProtocolHandler ["http-nio-8080"]
08-May-2025 12:07:18.748 INFO [main] org.apache.catalina.startup.VersionLoggerListener.log Server version name:   Apache Tomcat/11.0.5
08-May-2025 12:07:18.752 INFO [main] org.apache.catalina.startup.VersionLoggerListener.log Server built:          Feb 28 2025 15:54:41 UTC
08-May-2025 12:07:18.752 INFO [main] org.apache.catalina.startup.VersionLoggerListener.log Server version number: 11.0.5.0
08-May-2025 12:07:18.752 INFO [main] org.apache.catalina.startup.VersionLoggerListener.log OS Name:               Windows 11
08-May-2025 12:07:18.752 INFO [main] org.apache.catalina.startup.VersionLoggerListener.log OS Version:            10.0
08-May-2025 12:07:18.752 INFO [main] org.apache.catalina.startup.VersionLoggerListener.log Architecture:          amd64
08-May-2025 12:07:18.753 INFO [main] org.apache.catalina.startup.VersionLoggerListener.log Java Home:             C:\Users\msi\.jdks\openjdk-24
08-May-2025 12:07:18.753 INFO [main] org.apache.catalina.startup.VersionLoggerListener.log JVM Version:           24+36-3646
08-May-2025 12:07:18.753 INFO [main] org.apache.catalina.startup.VersionLoggerListener.log JVM Vendor:            Oracle Corporation
08-May-2025 12:07:18.753 INFO [main] org.apache.catalina.startup.VersionLoggerListener.log CATALINA_BASE:         C:\Users\msi\Downloads\Food Delivery Website - Copy\Food Delivery Website - Copy
08-May-2025 12:07:18.753 INFO [main] org.apache.catalina.startup.VersionLoggerListener.log CATALINA_HOME:         C:\Program Files\Apache Software Foundation\Tomcat 11.0
08-May-2025 12:07:18.769 INFO [main] org.apache.catalina.startup.VersionLoggerListener.log Command line argument: --add-opens=java.base/java.lang=ALL-UNNAMED
08-May-2025 12:07:18.769 INFO [main] org.apache.catalina.startup.VersionLoggerListener.log Command line argument: --add-opens=java.base/java.io=ALL-UNNAMED
08-May-2025 12:07:18.769 INFO [main] org.apache.catalina.startup.VersionLoggerListener.log Command line argument: --add-opens=java.base/java.util=ALL-UNNAMED
08-May-2025 12:07:18.769 INFO [main] org.apache.catalina.startup.VersionLoggerListener.log Command line argument: --add-opens=java.base/java.util.concurrent=ALL-UNNAMED
08-May-2025 12:07:18.769 INFO [main] org.apache.catalina.startup.VersionLoggerListener.log Command line argument: --add-opens=java.rmi/sun.rmi.transport=ALL-UNNAMED
08-May-2025 12:07:18.770 INFO [main] org.apache.catalina.startup.VersionLoggerListener.log Command line argument: -Dcatalina.home=C:\Program Files\Apache Software Foundation\Tomcat 11.0
08-May-2025 12:07:18.770 INFO [main] org.apache.catalina.startup.VersionLoggerListener.log Command line argument: -Dcatalina.base=C:\Users\msi\Downloads\Food Delivery Website - Copy\Food Delivery Website - Copy
08-May-2025 12:07:18.770 INFO [main] org.apache.catalina.startup.VersionLoggerListener.log Command line argument: -Djava.io.tmpdir=C:\Users\msi\Downloads\Food Delivery Website - Copy\Food Delivery Website - Copy\temp
08-May-2025 12:07:18.770 INFO [main] org.apache.catalina.startup.VersionLoggerListener.log Command line argument: -Djava.util.logging.config.file=C:\Users\msi\Downloads\Food Delivery Website - Copy\Food Delivery Website - Copy\conf\logging.properties
08-May-2025 12:07:18.770 INFO [main] org.apache.catalina.startup.VersionLoggerListener.log Command line argument: -Djava.util.logging.manager=org.apache.juli.ClassLoaderLogManager
08-May-2025 12:07:18.770 INFO [main] org.apache.catalina.startup.VersionLoggerListener.log Command line argument: -javaagent:C:\Users\msi\AppData\Local\JetBrains\IntelliJ IDEA 2024.3.5\lib\idea_rt.jar=52591
08-May-2025 12:07:18.770 INFO [main] org.apache.catalina.startup.VersionLoggerListener.log Command line argument: -Dfile.encoding=UTF-8
08-May-2025 12:07:18.770 INFO [main] org.apache.catalina.startup.VersionLoggerListener.log Command line argument: -Dsun.stdout.encoding=UTF-8
08-May-2025 12:07:18.771 INFO [main] org.apache.catalina.startup.VersionLoggerListener.log Command line argument: -Dsun.stderr.encoding=UTF-8
08-May-2025 12:07:18.776 INFO [main] org.apache.catalina.core.AprLifecycleListener.lifecycleEvent The Apache Tomcat Native library which allows using OpenSSL was not found on the java.library.path: [C:\Users\msi\.jdks\openjdk-24\bin;C:\WINDOWS\Sun\Java\bin;C:\WINDOWS\system32;C:\WINDOWS;C:\Program Files\Common Files\Oracle\Java\javapath;C:\WINDOWS\system32;C:\WINDOWS;C:\WINDOWS\System32\Wbem;C:\WINDOWS\System32\WindowsPowerShell\v1.0\;C:\WINDOWS\System32\OpenSSH\;C:\Program Files\NVIDIA Corporation\NVIDIA NvDLISR;C:\Program Files\Git\cmd;C:\Users\msi\AppData\Local\Microsoft\WindowsApps;C:\Users\msi\AppData\Local\Programs\Microsoft VS Code\bin;;.]
08-May-2025 12:07:19.199 INFO [main] org.apache.coyote.AbstractProtocol.init Initializing ProtocolHandler ["http-nio-8080"]
08-May-2025 12:07:19.215 SEVERE [main] org.apache.catalina.util.LifecycleBase.handleSubClassException Failed to initialize component [Connector["http-nio-8080"]]
	org.apache.catalina.LifecycleException: Protocol handler initialization failed
		at org.apache.catalina.connector.Connector.initInternal(Connector.java:1056)
		at org.apache.catalina.util.LifecycleBase.init(LifecycleBase.java:122)
		at org.apache.catalina.core.StandardService.initInternal(StandardService.java:525)
		at org.apache.catalina.util.LifecycleBase.init(LifecycleBase.java:122)
		at org.apache.catalina.core.StandardServer.initInternal(StandardServer.java:953)
		at org.apache.catalina.util.LifecycleBase.init(LifecycleBase.java:122)
		at org.apache.catalina.startup.Catalina.load(Catalina.java:710)
		at org.apache.catalina.startup.Catalina.load(Catalina.java:733)
		at java.base/jdk.internal.reflect.DirectMethodHandleAccessor.invoke(DirectMethodHandleAccessor.java:104)
		at java.base/java.lang.reflect.Method.invoke(Method.java:565)
		at org.apache.catalina.startup.Bootstrap.load(Bootstrap.java:299)
		at org.apache.catalina.startup.Bootstrap.main(Bootstrap.java:469)
	Caused by: java.net.BindException: Address already in use: bind
		at java.base/sun.nio.ch.Net.bind0(Native Method)
		at java.base/sun.nio.ch.Net.bind(Net.java:511)
		at java.base/sun.nio.ch.ServerSocketChannelImpl.netBind(ServerSocketChannelImpl.java:335)
		at java.base/sun.nio.ch.ServerSocketChannelImpl.bind(ServerSocketChannelImpl.java:297)
		at org.apache.tomcat.util.net.NioEndpoint.initServerSocket(NioEndpoint.java:240)
		at org.apache.tomcat.util.net.NioEndpoint.bind(NioEndpoint.java:195)
		at org.apache.tomcat.util.net.AbstractEndpoint.bindWithCleanup(AbstractEndpoint.java:1472)
		at org.apache.tomcat.util.net.AbstractEndpoint.init(AbstractEndpoint.java:1485)
		at org.apache.coyote.AbstractProtocol.init(AbstractProtocol.java:633)
		at org.apache.coyote.http11.AbstractHttp11Protocol.init(AbstractHttp11Protocol.java:83)
		at org.apache.catalina.connector.Connector.initInternal(Connector.java:1054)
		... 11 more
08-May-2025 12:07:19.217 INFO [main] org.apache.catalina.startup.Catalina.load Server initialization in [778] milliseconds
08-May-2025 12:07:19.292 INFO [main] org.apache.catalina.core.StandardService.startInternal Starting service [Catalina]
08-May-2025 12:07:19.292 INFO [main] org.apache.catalina.core.StandardEngine.startInternal Starting Servlet engine: [Apache Tomcat/11.0.5]
08-May-2025 12:07:19.307 INFO [main] org.apache.catalina.startup.HostConfig.deployDescriptor Deploying deployment descriptor [C:\Users\msi\Downloads\Food Delivery Website - Copy\Food Delivery Website - Copy\conf\Catalina\localhost\ROOT.xml]
08-May-2025 12:07:19.906 INFO [main] org.apache.catalina.startup.HostConfig.deployDescriptor Deployment of deployment descriptor [C:\Users\msi\Downloads\Food Delivery Website - Copy\Food Delivery Website - Copy\conf\Catalina\localhost\ROOT.xml] has finished in [598] ms
08-May-2025 12:07:19.923 INFO [main] org.apache.catalina.startup.Catalina.start Server startup in [703] milliseconds
08-May-2025 12:07:19.932 SEVERE [main] org.apache.catalina.core.StandardServer.await Failed to create server shutdown socket on address [localhost] and port [8005] (base port [8005] and offset [0])
	java.net.BindException: Address already in use: bind
		at java.base/sun.nio.ch.Net.bind0(Native Method)
		at java.base/sun.nio.ch.Net.bind(Net.java:511)
		at java.base/sun.nio.ch.Net.bind(Net.java:500)
		at java.base/sun.nio.ch.NioSocketImpl.bind(NioSocketImpl.java:630)
		at java.base/java.net.ServerSocket.bind(ServerSocket.java:326)
		at java.base/java.net.ServerSocket.<init>(ServerSocket.java:222)
		at org.apache.catalina.core.StandardServer.await(StandardServer.java:532)
		at org.apache.catalina.startup.Catalina.await(Catalina.java:849)
		at org.apache.catalina.startup.Catalina.start(Catalina.java:797)
		at java.base/jdk.internal.reflect.DirectMethodHandleAccessor.invoke(DirectMethodHandleAccessor.java:104)
		at java.base/java.lang.reflect.Method.invoke(Method.java:565)
		at org.apache.catalina.startup.Bootstrap.start(Bootstrap.java:342)
		at org.apache.catalina.startup.Bootstrap.main(Bootstrap.java:470)
08-May-2025 12:07:19.933 INFO [main] org.apache.coyote.AbstractProtocol.pause Pausing ProtocolHandler ["http-nio-8080"]
08-May-2025 12:07:19.933 INFO [main] org.apache.catalina.core.StandardService.stopInternal Stopping service [Catalina]
08-May-2025 12:07:19.945 INFO [main] org.apache.coyote.AbstractProtocol.stop Stopping ProtocolHandler ["http-nio-8080"]
08-May-2025 12:07:19.945 INFO [main] org.apache.coyote.AbstractProtocol.destroy Destroying ProtocolHandler ["http-nio-8080"]
08-May-2025 12:07:22.348 INFO [Catalina-utility-1] org.apache.catalina.startup.HostConfig.undeploy Undeploying context []
08-May-2025 12:07:22.349 INFO [Catalina-utility-1] org.apache.catalina.core.StandardWrapper.unload Waiting for [2] instance(s) to be deallocated for Servlet [jsp]
08-May-2025 12:07:22.567 INFO [Catalina-utility-1] org.apache.catalina.startup.HostConfig.deployDescriptor Deploying deployment descriptor [C:\Users\msi\Downloads\Food Delivery Website - Copy\Food Delivery Website - Copy\conf\Catalina\localhost\ROOT.xml]
08-May-2025 12:07:22.637 INFO [Catalina-utility-1] org.apache.catalina.startup.HostConfig.deployDescriptor Deployment of deployment descriptor [C:\Users\msi\Downloads\Food Delivery Website - Copy\Food Delivery Website - Copy\conf\Catalina\localhost\ROOT.xml] has finished in [70] ms
08-May-2025 12:09:47.936 INFO [main] org.apache.catalina.startup.VersionLoggerListener.log Server version name:   Apache Tomcat/11.0.5
08-May-2025 12:09:47.939 INFO [main] org.apache.catalina.startup.VersionLoggerListener.log Server built:          Feb 28 2025 15:54:41 UTC
08-May-2025 12:09:47.940 INFO [main] org.apache.catalina.startup.VersionLoggerListener.log Server version number: 11.0.5.0
08-May-2025 12:09:47.940 INFO [main] org.apache.catalina.startup.VersionLoggerListener.log OS Name:               Windows 11
08-May-2025 12:09:47.940 INFO [main] org.apache.catalina.startup.VersionLoggerListener.log OS Version:            10.0
08-May-2025 12:09:47.940 INFO [main] org.apache.catalina.startup.VersionLoggerListener.log Architecture:          amd64
08-May-2025 12:09:47.940 INFO [main] org.apache.catalina.startup.VersionLoggerListener.log Java Home:             C:\Users\msi\.jdks\openjdk-24
08-May-2025 12:09:47.940 INFO [main] org.apache.catalina.startup.VersionLoggerListener.log JVM Version:           24+36-3646
08-May-2025 12:09:47.940 INFO [main] org.apache.catalina.startup.VersionLoggerListener.log JVM Vendor:            Oracle Corporation
08-May-2025 12:09:47.940 INFO [main] org.apache.catalina.startup.VersionLoggerListener.log CATALINA_BASE:         C:\Users\msi\Downloads\Food Delivery Website - Copy\Food Delivery Website - Copy
08-May-2025 12:09:47.941 INFO [main] org.apache.catalina.startup.VersionLoggerListener.log CATALINA_HOME:         C:\Program Files\Apache Software Foundation\Tomcat 11.0
08-May-2025 12:09:47.950 INFO [main] org.apache.catalina.startup.VersionLoggerListener.log Command line argument: --add-opens=java.base/java.lang=ALL-UNNAMED
08-May-2025 12:09:47.950 INFO [main] org.apache.catalina.startup.VersionLoggerListener.log Command line argument: --add-opens=java.base/java.io=ALL-UNNAMED
08-May-2025 12:09:47.951 INFO [main] org.apache.catalina.startup.VersionLoggerListener.log Command line argument: --add-opens=java.base/java.util=ALL-UNNAMED
08-May-2025 12:09:47.951 INFO [main] org.apache.catalina.startup.VersionLoggerListener.log Command line argument: --add-opens=java.base/java.util.concurrent=ALL-UNNAMED
08-May-2025 12:09:47.951 INFO [main] org.apache.catalina.startup.VersionLoggerListener.log Command line argument: --add-opens=java.rmi/sun.rmi.transport=ALL-UNNAMED
08-May-2025 12:09:47.951 INFO [main] org.apache.catalina.startup.VersionLoggerListener.log Command line argument: -Dcatalina.home=C:\Program Files\Apache Software Foundation\Tomcat 11.0
08-May-2025 12:09:47.951 INFO [main] org.apache.catalina.startup.VersionLoggerListener.log Command line argument: -Dcatalina.base=C:\Users\msi\Downloads\Food Delivery Website - Copy\Food Delivery Website - Copy
08-May-2025 12:09:47.951 INFO [main] org.apache.catalina.startup.VersionLoggerListener.log Command line argument: -Djava.io.tmpdir=C:\Users\msi\Downloads\Food Delivery Website - Copy\Food Delivery Website - Copy\temp
08-May-2025 12:09:47.951 INFO [main] org.apache.catalina.startup.VersionLoggerListener.log Command line argument: -Djava.util.logging.config.file=C:\Users\msi\Downloads\Food Delivery Website - Copy\Food Delivery Website - Copy\conf\logging.properties
08-May-2025 12:09:47.951 INFO [main] org.apache.catalina.startup.VersionLoggerListener.log Command line argument: -Djava.util.logging.manager=org.apache.juli.ClassLoaderLogManager
08-May-2025 12:09:47.951 INFO [main] org.apache.catalina.startup.VersionLoggerListener.log Command line argument: -javaagent:C:\Users\msi\AppData\Local\JetBrains\IntelliJ IDEA 2024.3.5\lib\idea_rt.jar=52677
08-May-2025 12:09:47.951 INFO [main] org.apache.catalina.startup.VersionLoggerListener.log Command line argument: -Dfile.encoding=UTF-8
08-May-2025 12:09:47.951 INFO [main] org.apache.catalina.startup.VersionLoggerListener.log Command line argument: -Dsun.stdout.encoding=UTF-8
08-May-2025 12:09:47.952 INFO [main] org.apache.catalina.startup.VersionLoggerListener.log Command line argument: -Dsun.stderr.encoding=UTF-8
08-May-2025 12:09:47.957 INFO [main] org.apache.catalina.core.AprLifecycleListener.lifecycleEvent The Apache Tomcat Native library which allows using OpenSSL was not found on the java.library.path: [C:\Users\msi\.jdks\openjdk-24\bin;C:\WINDOWS\Sun\Java\bin;C:\WINDOWS\system32;C:\WINDOWS;C:\Program Files\Common Files\Oracle\Java\javapath;C:\WINDOWS\system32;C:\WINDOWS;C:\WINDOWS\System32\Wbem;C:\WINDOWS\System32\WindowsPowerShell\v1.0\;C:\WINDOWS\System32\OpenSSH\;C:\Program Files\NVIDIA Corporation\NVIDIA NvDLISR;C:\Program Files\Git\cmd;C:\Users\msi\AppData\Local\Microsoft\WindowsApps;C:\Users\msi\AppData\Local\Programs\Microsoft VS Code\bin;;.]
08-May-2025 12:09:48.350 INFO [main] org.apache.coyote.AbstractProtocol.init Initializing ProtocolHandler ["http-nio-8080"]
08-May-2025 12:09:48.365 SEVERE [main] org.apache.catalina.util.LifecycleBase.handleSubClassException Failed to initialize component [Connector["http-nio-8080"]]
	org.apache.catalina.LifecycleException: Protocol handler initialization failed
		at org.apache.catalina.connector.Connector.initInternal(Connector.java:1056)
		at org.apache.catalina.util.LifecycleBase.init(LifecycleBase.java:122)
		at org.apache.catalina.core.StandardService.initInternal(StandardService.java:525)
		at org.apache.catalina.util.LifecycleBase.init(LifecycleBase.java:122)
		at org.apache.catalina.core.StandardServer.initInternal(StandardServer.java:953)
		at org.apache.catalina.util.LifecycleBase.init(LifecycleBase.java:122)
		at org.apache.catalina.startup.Catalina.load(Catalina.java:710)
		at org.apache.catalina.startup.Catalina.load(Catalina.java:733)
		at java.base/jdk.internal.reflect.DirectMethodHandleAccessor.invoke(DirectMethodHandleAccessor.java:104)
		at java.base/java.lang.reflect.Method.invoke(Method.java:565)
		at org.apache.catalina.startup.Bootstrap.load(Bootstrap.java:299)
		at org.apache.catalina.startup.Bootstrap.main(Bootstrap.java:469)
	Caused by: java.net.BindException: Address already in use: bind
		at java.base/sun.nio.ch.Net.bind0(Native Method)
		at java.base/sun.nio.ch.Net.bind(Net.java:511)
		at java.base/sun.nio.ch.ServerSocketChannelImpl.netBind(ServerSocketChannelImpl.java:335)
		at java.base/sun.nio.ch.ServerSocketChannelImpl.bind(ServerSocketChannelImpl.java:297)
		at org.apache.tomcat.util.net.NioEndpoint.initServerSocket(NioEndpoint.java:240)
		at org.apache.tomcat.util.net.NioEndpoint.bind(NioEndpoint.java:195)
		at org.apache.tomcat.util.net.AbstractEndpoint.bindWithCleanup(AbstractEndpoint.java:1472)
		at org.apache.tomcat.util.net.AbstractEndpoint.init(AbstractEndpoint.java:1485)
		at org.apache.coyote.AbstractProtocol.init(AbstractProtocol.java:633)
		at org.apache.coyote.http11.AbstractHttp11Protocol.init(AbstractHttp11Protocol.java:83)
		at org.apache.catalina.connector.Connector.initInternal(Connector.java:1054)
		... 11 more
08-May-2025 12:09:48.366 INFO [main] org.apache.catalina.startup.Catalina.load Server initialization in [700] milliseconds
08-May-2025 12:09:48.437 INFO [main] org.apache.catalina.core.StandardService.startInternal Starting service [Catalina]
08-May-2025 12:09:48.438 INFO [main] org.apache.catalina.core.StandardEngine.startInternal Starting Servlet engine: [Apache Tomcat/11.0.5]
08-May-2025 12:09:48.454 INFO [main] org.apache.catalina.startup.HostConfig.deployDescriptor Deploying deployment descriptor [C:\Users\msi\Downloads\Food Delivery Website - Copy\Food Delivery Website - Copy\conf\Catalina\localhost\ROOT.xml]
08-May-2025 12:09:48.969 INFO [main] org.apache.catalina.startup.HostConfig.deployDescriptor Deployment of deployment descriptor [C:\Users\msi\Downloads\Food Delivery Website - Copy\Food Delivery Website - Copy\conf\Catalina\localhost\ROOT.xml] has finished in [514] ms
08-May-2025 12:09:48.982 INFO [main] org.apache.catalina.startup.Catalina.start Server startup in [613] milliseconds
08-May-2025 12:09:48.988 SEVERE [main] org.apache.catalina.core.StandardServer.await Failed to create server shutdown socket on address [localhost] and port [8005] (base port [8005] and offset [0])
	java.net.BindException: Address already in use: bind
		at java.base/sun.nio.ch.Net.bind0(Native Method)
		at java.base/sun.nio.ch.Net.bind(Net.java:511)
		at java.base/sun.nio.ch.Net.bind(Net.java:500)
		at java.base/sun.nio.ch.NioSocketImpl.bind(NioSocketImpl.java:630)
		at java.base/java.net.ServerSocket.bind(ServerSocket.java:326)
		at java.base/java.net.ServerSocket.<init>(ServerSocket.java:222)
		at org.apache.catalina.core.StandardServer.await(StandardServer.java:532)
		at org.apache.catalina.startup.Catalina.await(Catalina.java:849)
		at org.apache.catalina.startup.Catalina.start(Catalina.java:797)
		at java.base/jdk.internal.reflect.DirectMethodHandleAccessor.invoke(DirectMethodHandleAccessor.java:104)
		at java.base/java.lang.reflect.Method.invoke(Method.java:565)
		at org.apache.catalina.startup.Bootstrap.start(Bootstrap.java:342)
		at org.apache.catalina.startup.Bootstrap.main(Bootstrap.java:470)
08-May-2025 12:09:48.989 INFO [main] org.apache.coyote.AbstractProtocol.pause Pausing ProtocolHandler ["http-nio-8080"]
08-May-2025 12:09:48.989 INFO [main] org.apache.catalina.core.StandardService.stopInternal Stopping service [Catalina]
08-May-2025 12:09:48.999 INFO [main] org.apache.coyote.AbstractProtocol.stop Stopping ProtocolHandler ["http-nio-8080"]
08-May-2025 12:09:49.000 INFO [main] org.apache.coyote.AbstractProtocol.destroy Destroying ProtocolHandler ["http-nio-8080"]
08-May-2025 12:09:52.750 INFO [Catalina-utility-1] org.apache.catalina.startup.HostConfig.undeploy Undeploying context []
08-May-2025 12:09:52.758 INFO [Catalina-utility-1] org.apache.catalina.startup.HostConfig.deployDescriptor Deploying deployment descriptor [C:\Users\msi\Downloads\Food Delivery Website - Copy\Food Delivery Website - Copy\conf\Catalina\localhost\ROOT.xml]
08-May-2025 12:09:52.810 INFO [Catalina-utility-1] org.apache.catalina.startup.HostConfig.deployDescriptor Deployment of deployment descriptor [C:\Users\msi\Downloads\Food Delivery Website - Copy\Food Delivery Website - Copy\conf\Catalina\localhost\ROOT.xml] has finished in [51] ms
08-May-2025 12:10:37.409 INFO [main] org.apache.catalina.startup.VersionLoggerListener.log Server version name:   Apache Tomcat/11.0.5
08-May-2025 12:10:37.412 INFO [main] org.apache.catalina.startup.VersionLoggerListener.log Server built:          Feb 28 2025 15:54:41 UTC
08-May-2025 12:10:37.413 INFO [main] org.apache.catalina.startup.VersionLoggerListener.log Server version number: 11.0.5.0
08-May-2025 12:10:37.413 INFO [main] org.apache.catalina.startup.VersionLoggerListener.log OS Name:               Windows 11
08-May-2025 12:10:37.413 INFO [main] org.apache.catalina.startup.VersionLoggerListener.log OS Version:            10.0
08-May-2025 12:10:37.414 INFO [main] org.apache.catalina.startup.VersionLoggerListener.log Architecture:          amd64
08-May-2025 12:10:37.414 INFO [main] org.apache.catalina.startup.VersionLoggerListener.log Java Home:             C:\Users\msi\.jdks\openjdk-24
08-May-2025 12:10:37.414 INFO [main] org.apache.catalina.startup.VersionLoggerListener.log JVM Version:           24+36-3646
08-May-2025 12:10:37.414 INFO [main] org.apache.catalina.startup.VersionLoggerListener.log JVM Vendor:            Oracle Corporation
08-May-2025 12:10:37.415 INFO [main] org.apache.catalina.startup.VersionLoggerListener.log CATALINA_BASE:         C:\Users\msi\Downloads\Food Delivery Website - Copy\Food Delivery Website - Copy
08-May-2025 12:10:37.415 INFO [main] org.apache.catalina.startup.VersionLoggerListener.log CATALINA_HOME:         C:\Program Files\Apache Software Foundation\Tomcat 11.0
08-May-2025 12:10:37.428 INFO [main] org.apache.catalina.startup.VersionLoggerListener.log Command line argument: --add-opens=java.base/java.lang=ALL-UNNAMED
08-May-2025 12:10:37.429 INFO [main] org.apache.catalina.startup.VersionLoggerListener.log Command line argument: --add-opens=java.base/java.io=ALL-UNNAMED
08-May-2025 12:10:37.429 INFO [main] org.apache.catalina.startup.VersionLoggerListener.log Command line argument: --add-opens=java.base/java.util=ALL-UNNAMED
08-May-2025 12:10:37.429 INFO [main] org.apache.catalina.startup.VersionLoggerListener.log Command line argument: --add-opens=java.base/java.util.concurrent=ALL-UNNAMED
08-May-2025 12:10:37.429 INFO [main] org.apache.catalina.startup.VersionLoggerListener.log Command line argument: --add-opens=java.rmi/sun.rmi.transport=ALL-UNNAMED
08-May-2025 12:10:37.429 INFO [main] org.apache.catalina.startup.VersionLoggerListener.log Command line argument: -Dcatalina.home=C:\Program Files\Apache Software Foundation\Tomcat 11.0
08-May-2025 12:10:37.429 INFO [main] org.apache.catalina.startup.VersionLoggerListener.log Command line argument: -Dcatalina.base=C:\Users\msi\Downloads\Food Delivery Website - Copy\Food Delivery Website - Copy
08-May-2025 12:10:37.429 INFO [main] org.apache.catalina.startup.VersionLoggerListener.log Command line argument: -Djava.io.tmpdir=C:\Users\msi\Downloads\Food Delivery Website - Copy\Food Delivery Website - Copy\temp
08-May-2025 12:10:37.430 INFO [main] org.apache.catalina.startup.VersionLoggerListener.log Command line argument: -Djava.util.logging.config.file=C:\Users\msi\Downloads\Food Delivery Website - Copy\Food Delivery Website - Copy\conf\logging.properties
08-May-2025 12:10:37.430 INFO [main] org.apache.catalina.startup.VersionLoggerListener.log Command line argument: -Djava.util.logging.manager=org.apache.juli.ClassLoaderLogManager
08-May-2025 12:10:37.430 INFO [main] org.apache.catalina.startup.VersionLoggerListener.log Command line argument: -javaagent:C:\Users\msi\AppData\Local\JetBrains\IntelliJ IDEA 2024.3.5\lib\idea_rt.jar=52691
08-May-2025 12:10:37.430 INFO [main] org.apache.catalina.startup.VersionLoggerListener.log Command line argument: -Dfile.encoding=UTF-8
08-May-2025 12:10:37.430 INFO [main] org.apache.catalina.startup.VersionLoggerListener.log Command line argument: -Dsun.stdout.encoding=UTF-8
08-May-2025 12:10:37.430 INFO [main] org.apache.catalina.startup.VersionLoggerListener.log Command line argument: -Dsun.stderr.encoding=UTF-8
08-May-2025 12:10:37.436 INFO [main] org.apache.catalina.core.AprLifecycleListener.lifecycleEvent The Apache Tomcat Native library which allows using OpenSSL was not found on the java.library.path: [C:\Users\msi\.jdks\openjdk-24\bin;C:\WINDOWS\Sun\Java\bin;C:\WINDOWS\system32;C:\WINDOWS;C:\Program Files\Common Files\Oracle\Java\javapath;C:\WINDOWS\system32;C:\WINDOWS;C:\WINDOWS\System32\Wbem;C:\WINDOWS\System32\WindowsPowerShell\v1.0\;C:\WINDOWS\System32\OpenSSH\;C:\Program Files\NVIDIA Corporation\NVIDIA NvDLISR;C:\Program Files\Git\cmd;C:\Users\msi\AppData\Local\Microsoft\WindowsApps;C:\Users\msi\AppData\Local\Programs\Microsoft VS Code\bin;;.]
08-May-2025 12:10:37.821 INFO [main] org.apache.coyote.AbstractProtocol.init Initializing ProtocolHandler ["http-nio-8080"]
08-May-2025 12:10:37.831 SEVERE [main] org.apache.catalina.util.LifecycleBase.handleSubClassException Failed to initialize component [Connector["http-nio-8080"]]
	org.apache.catalina.LifecycleException: Protocol handler initialization failed
		at org.apache.catalina.connector.Connector.initInternal(Connector.java:1056)
		at org.apache.catalina.util.LifecycleBase.init(LifecycleBase.java:122)
		at org.apache.catalina.core.StandardService.initInternal(StandardService.java:525)
		at org.apache.catalina.util.LifecycleBase.init(LifecycleBase.java:122)
		at org.apache.catalina.core.StandardServer.initInternal(StandardServer.java:953)
		at org.apache.catalina.util.LifecycleBase.init(LifecycleBase.java:122)
		at org.apache.catalina.startup.Catalina.load(Catalina.java:710)
		at org.apache.catalina.startup.Catalina.load(Catalina.java:733)
		at java.base/jdk.internal.reflect.DirectMethodHandleAccessor.invoke(DirectMethodHandleAccessor.java:104)
		at java.base/java.lang.reflect.Method.invoke(Method.java:565)
		at org.apache.catalina.startup.Bootstrap.load(Bootstrap.java:299)
		at org.apache.catalina.startup.Bootstrap.main(Bootstrap.java:469)
	Caused by: java.net.BindException: Address already in use: bind
		at java.base/sun.nio.ch.Net.bind0(Native Method)
		at java.base/sun.nio.ch.Net.bind(Net.java:511)
		at java.base/sun.nio.ch.ServerSocketChannelImpl.netBind(ServerSocketChannelImpl.java:335)
		at java.base/sun.nio.ch.ServerSocketChannelImpl.bind(ServerSocketChannelImpl.java:297)
		at org.apache.tomcat.util.net.NioEndpoint.initServerSocket(NioEndpoint.java:240)
		at org.apache.tomcat.util.net.NioEndpoint.bind(NioEndpoint.java:195)
		at org.apache.tomcat.util.net.AbstractEndpoint.bindWithCleanup(AbstractEndpoint.java:1472)
		at org.apache.tomcat.util.net.AbstractEndpoint.init(AbstractEndpoint.java:1485)
		at org.apache.coyote.AbstractProtocol.init(AbstractProtocol.java:633)
		at org.apache.coyote.http11.AbstractHttp11Protocol.init(AbstractHttp11Protocol.java:83)
		at org.apache.catalina.connector.Connector.initInternal(Connector.java:1054)
		... 11 more
08-May-2025 12:10:37.832 INFO [main] org.apache.catalina.startup.Catalina.load Server initialization in [653] milliseconds
08-May-2025 12:10:37.895 INFO [main] org.apache.catalina.core.StandardService.startInternal Starting service [Catalina]
08-May-2025 12:10:37.895 INFO [main] org.apache.catalina.core.StandardEngine.startInternal Starting Servlet engine: [Apache Tomcat/11.0.5]
08-May-2025 12:10:37.906 INFO [main] org.apache.catalina.startup.HostConfig.deployDescriptor Deploying deployment descriptor [C:\Users\msi\Downloads\Food Delivery Website - Copy\Food Delivery Website - Copy\conf\Catalina\localhost\ROOT.xml]
08-May-2025 12:10:38.409 INFO [main] org.apache.catalina.startup.HostConfig.deployDescriptor Deployment of deployment descriptor [C:\Users\msi\Downloads\Food Delivery Website - Copy\Food Delivery Website - Copy\conf\Catalina\localhost\ROOT.xml] has finished in [502] ms
08-May-2025 12:10:38.424 INFO [main] org.apache.catalina.startup.Catalina.start Server startup in [589] milliseconds
08-May-2025 12:10:38.431 SEVERE [main] org.apache.catalina.core.StandardServer.await Failed to create server shutdown socket on address [localhost] and port [8005] (base port [8005] and offset [0])
	java.net.BindException: Address already in use: bind
		at java.base/sun.nio.ch.Net.bind0(Native Method)
		at java.base/sun.nio.ch.Net.bind(Net.java:511)
		at java.base/sun.nio.ch.Net.bind(Net.java:500)
		at java.base/sun.nio.ch.NioSocketImpl.bind(NioSocketImpl.java:630)
		at java.base/java.net.ServerSocket.bind(ServerSocket.java:326)
		at java.base/java.net.ServerSocket.<init>(ServerSocket.java:222)
		at org.apache.catalina.core.StandardServer.await(StandardServer.java:532)
		at org.apache.catalina.startup.Catalina.await(Catalina.java:849)
		at org.apache.catalina.startup.Catalina.start(Catalina.java:797)
		at java.base/jdk.internal.reflect.DirectMethodHandleAccessor.invoke(DirectMethodHandleAccessor.java:104)
		at java.base/java.lang.reflect.Method.invoke(Method.java:565)
		at org.apache.catalina.startup.Bootstrap.start(Bootstrap.java:342)
		at org.apache.catalina.startup.Bootstrap.main(Bootstrap.java:470)
08-May-2025 12:10:38.431 INFO [main] org.apache.coyote.AbstractProtocol.pause Pausing ProtocolHandler ["http-nio-8080"]
08-May-2025 12:10:38.431 INFO [main] org.apache.catalina.core.StandardService.stopInternal Stopping service [Catalina]
08-May-2025 12:10:38.440 INFO [main] org.apache.coyote.AbstractProtocol.stop Stopping ProtocolHandler ["http-nio-8080"]
08-May-2025 12:10:38.441 INFO [main] org.apache.coyote.AbstractProtocol.destroy Destroying ProtocolHandler ["http-nio-8080"]
08-May-2025 12:10:42.839 INFO [Catalina-utility-1] org.apache.catalina.startup.HostConfig.undeploy Undeploying context []
08-May-2025 12:10:42.863 INFO [Catalina-utility-1] org.apache.catalina.startup.HostConfig.deployDescriptor Deploying deployment descriptor [C:\Users\msi\Downloads\Food Delivery Website - Copy\Food Delivery Website - Copy\conf\Catalina\localhost\ROOT.xml]
08-May-2025 12:10:42.924 INFO [Catalina-utility-1] org.apache.catalina.startup.HostConfig.deployDescriptor Deployment of deployment descriptor [C:\Users\msi\Downloads\Food Delivery Website - Copy\Food Delivery Website - Copy\conf\Catalina\localhost\ROOT.xml] has finished in [61] ms
08-May-2025 14:30:02.898 INFO [main] org.apache.catalina.startup.VersionLoggerListener.log Server version name:   Apache Tomcat/11.0.5
08-May-2025 14:30:02.902 INFO [main] org.apache.catalina.startup.VersionLoggerListener.log Server built:          Feb 28 2025 15:54:41 UTC
08-May-2025 14:30:02.903 INFO [main] org.apache.catalina.startup.VersionLoggerListener.log Server version number: 11.0.5.0
08-May-2025 14:30:02.903 INFO [main] org.apache.catalina.startup.VersionLoggerListener.log OS Name:               Windows 11
08-May-2025 14:30:02.904 INFO [main] org.apache.catalina.startup.VersionLoggerListener.log OS Version:            10.0
08-May-2025 14:30:02.904 INFO [main] org.apache.catalina.startup.VersionLoggerListener.log Architecture:          amd64
08-May-2025 14:30:02.904 INFO [main] org.apache.catalina.startup.VersionLoggerListener.log Java Home:             C:\Users\msi\.jdks\openjdk-24
08-May-2025 14:30:02.905 INFO [main] org.apache.catalina.startup.VersionLoggerListener.log JVM Version:           24+36-3646
08-May-2025 14:30:02.905 INFO [main] org.apache.catalina.startup.VersionLoggerListener.log JVM Vendor:            Oracle Corporation
08-May-2025 14:30:02.905 INFO [main] org.apache.catalina.startup.VersionLoggerListener.log CATALINA_BASE:         C:\Users\msi\Downloads\Food Delivery Website - Copy\Food Delivery Website - Copy
08-May-2025 14:30:02.905 INFO [main] org.apache.catalina.startup.VersionLoggerListener.log CATALINA_HOME:         C:\Program Files\Apache Software Foundation\Tomcat 11.0
08-May-2025 14:30:02.922 INFO [main] org.apache.catalina.startup.VersionLoggerListener.log Command line argument: --add-opens=java.base/java.lang=ALL-UNNAMED
08-May-2025 14:30:02.922 INFO [main] org.apache.catalina.startup.VersionLoggerListener.log Command line argument: --add-opens=java.base/java.io=ALL-UNNAMED
08-May-2025 14:30:02.922 INFO [main] org.apache.catalina.startup.VersionLoggerListener.log Command line argument: --add-opens=java.base/java.util=ALL-UNNAMED
08-May-2025 14:30:02.923 INFO [main] org.apache.catalina.startup.VersionLoggerListener.log Command line argument: --add-opens=java.base/java.util.concurrent=ALL-UNNAMED
08-May-2025 14:30:02.923 INFO [main] org.apache.catalina.startup.VersionLoggerListener.log Command line argument: --add-opens=java.rmi/sun.rmi.transport=ALL-UNNAMED
08-May-2025 14:30:02.923 INFO [main] org.apache.catalina.startup.VersionLoggerListener.log Command line argument: -Dcatalina.home=C:\Program Files\Apache Software Foundation\Tomcat 11.0
08-May-2025 14:30:02.924 INFO [main] org.apache.catalina.startup.VersionLoggerListener.log Command line argument: -Dcatalina.base=C:\Users\msi\Downloads\Food Delivery Website - Copy\Food Delivery Website - Copy
08-May-2025 14:30:02.924 INFO [main] org.apache.catalina.startup.VersionLoggerListener.log Command line argument: -Djava.io.tmpdir=C:\Users\msi\Downloads\Food Delivery Website - Copy\Food Delivery Website - Copy\temp
08-May-2025 14:30:02.924 INFO [main] org.apache.catalina.startup.VersionLoggerListener.log Command line argument: -Djava.util.logging.config.file=C:\Users\msi\Downloads\Food Delivery Website - Copy\Food Delivery Website - Copy\conf\logging.properties
08-May-2025 14:30:02.924 INFO [main] org.apache.catalina.startup.VersionLoggerListener.log Command line argument: -Djava.util.logging.manager=org.apache.juli.ClassLoaderLogManager
08-May-2025 14:30:02.924 INFO [main] org.apache.catalina.startup.VersionLoggerListener.log Command line argument: -javaagent:C:\Users\msi\AppData\Local\JetBrains\IntelliJ IDEA 2024.3.5\lib\idea_rt.jar=52930
08-May-2025 14:30:02.924 INFO [main] org.apache.catalina.startup.VersionLoggerListener.log Command line argument: -Dfile.encoding=UTF-8
08-May-2025 14:30:02.924 INFO [main] org.apache.catalina.startup.VersionLoggerListener.log Command line argument: -Dsun.stdout.encoding=UTF-8
08-May-2025 14:30:02.924 INFO [main] org.apache.catalina.startup.VersionLoggerListener.log Command line argument: -Dsun.stderr.encoding=UTF-8
08-May-2025 14:30:02.929 INFO [main] org.apache.catalina.core.AprLifecycleListener.lifecycleEvent The Apache Tomcat Native library which allows using OpenSSL was not found on the java.library.path: [C:\Users\msi\.jdks\openjdk-24\bin;C:\WINDOWS\Sun\Java\bin;C:\WINDOWS\system32;C:\WINDOWS;C:\Program Files\Common Files\Oracle\Java\javapath;C:\WINDOWS\system32;C:\WINDOWS;C:\WINDOWS\System32\Wbem;C:\WINDOWS\System32\WindowsPowerShell\v1.0\;C:\WINDOWS\System32\OpenSSH\;C:\Program Files\NVIDIA Corporation\NVIDIA NvDLISR;C:\Program Files\Git\cmd;C:\Users\msi\AppData\Local\Microsoft\WindowsApps;C:\Users\msi\AppData\Local\Programs\Microsoft VS Code\bin;;.]
08-May-2025 14:30:03.396 INFO [main] org.apache.coyote.AbstractProtocol.init Initializing ProtocolHandler ["http-nio-8080"]
08-May-2025 14:30:03.418 INFO [main] org.apache.catalina.startup.Catalina.load Server initialization in [945] milliseconds
08-May-2025 14:30:03.499 INFO [main] org.apache.catalina.core.StandardService.startInternal Starting service [Catalina]
08-May-2025 14:30:03.500 INFO [main] org.apache.catalina.core.StandardEngine.startInternal Starting Servlet engine: [Apache Tomcat/11.0.5]
08-May-2025 14:30:03.511 INFO [main] org.apache.catalina.startup.HostConfig.deployDescriptor Deploying deployment descriptor [C:\Users\msi\Downloads\Food Delivery Website - Copy\Food Delivery Website - Copy\conf\Catalina\localhost\ROOT.xml]
08-May-2025 14:30:04.007 INFO [main] org.apache.catalina.startup.HostConfig.deployDescriptor Deployment of deployment descriptor [C:\Users\msi\Downloads\Food Delivery Website - Copy\Food Delivery Website - Copy\conf\Catalina\localhost\ROOT.xml] has finished in [493] ms
08-May-2025 14:30:04.013 INFO [main] org.apache.coyote.AbstractProtocol.start Starting ProtocolHandler ["http-nio-8080"]
08-May-2025 14:30:04.045 INFO [main] org.apache.catalina.startup.Catalina.start Server startup in [624] milliseconds
08-May-2025 14:37:32.449 INFO [Thread-1] org.apache.coyote.AbstractProtocol.pause Pausing ProtocolHandler ["http-nio-8080"]
08-May-2025 14:37:32.471 INFO [Thread-1] org.apache.catalina.core.StandardService.stopInternal Stopping service [Catalina]
08-May-2025 14:37:32.497 INFO [Thread-1] org.apache.coyote.AbstractProtocol.stop Stopping ProtocolHandler ["http-nio-8080"]
08-May-2025 14:37:32.506 INFO [Thread-1] org.apache.coyote.AbstractProtocol.destroy Destroying ProtocolHandler ["http-nio-8080"]
08-May-2025 14:37:37.700 INFO [main] org.apache.catalina.startup.VersionLoggerListener.log Server version name:   Apache Tomcat/11.0.5
08-May-2025 14:37:37.705 INFO [main] org.apache.catalina.startup.VersionLoggerListener.log Server built:          Feb 28 2025 15:54:41 UTC
08-May-2025 14:37:37.705 INFO [main] org.apache.catalina.startup.VersionLoggerListener.log Server version number: 11.0.5.0
08-May-2025 14:37:37.705 INFO [main] org.apache.catalina.startup.VersionLoggerListener.log OS Name:               Windows 11
08-May-2025 14:37:37.705 INFO [main] org.apache.catalina.startup.VersionLoggerListener.log OS Version:            10.0
08-May-2025 14:37:37.706 INFO [main] org.apache.catalina.startup.VersionLoggerListener.log Architecture:          amd64
08-May-2025 14:37:37.706 INFO [main] org.apache.catalina.startup.VersionLoggerListener.log Java Home:             C:\Users\msi\.jdks\openjdk-24
08-May-2025 14:37:37.706 INFO [main] org.apache.catalina.startup.VersionLoggerListener.log JVM Version:           24+36-3646
08-May-2025 14:37:37.706 INFO [main] org.apache.catalina.startup.VersionLoggerListener.log JVM Vendor:            Oracle Corporation
08-May-2025 14:37:37.706 INFO [main] org.apache.catalina.startup.VersionLoggerListener.log CATALINA_BASE:         C:\Users\msi\Downloads\Food Delivery Website - Copy\Food Delivery Website - Copy
08-May-2025 14:37:37.707 INFO [main] org.apache.catalina.startup.VersionLoggerListener.log CATALINA_HOME:         C:\Program Files\Apache Software Foundation\Tomcat 11.0
08-May-2025 14:37:37.719 INFO [main] org.apache.catalina.startup.VersionLoggerListener.log Command line argument: --add-opens=java.base/java.lang=ALL-UNNAMED
08-May-2025 14:37:37.719 INFO [main] org.apache.catalina.startup.VersionLoggerListener.log Command line argument: --add-opens=java.base/java.io=ALL-UNNAMED
08-May-2025 14:37:37.719 INFO [main] org.apache.catalina.startup.VersionLoggerListener.log Command line argument: --add-opens=java.base/java.util=ALL-UNNAMED
08-May-2025 14:37:37.719 INFO [main] org.apache.catalina.startup.VersionLoggerListener.log Command line argument: --add-opens=java.base/java.util.concurrent=ALL-UNNAMED
08-May-2025 14:37:37.720 INFO [main] org.apache.catalina.startup.VersionLoggerListener.log Command line argument: --add-opens=java.rmi/sun.rmi.transport=ALL-UNNAMED
08-May-2025 14:37:37.720 INFO [main] org.apache.catalina.startup.VersionLoggerListener.log Command line argument: -Dcatalina.home=C:\Program Files\Apache Software Foundation\Tomcat 11.0
08-May-2025 14:37:37.720 INFO [main] org.apache.catalina.startup.VersionLoggerListener.log Command line argument: -Dcatalina.base=C:\Users\msi\Downloads\Food Delivery Website - Copy\Food Delivery Website - Copy
08-May-2025 14:37:37.720 INFO [main] org.apache.catalina.startup.VersionLoggerListener.log Command line argument: -Djava.io.tmpdir=C:\Users\msi\Downloads\Food Delivery Website - Copy\Food Delivery Website - Copy\temp
08-May-2025 14:37:37.720 INFO [main] org.apache.catalina.startup.VersionLoggerListener.log Command line argument: -Djava.util.logging.config.file=C:\Users\msi\Downloads\Food Delivery Website - Copy\Food Delivery Website - Copy\conf\logging.properties
08-May-2025 14:37:37.720 INFO [main] org.apache.catalina.startup.VersionLoggerListener.log Command line argument: -Djava.util.logging.manager=org.apache.juli.ClassLoaderLogManager
08-May-2025 14:37:37.720 INFO [main] org.apache.catalina.startup.VersionLoggerListener.log Command line argument: -javaagent:C:\Users\msi\AppData\Local\JetBrains\IntelliJ IDEA 2024.3.5\lib\idea_rt.jar=53354
08-May-2025 14:37:37.720 INFO [main] org.apache.catalina.startup.VersionLoggerListener.log Command line argument: -Dfile.encoding=UTF-8
08-May-2025 14:37:37.721 INFO [main] org.apache.catalina.startup.VersionLoggerListener.log Command line argument: -Dsun.stdout.encoding=UTF-8
08-May-2025 14:37:37.721 INFO [main] org.apache.catalina.startup.VersionLoggerListener.log Command line argument: -Dsun.stderr.encoding=UTF-8
08-May-2025 14:37:37.726 INFO [main] org.apache.catalina.core.AprLifecycleListener.lifecycleEvent The Apache Tomcat Native library which allows using OpenSSL was not found on the java.library.path: [C:\Users\msi\.jdks\openjdk-24\bin;C:\WINDOWS\Sun\Java\bin;C:\WINDOWS\system32;C:\WINDOWS;C:\Program Files\Common Files\Oracle\Java\javapath;C:\WINDOWS\system32;C:\WINDOWS;C:\WINDOWS\System32\Wbem;C:\WINDOWS\System32\WindowsPowerShell\v1.0\;C:\WINDOWS\System32\OpenSSH\;C:\Program Files\NVIDIA Corporation\NVIDIA NvDLISR;C:\Program Files\Git\cmd;C:\Users\msi\AppData\Local\Microsoft\WindowsApps;C:\Users\msi\AppData\Local\Programs\Microsoft VS Code\bin;;.]
08-May-2025 14:37:38.075 INFO [main] org.apache.coyote.AbstractProtocol.init Initializing ProtocolHandler ["http-nio-8080"]
08-May-2025 14:37:38.098 INFO [main] org.apache.catalina.startup.Catalina.load Server initialization in [639] milliseconds
08-May-2025 14:37:38.198 INFO [main] org.apache.catalina.core.StandardService.startInternal Starting service [Catalina]
08-May-2025 14:37:38.198 INFO [main] org.apache.catalina.core.StandardEngine.startInternal Starting Servlet engine: [Apache Tomcat/11.0.5]
08-May-2025 14:37:38.215 INFO [main] org.apache.catalina.startup.HostConfig.deployDescriptor Deploying deployment descriptor [C:\Users\msi\Downloads\Food Delivery Website - Copy\Food Delivery Website - Copy\conf\Catalina\localhost\ROOT.xml]
08-May-2025 14:37:38.837 INFO [main] org.apache.catalina.startup.HostConfig.deployDescriptor Deployment of deployment descriptor [C:\Users\msi\Downloads\Food Delivery Website - Copy\Food Delivery Website - Copy\conf\Catalina\localhost\ROOT.xml] has finished in [619] ms
08-May-2025 14:37:38.844 INFO [main] org.apache.coyote.AbstractProtocol.start Starting ProtocolHandler ["http-nio-8080"]
08-May-2025 14:37:38.879 INFO [main] org.apache.catalina.startup.Catalina.start Server startup in [776] milliseconds
08-May-2025 14:50:04.421 INFO [Thread-1] org.apache.coyote.AbstractProtocol.pause Pausing ProtocolHandler ["http-nio-8080"]
08-May-2025 14:50:04.461 INFO [Thread-1] org.apache.catalina.core.StandardService.stopInternal Stopping service [Catalina]
08-May-2025 14:50:04.484 INFO [Thread-1] org.apache.coyote.AbstractProtocol.stop Stopping ProtocolHandler ["http-nio-8080"]
08-May-2025 14:50:04.502 INFO [Thread-1] org.apache.coyote.AbstractProtocol.destroy Destroying ProtocolHandler ["http-nio-8080"]
08-May-2025 14:50:08.518 INFO [main] org.apache.catalina.startup.VersionLoggerListener.log Server version name:   Apache Tomcat/11.0.5
08-May-2025 14:50:08.521 INFO [main] org.apache.catalina.startup.VersionLoggerListener.log Server built:          Feb 28 2025 15:54:41 UTC
08-May-2025 14:50:08.521 INFO [main] org.apache.catalina.startup.VersionLoggerListener.log Server version number: 11.0.5.0
08-May-2025 14:50:08.521 INFO [main] org.apache.catalina.startup.VersionLoggerListener.log OS Name:               Windows 11
08-May-2025 14:50:08.521 INFO [main] org.apache.catalina.startup.VersionLoggerListener.log OS Version:            10.0
08-May-2025 14:50:08.522 INFO [main] org.apache.catalina.startup.VersionLoggerListener.log Architecture:          amd64
08-May-2025 14:50:08.522 INFO [main] org.apache.catalina.startup.VersionLoggerListener.log Java Home:             C:\Users\msi\.jdks\openjdk-24
08-May-2025 14:50:08.522 INFO [main] org.apache.catalina.startup.VersionLoggerListener.log JVM Version:           24+36-3646
08-May-2025 14:50:08.522 INFO [main] org.apache.catalina.startup.VersionLoggerListener.log JVM Vendor:            Oracle Corporation
08-May-2025 14:50:08.522 INFO [main] org.apache.catalina.startup.VersionLoggerListener.log CATALINA_BASE:         C:\Users\msi\Downloads\Food Delivery Website - Copy\Food Delivery Website - Copy
08-May-2025 14:50:08.522 INFO [main] org.apache.catalina.startup.VersionLoggerListener.log CATALINA_HOME:         C:\Program Files\Apache Software Foundation\Tomcat 11.0
08-May-2025 14:50:08.534 INFO [main] org.apache.catalina.startup.VersionLoggerListener.log Command line argument: --add-opens=java.base/java.lang=ALL-UNNAMED
08-May-2025 14:50:08.534 INFO [main] org.apache.catalina.startup.VersionLoggerListener.log Command line argument: --add-opens=java.base/java.io=ALL-UNNAMED
08-May-2025 14:50:08.535 INFO [main] org.apache.catalina.startup.VersionLoggerListener.log Command line argument: --add-opens=java.base/java.util=ALL-UNNAMED
08-May-2025 14:50:08.535 INFO [main] org.apache.catalina.startup.VersionLoggerListener.log Command line argument: --add-opens=java.base/java.util.concurrent=ALL-UNNAMED
08-May-2025 14:50:08.535 INFO [main] org.apache.catalina.startup.VersionLoggerListener.log Command line argument: --add-opens=java.rmi/sun.rmi.transport=ALL-UNNAMED
08-May-2025 14:50:08.535 INFO [main] org.apache.catalina.startup.VersionLoggerListener.log Command line argument: -Dcatalina.home=C:\Program Files\Apache Software Foundation\Tomcat 11.0
08-May-2025 14:50:08.535 INFO [main] org.apache.catalina.startup.VersionLoggerListener.log Command line argument: -Dcatalina.base=C:\Users\msi\Downloads\Food Delivery Website - Copy\Food Delivery Website - Copy
08-May-2025 14:50:08.535 INFO [main] org.apache.catalina.startup.VersionLoggerListener.log Command line argument: -Djava.io.tmpdir=C:\Users\msi\Downloads\Food Delivery Website - Copy\Food Delivery Website - Copy\temp
08-May-2025 14:50:08.536 INFO [main] org.apache.catalina.startup.VersionLoggerListener.log Command line argument: -Djava.util.logging.config.file=C:\Users\msi\Downloads\Food Delivery Website - Copy\Food Delivery Website - Copy\conf\logging.properties
08-May-2025 14:50:08.536 INFO [main] org.apache.catalina.startup.VersionLoggerListener.log Command line argument: -Djava.util.logging.manager=org.apache.juli.ClassLoaderLogManager
08-May-2025 14:50:08.536 INFO [main] org.apache.catalina.startup.VersionLoggerListener.log Command line argument: -javaagent:C:\Users\msi\AppData\Local\JetBrains\IntelliJ IDEA 2024.3.5\lib\idea_rt.jar=53635
08-May-2025 14:50:08.536 INFO [main] org.apache.catalina.startup.VersionLoggerListener.log Command line argument: -Dfile.encoding=UTF-8
08-May-2025 14:50:08.536 INFO [main] org.apache.catalina.startup.VersionLoggerListener.log Command line argument: -Dsun.stdout.encoding=UTF-8
08-May-2025 14:50:08.536 INFO [main] org.apache.catalina.startup.VersionLoggerListener.log Command line argument: -Dsun.stderr.encoding=UTF-8
08-May-2025 14:50:08.542 INFO [main] org.apache.catalina.core.AprLifecycleListener.lifecycleEvent The Apache Tomcat Native library which allows using OpenSSL was not found on the java.library.path: [C:\Users\msi\.jdks\openjdk-24\bin;C:\WINDOWS\Sun\Java\bin;C:\WINDOWS\system32;C:\WINDOWS;C:\Program Files\Common Files\Oracle\Java\javapath;C:\WINDOWS\system32;C:\WINDOWS;C:\WINDOWS\System32\Wbem;C:\WINDOWS\System32\WindowsPowerShell\v1.0\;C:\WINDOWS\System32\OpenSSH\;C:\Program Files\NVIDIA Corporation\NVIDIA NvDLISR;C:\Program Files\Git\cmd;C:\Users\msi\AppData\Local\Microsoft\WindowsApps;C:\Users\msi\AppData\Local\Programs\Microsoft VS Code\bin;;.]
08-May-2025 14:50:08.937 INFO [main] org.apache.coyote.AbstractProtocol.init Initializing ProtocolHandler ["http-nio-8080"]
08-May-2025 14:50:08.957 INFO [main] org.apache.catalina.startup.Catalina.load Server initialization in [699] milliseconds
08-May-2025 14:50:09.044 INFO [main] org.apache.catalina.core.StandardService.startInternal Starting service [Catalina]
08-May-2025 14:50:09.045 INFO [main] org.apache.catalina.core.StandardEngine.startInternal Starting Servlet engine: [Apache Tomcat/11.0.5]
08-May-2025 14:50:09.059 INFO [main] org.apache.catalina.startup.HostConfig.deployDescriptor Deploying deployment descriptor [C:\Users\msi\Downloads\Food Delivery Website - Copy\Food Delivery Website - Copy\conf\Catalina\localhost\ROOT.xml]
08-May-2025 14:50:09.599 INFO [main] org.apache.catalina.startup.HostConfig.deployDescriptor Deployment of deployment descriptor [C:\Users\msi\Downloads\Food Delivery Website - Copy\Food Delivery Website - Copy\conf\Catalina\localhost\ROOT.xml] has finished in [538] ms
08-May-2025 14:50:09.604 INFO [main] org.apache.coyote.AbstractProtocol.start Starting ProtocolHandler ["http-nio-8080"]
08-May-2025 14:50:09.637 INFO [main] org.apache.catalina.startup.Catalina.start Server startup in [677] milliseconds
08-May-2025 14:57:15.958 INFO [Thread-1] org.apache.coyote.AbstractProtocol.pause Pausing ProtocolHandler ["http-nio-8080"]
08-May-2025 14:57:15.989 INFO [Thread-1] org.apache.catalina.core.StandardService.stopInternal Stopping service [Catalina]
08-May-2025 14:57:16.018 INFO [Thread-1] org.apache.coyote.AbstractProtocol.stop Stopping ProtocolHandler ["http-nio-8080"]
08-May-2025 14:57:16.033 INFO [Thread-1] org.apache.coyote.AbstractProtocol.destroy Destroying ProtocolHandler ["http-nio-8080"]
08-May-2025 14:57:18.576 INFO [main] org.apache.catalina.startup.VersionLoggerListener.log Server version name:   Apache Tomcat/11.0.5
08-May-2025 14:57:18.580 INFO [main] org.apache.catalina.startup.VersionLoggerListener.log Server built:          Feb 28 2025 15:54:41 UTC
08-May-2025 14:57:18.580 INFO [main] org.apache.catalina.startup.VersionLoggerListener.log Server version number: 11.0.5.0
08-May-2025 14:57:18.580 INFO [main] org.apache.catalina.startup.VersionLoggerListener.log OS Name:               Windows 11
08-May-2025 14:57:18.580 INFO [main] org.apache.catalina.startup.VersionLoggerListener.log OS Version:            10.0
08-May-2025 14:57:18.581 INFO [main] org.apache.catalina.startup.VersionLoggerListener.log Architecture:          amd64
08-May-2025 14:57:18.581 INFO [main] org.apache.catalina.startup.VersionLoggerListener.log Java Home:             C:\Users\msi\.jdks\openjdk-24
08-May-2025 14:57:18.581 INFO [main] org.apache.catalina.startup.VersionLoggerListener.log JVM Version:           24+36-3646
08-May-2025 14:57:18.581 INFO [main] org.apache.catalina.startup.VersionLoggerListener.log JVM Vendor:            Oracle Corporation
08-May-2025 14:57:18.581 INFO [main] org.apache.catalina.startup.VersionLoggerListener.log CATALINA_BASE:         C:\Users\msi\Downloads\Food Delivery Website - Copy\Food Delivery Website - Copy
08-May-2025 14:57:18.581 INFO [main] org.apache.catalina.startup.VersionLoggerListener.log CATALINA_HOME:         C:\Program Files\Apache Software Foundation\Tomcat 11.0
08-May-2025 14:57:18.594 INFO [main] org.apache.catalina.startup.VersionLoggerListener.log Command line argument: --add-opens=java.base/java.lang=ALL-UNNAMED
08-May-2025 14:57:18.594 INFO [main] org.apache.catalina.startup.VersionLoggerListener.log Command line argument: --add-opens=java.base/java.io=ALL-UNNAMED
08-May-2025 14:57:18.594 INFO [main] org.apache.catalina.startup.VersionLoggerListener.log Command line argument: --add-opens=java.base/java.util=ALL-UNNAMED
08-May-2025 14:57:18.594 INFO [main] org.apache.catalina.startup.VersionLoggerListener.log Command line argument: --add-opens=java.base/java.util.concurrent=ALL-UNNAMED
08-May-2025 14:57:18.595 INFO [main] org.apache.catalina.startup.VersionLoggerListener.log Command line argument: --add-opens=java.rmi/sun.rmi.transport=ALL-UNNAMED
08-May-2025 14:57:18.595 INFO [main] org.apache.catalina.startup.VersionLoggerListener.log Command line argument: -Dcatalina.home=C:\Program Files\Apache Software Foundation\Tomcat 11.0
08-May-2025 14:57:18.595 INFO [main] org.apache.catalina.startup.VersionLoggerListener.log Command line argument: -Dcatalina.base=C:\Users\msi\Downloads\Food Delivery Website - Copy\Food Delivery Website - Copy
08-May-2025 14:57:18.595 INFO [main] org.apache.catalina.startup.VersionLoggerListener.log Command line argument: -Djava.io.tmpdir=C:\Users\msi\Downloads\Food Delivery Website - Copy\Food Delivery Website - Copy\temp
08-May-2025 14:57:18.595 INFO [main] org.apache.catalina.startup.VersionLoggerListener.log Command line argument: -Djava.util.logging.config.file=C:\Users\msi\Downloads\Food Delivery Website - Copy\Food Delivery Website - Copy\conf\logging.properties
08-May-2025 14:57:18.595 INFO [main] org.apache.catalina.startup.VersionLoggerListener.log Command line argument: -Djava.util.logging.manager=org.apache.juli.ClassLoaderLogManager
08-May-2025 14:57:18.595 INFO [main] org.apache.catalina.startup.VersionLoggerListener.log Command line argument: -javaagent:C:\Users\msi\AppData\Local\JetBrains\IntelliJ IDEA 2024.3.5\lib\idea_rt.jar=53826
08-May-2025 14:57:18.596 INFO [main] org.apache.catalina.startup.VersionLoggerListener.log Command line argument: -Dfile.encoding=UTF-8
08-May-2025 14:57:18.596 INFO [main] org.apache.catalina.startup.VersionLoggerListener.log Command line argument: -Dsun.stdout.encoding=UTF-8
08-May-2025 14:57:18.596 INFO [main] org.apache.catalina.startup.VersionLoggerListener.log Command line argument: -Dsun.stderr.encoding=UTF-8
08-May-2025 14:57:18.601 INFO [main] org.apache.catalina.core.AprLifecycleListener.lifecycleEvent The Apache Tomcat Native library which allows using OpenSSL was not found on the java.library.path: [C:\Users\msi\.jdks\openjdk-24\bin;C:\WINDOWS\Sun\Java\bin;C:\WINDOWS\system32;C:\WINDOWS;C:\Program Files\Common Files\Oracle\Java\javapath;C:\WINDOWS\system32;C:\WINDOWS;C:\WINDOWS\System32\Wbem;C:\WINDOWS\System32\WindowsPowerShell\v1.0\;C:\WINDOWS\System32\OpenSSH\;C:\Program Files\NVIDIA Corporation\NVIDIA NvDLISR;C:\Program Files\Git\cmd;C:\Users\msi\AppData\Local\Microsoft\WindowsApps;C:\Users\msi\AppData\Local\Programs\Microsoft VS Code\bin;;.]
08-May-2025 14:57:18.986 INFO [main] org.apache.coyote.AbstractProtocol.init Initializing ProtocolHandler ["http-nio-8080"]
08-May-2025 14:57:19.008 INFO [main] org.apache.catalina.startup.Catalina.load Server initialization in [728] milliseconds
08-May-2025 14:57:19.109 INFO [main] org.apache.catalina.core.StandardService.startInternal Starting service [Catalina]
08-May-2025 14:57:19.109 INFO [main] org.apache.catalina.core.StandardEngine.startInternal Starting Servlet engine: [Apache Tomcat/11.0.5]
08-May-2025 14:57:19.129 INFO [main] org.apache.catalina.startup.HostConfig.deployDescriptor Deploying deployment descriptor [C:\Users\msi\Downloads\Food Delivery Website - Copy\Food Delivery Website - Copy\conf\Catalina\localhost\ROOT.xml]
08-May-2025 14:57:19.644 INFO [main] org.apache.catalina.startup.HostConfig.deployDescriptor Deployment of deployment descriptor [C:\Users\msi\Downloads\Food Delivery Website - Copy\Food Delivery Website - Copy\conf\Catalina\localhost\ROOT.xml] has finished in [513] ms
08-May-2025 14:57:19.650 INFO [main] org.apache.coyote.AbstractProtocol.start Starting ProtocolHandler ["http-nio-8080"]
08-May-2025 14:57:19.678 INFO [main] org.apache.catalina.startup.Catalina.start Server startup in [665] milliseconds
08-May-2025 14:58:31.046 INFO [main] org.apache.catalina.startup.VersionLoggerListener.log Server version name:   Apache Tomcat/11.0.5
08-May-2025 14:58:31.051 INFO [main] org.apache.catalina.startup.VersionLoggerListener.log Server built:          Feb 28 2025 15:54:41 UTC
08-May-2025 14:58:31.052 INFO [main] org.apache.catalina.startup.VersionLoggerListener.log Server version number: 11.0.5.0
08-May-2025 14:58:31.052 INFO [main] org.apache.catalina.startup.VersionLoggerListener.log OS Name:               Windows 11
08-May-2025 14:58:31.052 INFO [main] org.apache.catalina.startup.VersionLoggerListener.log OS Version:            10.0
08-May-2025 14:58:31.052 INFO [main] org.apache.catalina.startup.VersionLoggerListener.log Architecture:          amd64
08-May-2025 14:58:31.052 INFO [main] org.apache.catalina.startup.VersionLoggerListener.log Java Home:             C:\Users\msi\.jdks\openjdk-24
08-May-2025 14:58:31.053 INFO [main] org.apache.catalina.startup.VersionLoggerListener.log JVM Version:           24+36-3646
08-May-2025 14:58:31.053 INFO [main] org.apache.catalina.startup.VersionLoggerListener.log JVM Vendor:            Oracle Corporation
08-May-2025 14:58:31.053 INFO [main] org.apache.catalina.startup.VersionLoggerListener.log CATALINA_BASE:         C:\Users\msi\Downloads\Food Delivery Website - Copy\Food Delivery Website - Copy
08-May-2025 14:58:31.053 INFO [main] org.apache.catalina.startup.VersionLoggerListener.log CATALINA_HOME:         C:\Program Files\Apache Software Foundation\Tomcat 11.0
08-May-2025 14:58:31.069 INFO [main] org.apache.catalina.startup.VersionLoggerListener.log Command line argument: --add-opens=java.base/java.lang=ALL-UNNAMED
08-May-2025 14:58:31.070 INFO [main] org.apache.catalina.startup.VersionLoggerListener.log Command line argument: --add-opens=java.base/java.io=ALL-UNNAMED
08-May-2025 14:58:31.070 INFO [main] org.apache.catalina.startup.VersionLoggerListener.log Command line argument: --add-opens=java.base/java.util=ALL-UNNAMED
08-May-2025 14:58:31.070 INFO [main] org.apache.catalina.startup.VersionLoggerListener.log Command line argument: --add-opens=java.base/java.util.concurrent=ALL-UNNAMED
08-May-2025 14:58:31.071 INFO [main] org.apache.catalina.startup.VersionLoggerListener.log Command line argument: --add-opens=java.rmi/sun.rmi.transport=ALL-UNNAMED
08-May-2025 14:58:31.071 INFO [main] org.apache.catalina.startup.VersionLoggerListener.log Command line argument: -Dcatalina.home=C:\Program Files\Apache Software Foundation\Tomcat 11.0
08-May-2025 14:58:31.071 INFO [main] org.apache.catalina.startup.VersionLoggerListener.log Command line argument: -Dcatalina.base=C:\Users\msi\Downloads\Food Delivery Website - Copy\Food Delivery Website - Copy
08-May-2025 14:58:31.071 INFO [main] org.apache.catalina.startup.VersionLoggerListener.log Command line argument: -Djava.io.tmpdir=C:\Users\msi\Downloads\Food Delivery Website - Copy\Food Delivery Website - Copy\temp
08-May-2025 14:58:31.071 INFO [main] org.apache.catalina.startup.VersionLoggerListener.log Command line argument: -Djava.util.logging.config.file=C:\Users\msi\Downloads\Food Delivery Website - Copy\Food Delivery Website - Copy\conf\logging.properties
08-May-2025 14:58:31.071 INFO [main] org.apache.catalina.startup.VersionLoggerListener.log Command line argument: -Djava.util.logging.manager=org.apache.juli.ClassLoaderLogManager
08-May-2025 14:58:31.071 INFO [main] org.apache.catalina.startup.VersionLoggerListener.log Command line argument: -javaagent:C:\Users\msi\AppData\Local\JetBrains\IntelliJ IDEA 2024.3.5\lib\idea_rt.jar=53844
08-May-2025 14:58:31.072 INFO [main] org.apache.catalina.startup.VersionLoggerListener.log Command line argument: -Dfile.encoding=UTF-8
08-May-2025 14:58:31.072 INFO [main] org.apache.catalina.startup.VersionLoggerListener.log Command line argument: -Dsun.stdout.encoding=UTF-8
08-May-2025 14:58:31.072 INFO [main] org.apache.catalina.startup.VersionLoggerListener.log Command line argument: -Dsun.stderr.encoding=UTF-8
08-May-2025 14:58:31.077 INFO [main] org.apache.catalina.core.AprLifecycleListener.lifecycleEvent The Apache Tomcat Native library which allows using OpenSSL was not found on the java.library.path: [C:\Users\msi\.jdks\openjdk-24\bin;C:\WINDOWS\Sun\Java\bin;C:\WINDOWS\system32;C:\WINDOWS;C:\Program Files\Common Files\Oracle\Java\javapath;C:\WINDOWS\system32;C:\WINDOWS;C:\WINDOWS\System32\Wbem;C:\WINDOWS\System32\WindowsPowerShell\v1.0\;C:\WINDOWS\System32\OpenSSH\;C:\Program Files\NVIDIA Corporation\NVIDIA NvDLISR;C:\Program Files\Git\cmd;C:\Users\msi\AppData\Local\Microsoft\WindowsApps;C:\Users\msi\AppData\Local\Programs\Microsoft VS Code\bin;;.]
08-May-2025 14:58:31.499 INFO [main] org.apache.coyote.AbstractProtocol.init Initializing ProtocolHandler ["http-nio-8080"]
08-May-2025 14:58:31.517 SEVERE [main] org.apache.catalina.util.LifecycleBase.handleSubClassException Failed to initialize component [Connector["http-nio-8080"]]
	org.apache.catalina.LifecycleException: Protocol handler initialization failed
		at org.apache.catalina.connector.Connector.initInternal(Connector.java:1056)
		at org.apache.catalina.util.LifecycleBase.init(LifecycleBase.java:122)
		at org.apache.catalina.core.StandardService.initInternal(StandardService.java:525)
		at org.apache.catalina.util.LifecycleBase.init(LifecycleBase.java:122)
		at org.apache.catalina.core.StandardServer.initInternal(StandardServer.java:953)
		at org.apache.catalina.util.LifecycleBase.init(LifecycleBase.java:122)
		at org.apache.catalina.startup.Catalina.load(Catalina.java:710)
		at org.apache.catalina.startup.Catalina.load(Catalina.java:733)
		at java.base/jdk.internal.reflect.DirectMethodHandleAccessor.invoke(DirectMethodHandleAccessor.java:104)
		at java.base/java.lang.reflect.Method.invoke(Method.java:565)
		at org.apache.catalina.startup.Bootstrap.load(Bootstrap.java:299)
		at org.apache.catalina.startup.Bootstrap.main(Bootstrap.java:469)
	Caused by: java.net.BindException: Address already in use: bind
		at java.base/sun.nio.ch.Net.bind0(Native Method)
		at java.base/sun.nio.ch.Net.bind(Net.java:511)
		at java.base/sun.nio.ch.ServerSocketChannelImpl.netBind(ServerSocketChannelImpl.java:335)
		at java.base/sun.nio.ch.ServerSocketChannelImpl.bind(ServerSocketChannelImpl.java:297)
		at org.apache.tomcat.util.net.NioEndpoint.initServerSocket(NioEndpoint.java:240)
		at org.apache.tomcat.util.net.NioEndpoint.bind(NioEndpoint.java:195)
		at org.apache.tomcat.util.net.AbstractEndpoint.bindWithCleanup(AbstractEndpoint.java:1472)
		at org.apache.tomcat.util.net.AbstractEndpoint.init(AbstractEndpoint.java:1485)
		at org.apache.coyote.AbstractProtocol.init(AbstractProtocol.java:633)
		at org.apache.coyote.http11.AbstractHttp11Protocol.init(AbstractHttp11Protocol.java:83)
		at org.apache.catalina.connector.Connector.initInternal(Connector.java:1054)
		... 11 more
08-May-2025 14:58:31.520 INFO [main] org.apache.catalina.startup.Catalina.load Server initialization in [753] milliseconds
08-May-2025 14:58:31.597 INFO [main] org.apache.catalina.core.StandardService.startInternal Starting service [Catalina]
08-May-2025 14:58:31.597 INFO [main] org.apache.catalina.core.StandardEngine.startInternal Starting Servlet engine: [Apache Tomcat/11.0.5]
08-May-2025 14:58:31.611 INFO [main] org.apache.catalina.startup.HostConfig.deployDescriptor Deploying deployment descriptor [C:\Users\msi\Downloads\Food Delivery Website - Copy\Food Delivery Website - Copy\conf\Catalina\localhost\ROOT.xml]
08-May-2025 14:58:32.191 INFO [main] org.apache.catalina.startup.HostConfig.deployDescriptor Deployment of deployment descriptor [C:\Users\msi\Downloads\Food Delivery Website - Copy\Food Delivery Website - Copy\conf\Catalina\localhost\ROOT.xml] has finished in [578] ms
08-May-2025 14:58:32.208 INFO [main] org.apache.catalina.startup.Catalina.start Server startup in [684] milliseconds
08-May-2025 14:58:32.217 SEVERE [main] org.apache.catalina.core.StandardServer.await Failed to create server shutdown socket on address [localhost] and port [8005] (base port [8005] and offset [0])
	java.net.BindException: Address already in use: bind
		at java.base/sun.nio.ch.Net.bind0(Native Method)
		at java.base/sun.nio.ch.Net.bind(Net.java:511)
		at java.base/sun.nio.ch.Net.bind(Net.java:500)
		at java.base/sun.nio.ch.NioSocketImpl.bind(NioSocketImpl.java:630)
		at java.base/java.net.ServerSocket.bind(ServerSocket.java:326)
		at java.base/java.net.ServerSocket.<init>(ServerSocket.java:222)
		at org.apache.catalina.core.StandardServer.await(StandardServer.java:532)
		at org.apache.catalina.startup.Catalina.await(Catalina.java:849)
		at org.apache.catalina.startup.Catalina.start(Catalina.java:797)
		at java.base/jdk.internal.reflect.DirectMethodHandleAccessor.invoke(DirectMethodHandleAccessor.java:104)
		at java.base/java.lang.reflect.Method.invoke(Method.java:565)
		at org.apache.catalina.startup.Bootstrap.start(Bootstrap.java:342)
		at org.apache.catalina.startup.Bootstrap.main(Bootstrap.java:470)
08-May-2025 14:58:32.218 INFO [main] org.apache.coyote.AbstractProtocol.pause Pausing ProtocolHandler ["http-nio-8080"]
08-May-2025 14:58:32.218 INFO [main] org.apache.catalina.core.StandardService.stopInternal Stopping service [Catalina]
08-May-2025 14:58:32.231 INFO [main] org.apache.coyote.AbstractProtocol.stop Stopping ProtocolHandler ["http-nio-8080"]
08-May-2025 14:58:32.232 INFO [main] org.apache.coyote.AbstractProtocol.destroy Destroying ProtocolHandler ["http-nio-8080"]
08-May-2025 14:58:39.723 INFO [Catalina-utility-1] org.apache.catalina.startup.HostConfig.undeploy Undeploying context []
08-May-2025 14:58:39.797 INFO [Catalina-utility-1] org.apache.catalina.startup.HostConfig.deployDescriptor Deploying deployment descriptor [C:\Users\msi\Downloads\Food Delivery Website - Copy\Food Delivery Website - Copy\conf\Catalina\localhost\ROOT.xml]
08-May-2025 14:58:40.051 INFO [Catalina-utility-1] org.apache.catalina.startup.HostConfig.deployDescriptor Deployment of deployment descriptor [C:\Users\msi\Downloads\Food Delivery Website - Copy\Food Delivery Website - Copy\conf\Catalina\localhost\ROOT.xml] has finished in [254] ms
08-May-2025 15:03:41.131 INFO [main] org.apache.catalina.startup.VersionLoggerListener.log Server version name:   Apache Tomcat/11.0.5
08-May-2025 15:03:41.134 INFO [main] org.apache.catalina.startup.VersionLoggerListener.log Server built:          Feb 28 2025 15:54:41 UTC
08-May-2025 15:03:41.134 INFO [main] org.apache.catalina.startup.VersionLoggerListener.log Server version number: 11.0.5.0
08-May-2025 15:03:41.135 INFO [main] org.apache.catalina.startup.VersionLoggerListener.log OS Name:               Windows 11
08-May-2025 15:03:41.135 INFO [main] org.apache.catalina.startup.VersionLoggerListener.log OS Version:            10.0
08-May-2025 15:03:41.135 INFO [main] org.apache.catalina.startup.VersionLoggerListener.log Architecture:          amd64
08-May-2025 15:03:41.136 INFO [main] org.apache.catalina.startup.VersionLoggerListener.log Java Home:             C:\Users\msi\.jdks\openjdk-24
08-May-2025 15:03:41.136 INFO [main] org.apache.catalina.startup.VersionLoggerListener.log JVM Version:           24+36-3646
08-May-2025 15:03:41.136 INFO [main] org.apache.catalina.startup.VersionLoggerListener.log JVM Vendor:            Oracle Corporation
08-May-2025 15:03:41.136 INFO [main] org.apache.catalina.startup.VersionLoggerListener.log CATALINA_BASE:         C:\Users\msi\Downloads\Food Delivery Website - Copy\Food Delivery Website - Copy
08-May-2025 15:03:41.136 INFO [main] org.apache.catalina.startup.VersionLoggerListener.log CATALINA_HOME:         C:\Program Files\Apache Software Foundation\Tomcat 11.0
08-May-2025 15:03:41.149 INFO [main] org.apache.catalina.startup.VersionLoggerListener.log Command line argument: --add-opens=java.base/java.lang=ALL-UNNAMED
08-May-2025 15:03:41.149 INFO [main] org.apache.catalina.startup.VersionLoggerListener.log Command line argument: --add-opens=java.base/java.io=ALL-UNNAMED
08-May-2025 15:03:41.149 INFO [main] org.apache.catalina.startup.VersionLoggerListener.log Command line argument: --add-opens=java.base/java.util=ALL-UNNAMED
08-May-2025 15:03:41.149 INFO [main] org.apache.catalina.startup.VersionLoggerListener.log Command line argument: --add-opens=java.base/java.util.concurrent=ALL-UNNAMED
08-May-2025 15:03:41.149 INFO [main] org.apache.catalina.startup.VersionLoggerListener.log Command line argument: --add-opens=java.rmi/sun.rmi.transport=ALL-UNNAMED
08-May-2025 15:03:41.149 INFO [main] org.apache.catalina.startup.VersionLoggerListener.log Command line argument: -Dcatalina.home=C:\Program Files\Apache Software Foundation\Tomcat 11.0
08-May-2025 15:03:41.150 INFO [main] org.apache.catalina.startup.VersionLoggerListener.log Command line argument: -Dcatalina.base=C:\Users\msi\Downloads\Food Delivery Website - Copy\Food Delivery Website - Copy
08-May-2025 15:03:41.150 INFO [main] org.apache.catalina.startup.VersionLoggerListener.log Command line argument: -Djava.io.tmpdir=C:\Users\msi\Downloads\Food Delivery Website - Copy\Food Delivery Website - Copy\temp
08-May-2025 15:03:41.150 INFO [main] org.apache.catalina.startup.VersionLoggerListener.log Command line argument: -Djava.util.logging.config.file=C:\Users\msi\Downloads\Food Delivery Website - Copy\Food Delivery Website - Copy\conf\logging.properties
08-May-2025 15:03:41.150 INFO [main] org.apache.catalina.startup.VersionLoggerListener.log Command line argument: -Djava.util.logging.manager=org.apache.juli.ClassLoaderLogManager
08-May-2025 15:03:41.150 INFO [main] org.apache.catalina.startup.VersionLoggerListener.log Command line argument: -javaagent:C:\Users\msi\AppData\Local\JetBrains\IntelliJ IDEA 2024.3.5\lib\idea_rt.jar=53899
08-May-2025 15:03:41.150 INFO [main] org.apache.catalina.startup.VersionLoggerListener.log Command line argument: -Dfile.encoding=UTF-8
08-May-2025 15:03:41.150 INFO [main] org.apache.catalina.startup.VersionLoggerListener.log Command line argument: -Dsun.stdout.encoding=UTF-8
08-May-2025 15:03:41.150 INFO [main] org.apache.catalina.startup.VersionLoggerListener.log Command line argument: -Dsun.stderr.encoding=UTF-8
08-May-2025 15:03:41.155 INFO [main] org.apache.catalina.core.AprLifecycleListener.lifecycleEvent The Apache Tomcat Native library which allows using OpenSSL was not found on the java.library.path: [C:\Users\msi\.jdks\openjdk-24\bin;C:\WINDOWS\Sun\Java\bin;C:\WINDOWS\system32;C:\WINDOWS;C:\Program Files\Common Files\Oracle\Java\javapath;C:\WINDOWS\system32;C:\WINDOWS;C:\WINDOWS\System32\Wbem;C:\WINDOWS\System32\WindowsPowerShell\v1.0\;C:\WINDOWS\System32\OpenSSH\;C:\Program Files\NVIDIA Corporation\NVIDIA NvDLISR;C:\Program Files\Git\cmd;C:\Users\msi\AppData\Local\Microsoft\WindowsApps;C:\Users\msi\AppData\Local\Programs\Microsoft VS Code\bin;;.]
08-May-2025 15:03:41.505 INFO [Catalina-utility-2] org.apache.catalina.startup.HostConfig.undeploy Undeploying context []
08-May-2025 15:03:41.517 INFO [Catalina-utility-2] org.apache.catalina.startup.HostConfig.deployDescriptor Deploying deployment descriptor [C:\Users\msi\Downloads\Food Delivery Website - Copy\Food Delivery Website - Copy\conf\Catalina\localhost\ROOT.xml]
08-May-2025 15:03:41.566 INFO [main] org.apache.coyote.AbstractProtocol.init Initializing ProtocolHandler ["http-nio-8080"]
08-May-2025 15:03:41.582 SEVERE [main] org.apache.catalina.util.LifecycleBase.handleSubClassException Failed to initialize component [Connector["http-nio-8080"]]
	org.apache.catalina.LifecycleException: Protocol handler initialization failed
		at org.apache.catalina.connector.Connector.initInternal(Connector.java:1056)
		at org.apache.catalina.util.LifecycleBase.init(LifecycleBase.java:122)
		at org.apache.catalina.core.StandardService.initInternal(StandardService.java:525)
		at org.apache.catalina.util.LifecycleBase.init(LifecycleBase.java:122)
		at org.apache.catalina.core.StandardServer.initInternal(StandardServer.java:953)
		at org.apache.catalina.util.LifecycleBase.init(LifecycleBase.java:122)
		at org.apache.catalina.startup.Catalina.load(Catalina.java:710)
		at org.apache.catalina.startup.Catalina.load(Catalina.java:733)
		at java.base/jdk.internal.reflect.DirectMethodHandleAccessor.invoke(DirectMethodHandleAccessor.java:104)
		at java.base/java.lang.reflect.Method.invoke(Method.java:565)
		at org.apache.catalina.startup.Bootstrap.load(Bootstrap.java:299)
		at org.apache.catalina.startup.Bootstrap.main(Bootstrap.java:469)
	Caused by: java.net.BindException: Address already in use: bind
		at java.base/sun.nio.ch.Net.bind0(Native Method)
		at java.base/sun.nio.ch.Net.bind(Net.java:511)
		at java.base/sun.nio.ch.ServerSocketChannelImpl.netBind(ServerSocketChannelImpl.java:335)
		at java.base/sun.nio.ch.ServerSocketChannelImpl.bind(ServerSocketChannelImpl.java:297)
		at org.apache.tomcat.util.net.NioEndpoint.initServerSocket(NioEndpoint.java:240)
		at org.apache.tomcat.util.net.NioEndpoint.bind(NioEndpoint.java:195)
		at org.apache.tomcat.util.net.AbstractEndpoint.bindWithCleanup(AbstractEndpoint.java:1472)
		at org.apache.tomcat.util.net.AbstractEndpoint.init(AbstractEndpoint.java:1485)
		at org.apache.coyote.AbstractProtocol.init(AbstractProtocol.java:633)
		at org.apache.coyote.http11.AbstractHttp11Protocol.init(AbstractHttp11Protocol.java:83)
		at org.apache.catalina.connector.Connector.initInternal(Connector.java:1054)
		... 11 more
08-May-2025 15:03:41.583 INFO [main] org.apache.catalina.startup.Catalina.load Server initialization in [776] milliseconds
08-May-2025 15:03:41.671 INFO [main] org.apache.catalina.core.StandardService.startInternal Starting service [Catalina]
08-May-2025 15:03:41.671 INFO [main] org.apache.catalina.core.StandardEngine.startInternal Starting Servlet engine: [Apache Tomcat/11.0.5]
08-May-2025 15:03:41.686 INFO [main] org.apache.catalina.startup.HostConfig.deployDescriptor Deploying deployment descriptor [C:\Users\msi\Downloads\Food Delivery Website - Copy\Food Delivery Website - Copy\conf\Catalina\localhost\ROOT.xml]
08-May-2025 15:03:41.692 INFO [Catalina-utility-2] org.apache.catalina.startup.HostConfig.deployDescriptor Deployment of deployment descriptor [C:\Users\msi\Downloads\Food Delivery Website - Copy\Food Delivery Website - Copy\conf\Catalina\localhost\ROOT.xml] has finished in [175] ms
08-May-2025 15:03:42.179 INFO [main] org.apache.catalina.startup.HostConfig.deployDescriptor Deployment of deployment descriptor [C:\Users\msi\Downloads\Food Delivery Website - Copy\Food Delivery Website - Copy\conf\Catalina\localhost\ROOT.xml] has finished in [490] ms
08-May-2025 15:03:42.193 INFO [main] org.apache.catalina.startup.Catalina.start Server startup in [606] milliseconds
08-May-2025 15:03:42.205 SEVERE [main] org.apache.catalina.core.StandardServer.await Failed to create server shutdown socket on address [localhost] and port [8005] (base port [8005] and offset [0])
	java.net.BindException: Address already in use: bind
		at java.base/sun.nio.ch.Net.bind0(Native Method)
		at java.base/sun.nio.ch.Net.bind(Net.java:511)
		at java.base/sun.nio.ch.Net.bind(Net.java:500)
		at java.base/sun.nio.ch.NioSocketImpl.bind(NioSocketImpl.java:630)
		at java.base/java.net.ServerSocket.bind(ServerSocket.java:326)
		at java.base/java.net.ServerSocket.<init>(ServerSocket.java:222)
		at org.apache.catalina.core.StandardServer.await(StandardServer.java:532)
		at org.apache.catalina.startup.Catalina.await(Catalina.java:849)
		at org.apache.catalina.startup.Catalina.start(Catalina.java:797)
		at java.base/jdk.internal.reflect.DirectMethodHandleAccessor.invoke(DirectMethodHandleAccessor.java:104)
		at java.base/java.lang.reflect.Method.invoke(Method.java:565)
		at org.apache.catalina.startup.Bootstrap.start(Bootstrap.java:342)
		at org.apache.catalina.startup.Bootstrap.main(Bootstrap.java:470)
08-May-2025 15:03:42.206 INFO [main] org.apache.coyote.AbstractProtocol.pause Pausing ProtocolHandler ["http-nio-8080"]
08-May-2025 15:03:42.206 INFO [main] org.apache.catalina.core.StandardService.stopInternal Stopping service [Catalina]
08-May-2025 15:03:42.224 INFO [main] org.apache.coyote.AbstractProtocol.stop Stopping ProtocolHandler ["http-nio-8080"]
08-May-2025 15:03:42.225 INFO [main] org.apache.coyote.AbstractProtocol.destroy Destroying ProtocolHandler ["http-nio-8080"]
08-May-2025 15:06:03.232 INFO [main] org.apache.catalina.startup.VersionLoggerListener.log Server version name:   Apache Tomcat/11.0.5
08-May-2025 15:06:03.239 INFO [main] org.apache.catalina.startup.VersionLoggerListener.log Server built:          Feb 28 2025 15:54:41 UTC
08-May-2025 15:06:03.240 INFO [main] org.apache.catalina.startup.VersionLoggerListener.log Server version number: 11.0.5.0
08-May-2025 15:06:03.241 INFO [main] org.apache.catalina.startup.VersionLoggerListener.log OS Name:               Windows 11
08-May-2025 15:06:03.241 INFO [main] org.apache.catalina.startup.VersionLoggerListener.log OS Version:            10.0
08-May-2025 15:06:03.241 INFO [main] org.apache.catalina.startup.VersionLoggerListener.log Architecture:          amd64
08-May-2025 15:06:03.241 INFO [main] org.apache.catalina.startup.VersionLoggerListener.log Java Home:             C:\Users\msi\.jdks\openjdk-24
08-May-2025 15:06:03.241 INFO [main] org.apache.catalina.startup.VersionLoggerListener.log JVM Version:           24+36-3646
08-May-2025 15:06:03.241 INFO [main] org.apache.catalina.startup.VersionLoggerListener.log JVM Vendor:            Oracle Corporation
08-May-2025 15:06:03.242 INFO [main] org.apache.catalina.startup.VersionLoggerListener.log CATALINA_BASE:         C:\Users\msi\Downloads\Food Delivery Website - Copy\Food Delivery Website - Copy
08-May-2025 15:06:03.242 INFO [main] org.apache.catalina.startup.VersionLoggerListener.log CATALINA_HOME:         C:\Program Files\Apache Software Foundation\Tomcat 11.0
08-May-2025 15:06:03.255 INFO [main] org.apache.catalina.startup.VersionLoggerListener.log Command line argument: --add-opens=java.base/java.lang=ALL-UNNAMED
08-May-2025 15:06:03.256 INFO [main] org.apache.catalina.startup.VersionLoggerListener.log Command line argument: --add-opens=java.base/java.io=ALL-UNNAMED
08-May-2025 15:06:03.256 INFO [main] org.apache.catalina.startup.VersionLoggerListener.log Command line argument: --add-opens=java.base/java.util=ALL-UNNAMED
08-May-2025 15:06:03.256 INFO [main] org.apache.catalina.startup.VersionLoggerListener.log Command line argument: --add-opens=java.base/java.util.concurrent=ALL-UNNAMED
08-May-2025 15:06:03.256 INFO [main] org.apache.catalina.startup.VersionLoggerListener.log Command line argument: --add-opens=java.rmi/sun.rmi.transport=ALL-UNNAMED
08-May-2025 15:06:03.256 INFO [main] org.apache.catalina.startup.VersionLoggerListener.log Command line argument: -Dcatalina.home=C:\Program Files\Apache Software Foundation\Tomcat 11.0
08-May-2025 15:06:03.256 INFO [main] org.apache.catalina.startup.VersionLoggerListener.log Command line argument: -Dcatalina.base=C:\Users\msi\Downloads\Food Delivery Website - Copy\Food Delivery Website - Copy
08-May-2025 15:06:03.256 INFO [main] org.apache.catalina.startup.VersionLoggerListener.log Command line argument: -Djava.io.tmpdir=C:\Users\msi\Downloads\Food Delivery Website - Copy\Food Delivery Website - Copy\temp
08-May-2025 15:06:03.256 INFO [main] org.apache.catalina.startup.VersionLoggerListener.log Command line argument: -Djava.util.logging.config.file=C:\Users\msi\Downloads\Food Delivery Website - Copy\Food Delivery Website - Copy\conf\logging.properties
08-May-2025 15:06:03.257 INFO [main] org.apache.catalina.startup.VersionLoggerListener.log Command line argument: -Djava.util.logging.manager=org.apache.juli.ClassLoaderLogManager
08-May-2025 15:06:03.257 INFO [main] org.apache.catalina.startup.VersionLoggerListener.log Command line argument: -javaagent:C:\Users\msi\AppData\Local\JetBrains\IntelliJ IDEA 2024.3.5\lib\idea_rt.jar=53927
08-May-2025 15:06:03.257 INFO [main] org.apache.catalina.startup.VersionLoggerListener.log Command line argument: -Dfile.encoding=UTF-8
08-May-2025 15:06:03.257 INFO [main] org.apache.catalina.startup.VersionLoggerListener.log Command line argument: -Dsun.stdout.encoding=UTF-8
08-May-2025 15:06:03.257 INFO [main] org.apache.catalina.startup.VersionLoggerListener.log Command line argument: -Dsun.stderr.encoding=UTF-8
08-May-2025 15:06:03.262 INFO [main] org.apache.catalina.core.AprLifecycleListener.lifecycleEvent The Apache Tomcat Native library which allows using OpenSSL was not found on the java.library.path: [C:\Users\msi\.jdks\openjdk-24\bin;C:\WINDOWS\Sun\Java\bin;C:\WINDOWS\system32;C:\WINDOWS;C:\Program Files\Common Files\Oracle\Java\javapath;C:\WINDOWS\system32;C:\WINDOWS;C:\WINDOWS\System32\Wbem;C:\WINDOWS\System32\WindowsPowerShell\v1.0\;C:\WINDOWS\System32\OpenSSH\;C:\Program Files\NVIDIA Corporation\NVIDIA NvDLISR;C:\Program Files\Git\cmd;C:\Users\msi\AppData\Local\Microsoft\WindowsApps;C:\Users\msi\AppData\Local\Programs\Microsoft VS Code\bin;;.]
08-May-2025 15:06:03.664 INFO [main] org.apache.coyote.AbstractProtocol.init Initializing ProtocolHandler ["http-nio-8080"]
08-May-2025 15:06:03.678 SEVERE [main] org.apache.catalina.util.LifecycleBase.handleSubClassException Failed to initialize component [Connector["http-nio-8080"]]
	org.apache.catalina.LifecycleException: Protocol handler initialization failed
		at org.apache.catalina.connector.Connector.initInternal(Connector.java:1056)
		at org.apache.catalina.util.LifecycleBase.init(LifecycleBase.java:122)
		at org.apache.catalina.core.StandardService.initInternal(StandardService.java:525)
		at org.apache.catalina.util.LifecycleBase.init(LifecycleBase.java:122)
		at org.apache.catalina.core.StandardServer.initInternal(StandardServer.java:953)
		at org.apache.catalina.util.LifecycleBase.init(LifecycleBase.java:122)
		at org.apache.catalina.startup.Catalina.load(Catalina.java:710)
		at org.apache.catalina.startup.Catalina.load(Catalina.java:733)
		at java.base/jdk.internal.reflect.DirectMethodHandleAccessor.invoke(DirectMethodHandleAccessor.java:104)
		at java.base/java.lang.reflect.Method.invoke(Method.java:565)
		at org.apache.catalina.startup.Bootstrap.load(Bootstrap.java:299)
		at org.apache.catalina.startup.Bootstrap.main(Bootstrap.java:469)
	Caused by: java.net.BindException: Address already in use: bind
		at java.base/sun.nio.ch.Net.bind0(Native Method)
		at java.base/sun.nio.ch.Net.bind(Net.java:511)
		at java.base/sun.nio.ch.ServerSocketChannelImpl.netBind(ServerSocketChannelImpl.java:335)
		at java.base/sun.nio.ch.ServerSocketChannelImpl.bind(ServerSocketChannelImpl.java:297)
		at org.apache.tomcat.util.net.NioEndpoint.initServerSocket(NioEndpoint.java:240)
		at org.apache.tomcat.util.net.NioEndpoint.bind(NioEndpoint.java:195)
		at org.apache.tomcat.util.net.AbstractEndpoint.bindWithCleanup(AbstractEndpoint.java:1472)
		at org.apache.tomcat.util.net.AbstractEndpoint.init(AbstractEndpoint.java:1485)
		at org.apache.coyote.AbstractProtocol.init(AbstractProtocol.java:633)
		at org.apache.coyote.http11.AbstractHttp11Protocol.init(AbstractHttp11Protocol.java:83)
		at org.apache.catalina.connector.Connector.initInternal(Connector.java:1054)
		... 11 more
08-May-2025 15:06:03.679 INFO [main] org.apache.catalina.startup.Catalina.load Server initialization in [709] milliseconds
08-May-2025 15:06:03.757 INFO [main] org.apache.catalina.core.StandardService.startInternal Starting service [Catalina]
08-May-2025 15:06:03.757 INFO [main] org.apache.catalina.core.StandardEngine.startInternal Starting Servlet engine: [Apache Tomcat/11.0.5]
08-May-2025 15:06:03.770 INFO [main] org.apache.catalina.startup.HostConfig.deployDescriptor Deploying deployment descriptor [C:\Users\msi\Downloads\Food Delivery Website - Copy\Food Delivery Website - Copy\conf\Catalina\localhost\ROOT.xml]
08-May-2025 15:06:04.312 INFO [main] org.apache.catalina.startup.HostConfig.deployDescriptor Deployment of deployment descriptor [C:\Users\msi\Downloads\Food Delivery Website - Copy\Food Delivery Website - Copy\conf\Catalina\localhost\ROOT.xml] has finished in [541] ms
08-May-2025 15:06:04.334 INFO [main] org.apache.catalina.startup.Catalina.start Server startup in [653] milliseconds
08-May-2025 15:06:04.342 SEVERE [main] org.apache.catalina.core.StandardServer.await Failed to create server shutdown socket on address [localhost] and port [8005] (base port [8005] and offset [0])
	java.net.BindException: Address already in use: bind
		at java.base/sun.nio.ch.Net.bind0(Native Method)
		at java.base/sun.nio.ch.Net.bind(Net.java:511)
		at java.base/sun.nio.ch.Net.bind(Net.java:500)
		at java.base/sun.nio.ch.NioSocketImpl.bind(NioSocketImpl.java:630)
		at java.base/java.net.ServerSocket.bind(ServerSocket.java:326)
		at java.base/java.net.ServerSocket.<init>(ServerSocket.java:222)
		at org.apache.catalina.core.StandardServer.await(StandardServer.java:532)
		at org.apache.catalina.startup.Catalina.await(Catalina.java:849)
		at org.apache.catalina.startup.Catalina.start(Catalina.java:797)
		at java.base/jdk.internal.reflect.DirectMethodHandleAccessor.invoke(DirectMethodHandleAccessor.java:104)
		at java.base/java.lang.reflect.Method.invoke(Method.java:565)
		at org.apache.catalina.startup.Bootstrap.start(Bootstrap.java:342)
		at org.apache.catalina.startup.Bootstrap.main(Bootstrap.java:470)
08-May-2025 15:06:04.343 INFO [main] org.apache.coyote.AbstractProtocol.pause Pausing ProtocolHandler ["http-nio-8080"]
08-May-2025 15:06:04.343 INFO [main] org.apache.catalina.core.StandardService.stopInternal Stopping service [Catalina]
08-May-2025 15:06:04.357 INFO [main] org.apache.coyote.AbstractProtocol.stop Stopping ProtocolHandler ["http-nio-8080"]
08-May-2025 15:06:04.357 INFO [main] org.apache.coyote.AbstractProtocol.destroy Destroying ProtocolHandler ["http-nio-8080"]
08-May-2025 15:06:11.848 INFO [Catalina-utility-2] org.apache.catalina.startup.HostConfig.undeploy Undeploying context []
08-May-2025 15:06:11.884 INFO [Catalina-utility-2] org.apache.catalina.startup.HostConfig.deployDescriptor Deploying deployment descriptor [C:\Users\msi\Downloads\Food Delivery Website - Copy\Food Delivery Website - Copy\conf\Catalina\localhost\ROOT.xml]
08-May-2025 15:06:12.073 INFO [Catalina-utility-2] org.apache.catalina.startup.HostConfig.deployDescriptor Deployment of deployment descriptor [C:\Users\msi\Downloads\Food Delivery Website - Copy\Food Delivery Website - Copy\conf\Catalina\localhost\ROOT.xml] has finished in [189] ms
08-May-2025 15:06:54.151 INFO [main] org.apache.catalina.startup.VersionLoggerListener.log Server version name:   Apache Tomcat/11.0.5
08-May-2025 15:06:54.155 INFO [main] org.apache.catalina.startup.VersionLoggerListener.log Server built:          Feb 28 2025 15:54:41 UTC
08-May-2025 15:06:54.156 INFO [main] org.apache.catalina.startup.VersionLoggerListener.log Server version number: 11.0.5.0
08-May-2025 15:06:54.156 INFO [main] org.apache.catalina.startup.VersionLoggerListener.log OS Name:               Windows 11
08-May-2025 15:06:54.156 INFO [main] org.apache.catalina.startup.VersionLoggerListener.log OS Version:            10.0
08-May-2025 15:06:54.156 INFO [main] org.apache.catalina.startup.VersionLoggerListener.log Architecture:          amd64
08-May-2025 15:06:54.156 INFO [main] org.apache.catalina.startup.VersionLoggerListener.log Java Home:             C:\Users\msi\.jdks\openjdk-24
08-May-2025 15:06:54.156 INFO [main] org.apache.catalina.startup.VersionLoggerListener.log JVM Version:           24+36-3646
08-May-2025 15:06:54.156 INFO [main] org.apache.catalina.startup.VersionLoggerListener.log JVM Vendor:            Oracle Corporation
08-May-2025 15:06:54.156 INFO [main] org.apache.catalina.startup.VersionLoggerListener.log CATALINA_BASE:         C:\Users\msi\Downloads\Food Delivery Website - Copy\Food Delivery Website - Copy
08-May-2025 15:06:54.156 INFO [main] org.apache.catalina.startup.VersionLoggerListener.log CATALINA_HOME:         C:\Program Files\Apache Software Foundation\Tomcat 11.0
08-May-2025 15:06:54.179 INFO [main] org.apache.catalina.startup.VersionLoggerListener.log Command line argument: --add-opens=java.base/java.lang=ALL-UNNAMED
08-May-2025 15:06:54.179 INFO [main] org.apache.catalina.startup.VersionLoggerListener.log Command line argument: --add-opens=java.base/java.io=ALL-UNNAMED
08-May-2025 15:06:54.180 INFO [main] org.apache.catalina.startup.VersionLoggerListener.log Command line argument: --add-opens=java.base/java.util=ALL-UNNAMED
08-May-2025 15:06:54.180 INFO [main] org.apache.catalina.startup.VersionLoggerListener.log Command line argument: --add-opens=java.base/java.util.concurrent=ALL-UNNAMED
08-May-2025 15:06:54.180 INFO [main] org.apache.catalina.startup.VersionLoggerListener.log Command line argument: --add-opens=java.rmi/sun.rmi.transport=ALL-UNNAMED
08-May-2025 15:06:54.180 INFO [main] org.apache.catalina.startup.VersionLoggerListener.log Command line argument: -Dcatalina.home=C:\Program Files\Apache Software Foundation\Tomcat 11.0
08-May-2025 15:06:54.180 INFO [main] org.apache.catalina.startup.VersionLoggerListener.log Command line argument: -Dcatalina.base=C:\Users\msi\Downloads\Food Delivery Website - Copy\Food Delivery Website - Copy
08-May-2025 15:06:54.180 INFO [main] org.apache.catalina.startup.VersionLoggerListener.log Command line argument: -Djava.io.tmpdir=C:\Users\msi\Downloads\Food Delivery Website - Copy\Food Delivery Website - Copy\temp
08-May-2025 15:06:54.180 INFO [main] org.apache.catalina.startup.VersionLoggerListener.log Command line argument: -Djava.util.logging.config.file=C:\Users\msi\Downloads\Food Delivery Website - Copy\Food Delivery Website - Copy\conf\logging.properties
08-May-2025 15:06:54.180 INFO [main] org.apache.catalina.startup.VersionLoggerListener.log Command line argument: -Djava.util.logging.manager=org.apache.juli.ClassLoaderLogManager
08-May-2025 15:06:54.180 INFO [main] org.apache.catalina.startup.VersionLoggerListener.log Command line argument: -javaagent:C:\Users\msi\AppData\Local\JetBrains\IntelliJ IDEA 2024.3.5\lib\idea_rt.jar=53936
08-May-2025 15:06:54.180 INFO [main] org.apache.catalina.startup.VersionLoggerListener.log Command line argument: -Dfile.encoding=UTF-8
08-May-2025 15:06:54.180 INFO [main] org.apache.catalina.startup.VersionLoggerListener.log Command line argument: -Dsun.stdout.encoding=UTF-8
08-May-2025 15:06:54.180 INFO [main] org.apache.catalina.startup.VersionLoggerListener.log Command line argument: -Dsun.stderr.encoding=UTF-8
08-May-2025 15:06:54.185 INFO [main] org.apache.catalina.core.AprLifecycleListener.lifecycleEvent The Apache Tomcat Native library which allows using OpenSSL was not found on the java.library.path: [C:\Users\msi\.jdks\openjdk-24\bin;C:\WINDOWS\Sun\Java\bin;C:\WINDOWS\system32;C:\WINDOWS;C:\Program Files\Common Files\Oracle\Java\javapath;C:\WINDOWS\system32;C:\WINDOWS;C:\WINDOWS\System32\Wbem;C:\WINDOWS\System32\WindowsPowerShell\v1.0\;C:\WINDOWS\System32\OpenSSH\;C:\Program Files\NVIDIA Corporation\NVIDIA NvDLISR;C:\Program Files\Git\cmd;C:\Users\msi\AppData\Local\Microsoft\WindowsApps;C:\Users\msi\AppData\Local\Programs\Microsoft VS Code\bin;;.]
08-May-2025 15:06:54.582 INFO [main] org.apache.coyote.AbstractProtocol.init Initializing ProtocolHandler ["http-nio-8080"]
08-May-2025 15:06:54.593 SEVERE [main] org.apache.catalina.util.LifecycleBase.handleSubClassException Failed to initialize component [Connector["http-nio-8080"]]
	org.apache.catalina.LifecycleException: Protocol handler initialization failed
		at org.apache.catalina.connector.Connector.initInternal(Connector.java:1056)
		at org.apache.catalina.util.LifecycleBase.init(LifecycleBase.java:122)
		at org.apache.catalina.core.StandardService.initInternal(StandardService.java:525)
		at org.apache.catalina.util.LifecycleBase.init(LifecycleBase.java:122)
		at org.apache.catalina.core.StandardServer.initInternal(StandardServer.java:953)
		at org.apache.catalina.util.LifecycleBase.init(LifecycleBase.java:122)
		at org.apache.catalina.startup.Catalina.load(Catalina.java:710)
		at org.apache.catalina.startup.Catalina.load(Catalina.java:733)
		at java.base/jdk.internal.reflect.DirectMethodHandleAccessor.invoke(DirectMethodHandleAccessor.java:104)
		at java.base/java.lang.reflect.Method.invoke(Method.java:565)
		at org.apache.catalina.startup.Bootstrap.load(Bootstrap.java:299)
		at org.apache.catalina.startup.Bootstrap.main(Bootstrap.java:469)
	Caused by: java.net.BindException: Address already in use: bind
		at java.base/sun.nio.ch.Net.bind0(Native Method)
		at java.base/sun.nio.ch.Net.bind(Net.java:511)
		at java.base/sun.nio.ch.ServerSocketChannelImpl.netBind(ServerSocketChannelImpl.java:335)
		at java.base/sun.nio.ch.ServerSocketChannelImpl.bind(ServerSocketChannelImpl.java:297)
		at org.apache.tomcat.util.net.NioEndpoint.initServerSocket(NioEndpoint.java:240)
		at org.apache.tomcat.util.net.NioEndpoint.bind(NioEndpoint.java:195)
		at org.apache.tomcat.util.net.AbstractEndpoint.bindWithCleanup(AbstractEndpoint.java:1472)
		at org.apache.tomcat.util.net.AbstractEndpoint.init(AbstractEndpoint.java:1485)
		at org.apache.coyote.AbstractProtocol.init(AbstractProtocol.java:633)
		at org.apache.coyote.http11.AbstractHttp11Protocol.init(AbstractHttp11Protocol.java:83)
		at org.apache.catalina.connector.Connector.initInternal(Connector.java:1054)
		... 11 more
08-May-2025 15:06:54.594 INFO [main] org.apache.catalina.startup.Catalina.load Server initialization in [688] milliseconds
08-May-2025 15:06:54.658 INFO [main] org.apache.catalina.core.StandardService.startInternal Starting service [Catalina]
08-May-2025 15:06:54.658 INFO [main] org.apache.catalina.core.StandardEngine.startInternal Starting Servlet engine: [Apache Tomcat/11.0.5]
08-May-2025 15:06:54.671 INFO [main] org.apache.catalina.startup.HostConfig.deployDescriptor Deploying deployment descriptor [C:\Users\msi\Downloads\Food Delivery Website - Copy\Food Delivery Website - Copy\conf\Catalina\localhost\ROOT.xml]
08-May-2025 15:06:55.146 INFO [main] org.apache.catalina.startup.HostConfig.deployDescriptor Deployment of deployment descriptor [C:\Users\msi\Downloads\Food Delivery Website - Copy\Food Delivery Website - Copy\conf\Catalina\localhost\ROOT.xml] has finished in [474] ms
08-May-2025 15:06:55.159 INFO [main] org.apache.catalina.startup.Catalina.start Server startup in [562] milliseconds
08-May-2025 15:06:55.166 SEVERE [main] org.apache.catalina.core.StandardServer.await Failed to create server shutdown socket on address [localhost] and port [8005] (base port [8005] and offset [0])
	java.net.BindException: Address already in use: bind
		at java.base/sun.nio.ch.Net.bind0(Native Method)
		at java.base/sun.nio.ch.Net.bind(Net.java:511)
		at java.base/sun.nio.ch.Net.bind(Net.java:500)
		at java.base/sun.nio.ch.NioSocketImpl.bind(NioSocketImpl.java:630)
		at java.base/java.net.ServerSocket.bind(ServerSocket.java:326)
		at java.base/java.net.ServerSocket.<init>(ServerSocket.java:222)
		at org.apache.catalina.core.StandardServer.await(StandardServer.java:532)
		at org.apache.catalina.startup.Catalina.await(Catalina.java:849)
		at org.apache.catalina.startup.Catalina.start(Catalina.java:797)
		at java.base/jdk.internal.reflect.DirectMethodHandleAccessor.invoke(DirectMethodHandleAccessor.java:104)
		at java.base/java.lang.reflect.Method.invoke(Method.java:565)
		at org.apache.catalina.startup.Bootstrap.start(Bootstrap.java:342)
		at org.apache.catalina.startup.Bootstrap.main(Bootstrap.java:470)
08-May-2025 15:06:55.167 INFO [main] org.apache.coyote.AbstractProtocol.pause Pausing ProtocolHandler ["http-nio-8080"]
08-May-2025 15:06:55.167 INFO [main] org.apache.catalina.core.StandardService.stopInternal Stopping service [Catalina]
08-May-2025 15:06:55.175 INFO [main] org.apache.coyote.AbstractProtocol.stop Stopping ProtocolHandler ["http-nio-8080"]
08-May-2025 15:06:55.176 INFO [main] org.apache.coyote.AbstractProtocol.destroy Destroying ProtocolHandler ["http-nio-8080"]
08-May-2025 15:07:02.120 INFO [Catalina-utility-1] org.apache.catalina.startup.HostConfig.undeploy Undeploying context []
08-May-2025 15:07:02.128 INFO [Catalina-utility-1] org.apache.catalina.startup.HostConfig.deployDescriptor Deploying deployment descriptor [C:\Users\msi\Downloads\Food Delivery Website - Copy\Food Delivery Website - Copy\conf\Catalina\localhost\ROOT.xml]
08-May-2025 15:07:02.301 INFO [Catalina-utility-1] org.apache.catalina.startup.HostConfig.deployDescriptor Deployment of deployment descriptor [C:\Users\msi\Downloads\Food Delivery Website - Copy\Food Delivery Website - Copy\conf\Catalina\localhost\ROOT.xml] has finished in [173] ms
08-May-2025 15:07:13.207 INFO [main] org.apache.catalina.startup.VersionLoggerListener.log Server version name:   Apache Tomcat/11.0.5
08-May-2025 15:07:13.210 INFO [main] org.apache.catalina.startup.VersionLoggerListener.log Server built:          Feb 28 2025 15:54:41 UTC
08-May-2025 15:07:13.210 INFO [main] org.apache.catalina.startup.VersionLoggerListener.log Server version number: 11.0.5.0
08-May-2025 15:07:13.210 INFO [main] org.apache.catalina.startup.VersionLoggerListener.log OS Name:               Windows 11
08-May-2025 15:07:13.210 INFO [main] org.apache.catalina.startup.VersionLoggerListener.log OS Version:            10.0
08-May-2025 15:07:13.211 INFO [main] org.apache.catalina.startup.VersionLoggerListener.log Architecture:          amd64
08-May-2025 15:07:13.211 INFO [main] org.apache.catalina.startup.VersionLoggerListener.log Java Home:             C:\Users\msi\.jdks\openjdk-24
08-May-2025 15:07:13.211 INFO [main] org.apache.catalina.startup.VersionLoggerListener.log JVM Version:           24+36-3646
08-May-2025 15:07:13.212 INFO [main] org.apache.catalina.startup.VersionLoggerListener.log JVM Vendor:            Oracle Corporation
08-May-2025 15:07:13.212 INFO [main] org.apache.catalina.startup.VersionLoggerListener.log CATALINA_BASE:         C:\Users\msi\Downloads\Food Delivery Website - Copy\Food Delivery Website - Copy
08-May-2025 15:07:13.212 INFO [main] org.apache.catalina.startup.VersionLoggerListener.log CATALINA_HOME:         C:\Program Files\Apache Software Foundation\Tomcat 11.0
08-May-2025 15:07:13.229 INFO [main] org.apache.catalina.startup.VersionLoggerListener.log Command line argument: --add-opens=java.base/java.lang=ALL-UNNAMED
08-May-2025 15:07:13.229 INFO [main] org.apache.catalina.startup.VersionLoggerListener.log Command line argument: --add-opens=java.base/java.io=ALL-UNNAMED
08-May-2025 15:07:13.229 INFO [main] org.apache.catalina.startup.VersionLoggerListener.log Command line argument: --add-opens=java.base/java.util=ALL-UNNAMED
08-May-2025 15:07:13.229 INFO [main] org.apache.catalina.startup.VersionLoggerListener.log Command line argument: --add-opens=java.base/java.util.concurrent=ALL-UNNAMED
08-May-2025 15:07:13.229 INFO [main] org.apache.catalina.startup.VersionLoggerListener.log Command line argument: --add-opens=java.rmi/sun.rmi.transport=ALL-UNNAMED
08-May-2025 15:07:13.230 INFO [main] org.apache.catalina.startup.VersionLoggerListener.log Command line argument: -Dcatalina.home=C:\Program Files\Apache Software Foundation\Tomcat 11.0
08-May-2025 15:07:13.230 INFO [main] org.apache.catalina.startup.VersionLoggerListener.log Command line argument: -Dcatalina.base=C:\Users\msi\Downloads\Food Delivery Website - Copy\Food Delivery Website - Copy
08-May-2025 15:07:13.230 INFO [main] org.apache.catalina.startup.VersionLoggerListener.log Command line argument: -Djava.io.tmpdir=C:\Users\msi\Downloads\Food Delivery Website - Copy\Food Delivery Website - Copy\temp
08-May-2025 15:07:13.230 INFO [main] org.apache.catalina.startup.VersionLoggerListener.log Command line argument: -Djava.util.logging.config.file=C:\Users\msi\Downloads\Food Delivery Website - Copy\Food Delivery Website - Copy\conf\logging.properties
08-May-2025 15:07:13.230 INFO [main] org.apache.catalina.startup.VersionLoggerListener.log Command line argument: -Djava.util.logging.manager=org.apache.juli.ClassLoaderLogManager
08-May-2025 15:07:13.230 INFO [main] org.apache.catalina.startup.VersionLoggerListener.log Command line argument: -javaagent:C:\Users\msi\AppData\Local\JetBrains\IntelliJ IDEA 2024.3.5\lib\idea_rt.jar=53943
08-May-2025 15:07:13.230 INFO [main] org.apache.catalina.startup.VersionLoggerListener.log Command line argument: -Dfile.encoding=UTF-8
08-May-2025 15:07:13.230 INFO [main] org.apache.catalina.startup.VersionLoggerListener.log Command line argument: -Dsun.stdout.encoding=UTF-8
08-May-2025 15:07:13.230 INFO [main] org.apache.catalina.startup.VersionLoggerListener.log Command line argument: -Dsun.stderr.encoding=UTF-8
08-May-2025 15:07:13.236 INFO [main] org.apache.catalina.core.AprLifecycleListener.lifecycleEvent The Apache Tomcat Native library which allows using OpenSSL was not found on the java.library.path: [C:\Users\msi\.jdks\openjdk-24\bin;C:\WINDOWS\Sun\Java\bin;C:\WINDOWS\system32;C:\WINDOWS;C:\Program Files\Common Files\Oracle\Java\javapath;C:\WINDOWS\system32;C:\WINDOWS;C:\WINDOWS\System32\Wbem;C:\WINDOWS\System32\WindowsPowerShell\v1.0\;C:\WINDOWS\System32\OpenSSH\;C:\Program Files\NVIDIA Corporation\NVIDIA NvDLISR;C:\Program Files\Git\cmd;C:\Users\msi\AppData\Local\Microsoft\WindowsApps;C:\Users\msi\AppData\Local\Programs\Microsoft VS Code\bin;;.]
08-May-2025 15:07:13.671 INFO [main] org.apache.coyote.AbstractProtocol.init Initializing ProtocolHandler ["http-nio-8080"]
08-May-2025 15:07:13.685 SEVERE [main] org.apache.catalina.util.LifecycleBase.handleSubClassException Failed to initialize component [Connector["http-nio-8080"]]
	org.apache.catalina.LifecycleException: Protocol handler initialization failed
		at org.apache.catalina.connector.Connector.initInternal(Connector.java:1056)
		at org.apache.catalina.util.LifecycleBase.init(LifecycleBase.java:122)
		at org.apache.catalina.core.StandardService.initInternal(StandardService.java:525)
		at org.apache.catalina.util.LifecycleBase.init(LifecycleBase.java:122)
		at org.apache.catalina.core.StandardServer.initInternal(StandardServer.java:953)
		at org.apache.catalina.util.LifecycleBase.init(LifecycleBase.java:122)
		at org.apache.catalina.startup.Catalina.load(Catalina.java:710)
		at org.apache.catalina.startup.Catalina.load(Catalina.java:733)
		at java.base/jdk.internal.reflect.DirectMethodHandleAccessor.invoke(DirectMethodHandleAccessor.java:104)
		at java.base/java.lang.reflect.Method.invoke(Method.java:565)
		at org.apache.catalina.startup.Bootstrap.load(Bootstrap.java:299)
		at org.apache.catalina.startup.Bootstrap.main(Bootstrap.java:469)
	Caused by: java.net.BindException: Address already in use: bind
		at java.base/sun.nio.ch.Net.bind0(Native Method)
		at java.base/sun.nio.ch.Net.bind(Net.java:511)
		at java.base/sun.nio.ch.ServerSocketChannelImpl.netBind(ServerSocketChannelImpl.java:335)
		at java.base/sun.nio.ch.ServerSocketChannelImpl.bind(ServerSocketChannelImpl.java:297)
		at org.apache.tomcat.util.net.NioEndpoint.initServerSocket(NioEndpoint.java:240)
		at org.apache.tomcat.util.net.NioEndpoint.bind(NioEndpoint.java:195)
		at org.apache.tomcat.util.net.AbstractEndpoint.bindWithCleanup(AbstractEndpoint.java:1472)
		at org.apache.tomcat.util.net.AbstractEndpoint.init(AbstractEndpoint.java:1485)
		at org.apache.coyote.AbstractProtocol.init(AbstractProtocol.java:633)
		at org.apache.coyote.http11.AbstractHttp11Protocol.init(AbstractHttp11Protocol.java:83)
		at org.apache.catalina.connector.Connector.initInternal(Connector.java:1054)
		... 11 more
08-May-2025 15:07:13.687 INFO [main] org.apache.catalina.startup.Catalina.load Server initialization in [737] milliseconds
08-May-2025 15:07:13.782 INFO [main] org.apache.catalina.core.StandardService.startInternal Starting service [Catalina]
08-May-2025 15:07:13.782 INFO [main] org.apache.catalina.core.StandardEngine.startInternal Starting Servlet engine: [Apache Tomcat/11.0.5]
08-May-2025 15:07:13.802 INFO [main] org.apache.catalina.startup.HostConfig.deployDescriptor Deploying deployment descriptor [C:\Users\msi\Downloads\Food Delivery Website - Copy\Food Delivery Website - Copy\conf\Catalina\localhost\ROOT.xml]
08-May-2025 15:07:14.466 INFO [main] org.apache.catalina.startup.HostConfig.deployDescriptor Deployment of deployment descriptor [C:\Users\msi\Downloads\Food Delivery Website - Copy\Food Delivery Website - Copy\conf\Catalina\localhost\ROOT.xml] has finished in [664] ms
08-May-2025 15:07:14.483 INFO [main] org.apache.catalina.startup.Catalina.start Server startup in [792] milliseconds
08-May-2025 15:07:14.492 SEVERE [main] org.apache.catalina.core.StandardServer.await Failed to create server shutdown socket on address [localhost] and port [8005] (base port [8005] and offset [0])
	java.net.BindException: Address already in use: bind
		at java.base/sun.nio.ch.Net.bind0(Native Method)
		at java.base/sun.nio.ch.Net.bind(Net.java:511)
		at java.base/sun.nio.ch.Net.bind(Net.java:500)
		at java.base/sun.nio.ch.NioSocketImpl.bind(NioSocketImpl.java:630)
		at java.base/java.net.ServerSocket.bind(ServerSocket.java:326)
		at java.base/java.net.ServerSocket.<init>(ServerSocket.java:222)
		at org.apache.catalina.core.StandardServer.await(StandardServer.java:532)
		at org.apache.catalina.startup.Catalina.await(Catalina.java:849)
		at org.apache.catalina.startup.Catalina.start(Catalina.java:797)
		at java.base/jdk.internal.reflect.DirectMethodHandleAccessor.invoke(DirectMethodHandleAccessor.java:104)
		at java.base/java.lang.reflect.Method.invoke(Method.java:565)
		at org.apache.catalina.startup.Bootstrap.start(Bootstrap.java:342)
		at org.apache.catalina.startup.Bootstrap.main(Bootstrap.java:470)
08-May-2025 15:07:14.493 INFO [main] org.apache.coyote.AbstractProtocol.pause Pausing ProtocolHandler ["http-nio-8080"]
08-May-2025 15:07:14.493 INFO [main] org.apache.catalina.core.StandardService.stopInternal Stopping service [Catalina]
08-May-2025 15:07:14.505 INFO [main] org.apache.coyote.AbstractProtocol.stop Stopping ProtocolHandler ["http-nio-8080"]
08-May-2025 15:07:14.506 INFO [main] org.apache.coyote.AbstractProtocol.destroy Destroying ProtocolHandler ["http-nio-8080"]
08-May-2025 15:07:22.309 INFO [Catalina-utility-1] org.apache.catalina.startup.HostConfig.undeploy Undeploying context []
08-May-2025 15:07:22.333 INFO [Catalina-utility-1] org.apache.catalina.startup.HostConfig.deployDescriptor Deploying deployment descriptor [C:\Users\msi\Downloads\Food Delivery Website - Copy\Food Delivery Website - Copy\conf\Catalina\localhost\ROOT.xml]
08-May-2025 15:07:22.574 INFO [Catalina-utility-1] org.apache.catalina.startup.HostConfig.deployDescriptor Deployment of deployment descriptor [C:\Users\msi\Downloads\Food Delivery Website - Copy\Food Delivery Website - Copy\conf\Catalina\localhost\ROOT.xml] has finished in [241] ms
08-May-2025 15:08:12.974 INFO [main] org.apache.catalina.startup.VersionLoggerListener.log Server version name:   Apache Tomcat/11.0.5
08-May-2025 15:08:12.979 INFO [main] org.apache.catalina.startup.VersionLoggerListener.log Server built:          Feb 28 2025 15:54:41 UTC
08-May-2025 15:08:12.980 INFO [main] org.apache.catalina.startup.VersionLoggerListener.log Server version number: 11.0.5.0
08-May-2025 15:08:12.980 INFO [main] org.apache.catalina.startup.VersionLoggerListener.log OS Name:               Windows 11
08-May-2025 15:08:12.980 INFO [main] org.apache.catalina.startup.VersionLoggerListener.log OS Version:            10.0
08-May-2025 15:08:12.980 INFO [main] org.apache.catalina.startup.VersionLoggerListener.log Architecture:          amd64
08-May-2025 15:08:12.980 INFO [main] org.apache.catalina.startup.VersionLoggerListener.log Java Home:             C:\Users\msi\.jdks\openjdk-24
08-May-2025 15:08:12.980 INFO [main] org.apache.catalina.startup.VersionLoggerListener.log JVM Version:           24+36-3646
08-May-2025 15:08:12.980 INFO [main] org.apache.catalina.startup.VersionLoggerListener.log JVM Vendor:            Oracle Corporation
08-May-2025 15:08:12.981 INFO [main] org.apache.catalina.startup.VersionLoggerListener.log CATALINA_BASE:         C:\Users\msi\Downloads\Food Delivery Website - Copy\Food Delivery Website - Copy
08-May-2025 15:08:12.981 INFO [main] org.apache.catalina.startup.VersionLoggerListener.log CATALINA_HOME:         C:\Program Files\Apache Software Foundation\Tomcat 11.0
08-May-2025 15:08:12.991 INFO [main] org.apache.catalina.startup.VersionLoggerListener.log Command line argument: --add-opens=java.base/java.lang=ALL-UNNAMED
08-May-2025 15:08:12.991 INFO [main] org.apache.catalina.startup.VersionLoggerListener.log Command line argument: --add-opens=java.base/java.io=ALL-UNNAMED
08-May-2025 15:08:12.991 INFO [main] org.apache.catalina.startup.VersionLoggerListener.log Command line argument: --add-opens=java.base/java.util=ALL-UNNAMED
08-May-2025 15:08:12.991 INFO [main] org.apache.catalina.startup.VersionLoggerListener.log Command line argument: --add-opens=java.base/java.util.concurrent=ALL-UNNAMED
08-May-2025 15:08:12.992 INFO [main] org.apache.catalina.startup.VersionLoggerListener.log Command line argument: --add-opens=java.rmi/sun.rmi.transport=ALL-UNNAMED
08-May-2025 15:08:12.992 INFO [main] org.apache.catalina.startup.VersionLoggerListener.log Command line argument: -Dcatalina.home=C:\Program Files\Apache Software Foundation\Tomcat 11.0
08-May-2025 15:08:12.992 INFO [main] org.apache.catalina.startup.VersionLoggerListener.log Command line argument: -Dcatalina.base=C:\Users\msi\Downloads\Food Delivery Website - Copy\Food Delivery Website - Copy
08-May-2025 15:08:12.992 INFO [main] org.apache.catalina.startup.VersionLoggerListener.log Command line argument: -Djava.io.tmpdir=C:\Users\msi\Downloads\Food Delivery Website - Copy\Food Delivery Website - Copy\temp
08-May-2025 15:08:12.992 INFO [main] org.apache.catalina.startup.VersionLoggerListener.log Command line argument: -Djava.util.logging.config.file=C:\Users\msi\Downloads\Food Delivery Website - Copy\Food Delivery Website - Copy\conf\logging.properties
08-May-2025 15:08:12.992 INFO [main] org.apache.catalina.startup.VersionLoggerListener.log Command line argument: -Djava.util.logging.manager=org.apache.juli.ClassLoaderLogManager
08-May-2025 15:08:12.992 INFO [main] org.apache.catalina.startup.VersionLoggerListener.log Command line argument: -javaagent:C:\Users\msi\AppData\Local\JetBrains\IntelliJ IDEA 2024.3.5\lib\idea_rt.jar=53948
08-May-2025 15:08:12.992 INFO [main] org.apache.catalina.startup.VersionLoggerListener.log Command line argument: -Dfile.encoding=UTF-8
08-May-2025 15:08:12.992 INFO [main] org.apache.catalina.startup.VersionLoggerListener.log Command line argument: -Dsun.stdout.encoding=UTF-8
08-May-2025 15:08:12.992 INFO [main] org.apache.catalina.startup.VersionLoggerListener.log Command line argument: -Dsun.stderr.encoding=UTF-8
08-May-2025 15:08:12.997 INFO [main] org.apache.catalina.core.AprLifecycleListener.lifecycleEvent The Apache Tomcat Native library which allows using OpenSSL was not found on the java.library.path: [C:\Users\msi\.jdks\openjdk-24\bin;C:\WINDOWS\Sun\Java\bin;C:\WINDOWS\system32;C:\WINDOWS;C:\Program Files\Common Files\Oracle\Java\javapath;C:\WINDOWS\system32;C:\WINDOWS;C:\WINDOWS\System32\Wbem;C:\WINDOWS\System32\WindowsPowerShell\v1.0\;C:\WINDOWS\System32\OpenSSH\;C:\Program Files\NVIDIA Corporation\NVIDIA NvDLISR;C:\Program Files\Git\cmd;C:\Users\msi\AppData\Local\Microsoft\WindowsApps;C:\Users\msi\AppData\Local\Programs\Microsoft VS Code\bin;;.]
08-May-2025 15:08:13.357 INFO [main] org.apache.coyote.AbstractProtocol.init Initializing ProtocolHandler ["http-nio-8080"]
08-May-2025 15:08:13.372 SEVERE [main] org.apache.catalina.util.LifecycleBase.handleSubClassException Failed to initialize component [Connector["http-nio-8080"]]
	org.apache.catalina.LifecycleException: Protocol handler initialization failed
		at org.apache.catalina.connector.Connector.initInternal(Connector.java:1056)
		at org.apache.catalina.util.LifecycleBase.init(LifecycleBase.java:122)
		at org.apache.catalina.core.StandardService.initInternal(StandardService.java:525)
		at org.apache.catalina.util.LifecycleBase.init(LifecycleBase.java:122)
		at org.apache.catalina.core.StandardServer.initInternal(StandardServer.java:953)
		at org.apache.catalina.util.LifecycleBase.init(LifecycleBase.java:122)
		at org.apache.catalina.startup.Catalina.load(Catalina.java:710)
		at org.apache.catalina.startup.Catalina.load(Catalina.java:733)
		at java.base/jdk.internal.reflect.DirectMethodHandleAccessor.invoke(DirectMethodHandleAccessor.java:104)
		at java.base/java.lang.reflect.Method.invoke(Method.java:565)
		at org.apache.catalina.startup.Bootstrap.load(Bootstrap.java:299)
		at org.apache.catalina.startup.Bootstrap.main(Bootstrap.java:469)
	Caused by: java.net.BindException: Address already in use: bind
		at java.base/sun.nio.ch.Net.bind0(Native Method)
		at java.base/sun.nio.ch.Net.bind(Net.java:511)
		at java.base/sun.nio.ch.ServerSocketChannelImpl.netBind(ServerSocketChannelImpl.java:335)
		at java.base/sun.nio.ch.ServerSocketChannelImpl.bind(ServerSocketChannelImpl.java:297)
		at org.apache.tomcat.util.net.NioEndpoint.initServerSocket(NioEndpoint.java:240)
		at org.apache.tomcat.util.net.NioEndpoint.bind(NioEndpoint.java:195)
		at org.apache.tomcat.util.net.AbstractEndpoint.bindWithCleanup(AbstractEndpoint.java:1472)
		at org.apache.tomcat.util.net.AbstractEndpoint.init(AbstractEndpoint.java:1485)
		at org.apache.coyote.AbstractProtocol.init(AbstractProtocol.java:633)
		at org.apache.coyote.http11.AbstractHttp11Protocol.init(AbstractHttp11Protocol.java:83)
		at org.apache.catalina.connector.Connector.initInternal(Connector.java:1054)
		... 11 more
08-May-2025 15:08:13.373 INFO [main] org.apache.catalina.startup.Catalina.load Server initialization in [705] milliseconds
08-May-2025 15:08:13.476 INFO [main] org.apache.catalina.core.StandardService.startInternal Starting service [Catalina]
08-May-2025 15:08:13.476 INFO [main] org.apache.catalina.core.StandardEngine.startInternal Starting Servlet engine: [Apache Tomcat/11.0.5]
08-May-2025 15:08:13.493 INFO [main] org.apache.catalina.startup.HostConfig.deployDescriptor Deploying deployment descriptor [C:\Users\msi\Downloads\Food Delivery Website - Copy\Food Delivery Website - Copy\conf\Catalina\localhost\ROOT.xml]
08-May-2025 15:08:13.973 INFO [main] org.apache.catalina.startup.HostConfig.deployDescriptor Deployment of deployment descriptor [C:\Users\msi\Downloads\Food Delivery Website - Copy\Food Delivery Website - Copy\conf\Catalina\localhost\ROOT.xml] has finished in [479] ms
08-May-2025 15:08:13.985 INFO [main] org.apache.catalina.startup.Catalina.start Server startup in [608] milliseconds
08-May-2025 15:08:13.991 SEVERE [main] org.apache.catalina.core.StandardServer.await Failed to create server shutdown socket on address [localhost] and port [8005] (base port [8005] and offset [0])
	java.net.BindException: Address already in use: bind
		at java.base/sun.nio.ch.Net.bind0(Native Method)
		at java.base/sun.nio.ch.Net.bind(Net.java:511)
		at java.base/sun.nio.ch.Net.bind(Net.java:500)
		at java.base/sun.nio.ch.NioSocketImpl.bind(NioSocketImpl.java:630)
		at java.base/java.net.ServerSocket.bind(ServerSocket.java:326)
		at java.base/java.net.ServerSocket.<init>(ServerSocket.java:222)
		at org.apache.catalina.core.StandardServer.await(StandardServer.java:532)
		at org.apache.catalina.startup.Catalina.await(Catalina.java:849)
		at org.apache.catalina.startup.Catalina.start(Catalina.java:797)
		at java.base/jdk.internal.reflect.DirectMethodHandleAccessor.invoke(DirectMethodHandleAccessor.java:104)
		at java.base/java.lang.reflect.Method.invoke(Method.java:565)
		at org.apache.catalina.startup.Bootstrap.start(Bootstrap.java:342)
		at org.apache.catalina.startup.Bootstrap.main(Bootstrap.java:470)
08-May-2025 15:08:13.992 INFO [main] org.apache.coyote.AbstractProtocol.pause Pausing ProtocolHandler ["http-nio-8080"]
08-May-2025 15:08:13.992 INFO [main] org.apache.catalina.core.StandardService.stopInternal Stopping service [Catalina]
08-May-2025 15:08:14.000 INFO [main] org.apache.coyote.AbstractProtocol.stop Stopping ProtocolHandler ["http-nio-8080"]
08-May-2025 15:08:14.001 INFO [main] org.apache.coyote.AbstractProtocol.destroy Destroying ProtocolHandler ["http-nio-8080"]
08-May-2025 15:08:22.610 INFO [Catalina-utility-1] org.apache.catalina.startup.HostConfig.undeploy Undeploying context []
08-May-2025 15:08:22.629 INFO [Catalina-utility-1] org.apache.catalina.startup.HostConfig.deployDescriptor Deploying deployment descriptor [C:\Users\msi\Downloads\Food Delivery Website - Copy\Food Delivery Website - Copy\conf\Catalina\localhost\ROOT.xml]
08-May-2025 15:08:22.698 INFO [Catalina-utility-1] org.apache.catalina.startup.HostConfig.deployDescriptor Deployment of deployment descriptor [C:\Users\msi\Downloads\Food Delivery Website - Copy\Food Delivery Website - Copy\conf\Catalina\localhost\ROOT.xml] has finished in [69] ms
08-May-2025 15:09:27.279 INFO [main] org.apache.catalina.startup.VersionLoggerListener.log Server version name:   Apache Tomcat/11.0.5
08-May-2025 15:09:27.283 INFO [main] org.apache.catalina.startup.VersionLoggerListener.log Server built:          Feb 28 2025 15:54:41 UTC
08-May-2025 15:09:27.283 INFO [main] org.apache.catalina.startup.VersionLoggerListener.log Server version number: 11.0.5.0
08-May-2025 15:09:27.283 INFO [main] org.apache.catalina.startup.VersionLoggerListener.log OS Name:               Windows 11
08-May-2025 15:09:27.284 INFO [main] org.apache.catalina.startup.VersionLoggerListener.log OS Version:            10.0
08-May-2025 15:09:27.284 INFO [main] org.apache.catalina.startup.VersionLoggerListener.log Architecture:          amd64
08-May-2025 15:09:27.284 INFO [main] org.apache.catalina.startup.VersionLoggerListener.log Java Home:             C:\Users\msi\.jdks\openjdk-24
08-May-2025 15:09:27.284 INFO [main] org.apache.catalina.startup.VersionLoggerListener.log JVM Version:           24+36-3646
08-May-2025 15:09:27.285 INFO [main] org.apache.catalina.startup.VersionLoggerListener.log JVM Vendor:            Oracle Corporation
08-May-2025 15:09:27.285 INFO [main] org.apache.catalina.startup.VersionLoggerListener.log CATALINA_BASE:         C:\Users\msi\Downloads\Food Delivery Website - Copy\Food Delivery Website - Copy
08-May-2025 15:09:27.285 INFO [main] org.apache.catalina.startup.VersionLoggerListener.log CATALINA_HOME:         C:\Program Files\Apache Software Foundation\Tomcat 11.0
08-May-2025 15:09:27.299 INFO [main] org.apache.catalina.startup.VersionLoggerListener.log Command line argument: --add-opens=java.base/java.lang=ALL-UNNAMED
08-May-2025 15:09:27.299 INFO [main] org.apache.catalina.startup.VersionLoggerListener.log Command line argument: --add-opens=java.base/java.io=ALL-UNNAMED
08-May-2025 15:09:27.299 INFO [main] org.apache.catalina.startup.VersionLoggerListener.log Command line argument: --add-opens=java.base/java.util=ALL-UNNAMED
08-May-2025 15:09:27.299 INFO [main] org.apache.catalina.startup.VersionLoggerListener.log Command line argument: --add-opens=java.base/java.util.concurrent=ALL-UNNAMED
08-May-2025 15:09:27.300 INFO [main] org.apache.catalina.startup.VersionLoggerListener.log Command line argument: --add-opens=java.rmi/sun.rmi.transport=ALL-UNNAMED
08-May-2025 15:09:27.300 INFO [main] org.apache.catalina.startup.VersionLoggerListener.log Command line argument: -Dcatalina.home=C:\Program Files\Apache Software Foundation\Tomcat 11.0
08-May-2025 15:09:27.300 INFO [main] org.apache.catalina.startup.VersionLoggerListener.log Command line argument: -Dcatalina.base=C:\Users\msi\Downloads\Food Delivery Website - Copy\Food Delivery Website - Copy
08-May-2025 15:09:27.300 INFO [main] org.apache.catalina.startup.VersionLoggerListener.log Command line argument: -Djava.io.tmpdir=C:\Users\msi\Downloads\Food Delivery Website - Copy\Food Delivery Website - Copy\temp
08-May-2025 15:09:27.300 INFO [main] org.apache.catalina.startup.VersionLoggerListener.log Command line argument: -Djava.util.logging.config.file=C:\Users\msi\Downloads\Food Delivery Website - Copy\Food Delivery Website - Copy\conf\logging.properties
08-May-2025 15:09:27.301 INFO [main] org.apache.catalina.startup.VersionLoggerListener.log Command line argument: -Djava.util.logging.manager=org.apache.juli.ClassLoaderLogManager
08-May-2025 15:09:27.301 INFO [main] org.apache.catalina.startup.VersionLoggerListener.log Command line argument: -javaagent:C:\Users\msi\AppData\Local\JetBrains\IntelliJ IDEA 2024.3.5\lib\idea_rt.jar=53963
08-May-2025 15:09:27.301 INFO [main] org.apache.catalina.startup.VersionLoggerListener.log Command line argument: -Dfile.encoding=UTF-8
08-May-2025 15:09:27.301 INFO [main] org.apache.catalina.startup.VersionLoggerListener.log Command line argument: -Dsun.stdout.encoding=UTF-8
08-May-2025 15:09:27.301 INFO [main] org.apache.catalina.startup.VersionLoggerListener.log Command line argument: -Dsun.stderr.encoding=UTF-8
08-May-2025 15:09:27.308 INFO [main] org.apache.catalina.core.AprLifecycleListener.lifecycleEvent The Apache Tomcat Native library which allows using OpenSSL was not found on the java.library.path: [C:\Users\msi\.jdks\openjdk-24\bin;C:\WINDOWS\Sun\Java\bin;C:\WINDOWS\system32;C:\WINDOWS;C:\Program Files\Common Files\Oracle\Java\javapath;C:\WINDOWS\system32;C:\WINDOWS;C:\WINDOWS\System32\Wbem;C:\WINDOWS\System32\WindowsPowerShell\v1.0\;C:\WINDOWS\System32\OpenSSH\;C:\Program Files\NVIDIA Corporation\NVIDIA NvDLISR;C:\Program Files\Git\cmd;C:\Users\msi\AppData\Local\Microsoft\WindowsApps;C:\Users\msi\AppData\Local\Programs\Microsoft VS Code\bin;;.]
08-May-2025 15:09:27.689 INFO [main] org.apache.coyote.AbstractProtocol.init Initializing ProtocolHandler ["http-nio-8080"]
08-May-2025 15:09:27.699 SEVERE [main] org.apache.catalina.util.LifecycleBase.handleSubClassException Failed to initialize component [Connector["http-nio-8080"]]
	org.apache.catalina.LifecycleException: Protocol handler initialization failed
		at org.apache.catalina.connector.Connector.initInternal(Connector.java:1056)
		at org.apache.catalina.util.LifecycleBase.init(LifecycleBase.java:122)
		at org.apache.catalina.core.StandardService.initInternal(StandardService.java:525)
		at org.apache.catalina.util.LifecycleBase.init(LifecycleBase.java:122)
		at org.apache.catalina.core.StandardServer.initInternal(StandardServer.java:953)
		at org.apache.catalina.util.LifecycleBase.init(LifecycleBase.java:122)
		at org.apache.catalina.startup.Catalina.load(Catalina.java:710)
		at org.apache.catalina.startup.Catalina.load(Catalina.java:733)
		at java.base/jdk.internal.reflect.DirectMethodHandleAccessor.invoke(DirectMethodHandleAccessor.java:104)
		at java.base/java.lang.reflect.Method.invoke(Method.java:565)
		at org.apache.catalina.startup.Bootstrap.load(Bootstrap.java:299)
		at org.apache.catalina.startup.Bootstrap.main(Bootstrap.java:469)
	Caused by: java.net.BindException: Address already in use: bind
		at java.base/sun.nio.ch.Net.bind0(Native Method)
		at java.base/sun.nio.ch.Net.bind(Net.java:511)
		at java.base/sun.nio.ch.ServerSocketChannelImpl.netBind(ServerSocketChannelImpl.java:335)
		at java.base/sun.nio.ch.ServerSocketChannelImpl.bind(ServerSocketChannelImpl.java:297)
		at org.apache.tomcat.util.net.NioEndpoint.initServerSocket(NioEndpoint.java:240)
		at org.apache.tomcat.util.net.NioEndpoint.bind(NioEndpoint.java:195)
		at org.apache.tomcat.util.net.AbstractEndpoint.bindWithCleanup(AbstractEndpoint.java:1472)
		at org.apache.tomcat.util.net.AbstractEndpoint.init(AbstractEndpoint.java:1485)
		at org.apache.coyote.AbstractProtocol.init(AbstractProtocol.java:633)
		at org.apache.coyote.http11.AbstractHttp11Protocol.init(AbstractHttp11Protocol.java:83)
		at org.apache.catalina.connector.Connector.initInternal(Connector.java:1054)
		... 11 more
08-May-2025 15:09:27.700 INFO [main] org.apache.catalina.startup.Catalina.load Server initialization in [693] milliseconds
08-May-2025 15:09:27.763 INFO [main] org.apache.catalina.core.StandardService.startInternal Starting service [Catalina]
08-May-2025 15:09:27.764 INFO [main] org.apache.catalina.core.StandardEngine.startInternal Starting Servlet engine: [Apache Tomcat/11.0.5]
08-May-2025 15:09:27.780 INFO [main] org.apache.catalina.startup.HostConfig.deployDescriptor Deploying deployment descriptor [C:\Users\msi\Downloads\Food Delivery Website - Copy\Food Delivery Website - Copy\conf\Catalina\localhost\ROOT.xml]
08-May-2025 15:09:28.327 INFO [main] org.apache.catalina.startup.HostConfig.deployDescriptor Deployment of deployment descriptor [C:\Users\msi\Downloads\Food Delivery Website - Copy\Food Delivery Website - Copy\conf\Catalina\localhost\ROOT.xml] has finished in [545] ms
08-May-2025 15:09:28.349 INFO [main] org.apache.catalina.startup.Catalina.start Server startup in [645] milliseconds
08-May-2025 15:09:28.361 SEVERE [main] org.apache.catalina.core.StandardServer.await Failed to create server shutdown socket on address [localhost] and port [8005] (base port [8005] and offset [0])
	java.net.BindException: Address already in use: bind
		at java.base/sun.nio.ch.Net.bind0(Native Method)
		at java.base/sun.nio.ch.Net.bind(Net.java:511)
		at java.base/sun.nio.ch.Net.bind(Net.java:500)
		at java.base/sun.nio.ch.NioSocketImpl.bind(NioSocketImpl.java:630)
		at java.base/java.net.ServerSocket.bind(ServerSocket.java:326)
		at java.base/java.net.ServerSocket.<init>(ServerSocket.java:222)
		at org.apache.catalina.core.StandardServer.await(StandardServer.java:532)
		at org.apache.catalina.startup.Catalina.await(Catalina.java:849)
		at org.apache.catalina.startup.Catalina.start(Catalina.java:797)
		at java.base/jdk.internal.reflect.DirectMethodHandleAccessor.invoke(DirectMethodHandleAccessor.java:104)
		at java.base/java.lang.reflect.Method.invoke(Method.java:565)
		at org.apache.catalina.startup.Bootstrap.start(Bootstrap.java:342)
		at org.apache.catalina.startup.Bootstrap.main(Bootstrap.java:470)
08-May-2025 15:09:28.362 INFO [main] org.apache.coyote.AbstractProtocol.pause Pausing ProtocolHandler ["http-nio-8080"]
08-May-2025 15:09:28.362 INFO [main] org.apache.catalina.core.StandardService.stopInternal Stopping service [Catalina]
08-May-2025 15:09:28.376 INFO [main] org.apache.coyote.AbstractProtocol.stop Stopping ProtocolHandler ["http-nio-8080"]
08-May-2025 15:09:28.376 INFO [main] org.apache.coyote.AbstractProtocol.destroy Destroying ProtocolHandler ["http-nio-8080"]
08-May-2025 15:09:32.741 INFO [Catalina-utility-1] org.apache.catalina.startup.HostConfig.undeploy Undeploying context []
08-May-2025 15:09:32.766 INFO [Catalina-utility-1] org.apache.catalina.startup.HostConfig.deployDescriptor Deploying deployment descriptor [C:\Users\msi\Downloads\Food Delivery Website - Copy\Food Delivery Website - Copy\conf\Catalina\localhost\ROOT.xml]
08-May-2025 15:09:32.838 INFO [Catalina-utility-1] org.apache.catalina.startup.HostConfig.deployDescriptor Deployment of deployment descriptor [C:\Users\msi\Downloads\Food Delivery Website - Copy\Food Delivery Website - Copy\conf\Catalina\localhost\ROOT.xml] has finished in [73] ms
08-May-2025 15:10:07.437 INFO [main] org.apache.catalina.startup.VersionLoggerListener.log Server version name:   Apache Tomcat/11.0.5
08-May-2025 15:10:07.443 INFO [main] org.apache.catalina.startup.VersionLoggerListener.log Server built:          Feb 28 2025 15:54:41 UTC
08-May-2025 15:10:07.444 INFO [main] org.apache.catalina.startup.VersionLoggerListener.log Server version number: 11.0.5.0
08-May-2025 15:10:07.444 INFO [main] org.apache.catalina.startup.VersionLoggerListener.log OS Name:               Windows 11
08-May-2025 15:10:07.445 INFO [main] org.apache.catalina.startup.VersionLoggerListener.log OS Version:            10.0
08-May-2025 15:10:07.445 INFO [main] org.apache.catalina.startup.VersionLoggerListener.log Architecture:          amd64
08-May-2025 15:10:07.446 INFO [main] org.apache.catalina.startup.VersionLoggerListener.log Java Home:             C:\Users\msi\.jdks\openjdk-24
08-May-2025 15:10:07.446 INFO [main] org.apache.catalina.startup.VersionLoggerListener.log JVM Version:           24+36-3646
08-May-2025 15:10:07.447 INFO [main] org.apache.catalina.startup.VersionLoggerListener.log JVM Vendor:            Oracle Corporation
08-May-2025 15:10:07.447 INFO [main] org.apache.catalina.startup.VersionLoggerListener.log CATALINA_BASE:         C:\Users\msi\Downloads\Food Delivery Website - Copy\Food Delivery Website - Copy
08-May-2025 15:10:07.447 INFO [main] org.apache.catalina.startup.VersionLoggerListener.log CATALINA_HOME:         C:\Program Files\Apache Software Foundation\Tomcat 11.0
08-May-2025 15:10:07.463 INFO [main] org.apache.catalina.startup.VersionLoggerListener.log Command line argument: --add-opens=java.base/java.lang=ALL-UNNAMED
08-May-2025 15:10:07.463 INFO [main] org.apache.catalina.startup.VersionLoggerListener.log Command line argument: --add-opens=java.base/java.io=ALL-UNNAMED
08-May-2025 15:10:07.463 INFO [main] org.apache.catalina.startup.VersionLoggerListener.log Command line argument: --add-opens=java.base/java.util=ALL-UNNAMED
08-May-2025 15:10:07.463 INFO [main] org.apache.catalina.startup.VersionLoggerListener.log Command line argument: --add-opens=java.base/java.util.concurrent=ALL-UNNAMED
08-May-2025 15:10:07.463 INFO [main] org.apache.catalina.startup.VersionLoggerListener.log Command line argument: --add-opens=java.rmi/sun.rmi.transport=ALL-UNNAMED
08-May-2025 15:10:07.463 INFO [main] org.apache.catalina.startup.VersionLoggerListener.log Command line argument: -Dcatalina.home=C:\Program Files\Apache Software Foundation\Tomcat 11.0
08-May-2025 15:10:07.463 INFO [main] org.apache.catalina.startup.VersionLoggerListener.log Command line argument: -Dcatalina.base=C:\Users\msi\Downloads\Food Delivery Website - Copy\Food Delivery Website - Copy
08-May-2025 15:10:07.463 INFO [main] org.apache.catalina.startup.VersionLoggerListener.log Command line argument: -Djava.io.tmpdir=C:\Users\msi\Downloads\Food Delivery Website - Copy\Food Delivery Website - Copy\temp
08-May-2025 15:10:07.464 INFO [main] org.apache.catalina.startup.VersionLoggerListener.log Command line argument: -Djava.util.logging.config.file=C:\Users\msi\Downloads\Food Delivery Website - Copy\Food Delivery Website - Copy\conf\logging.properties
08-May-2025 15:10:07.464 INFO [main] org.apache.catalina.startup.VersionLoggerListener.log Command line argument: -Djava.util.logging.manager=org.apache.juli.ClassLoaderLogManager
08-May-2025 15:10:07.464 INFO [main] org.apache.catalina.startup.VersionLoggerListener.log Command line argument: -javaagent:C:\Users\msi\AppData\Local\JetBrains\IntelliJ IDEA 2024.3.5\lib\idea_rt.jar=53972
08-May-2025 15:10:07.464 INFO [main] org.apache.catalina.startup.VersionLoggerListener.log Command line argument: -Dfile.encoding=UTF-8
08-May-2025 15:10:07.464 INFO [main] org.apache.catalina.startup.VersionLoggerListener.log Command line argument: -Dsun.stdout.encoding=UTF-8
08-May-2025 15:10:07.464 INFO [main] org.apache.catalina.startup.VersionLoggerListener.log Command line argument: -Dsun.stderr.encoding=UTF-8
08-May-2025 15:10:07.469 INFO [main] org.apache.catalina.core.AprLifecycleListener.lifecycleEvent The Apache Tomcat Native library which allows using OpenSSL was not found on the java.library.path: [C:\Users\msi\.jdks\openjdk-24\bin;C:\WINDOWS\Sun\Java\bin;C:\WINDOWS\system32;C:\WINDOWS;C:\Program Files\Common Files\Oracle\Java\javapath;C:\WINDOWS\system32;C:\WINDOWS;C:\WINDOWS\System32\Wbem;C:\WINDOWS\System32\WindowsPowerShell\v1.0\;C:\WINDOWS\System32\OpenSSH\;C:\Program Files\NVIDIA Corporation\NVIDIA NvDLISR;C:\Program Files\Git\cmd;C:\Users\msi\AppData\Local\Microsoft\WindowsApps;C:\Users\msi\AppData\Local\Programs\Microsoft VS Code\bin;;.]
08-May-2025 15:10:07.818 INFO [main] org.apache.coyote.AbstractProtocol.init Initializing ProtocolHandler ["http-nio-8080"]
08-May-2025 15:10:07.832 SEVERE [main] org.apache.catalina.util.LifecycleBase.handleSubClassException Failed to initialize component [Connector["http-nio-8080"]]
	org.apache.catalina.LifecycleException: Protocol handler initialization failed
		at org.apache.catalina.connector.Connector.initInternal(Connector.java:1056)
		at org.apache.catalina.util.LifecycleBase.init(LifecycleBase.java:122)
		at org.apache.catalina.core.StandardService.initInternal(StandardService.java:525)
		at org.apache.catalina.util.LifecycleBase.init(LifecycleBase.java:122)
		at org.apache.catalina.core.StandardServer.initInternal(StandardServer.java:953)
		at org.apache.catalina.util.LifecycleBase.init(LifecycleBase.java:122)
		at org.apache.catalina.startup.Catalina.load(Catalina.java:710)
		at org.apache.catalina.startup.Catalina.load(Catalina.java:733)
		at java.base/jdk.internal.reflect.DirectMethodHandleAccessor.invoke(DirectMethodHandleAccessor.java:104)
		at java.base/java.lang.reflect.Method.invoke(Method.java:565)
		at org.apache.catalina.startup.Bootstrap.load(Bootstrap.java:299)
		at org.apache.catalina.startup.Bootstrap.main(Bootstrap.java:469)
	Caused by: java.net.BindException: Address already in use: bind
		at java.base/sun.nio.ch.Net.bind0(Native Method)
		at java.base/sun.nio.ch.Net.bind(Net.java:511)
		at java.base/sun.nio.ch.ServerSocketChannelImpl.netBind(ServerSocketChannelImpl.java:335)
		at java.base/sun.nio.ch.ServerSocketChannelImpl.bind(ServerSocketChannelImpl.java:297)
		at org.apache.tomcat.util.net.NioEndpoint.initServerSocket(NioEndpoint.java:240)
		at org.apache.tomcat.util.net.NioEndpoint.bind(NioEndpoint.java:195)
		at org.apache.tomcat.util.net.AbstractEndpoint.bindWithCleanup(AbstractEndpoint.java:1472)
		at org.apache.tomcat.util.net.AbstractEndpoint.init(AbstractEndpoint.java:1485)
		at org.apache.coyote.AbstractProtocol.init(AbstractProtocol.java:633)
		at org.apache.coyote.http11.AbstractHttp11Protocol.init(AbstractHttp11Protocol.java:83)
		at org.apache.catalina.connector.Connector.initInternal(Connector.java:1054)
		... 11 more
08-May-2025 15:10:07.833 INFO [main] org.apache.catalina.startup.Catalina.load Server initialization in [660] milliseconds
08-May-2025 15:10:07.906 INFO [main] org.apache.catalina.core.StandardService.startInternal Starting service [Catalina]
08-May-2025 15:10:07.907 INFO [main] org.apache.catalina.core.StandardEngine.startInternal Starting Servlet engine: [Apache Tomcat/11.0.5]
08-May-2025 15:10:07.923 INFO [main] org.apache.catalina.startup.HostConfig.deployDescriptor Deploying deployment descriptor [C:\Users\msi\Downloads\Food Delivery Website - Copy\Food Delivery Website - Copy\conf\Catalina\localhost\ROOT.xml]
08-May-2025 15:10:08.390 INFO [main] org.apache.catalina.startup.HostConfig.deployDescriptor Deployment of deployment descriptor [C:\Users\msi\Downloads\Food Delivery Website - Copy\Food Delivery Website - Copy\conf\Catalina\localhost\ROOT.xml] has finished in [465] ms
08-May-2025 15:10:08.405 INFO [main] org.apache.catalina.startup.Catalina.start Server startup in [567] milliseconds
08-May-2025 15:10:08.412 SEVERE [main] org.apache.catalina.core.StandardServer.await Failed to create server shutdown socket on address [localhost] and port [8005] (base port [8005] and offset [0])
	java.net.BindException: Address already in use: bind
		at java.base/sun.nio.ch.Net.bind0(Native Method)
		at java.base/sun.nio.ch.Net.bind(Net.java:511)
		at java.base/sun.nio.ch.Net.bind(Net.java:500)
		at java.base/sun.nio.ch.NioSocketImpl.bind(NioSocketImpl.java:630)
		at java.base/java.net.ServerSocket.bind(ServerSocket.java:326)
		at java.base/java.net.ServerSocket.<init>(ServerSocket.java:222)
		at org.apache.catalina.core.StandardServer.await(StandardServer.java:532)
		at org.apache.catalina.startup.Catalina.await(Catalina.java:849)
		at org.apache.catalina.startup.Catalina.start(Catalina.java:797)
		at java.base/jdk.internal.reflect.DirectMethodHandleAccessor.invoke(DirectMethodHandleAccessor.java:104)
		at java.base/java.lang.reflect.Method.invoke(Method.java:565)
		at org.apache.catalina.startup.Bootstrap.start(Bootstrap.java:342)
		at org.apache.catalina.startup.Bootstrap.main(Bootstrap.java:470)
08-May-2025 15:10:08.412 INFO [main] org.apache.coyote.AbstractProtocol.pause Pausing ProtocolHandler ["http-nio-8080"]
08-May-2025 15:10:08.412 INFO [main] org.apache.catalina.core.StandardService.stopInternal Stopping service [Catalina]
08-May-2025 15:10:08.423 INFO [main] org.apache.coyote.AbstractProtocol.stop Stopping ProtocolHandler ["http-nio-8080"]
08-May-2025 15:10:08.423 INFO [main] org.apache.coyote.AbstractProtocol.destroy Destroying ProtocolHandler ["http-nio-8080"]
08-May-2025 15:10:13.127 INFO [Catalina-utility-1] org.apache.catalina.startup.HostConfig.undeploy Undeploying context []
08-May-2025 15:10:13.154 INFO [Catalina-utility-1] org.apache.catalina.startup.HostConfig.deployDescriptor Deploying deployment descriptor [C:\Users\msi\Downloads\Food Delivery Website - Copy\Food Delivery Website - Copy\conf\Catalina\localhost\ROOT.xml]
08-May-2025 15:10:13.226 INFO [Catalina-utility-1] org.apache.catalina.startup.HostConfig.deployDescriptor Deployment of deployment descriptor [C:\Users\msi\Downloads\Food Delivery Website - Copy\Food Delivery Website - Copy\conf\Catalina\localhost\ROOT.xml] has finished in [73] ms
08-May-2025 15:10:37.374 INFO [main] org.apache.catalina.startup.VersionLoggerListener.log Server version name:   Apache Tomcat/11.0.5
08-May-2025 15:10:37.376 INFO [main] org.apache.catalina.startup.VersionLoggerListener.log Server built:          Feb 28 2025 15:54:41 UTC
08-May-2025 15:10:37.377 INFO [main] org.apache.catalina.startup.VersionLoggerListener.log Server version number: 11.0.5.0
08-May-2025 15:10:37.377 INFO [main] org.apache.catalina.startup.VersionLoggerListener.log OS Name:               Windows 11
08-May-2025 15:10:37.377 INFO [main] org.apache.catalina.startup.VersionLoggerListener.log OS Version:            10.0
08-May-2025 15:10:37.377 INFO [main] org.apache.catalina.startup.VersionLoggerListener.log Architecture:          amd64
08-May-2025 15:10:37.377 INFO [main] org.apache.catalina.startup.VersionLoggerListener.log Java Home:             C:\Users\msi\.jdks\openjdk-24
08-May-2025 15:10:37.378 INFO [main] org.apache.catalina.startup.VersionLoggerListener.log JVM Version:           24+36-3646
08-May-2025 15:10:37.378 INFO [main] org.apache.catalina.startup.VersionLoggerListener.log JVM Vendor:            Oracle Corporation
08-May-2025 15:10:37.378 INFO [main] org.apache.catalina.startup.VersionLoggerListener.log CATALINA_BASE:         C:\Users\msi\Downloads\Food Delivery Website - Copy\Food Delivery Website - Copy
08-May-2025 15:10:37.378 INFO [main] org.apache.catalina.startup.VersionLoggerListener.log CATALINA_HOME:         C:\Program Files\Apache Software Foundation\Tomcat 11.0
08-May-2025 15:10:37.389 INFO [main] org.apache.catalina.startup.VersionLoggerListener.log Command line argument: --add-opens=java.base/java.lang=ALL-UNNAMED
08-May-2025 15:10:37.390 INFO [main] org.apache.catalina.startup.VersionLoggerListener.log Command line argument: --add-opens=java.base/java.io=ALL-UNNAMED
08-May-2025 15:10:37.390 INFO [main] org.apache.catalina.startup.VersionLoggerListener.log Command line argument: --add-opens=java.base/java.util=ALL-UNNAMED
08-May-2025 15:10:37.390 INFO [main] org.apache.catalina.startup.VersionLoggerListener.log Command line argument: --add-opens=java.base/java.util.concurrent=ALL-UNNAMED
08-May-2025 15:10:37.390 INFO [main] org.apache.catalina.startup.VersionLoggerListener.log Command line argument: --add-opens=java.rmi/sun.rmi.transport=ALL-UNNAMED
08-May-2025 15:10:37.390 INFO [main] org.apache.catalina.startup.VersionLoggerListener.log Command line argument: -Dcatalina.home=C:\Program Files\Apache Software Foundation\Tomcat 11.0
08-May-2025 15:10:37.390 INFO [main] org.apache.catalina.startup.VersionLoggerListener.log Command line argument: -Dcatalina.base=C:\Users\msi\Downloads\Food Delivery Website - Copy\Food Delivery Website - Copy
08-May-2025 15:10:37.390 INFO [main] org.apache.catalina.startup.VersionLoggerListener.log Command line argument: -Djava.io.tmpdir=C:\Users\msi\Downloads\Food Delivery Website - Copy\Food Delivery Website - Copy\temp
08-May-2025 15:10:37.390 INFO [main] org.apache.catalina.startup.VersionLoggerListener.log Command line argument: -Djava.util.logging.config.file=C:\Users\msi\Downloads\Food Delivery Website - Copy\Food Delivery Website - Copy\conf\logging.properties
08-May-2025 15:10:37.390 INFO [main] org.apache.catalina.startup.VersionLoggerListener.log Command line argument: -Djava.util.logging.manager=org.apache.juli.ClassLoaderLogManager
08-May-2025 15:10:37.390 INFO [main] org.apache.catalina.startup.VersionLoggerListener.log Command line argument: -javaagent:C:\Users\msi\AppData\Local\JetBrains\IntelliJ IDEA 2024.3.5\lib\idea_rt.jar=53981
08-May-2025 15:10:37.391 INFO [main] org.apache.catalina.startup.VersionLoggerListener.log Command line argument: -Dfile.encoding=UTF-8
08-May-2025 15:10:37.391 INFO [main] org.apache.catalina.startup.VersionLoggerListener.log Command line argument: -Dsun.stdout.encoding=UTF-8
08-May-2025 15:10:37.391 INFO [main] org.apache.catalina.startup.VersionLoggerListener.log Command line argument: -Dsun.stderr.encoding=UTF-8
08-May-2025 15:10:37.395 INFO [main] org.apache.catalina.core.AprLifecycleListener.lifecycleEvent The Apache Tomcat Native library which allows using OpenSSL was not found on the java.library.path: [C:\Users\msi\.jdks\openjdk-24\bin;C:\WINDOWS\Sun\Java\bin;C:\WINDOWS\system32;C:\WINDOWS;C:\Program Files\Common Files\Oracle\Java\javapath;C:\WINDOWS\system32;C:\WINDOWS;C:\WINDOWS\System32\Wbem;C:\WINDOWS\System32\WindowsPowerShell\v1.0\;C:\WINDOWS\System32\OpenSSH\;C:\Program Files\NVIDIA Corporation\NVIDIA NvDLISR;C:\Program Files\Git\cmd;C:\Users\msi\AppData\Local\Microsoft\WindowsApps;C:\Users\msi\AppData\Local\Programs\Microsoft VS Code\bin;;.]
08-May-2025 15:10:37.761 INFO [main] org.apache.coyote.AbstractProtocol.init Initializing ProtocolHandler ["http-nio-8080"]
08-May-2025 15:10:37.774 SEVERE [main] org.apache.catalina.util.LifecycleBase.handleSubClassException Failed to initialize component [Connector["http-nio-8080"]]
	org.apache.catalina.LifecycleException: Protocol handler initialization failed
		at org.apache.catalina.connector.Connector.initInternal(Connector.java:1056)
		at org.apache.catalina.util.LifecycleBase.init(LifecycleBase.java:122)
		at org.apache.catalina.core.StandardService.initInternal(StandardService.java:525)
		at org.apache.catalina.util.LifecycleBase.init(LifecycleBase.java:122)
		at org.apache.catalina.core.StandardServer.initInternal(StandardServer.java:953)
		at org.apache.catalina.util.LifecycleBase.init(LifecycleBase.java:122)
		at org.apache.catalina.startup.Catalina.load(Catalina.java:710)
		at org.apache.catalina.startup.Catalina.load(Catalina.java:733)
		at java.base/jdk.internal.reflect.DirectMethodHandleAccessor.invoke(DirectMethodHandleAccessor.java:104)
		at java.base/java.lang.reflect.Method.invoke(Method.java:565)
		at org.apache.catalina.startup.Bootstrap.load(Bootstrap.java:299)
		at org.apache.catalina.startup.Bootstrap.main(Bootstrap.java:469)
	Caused by: java.net.BindException: Address already in use: bind
		at java.base/sun.nio.ch.Net.bind0(Native Method)
		at java.base/sun.nio.ch.Net.bind(Net.java:511)
		at java.base/sun.nio.ch.ServerSocketChannelImpl.netBind(ServerSocketChannelImpl.java:335)
		at java.base/sun.nio.ch.ServerSocketChannelImpl.bind(ServerSocketChannelImpl.java:297)
		at org.apache.tomcat.util.net.NioEndpoint.initServerSocket(NioEndpoint.java:240)
		at org.apache.tomcat.util.net.NioEndpoint.bind(NioEndpoint.java:195)
		at org.apache.tomcat.util.net.AbstractEndpoint.bindWithCleanup(AbstractEndpoint.java:1472)
		at org.apache.tomcat.util.net.AbstractEndpoint.init(AbstractEndpoint.java:1485)
		at org.apache.coyote.AbstractProtocol.init(AbstractProtocol.java:633)
		at org.apache.coyote.http11.AbstractHttp11Protocol.init(AbstractHttp11Protocol.java:83)
		at org.apache.catalina.connector.Connector.initInternal(Connector.java:1054)
		... 11 more
08-May-2025 15:10:37.775 INFO [main] org.apache.catalina.startup.Catalina.load Server initialization in [684] milliseconds
08-May-2025 15:10:37.863 INFO [main] org.apache.catalina.core.StandardService.startInternal Starting service [Catalina]
08-May-2025 15:10:37.863 INFO [main] org.apache.catalina.core.StandardEngine.startInternal Starting Servlet engine: [Apache Tomcat/11.0.5]
08-May-2025 15:10:37.880 INFO [main] org.apache.catalina.startup.HostConfig.deployDescriptor Deploying deployment descriptor [C:\Users\msi\Downloads\Food Delivery Website - Copy\Food Delivery Website - Copy\conf\Catalina\localhost\ROOT.xml]
08-May-2025 15:10:38.394 INFO [main] org.apache.catalina.startup.HostConfig.deployDescriptor Deployment of deployment descriptor [C:\Users\msi\Downloads\Food Delivery Website - Copy\Food Delivery Website - Copy\conf\Catalina\localhost\ROOT.xml] has finished in [514] ms
08-May-2025 15:10:38.408 INFO [main] org.apache.catalina.startup.Catalina.start Server startup in [630] milliseconds
08-May-2025 15:10:38.415 SEVERE [main] org.apache.catalina.core.StandardServer.await Failed to create server shutdown socket on address [localhost] and port [8005] (base port [8005] and offset [0])
	java.net.BindException: Address already in use: bind
		at java.base/sun.nio.ch.Net.bind0(Native Method)
		at java.base/sun.nio.ch.Net.bind(Net.java:511)
		at java.base/sun.nio.ch.Net.bind(Net.java:500)
		at java.base/sun.nio.ch.NioSocketImpl.bind(NioSocketImpl.java:630)
		at java.base/java.net.ServerSocket.bind(ServerSocket.java:326)
		at java.base/java.net.ServerSocket.<init>(ServerSocket.java:222)
		at org.apache.catalina.core.StandardServer.await(StandardServer.java:532)
		at org.apache.catalina.startup.Catalina.await(Catalina.java:849)
		at org.apache.catalina.startup.Catalina.start(Catalina.java:797)
		at java.base/jdk.internal.reflect.DirectMethodHandleAccessor.invoke(DirectMethodHandleAccessor.java:104)
		at java.base/java.lang.reflect.Method.invoke(Method.java:565)
		at org.apache.catalina.startup.Bootstrap.start(Bootstrap.java:342)
		at org.apache.catalina.startup.Bootstrap.main(Bootstrap.java:470)
08-May-2025 15:10:38.415 INFO [main] org.apache.coyote.AbstractProtocol.pause Pausing ProtocolHandler ["http-nio-8080"]
08-May-2025 15:10:38.415 INFO [main] org.apache.catalina.core.StandardService.stopInternal Stopping service [Catalina]
08-May-2025 15:10:38.424 INFO [main] org.apache.coyote.AbstractProtocol.stop Stopping ProtocolHandler ["http-nio-8080"]
08-May-2025 15:10:38.424 INFO [main] org.apache.coyote.AbstractProtocol.destroy Destroying ProtocolHandler ["http-nio-8080"]
08-May-2025 15:10:43.239 INFO [Catalina-utility-2] org.apache.catalina.startup.HostConfig.undeploy Undeploying context []
08-May-2025 15:10:43.264 INFO [Catalina-utility-2] org.apache.catalina.startup.HostConfig.deployDescriptor Deploying deployment descriptor [C:\Users\msi\Downloads\Food Delivery Website - Copy\Food Delivery Website - Copy\conf\Catalina\localhost\ROOT.xml]
08-May-2025 15:10:43.343 INFO [Catalina-utility-2] org.apache.catalina.startup.HostConfig.deployDescriptor Deployment of deployment descriptor [C:\Users\msi\Downloads\Food Delivery Website - Copy\Food Delivery Website - Copy\conf\Catalina\localhost\ROOT.xml] has finished in [79] ms
08-May-2025 15:13:59.327 INFO [main] org.apache.catalina.startup.VersionLoggerListener.log Server version name:   Apache Tomcat/11.0.5
08-May-2025 15:13:59.331 INFO [main] org.apache.catalina.startup.VersionLoggerListener.log Server built:          Feb 28 2025 15:54:41 UTC
08-May-2025 15:13:59.331 INFO [main] org.apache.catalina.startup.VersionLoggerListener.log Server version number: 11.0.5.0
08-May-2025 15:13:59.332 INFO [main] org.apache.catalina.startup.VersionLoggerListener.log OS Name:               Windows 11
08-May-2025 15:13:59.332 INFO [main] org.apache.catalina.startup.VersionLoggerListener.log OS Version:            10.0
08-May-2025 15:13:59.332 INFO [main] org.apache.catalina.startup.VersionLoggerListener.log Architecture:          amd64
08-May-2025 15:13:59.332 INFO [main] org.apache.catalina.startup.VersionLoggerListener.log Java Home:             C:\Users\msi\.jdks\openjdk-24
08-May-2025 15:13:59.332 INFO [main] org.apache.catalina.startup.VersionLoggerListener.log JVM Version:           24+36-3646
08-May-2025 15:13:59.333 INFO [main] org.apache.catalina.startup.VersionLoggerListener.log JVM Vendor:            Oracle Corporation
08-May-2025 15:13:59.333 INFO [main] org.apache.catalina.startup.VersionLoggerListener.log CATALINA_BASE:         C:\Users\msi\Downloads\Food Delivery Website - Copy\Food Delivery Website - Copy
08-May-2025 15:13:59.333 INFO [main] org.apache.catalina.startup.VersionLoggerListener.log CATALINA_HOME:         C:\Program Files\Apache Software Foundation\Tomcat 11.0
08-May-2025 15:13:59.345 INFO [main] org.apache.catalina.startup.VersionLoggerListener.log Command line argument: --add-opens=java.base/java.lang=ALL-UNNAMED
08-May-2025 15:13:59.346 INFO [main] org.apache.catalina.startup.VersionLoggerListener.log Command line argument: --add-opens=java.base/java.io=ALL-UNNAMED
08-May-2025 15:13:59.346 INFO [main] org.apache.catalina.startup.VersionLoggerListener.log Command line argument: --add-opens=java.base/java.util=ALL-UNNAMED
08-May-2025 15:13:59.346 INFO [main] org.apache.catalina.startup.VersionLoggerListener.log Command line argument: --add-opens=java.base/java.util.concurrent=ALL-UNNAMED
08-May-2025 15:13:59.346 INFO [main] org.apache.catalina.startup.VersionLoggerListener.log Command line argument: --add-opens=java.rmi/sun.rmi.transport=ALL-UNNAMED
08-May-2025 15:13:59.346 INFO [main] org.apache.catalina.startup.VersionLoggerListener.log Command line argument: -Dcatalina.home=C:\Program Files\Apache Software Foundation\Tomcat 11.0
08-May-2025 15:13:59.346 INFO [main] org.apache.catalina.startup.VersionLoggerListener.log Command line argument: -Dcatalina.base=C:\Users\msi\Downloads\Food Delivery Website - Copy\Food Delivery Website - Copy
08-May-2025 15:13:59.346 INFO [main] org.apache.catalina.startup.VersionLoggerListener.log Command line argument: -Djava.io.tmpdir=C:\Users\msi\Downloads\Food Delivery Website - Copy\Food Delivery Website - Copy\temp
08-May-2025 15:13:59.346 INFO [main] org.apache.catalina.startup.VersionLoggerListener.log Command line argument: -Djava.util.logging.config.file=C:\Users\msi\Downloads\Food Delivery Website - Copy\Food Delivery Website - Copy\conf\logging.properties
08-May-2025 15:13:59.346 INFO [main] org.apache.catalina.startup.VersionLoggerListener.log Command line argument: -Djava.util.logging.manager=org.apache.juli.ClassLoaderLogManager
08-May-2025 15:13:59.346 INFO [main] org.apache.catalina.startup.VersionLoggerListener.log Command line argument: -javaagent:C:\Users\msi\AppData\Local\JetBrains\IntelliJ IDEA 2024.3.5\lib\idea_rt.jar=54017
08-May-2025 15:13:59.346 INFO [main] org.apache.catalina.startup.VersionLoggerListener.log Command line argument: -Dfile.encoding=UTF-8
08-May-2025 15:13:59.347 INFO [main] org.apache.catalina.startup.VersionLoggerListener.log Command line argument: -Dsun.stdout.encoding=UTF-8
08-May-2025 15:13:59.347 INFO [main] org.apache.catalina.startup.VersionLoggerListener.log Command line argument: -Dsun.stderr.encoding=UTF-8
08-May-2025 15:13:59.351 INFO [main] org.apache.catalina.core.AprLifecycleListener.lifecycleEvent The Apache Tomcat Native library which allows using OpenSSL was not found on the java.library.path: [C:\Users\msi\.jdks\openjdk-24\bin;C:\WINDOWS\Sun\Java\bin;C:\WINDOWS\system32;C:\WINDOWS;C:\Program Files\Common Files\Oracle\Java\javapath;C:\WINDOWS\system32;C:\WINDOWS;C:\WINDOWS\System32\Wbem;C:\WINDOWS\System32\WindowsPowerShell\v1.0\;C:\WINDOWS\System32\OpenSSH\;C:\Program Files\NVIDIA Corporation\NVIDIA NvDLISR;C:\Program Files\Git\cmd;C:\Users\msi\AppData\Local\Microsoft\WindowsApps;C:\Users\msi\AppData\Local\Programs\Microsoft VS Code\bin;;.]
08-May-2025 15:13:59.759 INFO [main] org.apache.coyote.AbstractProtocol.init Initializing ProtocolHandler ["http-nio-8080"]
08-May-2025 15:13:59.774 SEVERE [main] org.apache.catalina.util.LifecycleBase.handleSubClassException Failed to initialize component [Connector["http-nio-8080"]]
	org.apache.catalina.LifecycleException: Protocol handler initialization failed
		at org.apache.catalina.connector.Connector.initInternal(Connector.java:1056)
		at org.apache.catalina.util.LifecycleBase.init(LifecycleBase.java:122)
		at org.apache.catalina.core.StandardService.initInternal(StandardService.java:525)
		at org.apache.catalina.util.LifecycleBase.init(LifecycleBase.java:122)
		at org.apache.catalina.core.StandardServer.initInternal(StandardServer.java:953)
		at org.apache.catalina.util.LifecycleBase.init(LifecycleBase.java:122)
		at org.apache.catalina.startup.Catalina.load(Catalina.java:710)
		at org.apache.catalina.startup.Catalina.load(Catalina.java:733)
		at java.base/jdk.internal.reflect.DirectMethodHandleAccessor.invoke(DirectMethodHandleAccessor.java:104)
		at java.base/java.lang.reflect.Method.invoke(Method.java:565)
		at org.apache.catalina.startup.Bootstrap.load(Bootstrap.java:299)
		at org.apache.catalina.startup.Bootstrap.main(Bootstrap.java:469)
	Caused by: java.net.BindException: Address already in use: bind
		at java.base/sun.nio.ch.Net.bind0(Native Method)
		at java.base/sun.nio.ch.Net.bind(Net.java:511)
		at java.base/sun.nio.ch.ServerSocketChannelImpl.netBind(ServerSocketChannelImpl.java:335)
		at java.base/sun.nio.ch.ServerSocketChannelImpl.bind(ServerSocketChannelImpl.java:297)
		at org.apache.tomcat.util.net.NioEndpoint.initServerSocket(NioEndpoint.java:240)
		at org.apache.tomcat.util.net.NioEndpoint.bind(NioEndpoint.java:195)
		at org.apache.tomcat.util.net.AbstractEndpoint.bindWithCleanup(AbstractEndpoint.java:1472)
		at org.apache.tomcat.util.net.AbstractEndpoint.init(AbstractEndpoint.java:1485)
		at org.apache.coyote.AbstractProtocol.init(AbstractProtocol.java:633)
		at org.apache.coyote.http11.AbstractHttp11Protocol.init(AbstractHttp11Protocol.java:83)
		at org.apache.catalina.connector.Connector.initInternal(Connector.java:1054)
		... 11 more
08-May-2025 15:13:59.775 INFO [main] org.apache.catalina.startup.Catalina.load Server initialization in [739] milliseconds
08-May-2025 15:13:59.862 INFO [main] org.apache.catalina.core.StandardService.startInternal Starting service [Catalina]
08-May-2025 15:13:59.863 INFO [main] org.apache.catalina.core.StandardEngine.startInternal Starting Servlet engine: [Apache Tomcat/11.0.5]
08-May-2025 15:13:59.888 INFO [main] org.apache.catalina.startup.HostConfig.deployDescriptor Deploying deployment descriptor [C:\Users\msi\Downloads\Food Delivery Website - Copy\Food Delivery Website - Copy\conf\Catalina\localhost\ROOT.xml]
08-May-2025 15:14:00.553 INFO [main] org.apache.catalina.startup.HostConfig.deployDescriptor Deployment of deployment descriptor [C:\Users\msi\Downloads\Food Delivery Website - Copy\Food Delivery Website - Copy\conf\Catalina\localhost\ROOT.xml] has finished in [664] ms
08-May-2025 15:14:00.573 INFO [main] org.apache.catalina.startup.Catalina.start Server startup in [795] milliseconds
08-May-2025 15:14:00.584 SEVERE [main] org.apache.catalina.core.StandardServer.await Failed to create server shutdown socket on address [localhost] and port [8005] (base port [8005] and offset [0])
	java.net.BindException: Address already in use: bind
		at java.base/sun.nio.ch.Net.bind0(Native Method)
		at java.base/sun.nio.ch.Net.bind(Net.java:511)
		at java.base/sun.nio.ch.Net.bind(Net.java:500)
		at java.base/sun.nio.ch.NioSocketImpl.bind(NioSocketImpl.java:630)
		at java.base/java.net.ServerSocket.bind(ServerSocket.java:326)
		at java.base/java.net.ServerSocket.<init>(ServerSocket.java:222)
		at org.apache.catalina.core.StandardServer.await(StandardServer.java:532)
		at org.apache.catalina.startup.Catalina.await(Catalina.java:849)
		at org.apache.catalina.startup.Catalina.start(Catalina.java:797)
		at java.base/jdk.internal.reflect.DirectMethodHandleAccessor.invoke(DirectMethodHandleAccessor.java:104)
		at java.base/java.lang.reflect.Method.invoke(Method.java:565)
		at org.apache.catalina.startup.Bootstrap.start(Bootstrap.java:342)
		at org.apache.catalina.startup.Bootstrap.main(Bootstrap.java:470)
08-May-2025 15:14:00.584 INFO [main] org.apache.coyote.AbstractProtocol.pause Pausing ProtocolHandler ["http-nio-8080"]
08-May-2025 15:14:00.584 INFO [main] org.apache.catalina.core.StandardService.stopInternal Stopping service [Catalina]
08-May-2025 15:14:00.596 INFO [main] org.apache.coyote.AbstractProtocol.stop Stopping ProtocolHandler ["http-nio-8080"]
08-May-2025 15:14:00.596 INFO [main] org.apache.coyote.AbstractProtocol.destroy Destroying ProtocolHandler ["http-nio-8080"]
08-May-2025 15:14:03.606 INFO [Catalina-utility-2] org.apache.catalina.startup.HostConfig.undeploy Undeploying context []
08-May-2025 15:14:03.636 INFO [Catalina-utility-2] org.apache.catalina.startup.HostConfig.deployDescriptor Deploying deployment descriptor [C:\Users\msi\Downloads\Food Delivery Website - Copy\Food Delivery Website - Copy\conf\Catalina\localhost\ROOT.xml]
08-May-2025 15:14:03.701 INFO [Catalina-utility-2] org.apache.catalina.startup.HostConfig.deployDescriptor Deployment of deployment descriptor [C:\Users\msi\Downloads\Food Delivery Website - Copy\Food Delivery Website - Copy\conf\Catalina\localhost\ROOT.xml] has finished in [65] ms
08-May-2025 15:17:31.004 INFO [main] org.apache.catalina.startup.VersionLoggerListener.log Server version name:   Apache Tomcat/11.0.5
08-May-2025 15:17:31.007 INFO [main] org.apache.catalina.startup.VersionLoggerListener.log Server built:          Feb 28 2025 15:54:41 UTC
08-May-2025 15:17:31.008 INFO [main] org.apache.catalina.startup.VersionLoggerListener.log Server version number: 11.0.5.0
08-May-2025 15:17:31.009 INFO [main] org.apache.catalina.startup.VersionLoggerListener.log OS Name:               Windows 11
08-May-2025 15:17:31.009 INFO [main] org.apache.catalina.startup.VersionLoggerListener.log OS Version:            10.0
08-May-2025 15:17:31.009 INFO [main] org.apache.catalina.startup.VersionLoggerListener.log Architecture:          amd64
08-May-2025 15:17:31.009 INFO [main] org.apache.catalina.startup.VersionLoggerListener.log Java Home:             C:\Users\msi\.jdks\openjdk-24
08-May-2025 15:17:31.009 INFO [main] org.apache.catalina.startup.VersionLoggerListener.log JVM Version:           24+36-3646
08-May-2025 15:17:31.009 INFO [main] org.apache.catalina.startup.VersionLoggerListener.log JVM Vendor:            Oracle Corporation
08-May-2025 15:17:31.009 INFO [main] org.apache.catalina.startup.VersionLoggerListener.log CATALINA_BASE:         C:\Users\msi\Downloads\Food Delivery Website - Copy\Food Delivery Website - Copy
08-May-2025 15:17:31.009 INFO [main] org.apache.catalina.startup.VersionLoggerListener.log CATALINA_HOME:         C:\Program Files\Apache Software Foundation\Tomcat 11.0
08-May-2025 15:17:31.022 INFO [main] org.apache.catalina.startup.VersionLoggerListener.log Command line argument: --add-opens=java.base/java.lang=ALL-UNNAMED
08-May-2025 15:17:31.022 INFO [main] org.apache.catalina.startup.VersionLoggerListener.log Command line argument: --add-opens=java.base/java.io=ALL-UNNAMED
08-May-2025 15:17:31.022 INFO [main] org.apache.catalina.startup.VersionLoggerListener.log Command line argument: --add-opens=java.base/java.util=ALL-UNNAMED
08-May-2025 15:17:31.022 INFO [main] org.apache.catalina.startup.VersionLoggerListener.log Command line argument: --add-opens=java.base/java.util.concurrent=ALL-UNNAMED
08-May-2025 15:17:31.022 INFO [main] org.apache.catalina.startup.VersionLoggerListener.log Command line argument: --add-opens=java.rmi/sun.rmi.transport=ALL-UNNAMED
08-May-2025 15:17:31.022 INFO [main] org.apache.catalina.startup.VersionLoggerListener.log Command line argument: -Dcatalina.home=C:\Program Files\Apache Software Foundation\Tomcat 11.0
08-May-2025 15:17:31.022 INFO [main] org.apache.catalina.startup.VersionLoggerListener.log Command line argument: -Dcatalina.base=C:\Users\msi\Downloads\Food Delivery Website - Copy\Food Delivery Website - Copy
08-May-2025 15:17:31.023 INFO [main] org.apache.catalina.startup.VersionLoggerListener.log Command line argument: -Djava.io.tmpdir=C:\Users\msi\Downloads\Food Delivery Website - Copy\Food Delivery Website - Copy\temp
08-May-2025 15:17:31.023 INFO [main] org.apache.catalina.startup.VersionLoggerListener.log Command line argument: -Djava.util.logging.config.file=C:\Users\msi\Downloads\Food Delivery Website - Copy\Food Delivery Website - Copy\conf\logging.properties
08-May-2025 15:17:31.023 INFO [main] org.apache.catalina.startup.VersionLoggerListener.log Command line argument: -Djava.util.logging.manager=org.apache.juli.ClassLoaderLogManager
08-May-2025 15:17:31.023 INFO [main] org.apache.catalina.startup.VersionLoggerListener.log Command line argument: -javaagent:C:\Users\msi\AppData\Local\JetBrains\IntelliJ IDEA 2024.3.5\lib\idea_rt.jar=54073
08-May-2025 15:17:31.023 INFO [main] org.apache.catalina.startup.VersionLoggerListener.log Command line argument: -Dfile.encoding=UTF-8
08-May-2025 15:17:31.023 INFO [main] org.apache.catalina.startup.VersionLoggerListener.log Command line argument: -Dsun.stdout.encoding=UTF-8
08-May-2025 15:17:31.023 INFO [main] org.apache.catalina.startup.VersionLoggerListener.log Command line argument: -Dsun.stderr.encoding=UTF-8
08-May-2025 15:17:31.029 INFO [main] org.apache.catalina.core.AprLifecycleListener.lifecycleEvent The Apache Tomcat Native library which allows using OpenSSL was not found on the java.library.path: [C:\Users\msi\.jdks\openjdk-24\bin;C:\WINDOWS\Sun\Java\bin;C:\WINDOWS\system32;C:\WINDOWS;C:\Program Files\Common Files\Oracle\Java\javapath;C:\WINDOWS\system32;C:\WINDOWS;C:\WINDOWS\System32\Wbem;C:\WINDOWS\System32\WindowsPowerShell\v1.0\;C:\WINDOWS\System32\OpenSSH\;C:\Program Files\NVIDIA Corporation\NVIDIA NvDLISR;C:\Program Files\Git\cmd;C:\Users\msi\AppData\Local\Microsoft\WindowsApps;C:\Users\msi\AppData\Local\Programs\Microsoft VS Code\bin;;.]
08-May-2025 15:17:31.390 INFO [main] org.apache.coyote.AbstractProtocol.init Initializing ProtocolHandler ["http-nio-8080"]
08-May-2025 15:17:31.403 SEVERE [main] org.apache.catalina.util.LifecycleBase.handleSubClassException Failed to initialize component [Connector["http-nio-8080"]]
	org.apache.catalina.LifecycleException: Protocol handler initialization failed
		at org.apache.catalina.connector.Connector.initInternal(Connector.java:1056)
		at org.apache.catalina.util.LifecycleBase.init(LifecycleBase.java:122)
		at org.apache.catalina.core.StandardService.initInternal(StandardService.java:525)
		at org.apache.catalina.util.LifecycleBase.init(LifecycleBase.java:122)
		at org.apache.catalina.core.StandardServer.initInternal(StandardServer.java:953)
		at org.apache.catalina.util.LifecycleBase.init(LifecycleBase.java:122)
		at org.apache.catalina.startup.Catalina.load(Catalina.java:710)
		at org.apache.catalina.startup.Catalina.load(Catalina.java:733)
		at java.base/jdk.internal.reflect.DirectMethodHandleAccessor.invoke(DirectMethodHandleAccessor.java:104)
		at java.base/java.lang.reflect.Method.invoke(Method.java:565)
		at org.apache.catalina.startup.Bootstrap.load(Bootstrap.java:299)
		at org.apache.catalina.startup.Bootstrap.main(Bootstrap.java:469)
	Caused by: java.net.BindException: Address already in use: bind
		at java.base/sun.nio.ch.Net.bind0(Native Method)
		at java.base/sun.nio.ch.Net.bind(Net.java:511)
		at java.base/sun.nio.ch.ServerSocketChannelImpl.netBind(ServerSocketChannelImpl.java:335)
		at java.base/sun.nio.ch.ServerSocketChannelImpl.bind(ServerSocketChannelImpl.java:297)
		at org.apache.tomcat.util.net.NioEndpoint.initServerSocket(NioEndpoint.java:240)
		at org.apache.tomcat.util.net.NioEndpoint.bind(NioEndpoint.java:195)
		at org.apache.tomcat.util.net.AbstractEndpoint.bindWithCleanup(AbstractEndpoint.java:1472)
		at org.apache.tomcat.util.net.AbstractEndpoint.init(AbstractEndpoint.java:1485)
		at org.apache.coyote.AbstractProtocol.init(AbstractProtocol.java:633)
		at org.apache.coyote.http11.AbstractHttp11Protocol.init(AbstractHttp11Protocol.java:83)
		at org.apache.catalina.connector.Connector.initInternal(Connector.java:1054)
		... 11 more
08-May-2025 15:17:31.406 INFO [main] org.apache.catalina.startup.Catalina.load Server initialization in [619] milliseconds
08-May-2025 15:17:31.473 INFO [main] org.apache.catalina.core.StandardService.startInternal Starting service [Catalina]
08-May-2025 15:17:31.473 INFO [main] org.apache.catalina.core.StandardEngine.startInternal Starting Servlet engine: [Apache Tomcat/11.0.5]
08-May-2025 15:17:31.487 INFO [main] org.apache.catalina.startup.HostConfig.deployDescriptor Deploying deployment descriptor [C:\Users\msi\Downloads\Food Delivery Website - Copy\Food Delivery Website - Copy\conf\Catalina\localhost\ROOT.xml]
08-May-2025 15:17:31.989 INFO [main] org.apache.catalina.startup.HostConfig.deployDescriptor Deployment of deployment descriptor [C:\Users\msi\Downloads\Food Delivery Website - Copy\Food Delivery Website - Copy\conf\Catalina\localhost\ROOT.xml] has finished in [501] ms
08-May-2025 15:17:32.003 INFO [main] org.apache.catalina.startup.Catalina.start Server startup in [594] milliseconds
08-May-2025 15:17:32.010 SEVERE [main] org.apache.catalina.core.StandardServer.await Failed to create server shutdown socket on address [localhost] and port [8005] (base port [8005] and offset [0])
	java.net.BindException: Address already in use: bind
		at java.base/sun.nio.ch.Net.bind0(Native Method)
		at java.base/sun.nio.ch.Net.bind(Net.java:511)
		at java.base/sun.nio.ch.Net.bind(Net.java:500)
		at java.base/sun.nio.ch.NioSocketImpl.bind(NioSocketImpl.java:630)
		at java.base/java.net.ServerSocket.bind(ServerSocket.java:326)
		at java.base/java.net.ServerSocket.<init>(ServerSocket.java:222)
		at org.apache.catalina.core.StandardServer.await(StandardServer.java:532)
		at org.apache.catalina.startup.Catalina.await(Catalina.java:849)
		at org.apache.catalina.startup.Catalina.start(Catalina.java:797)
		at java.base/jdk.internal.reflect.DirectMethodHandleAccessor.invoke(DirectMethodHandleAccessor.java:104)
		at java.base/java.lang.reflect.Method.invoke(Method.java:565)
		at org.apache.catalina.startup.Bootstrap.start(Bootstrap.java:342)
		at org.apache.catalina.startup.Bootstrap.main(Bootstrap.java:470)
08-May-2025 15:17:32.010 INFO [main] org.apache.coyote.AbstractProtocol.pause Pausing ProtocolHandler ["http-nio-8080"]
08-May-2025 15:17:32.010 INFO [main] org.apache.catalina.core.StandardService.stopInternal Stopping service [Catalina]
08-May-2025 15:17:32.019 INFO [main] org.apache.coyote.AbstractProtocol.stop Stopping ProtocolHandler ["http-nio-8080"]
08-May-2025 15:17:32.019 INFO [main] org.apache.coyote.AbstractProtocol.destroy Destroying ProtocolHandler ["http-nio-8080"]
08-May-2025 15:17:34.218 INFO [Catalina-utility-2] org.apache.catalina.startup.HostConfig.undeploy Undeploying context []
08-May-2025 15:17:34.248 INFO [Catalina-utility-2] org.apache.catalina.startup.HostConfig.deployDescriptor Deploying deployment descriptor [C:\Users\msi\Downloads\Food Delivery Website - Copy\Food Delivery Website - Copy\conf\Catalina\localhost\ROOT.xml]
08-May-2025 15:17:34.318 INFO [Catalina-utility-2] org.apache.catalina.startup.HostConfig.deployDescriptor Deployment of deployment descriptor [C:\Users\msi\Downloads\Food Delivery Website - Copy\Food Delivery Website - Copy\conf\Catalina\localhost\ROOT.xml] has finished in [70] ms
08-May-2025 15:19:17.893 INFO [main] org.apache.catalina.startup.VersionLoggerListener.log Server version name:   Apache Tomcat/11.0.5
08-May-2025 15:19:17.901 INFO [main] org.apache.catalina.startup.VersionLoggerListener.log Server built:          Feb 28 2025 15:54:41 UTC
08-May-2025 15:19:17.902 INFO [main] org.apache.catalina.startup.VersionLoggerListener.log Server version number: 11.0.5.0
08-May-2025 15:19:17.902 INFO [main] org.apache.catalina.startup.VersionLoggerListener.log OS Name:               Windows 11
08-May-2025 15:19:17.903 INFO [main] org.apache.catalina.startup.VersionLoggerListener.log OS Version:            10.0
08-May-2025 15:19:17.903 INFO [main] org.apache.catalina.startup.VersionLoggerListener.log Architecture:          amd64
08-May-2025 15:19:17.903 INFO [main] org.apache.catalina.startup.VersionLoggerListener.log Java Home:             C:\Users\msi\.jdks\openjdk-24
08-May-2025 15:19:17.903 INFO [main] org.apache.catalina.startup.VersionLoggerListener.log JVM Version:           24+36-3646
08-May-2025 15:19:17.904 INFO [main] org.apache.catalina.startup.VersionLoggerListener.log JVM Vendor:            Oracle Corporation
08-May-2025 15:19:17.904 INFO [main] org.apache.catalina.startup.VersionLoggerListener.log CATALINA_BASE:         C:\Users\msi\Downloads\Food Delivery Website - Copy\Food Delivery Website - Copy
08-May-2025 15:19:17.904 INFO [main] org.apache.catalina.startup.VersionLoggerListener.log CATALINA_HOME:         C:\Program Files\Apache Software Foundation\Tomcat 11.0
08-May-2025 15:19:17.924 INFO [main] org.apache.catalina.startup.VersionLoggerListener.log Command line argument: --add-opens=java.base/java.lang=ALL-UNNAMED
08-May-2025 15:19:17.925 INFO [main] org.apache.catalina.startup.VersionLoggerListener.log Command line argument: --add-opens=java.base/java.io=ALL-UNNAMED
08-May-2025 15:19:17.925 INFO [main] org.apache.catalina.startup.VersionLoggerListener.log Command line argument: --add-opens=java.base/java.util=ALL-UNNAMED
08-May-2025 15:19:17.925 INFO [main] org.apache.catalina.startup.VersionLoggerListener.log Command line argument: --add-opens=java.base/java.util.concurrent=ALL-UNNAMED
08-May-2025 15:19:17.925 INFO [main] org.apache.catalina.startup.VersionLoggerListener.log Command line argument: --add-opens=java.rmi/sun.rmi.transport=ALL-UNNAMED
08-May-2025 15:19:17.926 INFO [main] org.apache.catalina.startup.VersionLoggerListener.log Command line argument: -Dcatalina.home=C:\Program Files\Apache Software Foundation\Tomcat 11.0
08-May-2025 15:19:17.926 INFO [main] org.apache.catalina.startup.VersionLoggerListener.log Command line argument: -Dcatalina.base=C:\Users\msi\Downloads\Food Delivery Website - Copy\Food Delivery Website - Copy
08-May-2025 15:19:17.926 INFO [main] org.apache.catalina.startup.VersionLoggerListener.log Command line argument: -Djava.io.tmpdir=C:\Users\msi\Downloads\Food Delivery Website - Copy\Food Delivery Website - Copy\temp
08-May-2025 15:19:17.926 INFO [main] org.apache.catalina.startup.VersionLoggerListener.log Command line argument: -Djava.util.logging.config.file=C:\Users\msi\Downloads\Food Delivery Website - Copy\Food Delivery Website - Copy\conf\logging.properties
08-May-2025 15:19:17.926 INFO [main] org.apache.catalina.startup.VersionLoggerListener.log Command line argument: -Djava.util.logging.manager=org.apache.juli.ClassLoaderLogManager
08-May-2025 15:19:17.927 INFO [main] org.apache.catalina.startup.VersionLoggerListener.log Command line argument: -javaagent:C:\Users\msi\AppData\Local\JetBrains\IntelliJ IDEA 2024.3.5\lib\idea_rt.jar=54100
08-May-2025 15:19:17.927 INFO [main] org.apache.catalina.startup.VersionLoggerListener.log Command line argument: -Dfile.encoding=UTF-8
08-May-2025 15:19:17.927 INFO [main] org.apache.catalina.startup.VersionLoggerListener.log Command line argument: -Dsun.stdout.encoding=UTF-8
08-May-2025 15:19:17.927 INFO [main] org.apache.catalina.startup.VersionLoggerListener.log Command line argument: -Dsun.stderr.encoding=UTF-8
08-May-2025 15:19:17.934 INFO [main] org.apache.catalina.core.AprLifecycleListener.lifecycleEvent The Apache Tomcat Native library which allows using OpenSSL was not found on the java.library.path: [C:\Users\msi\.jdks\openjdk-24\bin;C:\WINDOWS\Sun\Java\bin;C:\WINDOWS\system32;C:\WINDOWS;C:\Program Files\Common Files\Oracle\Java\javapath;C:\WINDOWS\system32;C:\WINDOWS;C:\WINDOWS\System32\Wbem;C:\WINDOWS\System32\WindowsPowerShell\v1.0\;C:\WINDOWS\System32\OpenSSH\;C:\Program Files\NVIDIA Corporation\NVIDIA NvDLISR;C:\Program Files\Git\cmd;C:\Users\msi\AppData\Local\Microsoft\WindowsApps;C:\Users\msi\AppData\Local\Programs\Microsoft VS Code\bin;;.]
08-May-2025 15:19:18.342 INFO [main] org.apache.coyote.AbstractProtocol.init Initializing ProtocolHandler ["http-nio-8080"]
08-May-2025 15:19:18.356 SEVERE [main] org.apache.catalina.util.LifecycleBase.handleSubClassException Failed to initialize component [Connector["http-nio-8080"]]
	org.apache.catalina.LifecycleException: Protocol handler initialization failed
		at org.apache.catalina.connector.Connector.initInternal(Connector.java:1056)
		at org.apache.catalina.util.LifecycleBase.init(LifecycleBase.java:122)
		at org.apache.catalina.core.StandardService.initInternal(StandardService.java:525)
		at org.apache.catalina.util.LifecycleBase.init(LifecycleBase.java:122)
		at org.apache.catalina.core.StandardServer.initInternal(StandardServer.java:953)
		at org.apache.catalina.util.LifecycleBase.init(LifecycleBase.java:122)
		at org.apache.catalina.startup.Catalina.load(Catalina.java:710)
		at org.apache.catalina.startup.Catalina.load(Catalina.java:733)
		at java.base/jdk.internal.reflect.DirectMethodHandleAccessor.invoke(DirectMethodHandleAccessor.java:104)
		at java.base/java.lang.reflect.Method.invoke(Method.java:565)
		at org.apache.catalina.startup.Bootstrap.load(Bootstrap.java:299)
		at org.apache.catalina.startup.Bootstrap.main(Bootstrap.java:469)
	Caused by: java.net.BindException: Address already in use: bind
		at java.base/sun.nio.ch.Net.bind0(Native Method)
		at java.base/sun.nio.ch.Net.bind(Net.java:511)
		at java.base/sun.nio.ch.ServerSocketChannelImpl.netBind(ServerSocketChannelImpl.java:335)
		at java.base/sun.nio.ch.ServerSocketChannelImpl.bind(ServerSocketChannelImpl.java:297)
		at org.apache.tomcat.util.net.NioEndpoint.initServerSocket(NioEndpoint.java:240)
		at org.apache.tomcat.util.net.NioEndpoint.bind(NioEndpoint.java:195)
		at org.apache.tomcat.util.net.AbstractEndpoint.bindWithCleanup(AbstractEndpoint.java:1472)
		at org.apache.tomcat.util.net.AbstractEndpoint.init(AbstractEndpoint.java:1485)
		at org.apache.coyote.AbstractProtocol.init(AbstractProtocol.java:633)
		at org.apache.coyote.http11.AbstractHttp11Protocol.init(AbstractHttp11Protocol.java:83)
		at org.apache.catalina.connector.Connector.initInternal(Connector.java:1054)
		... 11 more
08-May-2025 15:19:18.357 INFO [main] org.apache.catalina.startup.Catalina.load Server initialization in [743] milliseconds
08-May-2025 15:19:18.475 INFO [main] org.apache.catalina.core.StandardService.startInternal Starting service [Catalina]
08-May-2025 15:19:18.476 INFO [main] org.apache.catalina.core.StandardEngine.startInternal Starting Servlet engine: [Apache Tomcat/11.0.5]
08-May-2025 15:19:18.490 INFO [main] org.apache.catalina.startup.HostConfig.deployDescriptor Deploying deployment descriptor [C:\Users\msi\Downloads\Food Delivery Website - Copy\Food Delivery Website - Copy\conf\Catalina\localhost\ROOT.xml]
08-May-2025 15:19:19.019 INFO [main] org.apache.catalina.startup.HostConfig.deployDescriptor Deployment of deployment descriptor [C:\Users\msi\Downloads\Food Delivery Website - Copy\Food Delivery Website - Copy\conf\Catalina\localhost\ROOT.xml] has finished in [527] ms
08-May-2025 15:19:19.035 INFO [main] org.apache.catalina.startup.Catalina.start Server startup in [675] milliseconds
08-May-2025 15:19:19.043 SEVERE [main] org.apache.catalina.core.StandardServer.await Failed to create server shutdown socket on address [localhost] and port [8005] (base port [8005] and offset [0])
	java.net.BindException: Address already in use: bind
		at java.base/sun.nio.ch.Net.bind0(Native Method)
		at java.base/sun.nio.ch.Net.bind(Net.java:511)
		at java.base/sun.nio.ch.Net.bind(Net.java:500)
		at java.base/sun.nio.ch.NioSocketImpl.bind(NioSocketImpl.java:630)
		at java.base/java.net.ServerSocket.bind(ServerSocket.java:326)
		at java.base/java.net.ServerSocket.<init>(ServerSocket.java:222)
		at org.apache.catalina.core.StandardServer.await(StandardServer.java:532)
		at org.apache.catalina.startup.Catalina.await(Catalina.java:849)
		at org.apache.catalina.startup.Catalina.start(Catalina.java:797)
		at java.base/jdk.internal.reflect.DirectMethodHandleAccessor.invoke(DirectMethodHandleAccessor.java:104)
		at java.base/java.lang.reflect.Method.invoke(Method.java:565)
		at org.apache.catalina.startup.Bootstrap.start(Bootstrap.java:342)
		at org.apache.catalina.startup.Bootstrap.main(Bootstrap.java:470)
08-May-2025 15:19:19.044 INFO [main] org.apache.coyote.AbstractProtocol.pause Pausing ProtocolHandler ["http-nio-8080"]
08-May-2025 15:19:19.044 INFO [main] org.apache.catalina.core.StandardService.stopInternal Stopping service [Catalina]
08-May-2025 15:19:19.055 INFO [main] org.apache.coyote.AbstractProtocol.stop Stopping ProtocolHandler ["http-nio-8080"]
08-May-2025 15:19:19.056 INFO [main] org.apache.coyote.AbstractProtocol.destroy Destroying ProtocolHandler ["http-nio-8080"]
08-May-2025 15:19:24.384 INFO [Catalina-utility-2] org.apache.catalina.startup.HostConfig.undeploy Undeploying context []
08-May-2025 15:19:24.415 INFO [Catalina-utility-2] org.apache.catalina.startup.HostConfig.deployDescriptor Deploying deployment descriptor [C:\Users\msi\Downloads\Food Delivery Website - Copy\Food Delivery Website - Copy\conf\Catalina\localhost\ROOT.xml]
08-May-2025 15:19:24.637 INFO [Catalina-utility-2] org.apache.catalina.startup.HostConfig.deployDescriptor Deployment of deployment descriptor [C:\Users\msi\Downloads\Food Delivery Website - Copy\Food Delivery Website - Copy\conf\Catalina\localhost\ROOT.xml] has finished in [221] ms
08-May-2025 15:19:43.371 INFO [main] org.apache.catalina.startup.VersionLoggerListener.log Server version name:   Apache Tomcat/11.0.5
08-May-2025 15:19:43.375 INFO [main] org.apache.catalina.startup.VersionLoggerListener.log Server built:          Feb 28 2025 15:54:41 UTC
08-May-2025 15:19:43.375 INFO [main] org.apache.catalina.startup.VersionLoggerListener.log Server version number: 11.0.5.0
08-May-2025 15:19:43.376 INFO [main] org.apache.catalina.startup.VersionLoggerListener.log OS Name:               Windows 11
08-May-2025 15:19:43.376 INFO [main] org.apache.catalina.startup.VersionLoggerListener.log OS Version:            10.0
08-May-2025 15:19:43.376 INFO [main] org.apache.catalina.startup.VersionLoggerListener.log Architecture:          amd64
08-May-2025 15:19:43.376 INFO [main] org.apache.catalina.startup.VersionLoggerListener.log Java Home:             C:\Users\msi\.jdks\openjdk-24
08-May-2025 15:19:43.377 INFO [main] org.apache.catalina.startup.VersionLoggerListener.log JVM Version:           24+36-3646
08-May-2025 15:19:43.377 INFO [main] org.apache.catalina.startup.VersionLoggerListener.log JVM Vendor:            Oracle Corporation
08-May-2025 15:19:43.377 INFO [main] org.apache.catalina.startup.VersionLoggerListener.log CATALINA_BASE:         C:\Users\msi\Downloads\Food Delivery Website - Copy\Food Delivery Website - Copy
08-May-2025 15:19:43.377 INFO [main] org.apache.catalina.startup.VersionLoggerListener.log CATALINA_HOME:         C:\Program Files\Apache Software Foundation\Tomcat 11.0
08-May-2025 15:19:43.389 INFO [main] org.apache.catalina.startup.VersionLoggerListener.log Command line argument: --add-opens=java.base/java.lang=ALL-UNNAMED
08-May-2025 15:19:43.389 INFO [main] org.apache.catalina.startup.VersionLoggerListener.log Command line argument: --add-opens=java.base/java.io=ALL-UNNAMED
08-May-2025 15:19:43.389 INFO [main] org.apache.catalina.startup.VersionLoggerListener.log Command line argument: --add-opens=java.base/java.util=ALL-UNNAMED
08-May-2025 15:19:43.389 INFO [main] org.apache.catalina.startup.VersionLoggerListener.log Command line argument: --add-opens=java.base/java.util.concurrent=ALL-UNNAMED
08-May-2025 15:19:43.389 INFO [main] org.apache.catalina.startup.VersionLoggerListener.log Command line argument: --add-opens=java.rmi/sun.rmi.transport=ALL-UNNAMED
08-May-2025 15:19:43.389 INFO [main] org.apache.catalina.startup.VersionLoggerListener.log Command line argument: -Dcatalina.home=C:\Program Files\Apache Software Foundation\Tomcat 11.0
08-May-2025 15:19:43.389 INFO [main] org.apache.catalina.startup.VersionLoggerListener.log Command line argument: -Dcatalina.base=C:\Users\msi\Downloads\Food Delivery Website - Copy\Food Delivery Website - Copy
08-May-2025 15:19:43.389 INFO [main] org.apache.catalina.startup.VersionLoggerListener.log Command line argument: -Djava.io.tmpdir=C:\Users\msi\Downloads\Food Delivery Website - Copy\Food Delivery Website - Copy\temp
08-May-2025 15:19:43.390 INFO [main] org.apache.catalina.startup.VersionLoggerListener.log Command line argument: -Djava.util.logging.config.file=C:\Users\msi\Downloads\Food Delivery Website - Copy\Food Delivery Website - Copy\conf\logging.properties
08-May-2025 15:19:43.390 INFO [main] org.apache.catalina.startup.VersionLoggerListener.log Command line argument: -Djava.util.logging.manager=org.apache.juli.ClassLoaderLogManager
08-May-2025 15:19:43.390 INFO [main] org.apache.catalina.startup.VersionLoggerListener.log Command line argument: -javaagent:C:\Users\msi\AppData\Local\JetBrains\IntelliJ IDEA 2024.3.5\lib\idea_rt.jar=54111
08-May-2025 15:19:43.390 INFO [main] org.apache.catalina.startup.VersionLoggerListener.log Command line argument: -Dfile.encoding=UTF-8
08-May-2025 15:19:43.390 INFO [main] org.apache.catalina.startup.VersionLoggerListener.log Command line argument: -Dsun.stdout.encoding=UTF-8
08-May-2025 15:19:43.390 INFO [main] org.apache.catalina.startup.VersionLoggerListener.log Command line argument: -Dsun.stderr.encoding=UTF-8
08-May-2025 15:19:43.395 INFO [main] org.apache.catalina.core.AprLifecycleListener.lifecycleEvent The Apache Tomcat Native library which allows using OpenSSL was not found on the java.library.path: [C:\Users\msi\.jdks\openjdk-24\bin;C:\WINDOWS\Sun\Java\bin;C:\WINDOWS\system32;C:\WINDOWS;C:\Program Files\Common Files\Oracle\Java\javapath;C:\WINDOWS\system32;C:\WINDOWS;C:\WINDOWS\System32\Wbem;C:\WINDOWS\System32\WindowsPowerShell\v1.0\;C:\WINDOWS\System32\OpenSSH\;C:\Program Files\NVIDIA Corporation\NVIDIA NvDLISR;C:\Program Files\Git\cmd;C:\Users\msi\AppData\Local\Microsoft\WindowsApps;C:\Users\msi\AppData\Local\Programs\Microsoft VS Code\bin;;.]
08-May-2025 15:19:43.748 INFO [main] org.apache.coyote.AbstractProtocol.init Initializing ProtocolHandler ["http-nio-8080"]
08-May-2025 15:19:43.760 SEVERE [main] org.apache.catalina.util.LifecycleBase.handleSubClassException Failed to initialize component [Connector["http-nio-8080"]]
	org.apache.catalina.LifecycleException: Protocol handler initialization failed
		at org.apache.catalina.connector.Connector.initInternal(Connector.java:1056)
		at org.apache.catalina.util.LifecycleBase.init(LifecycleBase.java:122)
		at org.apache.catalina.core.StandardService.initInternal(StandardService.java:525)
		at org.apache.catalina.util.LifecycleBase.init(LifecycleBase.java:122)
		at org.apache.catalina.core.StandardServer.initInternal(StandardServer.java:953)
		at org.apache.catalina.util.LifecycleBase.init(LifecycleBase.java:122)
		at org.apache.catalina.startup.Catalina.load(Catalina.java:710)
		at org.apache.catalina.startup.Catalina.load(Catalina.java:733)
		at java.base/jdk.internal.reflect.DirectMethodHandleAccessor.invoke(DirectMethodHandleAccessor.java:104)
		at java.base/java.lang.reflect.Method.invoke(Method.java:565)
		at org.apache.catalina.startup.Bootstrap.load(Bootstrap.java:299)
		at org.apache.catalina.startup.Bootstrap.main(Bootstrap.java:469)
	Caused by: java.net.BindException: Address already in use: bind
		at java.base/sun.nio.ch.Net.bind0(Native Method)
		at java.base/sun.nio.ch.Net.bind(Net.java:511)
		at java.base/sun.nio.ch.ServerSocketChannelImpl.netBind(ServerSocketChannelImpl.java:335)
		at java.base/sun.nio.ch.ServerSocketChannelImpl.bind(ServerSocketChannelImpl.java:297)
		at org.apache.tomcat.util.net.NioEndpoint.initServerSocket(NioEndpoint.java:240)
		at org.apache.tomcat.util.net.NioEndpoint.bind(NioEndpoint.java:195)
		at org.apache.tomcat.util.net.AbstractEndpoint.bindWithCleanup(AbstractEndpoint.java:1472)
		at org.apache.tomcat.util.net.AbstractEndpoint.init(AbstractEndpoint.java:1485)
		at org.apache.coyote.AbstractProtocol.init(AbstractProtocol.java:633)
		at org.apache.coyote.http11.AbstractHttp11Protocol.init(AbstractHttp11Protocol.java:83)
		at org.apache.catalina.connector.Connector.initInternal(Connector.java:1054)
		... 11 more
08-May-2025 15:19:43.762 INFO [main] org.apache.catalina.startup.Catalina.load Server initialization in [650] milliseconds
08-May-2025 15:19:43.833 INFO [main] org.apache.catalina.core.StandardService.startInternal Starting service [Catalina]
08-May-2025 15:19:43.833 INFO [main] org.apache.catalina.core.StandardEngine.startInternal Starting Servlet engine: [Apache Tomcat/11.0.5]
08-May-2025 15:19:43.845 INFO [main] org.apache.catalina.startup.HostConfig.deployDescriptor Deploying deployment descriptor [C:\Users\msi\Downloads\Food Delivery Website - Copy\Food Delivery Website - Copy\conf\Catalina\localhost\ROOT.xml]
08-May-2025 15:19:44.369 INFO [main] org.apache.catalina.startup.HostConfig.deployDescriptor Deployment of deployment descriptor [C:\Users\msi\Downloads\Food Delivery Website - Copy\Food Delivery Website - Copy\conf\Catalina\localhost\ROOT.xml] has finished in [522] ms
08-May-2025 15:19:44.383 INFO [main] org.apache.catalina.startup.Catalina.start Server startup in [618] milliseconds
08-May-2025 15:19:44.389 SEVERE [main] org.apache.catalina.core.StandardServer.await Failed to create server shutdown socket on address [localhost] and port [8005] (base port [8005] and offset [0])
	java.net.BindException: Address already in use: bind
		at java.base/sun.nio.ch.Net.bind0(Native Method)
		at java.base/sun.nio.ch.Net.bind(Net.java:511)
		at java.base/sun.nio.ch.Net.bind(Net.java:500)
		at java.base/sun.nio.ch.NioSocketImpl.bind(NioSocketImpl.java:630)
		at java.base/java.net.ServerSocket.bind(ServerSocket.java:326)
		at java.base/java.net.ServerSocket.<init>(ServerSocket.java:222)
		at org.apache.catalina.core.StandardServer.await(StandardServer.java:532)
		at org.apache.catalina.startup.Catalina.await(Catalina.java:849)
		at org.apache.catalina.startup.Catalina.start(Catalina.java:797)
		at java.base/jdk.internal.reflect.DirectMethodHandleAccessor.invoke(DirectMethodHandleAccessor.java:104)
		at java.base/java.lang.reflect.Method.invoke(Method.java:565)
		at org.apache.catalina.startup.Bootstrap.start(Bootstrap.java:342)
		at org.apache.catalina.startup.Bootstrap.main(Bootstrap.java:470)
08-May-2025 15:19:44.390 INFO [main] org.apache.coyote.AbstractProtocol.pause Pausing ProtocolHandler ["http-nio-8080"]
08-May-2025 15:19:44.390 INFO [main] org.apache.catalina.core.StandardService.stopInternal Stopping service [Catalina]
08-May-2025 15:19:44.401 INFO [main] org.apache.coyote.AbstractProtocol.stop Stopping ProtocolHandler ["http-nio-8080"]
08-May-2025 15:19:44.401 INFO [main] org.apache.coyote.AbstractProtocol.destroy Destroying ProtocolHandler ["http-nio-8080"]
08-May-2025 15:19:45.030 INFO [Catalina-utility-1] org.apache.catalina.startup.HostConfig.undeploy Undeploying context []
08-May-2025 15:19:45.067 INFO [Catalina-utility-1] org.apache.catalina.startup.HostConfig.deployDescriptor Deploying deployment descriptor [C:\Users\msi\Downloads\Food Delivery Website - Copy\Food Delivery Website - Copy\conf\Catalina\localhost\ROOT.xml]
08-May-2025 15:19:45.153 INFO [Catalina-utility-1] org.apache.catalina.startup.HostConfig.deployDescriptor Deployment of deployment descriptor [C:\Users\msi\Downloads\Food Delivery Website - Copy\Food Delivery Website - Copy\conf\Catalina\localhost\ROOT.xml] has finished in [86] ms
08-May-2025 15:23:05.293 INFO [main] org.apache.catalina.startup.VersionLoggerListener.log Server version name:   Apache Tomcat/11.0.5
08-May-2025 15:23:05.298 INFO [main] org.apache.catalina.startup.VersionLoggerListener.log Server built:          Feb 28 2025 15:54:41 UTC
08-May-2025 15:23:05.298 INFO [main] org.apache.catalina.startup.VersionLoggerListener.log Server version number: 11.0.5.0
08-May-2025 15:23:05.298 INFO [main] org.apache.catalina.startup.VersionLoggerListener.log OS Name:               Windows 11
08-May-2025 15:23:05.298 INFO [main] org.apache.catalina.startup.VersionLoggerListener.log OS Version:            10.0
08-May-2025 15:23:05.298 INFO [main] org.apache.catalina.startup.VersionLoggerListener.log Architecture:          amd64
08-May-2025 15:23:05.298 INFO [main] org.apache.catalina.startup.VersionLoggerListener.log Java Home:             C:\Users\msi\.jdks\openjdk-24
08-May-2025 15:23:05.299 INFO [main] org.apache.catalina.startup.VersionLoggerListener.log JVM Version:           24+36-3646
08-May-2025 15:23:05.299 INFO [main] org.apache.catalina.startup.VersionLoggerListener.log JVM Vendor:            Oracle Corporation
08-May-2025 15:23:05.299 INFO [main] org.apache.catalina.startup.VersionLoggerListener.log CATALINA_BASE:         C:\Users\msi\Downloads\Food Delivery Website - Copy\Food Delivery Website - Copy
08-May-2025 15:23:05.299 INFO [main] org.apache.catalina.startup.VersionLoggerListener.log CATALINA_HOME:         C:\Program Files\Apache Software Foundation\Tomcat 11.0
08-May-2025 15:23:05.313 INFO [main] org.apache.catalina.startup.VersionLoggerListener.log Command line argument: --add-opens=java.base/java.lang=ALL-UNNAMED
08-May-2025 15:23:05.313 INFO [main] org.apache.catalina.startup.VersionLoggerListener.log Command line argument: --add-opens=java.base/java.io=ALL-UNNAMED
08-May-2025 15:23:05.313 INFO [main] org.apache.catalina.startup.VersionLoggerListener.log Command line argument: --add-opens=java.base/java.util=ALL-UNNAMED
08-May-2025 15:23:05.313 INFO [main] org.apache.catalina.startup.VersionLoggerListener.log Command line argument: --add-opens=java.base/java.util.concurrent=ALL-UNNAMED
08-May-2025 15:23:05.314 INFO [main] org.apache.catalina.startup.VersionLoggerListener.log Command line argument: --add-opens=java.rmi/sun.rmi.transport=ALL-UNNAMED
08-May-2025 15:23:05.314 INFO [main] org.apache.catalina.startup.VersionLoggerListener.log Command line argument: -Dcatalina.home=C:\Program Files\Apache Software Foundation\Tomcat 11.0
08-May-2025 15:23:05.314 INFO [main] org.apache.catalina.startup.VersionLoggerListener.log Command line argument: -Dcatalina.base=C:\Users\msi\Downloads\Food Delivery Website - Copy\Food Delivery Website - Copy
08-May-2025 15:23:05.314 INFO [main] org.apache.catalina.startup.VersionLoggerListener.log Command line argument: -Djava.io.tmpdir=C:\Users\msi\Downloads\Food Delivery Website - Copy\Food Delivery Website - Copy\temp
08-May-2025 15:23:05.314 INFO [main] org.apache.catalina.startup.VersionLoggerListener.log Command line argument: -Djava.util.logging.config.file=C:\Users\msi\Downloads\Food Delivery Website - Copy\Food Delivery Website - Copy\conf\logging.properties
08-May-2025 15:23:05.314 INFO [main] org.apache.catalina.startup.VersionLoggerListener.log Command line argument: -Djava.util.logging.manager=org.apache.juli.ClassLoaderLogManager
08-May-2025 15:23:05.314 INFO [main] org.apache.catalina.startup.VersionLoggerListener.log Command line argument: -javaagent:C:\Users\msi\AppData\Local\JetBrains\IntelliJ IDEA 2024.3.5\lib\idea_rt.jar=54170
08-May-2025 15:23:05.315 INFO [main] org.apache.catalina.startup.VersionLoggerListener.log Command line argument: -Dfile.encoding=UTF-8
08-May-2025 15:23:05.315 INFO [main] org.apache.catalina.startup.VersionLoggerListener.log Command line argument: -Dsun.stdout.encoding=UTF-8
08-May-2025 15:23:05.315 INFO [main] org.apache.catalina.startup.VersionLoggerListener.log Command line argument: -Dsun.stderr.encoding=UTF-8
08-May-2025 15:23:05.320 INFO [main] org.apache.catalina.core.AprLifecycleListener.lifecycleEvent The Apache Tomcat Native library which allows using OpenSSL was not found on the java.library.path: [C:\Users\msi\.jdks\openjdk-24\bin;C:\WINDOWS\Sun\Java\bin;C:\WINDOWS\system32;C:\WINDOWS;C:\Program Files\Common Files\Oracle\Java\javapath;C:\WINDOWS\system32;C:\WINDOWS;C:\WINDOWS\System32\Wbem;C:\WINDOWS\System32\WindowsPowerShell\v1.0\;C:\WINDOWS\System32\OpenSSH\;C:\Program Files\NVIDIA Corporation\NVIDIA NvDLISR;C:\Program Files\Git\cmd;C:\Users\msi\AppData\Local\Microsoft\WindowsApps;C:\Users\msi\AppData\Local\Programs\Microsoft VS Code\bin;;.]
08-May-2025 15:23:05.687 INFO [main] org.apache.coyote.AbstractProtocol.init Initializing ProtocolHandler ["http-nio-8080"]
08-May-2025 15:23:05.701 SEVERE [main] org.apache.catalina.util.LifecycleBase.handleSubClassException Failed to initialize component [Connector["http-nio-8080"]]
	org.apache.catalina.LifecycleException: Protocol handler initialization failed
		at org.apache.catalina.connector.Connector.initInternal(Connector.java:1056)
		at org.apache.catalina.util.LifecycleBase.init(LifecycleBase.java:122)
		at org.apache.catalina.core.StandardService.initInternal(StandardService.java:525)
		at org.apache.catalina.util.LifecycleBase.init(LifecycleBase.java:122)
		at org.apache.catalina.core.StandardServer.initInternal(StandardServer.java:953)
		at org.apache.catalina.util.LifecycleBase.init(LifecycleBase.java:122)
		at org.apache.catalina.startup.Catalina.load(Catalina.java:710)
		at org.apache.catalina.startup.Catalina.load(Catalina.java:733)
		at java.base/jdk.internal.reflect.DirectMethodHandleAccessor.invoke(DirectMethodHandleAccessor.java:104)
		at java.base/java.lang.reflect.Method.invoke(Method.java:565)
		at org.apache.catalina.startup.Bootstrap.load(Bootstrap.java:299)
		at org.apache.catalina.startup.Bootstrap.main(Bootstrap.java:469)
	Caused by: java.net.BindException: Address already in use: bind
		at java.base/sun.nio.ch.Net.bind0(Native Method)
		at java.base/sun.nio.ch.Net.bind(Net.java:511)
		at java.base/sun.nio.ch.ServerSocketChannelImpl.netBind(ServerSocketChannelImpl.java:335)
		at java.base/sun.nio.ch.ServerSocketChannelImpl.bind(ServerSocketChannelImpl.java:297)
		at org.apache.tomcat.util.net.NioEndpoint.initServerSocket(NioEndpoint.java:240)
		at org.apache.tomcat.util.net.NioEndpoint.bind(NioEndpoint.java:195)
		at org.apache.tomcat.util.net.AbstractEndpoint.bindWithCleanup(AbstractEndpoint.java:1472)
		at org.apache.tomcat.util.net.AbstractEndpoint.init(AbstractEndpoint.java:1485)
		at org.apache.coyote.AbstractProtocol.init(AbstractProtocol.java:633)
		at org.apache.coyote.http11.AbstractHttp11Protocol.init(AbstractHttp11Protocol.java:83)
		at org.apache.catalina.connector.Connector.initInternal(Connector.java:1054)
		... 11 more
08-May-2025 15:23:05.703 INFO [main] org.apache.catalina.startup.Catalina.load Server initialization in [679] milliseconds
08-May-2025 15:23:05.771 INFO [main] org.apache.catalina.core.StandardService.startInternal Starting service [Catalina]
08-May-2025 15:23:05.772 INFO [main] org.apache.catalina.core.StandardEngine.startInternal Starting Servlet engine: [Apache Tomcat/11.0.5]
08-May-2025 15:23:05.789 INFO [main] org.apache.catalina.startup.HostConfig.deployDescriptor Deploying deployment descriptor [C:\Users\msi\Downloads\Food Delivery Website - Copy\Food Delivery Website - Copy\conf\Catalina\localhost\ROOT.xml]
08-May-2025 15:23:06.284 INFO [main] org.apache.catalina.startup.HostConfig.deployDescriptor Deployment of deployment descriptor [C:\Users\msi\Downloads\Food Delivery Website - Copy\Food Delivery Website - Copy\conf\Catalina\localhost\ROOT.xml] has finished in [493] ms
08-May-2025 15:23:06.299 INFO [main] org.apache.catalina.startup.Catalina.start Server startup in [594] milliseconds
08-May-2025 15:23:06.307 SEVERE [main] org.apache.catalina.core.StandardServer.await Failed to create server shutdown socket on address [localhost] and port [8005] (base port [8005] and offset [0])
	java.net.BindException: Address already in use: bind
		at java.base/sun.nio.ch.Net.bind0(Native Method)
		at java.base/sun.nio.ch.Net.bind(Net.java:511)
		at java.base/sun.nio.ch.Net.bind(Net.java:500)
		at java.base/sun.nio.ch.NioSocketImpl.bind(NioSocketImpl.java:630)
		at java.base/java.net.ServerSocket.bind(ServerSocket.java:326)
		at java.base/java.net.ServerSocket.<init>(ServerSocket.java:222)
		at org.apache.catalina.core.StandardServer.await(StandardServer.java:532)
		at org.apache.catalina.startup.Catalina.await(Catalina.java:849)
		at org.apache.catalina.startup.Catalina.start(Catalina.java:797)
		at java.base/jdk.internal.reflect.DirectMethodHandleAccessor.invoke(DirectMethodHandleAccessor.java:104)
		at java.base/java.lang.reflect.Method.invoke(Method.java:565)
		at org.apache.catalina.startup.Bootstrap.start(Bootstrap.java:342)
		at org.apache.catalina.startup.Bootstrap.main(Bootstrap.java:470)
08-May-2025 15:23:06.308 INFO [main] org.apache.coyote.AbstractProtocol.pause Pausing ProtocolHandler ["http-nio-8080"]
08-May-2025 15:23:06.308 INFO [main] org.apache.catalina.core.StandardService.stopInternal Stopping service [Catalina]
08-May-2025 15:23:06.322 INFO [main] org.apache.coyote.AbstractProtocol.stop Stopping ProtocolHandler ["http-nio-8080"]
08-May-2025 15:23:06.323 INFO [main] org.apache.coyote.AbstractProtocol.destroy Destroying ProtocolHandler ["http-nio-8080"]
08-May-2025 15:23:07.133 INFO [Catalina-utility-1] org.apache.catalina.startup.HostConfig.undeploy Undeploying context []
08-May-2025 15:23:07.172 INFO [Catalina-utility-1] org.apache.catalina.startup.HostConfig.deployDescriptor Deploying deployment descriptor [C:\Users\msi\Downloads\Food Delivery Website - Copy\Food Delivery Website - Copy\conf\Catalina\localhost\ROOT.xml]
08-May-2025 15:23:07.258 INFO [Catalina-utility-1] org.apache.catalina.startup.HostConfig.deployDescriptor Deployment of deployment descriptor [C:\Users\msi\Downloads\Food Delivery Website - Copy\Food Delivery Website - Copy\conf\Catalina\localhost\ROOT.xml] has finished in [87] ms
08-May-2025 15:23:39.509 INFO [main] org.apache.catalina.startup.VersionLoggerListener.log Server version name:   Apache Tomcat/11.0.5
08-May-2025 15:23:39.513 INFO [main] org.apache.catalina.startup.VersionLoggerListener.log Server built:          Feb 28 2025 15:54:41 UTC
08-May-2025 15:23:39.514 INFO [main] org.apache.catalina.startup.VersionLoggerListener.log Server version number: 11.0.5.0
08-May-2025 15:23:39.514 INFO [main] org.apache.catalina.startup.VersionLoggerListener.log OS Name:               Windows 11
08-May-2025 15:23:39.514 INFO [main] org.apache.catalina.startup.VersionLoggerListener.log OS Version:            10.0
08-May-2025 15:23:39.514 INFO [main] org.apache.catalina.startup.VersionLoggerListener.log Architecture:          amd64
08-May-2025 15:23:39.514 INFO [main] org.apache.catalina.startup.VersionLoggerListener.log Java Home:             C:\Users\msi\.jdks\openjdk-24
08-May-2025 15:23:39.514 INFO [main] org.apache.catalina.startup.VersionLoggerListener.log JVM Version:           24+36-3646
08-May-2025 15:23:39.515 INFO [main] org.apache.catalina.startup.VersionLoggerListener.log JVM Vendor:            Oracle Corporation
08-May-2025 15:23:39.515 INFO [main] org.apache.catalina.startup.VersionLoggerListener.log CATALINA_BASE:         C:\Users\msi\Downloads\Food Delivery Website - Copy\Food Delivery Website - Copy
08-May-2025 15:23:39.515 INFO [main] org.apache.catalina.startup.VersionLoggerListener.log CATALINA_HOME:         C:\Program Files\Apache Software Foundation\Tomcat 11.0
08-May-2025 15:23:39.526 INFO [main] org.apache.catalina.startup.VersionLoggerListener.log Command line argument: --add-opens=java.base/java.lang=ALL-UNNAMED
08-May-2025 15:23:39.526 INFO [main] org.apache.catalina.startup.VersionLoggerListener.log Command line argument: --add-opens=java.base/java.io=ALL-UNNAMED
08-May-2025 15:23:39.526 INFO [main] org.apache.catalina.startup.VersionLoggerListener.log Command line argument: --add-opens=java.base/java.util=ALL-UNNAMED
08-May-2025 15:23:39.526 INFO [main] org.apache.catalina.startup.VersionLoggerListener.log Command line argument: --add-opens=java.base/java.util.concurrent=ALL-UNNAMED
08-May-2025 15:23:39.526 INFO [main] org.apache.catalina.startup.VersionLoggerListener.log Command line argument: --add-opens=java.rmi/sun.rmi.transport=ALL-UNNAMED
08-May-2025 15:23:39.527 INFO [main] org.apache.catalina.startup.VersionLoggerListener.log Command line argument: -Dcatalina.home=C:\Program Files\Apache Software Foundation\Tomcat 11.0
08-May-2025 15:23:39.527 INFO [main] org.apache.catalina.startup.VersionLoggerListener.log Command line argument: -Dcatalina.base=C:\Users\msi\Downloads\Food Delivery Website - Copy\Food Delivery Website - Copy
08-May-2025 15:23:39.527 INFO [main] org.apache.catalina.startup.VersionLoggerListener.log Command line argument: -Djava.io.tmpdir=C:\Users\msi\Downloads\Food Delivery Website - Copy\Food Delivery Website - Copy\temp
08-May-2025 15:23:39.527 INFO [main] org.apache.catalina.startup.VersionLoggerListener.log Command line argument: -Djava.util.logging.config.file=C:\Users\msi\Downloads\Food Delivery Website - Copy\Food Delivery Website - Copy\conf\logging.properties
08-May-2025 15:23:39.527 INFO [main] org.apache.catalina.startup.VersionLoggerListener.log Command line argument: -Djava.util.logging.manager=org.apache.juli.ClassLoaderLogManager
08-May-2025 15:23:39.527 INFO [main] org.apache.catalina.startup.VersionLoggerListener.log Command line argument: -javaagent:C:\Users\msi\AppData\Local\JetBrains\IntelliJ IDEA 2024.3.5\lib\idea_rt.jar=54175
08-May-2025 15:23:39.527 INFO [main] org.apache.catalina.startup.VersionLoggerListener.log Command line argument: -Dfile.encoding=UTF-8
08-May-2025 15:23:39.527 INFO [main] org.apache.catalina.startup.VersionLoggerListener.log Command line argument: -Dsun.stdout.encoding=UTF-8
08-May-2025 15:23:39.527 INFO [main] org.apache.catalina.startup.VersionLoggerListener.log Command line argument: -Dsun.stderr.encoding=UTF-8
08-May-2025 15:23:39.532 INFO [main] org.apache.catalina.core.AprLifecycleListener.lifecycleEvent The Apache Tomcat Native library which allows using OpenSSL was not found on the java.library.path: [C:\Users\msi\.jdks\openjdk-24\bin;C:\WINDOWS\Sun\Java\bin;C:\WINDOWS\system32;C:\WINDOWS;C:\Program Files\Common Files\Oracle\Java\javapath;C:\WINDOWS\system32;C:\WINDOWS;C:\WINDOWS\System32\Wbem;C:\WINDOWS\System32\WindowsPowerShell\v1.0\;C:\WINDOWS\System32\OpenSSH\;C:\Program Files\NVIDIA Corporation\NVIDIA NvDLISR;C:\Program Files\Git\cmd;C:\Users\msi\AppData\Local\Microsoft\WindowsApps;C:\Users\msi\AppData\Local\Programs\Microsoft VS Code\bin;;.]
08-May-2025 15:23:39.946 INFO [main] org.apache.coyote.AbstractProtocol.init Initializing ProtocolHandler ["http-nio-8080"]
08-May-2025 15:23:39.974 SEVERE [main] org.apache.catalina.util.LifecycleBase.handleSubClassException Failed to initialize component [Connector["http-nio-8080"]]
	org.apache.catalina.LifecycleException: Protocol handler initialization failed
		at org.apache.catalina.connector.Connector.initInternal(Connector.java:1056)
		at org.apache.catalina.util.LifecycleBase.init(LifecycleBase.java:122)
		at org.apache.catalina.core.StandardService.initInternal(StandardService.java:525)
		at org.apache.catalina.util.LifecycleBase.init(LifecycleBase.java:122)
		at org.apache.catalina.core.StandardServer.initInternal(StandardServer.java:953)
		at org.apache.catalina.util.LifecycleBase.init(LifecycleBase.java:122)
		at org.apache.catalina.startup.Catalina.load(Catalina.java:710)
		at org.apache.catalina.startup.Catalina.load(Catalina.java:733)
		at java.base/jdk.internal.reflect.DirectMethodHandleAccessor.invoke(DirectMethodHandleAccessor.java:104)
		at java.base/java.lang.reflect.Method.invoke(Method.java:565)
		at org.apache.catalina.startup.Bootstrap.load(Bootstrap.java:299)
		at org.apache.catalina.startup.Bootstrap.main(Bootstrap.java:469)
	Caused by: java.net.BindException: Address already in use: bind
		at java.base/sun.nio.ch.Net.bind0(Native Method)
		at java.base/sun.nio.ch.Net.bind(Net.java:511)
		at java.base/sun.nio.ch.ServerSocketChannelImpl.netBind(ServerSocketChannelImpl.java:335)
		at java.base/sun.nio.ch.ServerSocketChannelImpl.bind(ServerSocketChannelImpl.java:297)
		at org.apache.tomcat.util.net.NioEndpoint.initServerSocket(NioEndpoint.java:240)
		at org.apache.tomcat.util.net.NioEndpoint.bind(NioEndpoint.java:195)
		at org.apache.tomcat.util.net.AbstractEndpoint.bindWithCleanup(AbstractEndpoint.java:1472)
		at org.apache.tomcat.util.net.AbstractEndpoint.init(AbstractEndpoint.java:1485)
		at org.apache.coyote.AbstractProtocol.init(AbstractProtocol.java:633)
		at org.apache.coyote.http11.AbstractHttp11Protocol.init(AbstractHttp11Protocol.java:83)
		at org.apache.catalina.connector.Connector.initInternal(Connector.java:1054)
		... 11 more
08-May-2025 15:23:39.978 INFO [main] org.apache.catalina.startup.Catalina.load Server initialization in [762] milliseconds
08-May-2025 15:23:40.109 INFO [main] org.apache.catalina.core.StandardService.startInternal Starting service [Catalina]
08-May-2025 15:23:40.109 INFO [main] org.apache.catalina.core.StandardEngine.startInternal Starting Servlet engine: [Apache Tomcat/11.0.5]
08-May-2025 15:23:40.138 INFO [main] org.apache.catalina.startup.HostConfig.deployDescriptor Deploying deployment descriptor [C:\Users\msi\Downloads\Food Delivery Website - Copy\Food Delivery Website - Copy\conf\Catalina\localhost\ROOT.xml]
08-May-2025 15:23:40.639 INFO [main] org.apache.catalina.startup.HostConfig.deployDescriptor Deployment of deployment descriptor [C:\Users\msi\Downloads\Food Delivery Website - Copy\Food Delivery Website - Copy\conf\Catalina\localhost\ROOT.xml] has finished in [499] ms
08-May-2025 15:23:40.663 INFO [main] org.apache.catalina.startup.Catalina.start Server startup in [679] milliseconds
08-May-2025 15:23:40.674 SEVERE [main] org.apache.catalina.core.StandardServer.await Failed to create server shutdown socket on address [localhost] and port [8005] (base port [8005] and offset [0])
	java.net.BindException: Address already in use: bind
		at java.base/sun.nio.ch.Net.bind0(Native Method)
		at java.base/sun.nio.ch.Net.bind(Net.java:511)
		at java.base/sun.nio.ch.Net.bind(Net.java:500)
		at java.base/sun.nio.ch.NioSocketImpl.bind(NioSocketImpl.java:630)
		at java.base/java.net.ServerSocket.bind(ServerSocket.java:326)
		at java.base/java.net.ServerSocket.<init>(ServerSocket.java:222)
		at org.apache.catalina.core.StandardServer.await(StandardServer.java:532)
		at org.apache.catalina.startup.Catalina.await(Catalina.java:849)
		at org.apache.catalina.startup.Catalina.start(Catalina.java:797)
		at java.base/jdk.internal.reflect.DirectMethodHandleAccessor.invoke(DirectMethodHandleAccessor.java:104)
		at java.base/java.lang.reflect.Method.invoke(Method.java:565)
		at org.apache.catalina.startup.Bootstrap.start(Bootstrap.java:342)
		at org.apache.catalina.startup.Bootstrap.main(Bootstrap.java:470)
08-May-2025 15:23:40.674 INFO [main] org.apache.coyote.AbstractProtocol.pause Pausing ProtocolHandler ["http-nio-8080"]
08-May-2025 15:23:40.675 INFO [main] org.apache.catalina.core.StandardService.stopInternal Stopping service [Catalina]
08-May-2025 15:23:40.687 INFO [main] org.apache.coyote.AbstractProtocol.stop Stopping ProtocolHandler ["http-nio-8080"]
08-May-2025 15:23:40.688 INFO [main] org.apache.coyote.AbstractProtocol.destroy Destroying ProtocolHandler ["http-nio-8080"]
08-May-2025 15:23:47.295 INFO [Catalina-utility-2] org.apache.catalina.startup.HostConfig.undeploy Undeploying context []
08-May-2025 15:23:47.318 INFO [Catalina-utility-2] org.apache.catalina.startup.HostConfig.deployDescriptor Deploying deployment descriptor [C:\Users\msi\Downloads\Food Delivery Website - Copy\Food Delivery Website - Copy\conf\Catalina\localhost\ROOT.xml]
08-May-2025 15:23:47.565 INFO [Catalina-utility-2] org.apache.catalina.startup.HostConfig.deployDescriptor Deployment of deployment descriptor [C:\Users\msi\Downloads\Food Delivery Website - Copy\Food Delivery Website - Copy\conf\Catalina\localhost\ROOT.xml] has finished in [247] ms
08-May-2025 15:27:54.459 INFO [main] org.apache.catalina.startup.VersionLoggerListener.log Server version name:   Apache Tomcat/11.0.5
08-May-2025 15:27:54.464 INFO [main] org.apache.catalina.startup.VersionLoggerListener.log Server built:          Feb 28 2025 15:54:41 UTC
08-May-2025 15:27:54.465 INFO [main] org.apache.catalina.startup.VersionLoggerListener.log Server version number: 11.0.5.0
08-May-2025 15:27:54.466 INFO [main] org.apache.catalina.startup.VersionLoggerListener.log OS Name:               Windows 11
08-May-2025 15:27:54.466 INFO [main] org.apache.catalina.startup.VersionLoggerListener.log OS Version:            10.0
08-May-2025 15:27:54.466 INFO [main] org.apache.catalina.startup.VersionLoggerListener.log Architecture:          amd64
08-May-2025 15:27:54.466 INFO [main] org.apache.catalina.startup.VersionLoggerListener.log Java Home:             C:\Users\msi\.jdks\openjdk-24
08-May-2025 15:27:54.466 INFO [main] org.apache.catalina.startup.VersionLoggerListener.log JVM Version:           24+36-3646
08-May-2025 15:27:54.467 INFO [main] org.apache.catalina.startup.VersionLoggerListener.log JVM Vendor:            Oracle Corporation
08-May-2025 15:27:54.467 INFO [main] org.apache.catalina.startup.VersionLoggerListener.log CATALINA_BASE:         C:\Users\msi\Downloads\Food Delivery Website - Copy\Food Delivery Website - Copy
08-May-2025 15:27:54.467 INFO [main] org.apache.catalina.startup.VersionLoggerListener.log CATALINA_HOME:         C:\Program Files\Apache Software Foundation\Tomcat 11.0
08-May-2025 15:27:54.480 INFO [main] org.apache.catalina.startup.VersionLoggerListener.log Command line argument: --add-opens=java.base/java.lang=ALL-UNNAMED
08-May-2025 15:27:54.481 INFO [main] org.apache.catalina.startup.VersionLoggerListener.log Command line argument: --add-opens=java.base/java.io=ALL-UNNAMED
08-May-2025 15:27:54.481 INFO [main] org.apache.catalina.startup.VersionLoggerListener.log Command line argument: --add-opens=java.base/java.util=ALL-UNNAMED
08-May-2025 15:27:54.481 INFO [main] org.apache.catalina.startup.VersionLoggerListener.log Command line argument: --add-opens=java.base/java.util.concurrent=ALL-UNNAMED
08-May-2025 15:27:54.481 INFO [main] org.apache.catalina.startup.VersionLoggerListener.log Command line argument: --add-opens=java.rmi/sun.rmi.transport=ALL-UNNAMED
08-May-2025 15:27:54.482 INFO [main] org.apache.catalina.startup.VersionLoggerListener.log Command line argument: -Dcatalina.home=C:\Program Files\Apache Software Foundation\Tomcat 11.0
08-May-2025 15:27:54.482 INFO [main] org.apache.catalina.startup.VersionLoggerListener.log Command line argument: -Dcatalina.base=C:\Users\msi\Downloads\Food Delivery Website - Copy\Food Delivery Website - Copy
08-May-2025 15:27:54.482 INFO [main] org.apache.catalina.startup.VersionLoggerListener.log Command line argument: -Djava.io.tmpdir=C:\Users\msi\Downloads\Food Delivery Website - Copy\Food Delivery Website - Copy\temp
08-May-2025 15:27:54.482 INFO [main] org.apache.catalina.startup.VersionLoggerListener.log Command line argument: -Djava.util.logging.config.file=C:\Users\msi\Downloads\Food Delivery Website - Copy\Food Delivery Website - Copy\conf\logging.properties
08-May-2025 15:27:54.482 INFO [main] org.apache.catalina.startup.VersionLoggerListener.log Command line argument: -Djava.util.logging.manager=org.apache.juli.ClassLoaderLogManager
08-May-2025 15:27:54.483 INFO [main] org.apache.catalina.startup.VersionLoggerListener.log Command line argument: -javaagent:C:\Users\msi\AppData\Local\JetBrains\IntelliJ IDEA 2024.3.5\lib\idea_rt.jar=54193
08-May-2025 15:27:54.483 INFO [main] org.apache.catalina.startup.VersionLoggerListener.log Command line argument: -Dfile.encoding=UTF-8
08-May-2025 15:27:54.483 INFO [main] org.apache.catalina.startup.VersionLoggerListener.log Command line argument: -Dsun.stdout.encoding=UTF-8
08-May-2025 15:27:54.483 INFO [main] org.apache.catalina.startup.VersionLoggerListener.log Command line argument: -Dsun.stderr.encoding=UTF-8
08-May-2025 15:27:54.490 INFO [main] org.apache.catalina.core.AprLifecycleListener.lifecycleEvent The Apache Tomcat Native library which allows using OpenSSL was not found on the java.library.path: [C:\Users\msi\.jdks\openjdk-24\bin;C:\WINDOWS\Sun\Java\bin;C:\WINDOWS\system32;C:\WINDOWS;C:\Program Files\Common Files\Oracle\Java\javapath;C:\WINDOWS\system32;C:\WINDOWS;C:\WINDOWS\System32\Wbem;C:\WINDOWS\System32\WindowsPowerShell\v1.0\;C:\WINDOWS\System32\OpenSSH\;C:\Program Files\NVIDIA Corporation\NVIDIA NvDLISR;C:\Program Files\Git\cmd;C:\Users\msi\AppData\Local\Microsoft\WindowsApps;C:\Users\msi\AppData\Local\Programs\Microsoft VS Code\bin;;.]
08-May-2025 15:27:54.893 INFO [main] org.apache.coyote.AbstractProtocol.init Initializing ProtocolHandler ["http-nio-8080"]
08-May-2025 15:27:54.904 SEVERE [main] org.apache.catalina.util.LifecycleBase.handleSubClassException Failed to initialize component [Connector["http-nio-8080"]]
	org.apache.catalina.LifecycleException: Protocol handler initialization failed
		at org.apache.catalina.connector.Connector.initInternal(Connector.java:1056)
		at org.apache.catalina.util.LifecycleBase.init(LifecycleBase.java:122)
		at org.apache.catalina.core.StandardService.initInternal(StandardService.java:525)
		at org.apache.catalina.util.LifecycleBase.init(LifecycleBase.java:122)
		at org.apache.catalina.core.StandardServer.initInternal(StandardServer.java:953)
		at org.apache.catalina.util.LifecycleBase.init(LifecycleBase.java:122)
		at org.apache.catalina.startup.Catalina.load(Catalina.java:710)
		at org.apache.catalina.startup.Catalina.load(Catalina.java:733)
		at java.base/jdk.internal.reflect.DirectMethodHandleAccessor.invoke(DirectMethodHandleAccessor.java:104)
		at java.base/java.lang.reflect.Method.invoke(Method.java:565)
		at org.apache.catalina.startup.Bootstrap.load(Bootstrap.java:299)
		at org.apache.catalina.startup.Bootstrap.main(Bootstrap.java:469)
	Caused by: java.net.BindException: Address already in use: bind
		at java.base/sun.nio.ch.Net.bind0(Native Method)
		at java.base/sun.nio.ch.Net.bind(Net.java:511)
		at java.base/sun.nio.ch.ServerSocketChannelImpl.netBind(ServerSocketChannelImpl.java:335)
		at java.base/sun.nio.ch.ServerSocketChannelImpl.bind(ServerSocketChannelImpl.java:297)
		at org.apache.tomcat.util.net.NioEndpoint.initServerSocket(NioEndpoint.java:240)
		at org.apache.tomcat.util.net.NioEndpoint.bind(NioEndpoint.java:195)
		at org.apache.tomcat.util.net.AbstractEndpoint.bindWithCleanup(AbstractEndpoint.java:1472)
		at org.apache.tomcat.util.net.AbstractEndpoint.init(AbstractEndpoint.java:1485)
		at org.apache.coyote.AbstractProtocol.init(AbstractProtocol.java:633)
		at org.apache.coyote.http11.AbstractHttp11Protocol.init(AbstractHttp11Protocol.java:83)
		at org.apache.catalina.connector.Connector.initInternal(Connector.java:1054)
		... 11 more
08-May-2025 15:27:54.905 INFO [main] org.apache.catalina.startup.Catalina.load Server initialization in [706] milliseconds
08-May-2025 15:27:54.967 INFO [main] org.apache.catalina.core.StandardService.startInternal Starting service [Catalina]
08-May-2025 15:27:54.968 INFO [main] org.apache.catalina.core.StandardEngine.startInternal Starting Servlet engine: [Apache Tomcat/11.0.5]
08-May-2025 15:27:54.981 INFO [main] org.apache.catalina.startup.HostConfig.deployDescriptor Deploying deployment descriptor [C:\Users\msi\Downloads\Food Delivery Website - Copy\Food Delivery Website - Copy\conf\Catalina\localhost\ROOT.xml]
08-May-2025 15:27:55.492 INFO [main] org.apache.catalina.startup.HostConfig.deployDescriptor Deployment of deployment descriptor [C:\Users\msi\Downloads\Food Delivery Website - Copy\Food Delivery Website - Copy\conf\Catalina\localhost\ROOT.xml] has finished in [509] ms
08-May-2025 15:27:55.505 INFO [main] org.apache.catalina.startup.Catalina.start Server startup in [597] milliseconds
08-May-2025 15:27:55.512 SEVERE [main] org.apache.catalina.core.StandardServer.await Failed to create server shutdown socket on address [localhost] and port [8005] (base port [8005] and offset [0])
	java.net.BindException: Address already in use: bind
		at java.base/sun.nio.ch.Net.bind0(Native Method)
		at java.base/sun.nio.ch.Net.bind(Net.java:511)
		at java.base/sun.nio.ch.Net.bind(Net.java:500)
		at java.base/sun.nio.ch.NioSocketImpl.bind(NioSocketImpl.java:630)
		at java.base/java.net.ServerSocket.bind(ServerSocket.java:326)
		at java.base/java.net.ServerSocket.<init>(ServerSocket.java:222)
		at org.apache.catalina.core.StandardServer.await(StandardServer.java:532)
		at org.apache.catalina.startup.Catalina.await(Catalina.java:849)
		at org.apache.catalina.startup.Catalina.start(Catalina.java:797)
		at java.base/jdk.internal.reflect.DirectMethodHandleAccessor.invoke(DirectMethodHandleAccessor.java:104)
		at java.base/java.lang.reflect.Method.invoke(Method.java:565)
		at org.apache.catalina.startup.Bootstrap.start(Bootstrap.java:342)
		at org.apache.catalina.startup.Bootstrap.main(Bootstrap.java:470)
08-May-2025 15:27:55.512 INFO [main] org.apache.coyote.AbstractProtocol.pause Pausing ProtocolHandler ["http-nio-8080"]
08-May-2025 15:27:55.512 INFO [main] org.apache.catalina.core.StandardService.stopInternal Stopping service [Catalina]
08-May-2025 15:27:55.521 INFO [main] org.apache.coyote.AbstractProtocol.stop Stopping ProtocolHandler ["http-nio-8080"]
08-May-2025 15:27:55.522 INFO [main] org.apache.coyote.AbstractProtocol.destroy Destroying ProtocolHandler ["http-nio-8080"]
08-May-2025 15:27:57.849 INFO [Catalina-utility-1] org.apache.catalina.startup.HostConfig.undeploy Undeploying context []
08-May-2025 15:27:57.862 INFO [Catalina-utility-1] org.apache.catalina.startup.HostConfig.deployDescriptor Deploying deployment descriptor [C:\Users\msi\Downloads\Food Delivery Website - Copy\Food Delivery Website - Copy\conf\Catalina\localhost\ROOT.xml]
08-May-2025 15:27:57.928 INFO [Catalina-utility-1] org.apache.catalina.startup.HostConfig.deployDescriptor Deployment of deployment descriptor [C:\Users\msi\Downloads\Food Delivery Website - Copy\Food Delivery Website - Copy\conf\Catalina\localhost\ROOT.xml] has finished in [65] ms
08-May-2025 15:28:30.301 INFO [main] org.apache.catalina.startup.VersionLoggerListener.log Server version name:   Apache Tomcat/11.0.5
08-May-2025 15:28:30.304 INFO [main] org.apache.catalina.startup.VersionLoggerListener.log Server built:          Feb 28 2025 15:54:41 UTC
08-May-2025 15:28:30.304 INFO [main] org.apache.catalina.startup.VersionLoggerListener.log Server version number: 11.0.5.0
08-May-2025 15:28:30.304 INFO [main] org.apache.catalina.startup.VersionLoggerListener.log OS Name:               Windows 11
08-May-2025 15:28:30.304 INFO [main] org.apache.catalina.startup.VersionLoggerListener.log OS Version:            10.0
08-May-2025 15:28:30.304 INFO [main] org.apache.catalina.startup.VersionLoggerListener.log Architecture:          amd64
08-May-2025 15:28:30.304 INFO [main] org.apache.catalina.startup.VersionLoggerListener.log Java Home:             C:\Users\msi\.jdks\openjdk-24
08-May-2025 15:28:30.305 INFO [main] org.apache.catalina.startup.VersionLoggerListener.log JVM Version:           24+36-3646
08-May-2025 15:28:30.305 INFO [main] org.apache.catalina.startup.VersionLoggerListener.log JVM Vendor:            Oracle Corporation
08-May-2025 15:28:30.305 INFO [main] org.apache.catalina.startup.VersionLoggerListener.log CATALINA_BASE:         C:\Users\msi\Downloads\Food Delivery Website - Copy\Food Delivery Website - Copy
08-May-2025 15:28:30.305 INFO [main] org.apache.catalina.startup.VersionLoggerListener.log CATALINA_HOME:         C:\Program Files\Apache Software Foundation\Tomcat 11.0
08-May-2025 15:28:30.317 INFO [main] org.apache.catalina.startup.VersionLoggerListener.log Command line argument: --add-opens=java.base/java.lang=ALL-UNNAMED
08-May-2025 15:28:30.317 INFO [main] org.apache.catalina.startup.VersionLoggerListener.log Command line argument: --add-opens=java.base/java.io=ALL-UNNAMED
08-May-2025 15:28:30.317 INFO [main] org.apache.catalina.startup.VersionLoggerListener.log Command line argument: --add-opens=java.base/java.util=ALL-UNNAMED
08-May-2025 15:28:30.318 INFO [main] org.apache.catalina.startup.VersionLoggerListener.log Command line argument: --add-opens=java.base/java.util.concurrent=ALL-UNNAMED
08-May-2025 15:28:30.318 INFO [main] org.apache.catalina.startup.VersionLoggerListener.log Command line argument: --add-opens=java.rmi/sun.rmi.transport=ALL-UNNAMED
08-May-2025 15:28:30.318 INFO [main] org.apache.catalina.startup.VersionLoggerListener.log Command line argument: -Dcatalina.home=C:\Program Files\Apache Software Foundation\Tomcat 11.0
08-May-2025 15:28:30.318 INFO [main] org.apache.catalina.startup.VersionLoggerListener.log Command line argument: -Dcatalina.base=C:\Users\msi\Downloads\Food Delivery Website - Copy\Food Delivery Website - Copy
08-May-2025 15:28:30.318 INFO [main] org.apache.catalina.startup.VersionLoggerListener.log Command line argument: -Djava.io.tmpdir=C:\Users\msi\Downloads\Food Delivery Website - Copy\Food Delivery Website - Copy\temp
08-May-2025 15:28:30.318 INFO [main] org.apache.catalina.startup.VersionLoggerListener.log Command line argument: -Djava.util.logging.config.file=C:\Users\msi\Downloads\Food Delivery Website - Copy\Food Delivery Website - Copy\conf\logging.properties
08-May-2025 15:28:30.318 INFO [main] org.apache.catalina.startup.VersionLoggerListener.log Command line argument: -Djava.util.logging.manager=org.apache.juli.ClassLoaderLogManager
08-May-2025 15:28:30.318 INFO [main] org.apache.catalina.startup.VersionLoggerListener.log Command line argument: -javaagent:C:\Users\msi\AppData\Local\JetBrains\IntelliJ IDEA 2024.3.5\lib\idea_rt.jar=54201
08-May-2025 15:28:30.318 INFO [main] org.apache.catalina.startup.VersionLoggerListener.log Command line argument: -Dfile.encoding=UTF-8
08-May-2025 15:28:30.319 INFO [main] org.apache.catalina.startup.VersionLoggerListener.log Command line argument: -Dsun.stdout.encoding=UTF-8
08-May-2025 15:28:30.319 INFO [main] org.apache.catalina.startup.VersionLoggerListener.log Command line argument: -Dsun.stderr.encoding=UTF-8
08-May-2025 15:28:30.325 INFO [main] org.apache.catalina.core.AprLifecycleListener.lifecycleEvent The Apache Tomcat Native library which allows using OpenSSL was not found on the java.library.path: [C:\Users\msi\.jdks\openjdk-24\bin;C:\WINDOWS\Sun\Java\bin;C:\WINDOWS\system32;C:\WINDOWS;C:\Program Files\Common Files\Oracle\Java\javapath;C:\WINDOWS\system32;C:\WINDOWS;C:\WINDOWS\System32\Wbem;C:\WINDOWS\System32\WindowsPowerShell\v1.0\;C:\WINDOWS\System32\OpenSSH\;C:\Program Files\NVIDIA Corporation\NVIDIA NvDLISR;C:\Program Files\Git\cmd;C:\Users\msi\AppData\Local\Microsoft\WindowsApps;C:\Users\msi\AppData\Local\Programs\Microsoft VS Code\bin;;.]
08-May-2025 15:28:30.746 INFO [main] org.apache.coyote.AbstractProtocol.init Initializing ProtocolHandler ["http-nio-8080"]
08-May-2025 15:28:30.759 SEVERE [main] org.apache.catalina.util.LifecycleBase.handleSubClassException Failed to initialize component [Connector["http-nio-8080"]]
	org.apache.catalina.LifecycleException: Protocol handler initialization failed
		at org.apache.catalina.connector.Connector.initInternal(Connector.java:1056)
		at org.apache.catalina.util.LifecycleBase.init(LifecycleBase.java:122)
		at org.apache.catalina.core.StandardService.initInternal(StandardService.java:525)
		at org.apache.catalina.util.LifecycleBase.init(LifecycleBase.java:122)
		at org.apache.catalina.core.StandardServer.initInternal(StandardServer.java:953)
		at org.apache.catalina.util.LifecycleBase.init(LifecycleBase.java:122)
		at org.apache.catalina.startup.Catalina.load(Catalina.java:710)
		at org.apache.catalina.startup.Catalina.load(Catalina.java:733)
		at java.base/jdk.internal.reflect.DirectMethodHandleAccessor.invoke(DirectMethodHandleAccessor.java:104)
		at java.base/java.lang.reflect.Method.invoke(Method.java:565)
		at org.apache.catalina.startup.Bootstrap.load(Bootstrap.java:299)
		at org.apache.catalina.startup.Bootstrap.main(Bootstrap.java:469)
	Caused by: java.net.BindException: Address already in use: bind
		at java.base/sun.nio.ch.Net.bind0(Native Method)
		at java.base/sun.nio.ch.Net.bind(Net.java:511)
		at java.base/sun.nio.ch.ServerSocketChannelImpl.netBind(ServerSocketChannelImpl.java:335)
		at java.base/sun.nio.ch.ServerSocketChannelImpl.bind(ServerSocketChannelImpl.java:297)
		at org.apache.tomcat.util.net.NioEndpoint.initServerSocket(NioEndpoint.java:240)
		at org.apache.tomcat.util.net.NioEndpoint.bind(NioEndpoint.java:195)
		at org.apache.tomcat.util.net.AbstractEndpoint.bindWithCleanup(AbstractEndpoint.java:1472)
		at org.apache.tomcat.util.net.AbstractEndpoint.init(AbstractEndpoint.java:1485)
		at org.apache.coyote.AbstractProtocol.init(AbstractProtocol.java:633)
		at org.apache.coyote.http11.AbstractHttp11Protocol.init(AbstractHttp11Protocol.java:83)
		at org.apache.catalina.connector.Connector.initInternal(Connector.java:1054)
		... 11 more
08-May-2025 15:28:30.761 INFO [main] org.apache.catalina.startup.Catalina.load Server initialization in [718] milliseconds
08-May-2025 15:28:30.855 INFO [main] org.apache.catalina.core.StandardService.startInternal Starting service [Catalina]
08-May-2025 15:28:30.856 INFO [main] org.apache.catalina.core.StandardEngine.startInternal Starting Servlet engine: [Apache Tomcat/11.0.5]
08-May-2025 15:28:30.876 INFO [main] org.apache.catalina.startup.HostConfig.deployDescriptor Deploying deployment descriptor [C:\Users\msi\Downloads\Food Delivery Website - Copy\Food Delivery Website - Copy\conf\Catalina\localhost\ROOT.xml]
08-May-2025 15:28:31.490 INFO [main] org.apache.catalina.startup.HostConfig.deployDescriptor Deployment of deployment descriptor [C:\Users\msi\Downloads\Food Delivery Website - Copy\Food Delivery Website - Copy\conf\Catalina\localhost\ROOT.xml] has finished in [612] ms
08-May-2025 15:28:31.511 INFO [main] org.apache.catalina.startup.Catalina.start Server startup in [746] milliseconds
08-May-2025 15:28:31.521 SEVERE [main] org.apache.catalina.core.StandardServer.await Failed to create server shutdown socket on address [localhost] and port [8005] (base port [8005] and offset [0])
	java.net.BindException: Address already in use: bind
		at java.base/sun.nio.ch.Net.bind0(Native Method)
		at java.base/sun.nio.ch.Net.bind(Net.java:511)
		at java.base/sun.nio.ch.Net.bind(Net.java:500)
		at java.base/sun.nio.ch.NioSocketImpl.bind(NioSocketImpl.java:630)
		at java.base/java.net.ServerSocket.bind(ServerSocket.java:326)
		at java.base/java.net.ServerSocket.<init>(ServerSocket.java:222)
		at org.apache.catalina.core.StandardServer.await(StandardServer.java:532)
		at org.apache.catalina.startup.Catalina.await(Catalina.java:849)
		at org.apache.catalina.startup.Catalina.start(Catalina.java:797)
		at java.base/jdk.internal.reflect.DirectMethodHandleAccessor.invoke(DirectMethodHandleAccessor.java:104)
		at java.base/java.lang.reflect.Method.invoke(Method.java:565)
		at org.apache.catalina.startup.Bootstrap.start(Bootstrap.java:342)
		at org.apache.catalina.startup.Bootstrap.main(Bootstrap.java:470)
08-May-2025 15:28:31.522 INFO [main] org.apache.coyote.AbstractProtocol.pause Pausing ProtocolHandler ["http-nio-8080"]
08-May-2025 15:28:31.522 INFO [main] org.apache.catalina.core.StandardService.stopInternal Stopping service [Catalina]
08-May-2025 15:28:31.534 INFO [main] org.apache.coyote.AbstractProtocol.stop Stopping ProtocolHandler ["http-nio-8080"]
08-May-2025 15:28:31.535 INFO [main] org.apache.coyote.AbstractProtocol.destroy Destroying ProtocolHandler ["http-nio-8080"]
08-May-2025 15:28:37.959 INFO [Catalina-utility-1] org.apache.catalina.startup.HostConfig.undeploy Undeploying context []
08-May-2025 15:28:37.971 INFO [Catalina-utility-1] org.apache.catalina.startup.HostConfig.deployDescriptor Deploying deployment descriptor [C:\Users\msi\Downloads\Food Delivery Website - Copy\Food Delivery Website - Copy\conf\Catalina\localhost\ROOT.xml]
08-May-2025 15:28:38.096 INFO [Catalina-utility-1] org.apache.catalina.startup.HostConfig.deployDescriptor Deployment of deployment descriptor [C:\Users\msi\Downloads\Food Delivery Website - Copy\Food Delivery Website - Copy\conf\Catalina\localhost\ROOT.xml] has finished in [125] ms
08-May-2025 15:30:58.290 INFO [main] org.apache.catalina.startup.VersionLoggerListener.log Server version name:   Apache Tomcat/11.0.5
08-May-2025 15:30:58.294 INFO [main] org.apache.catalina.startup.VersionLoggerListener.log Server built:          Feb 28 2025 15:54:41 UTC
08-May-2025 15:30:58.295 INFO [main] org.apache.catalina.startup.VersionLoggerListener.log Server version number: 11.0.5.0
08-May-2025 15:30:58.296 INFO [main] org.apache.catalina.startup.VersionLoggerListener.log OS Name:               Windows 11
08-May-2025 15:30:58.297 INFO [main] org.apache.catalina.startup.VersionLoggerListener.log OS Version:            10.0
08-May-2025 15:30:58.298 INFO [main] org.apache.catalina.startup.VersionLoggerListener.log Architecture:          amd64
08-May-2025 15:30:58.298 INFO [main] org.apache.catalina.startup.VersionLoggerListener.log Java Home:             C:\Users\msi\.jdks\openjdk-24
08-May-2025 15:30:58.299 INFO [main] org.apache.catalina.startup.VersionLoggerListener.log JVM Version:           24+36-3646
08-May-2025 15:30:58.299 INFO [main] org.apache.catalina.startup.VersionLoggerListener.log JVM Vendor:            Oracle Corporation
08-May-2025 15:30:58.301 INFO [main] org.apache.catalina.startup.VersionLoggerListener.log CATALINA_BASE:         C:\Users\msi\Downloads\Food Delivery Website - Copy\Food Delivery Website - Copy
08-May-2025 15:30:58.302 INFO [main] org.apache.catalina.startup.VersionLoggerListener.log CATALINA_HOME:         C:\Program Files\Apache Software Foundation\Tomcat 11.0
08-May-2025 15:30:58.324 INFO [main] org.apache.catalina.startup.VersionLoggerListener.log Command line argument: --add-opens=java.base/java.lang=ALL-UNNAMED
08-May-2025 15:30:58.325 INFO [main] org.apache.catalina.startup.VersionLoggerListener.log Command line argument: --add-opens=java.base/java.io=ALL-UNNAMED
08-May-2025 15:30:58.325 INFO [main] org.apache.catalina.startup.VersionLoggerListener.log Command line argument: --add-opens=java.base/java.util=ALL-UNNAMED
08-May-2025 15:30:58.325 INFO [main] org.apache.catalina.startup.VersionLoggerListener.log Command line argument: --add-opens=java.base/java.util.concurrent=ALL-UNNAMED
08-May-2025 15:30:58.325 INFO [main] org.apache.catalina.startup.VersionLoggerListener.log Command line argument: --add-opens=java.rmi/sun.rmi.transport=ALL-UNNAMED
08-May-2025 15:30:58.325 INFO [main] org.apache.catalina.startup.VersionLoggerListener.log Command line argument: -Dcatalina.home=C:\Program Files\Apache Software Foundation\Tomcat 11.0
08-May-2025 15:30:58.325 INFO [main] org.apache.catalina.startup.VersionLoggerListener.log Command line argument: -Dcatalina.base=C:\Users\msi\Downloads\Food Delivery Website - Copy\Food Delivery Website - Copy
08-May-2025 15:30:58.325 INFO [main] org.apache.catalina.startup.VersionLoggerListener.log Command line argument: -Djava.io.tmpdir=C:\Users\msi\Downloads\Food Delivery Website - Copy\Food Delivery Website - Copy\temp
08-May-2025 15:30:58.325 INFO [main] org.apache.catalina.startup.VersionLoggerListener.log Command line argument: -Djava.util.logging.config.file=C:\Users\msi\Downloads\Food Delivery Website - Copy\Food Delivery Website - Copy\conf\logging.properties
08-May-2025 15:30:58.325 INFO [main] org.apache.catalina.startup.VersionLoggerListener.log Command line argument: -Djava.util.logging.manager=org.apache.juli.ClassLoaderLogManager
08-May-2025 15:30:58.325 INFO [main] org.apache.catalina.startup.VersionLoggerListener.log Command line argument: -javaagent:C:\Users\msi\AppData\Local\JetBrains\IntelliJ IDEA 2024.3.5\lib\idea_rt.jar=54222
08-May-2025 15:30:58.325 INFO [main] org.apache.catalina.startup.VersionLoggerListener.log Command line argument: -Dfile.encoding=UTF-8
08-May-2025 15:30:58.325 INFO [main] org.apache.catalina.startup.VersionLoggerListener.log Command line argument: -Dsun.stdout.encoding=UTF-8
08-May-2025 15:30:58.325 INFO [main] org.apache.catalina.startup.VersionLoggerListener.log Command line argument: -Dsun.stderr.encoding=UTF-8
08-May-2025 15:30:58.331 INFO [main] org.apache.catalina.core.AprLifecycleListener.lifecycleEvent The Apache Tomcat Native library which allows using OpenSSL was not found on the java.library.path: [C:\Users\msi\.jdks\openjdk-24\bin;C:\WINDOWS\Sun\Java\bin;C:\WINDOWS\system32;C:\WINDOWS;C:\Program Files\Common Files\Oracle\Java\javapath;C:\WINDOWS\system32;C:\WINDOWS;C:\WINDOWS\System32\Wbem;C:\WINDOWS\System32\WindowsPowerShell\v1.0\;C:\WINDOWS\System32\OpenSSH\;C:\Program Files\NVIDIA Corporation\NVIDIA NvDLISR;C:\Program Files\Git\cmd;C:\Users\msi\AppData\Local\Microsoft\WindowsApps;C:\Users\msi\AppData\Local\Programs\Microsoft VS Code\bin;;.]
08-May-2025 15:30:58.773 INFO [main] org.apache.coyote.AbstractProtocol.init Initializing ProtocolHandler ["http-nio-8080"]
08-May-2025 15:30:58.785 SEVERE [main] org.apache.catalina.util.LifecycleBase.handleSubClassException Failed to initialize component [Connector["http-nio-8080"]]
	org.apache.catalina.LifecycleException: Protocol handler initialization failed
		at org.apache.catalina.connector.Connector.initInternal(Connector.java:1056)
		at org.apache.catalina.util.LifecycleBase.init(LifecycleBase.java:122)
		at org.apache.catalina.core.StandardService.initInternal(StandardService.java:525)
		at org.apache.catalina.util.LifecycleBase.init(LifecycleBase.java:122)
		at org.apache.catalina.core.StandardServer.initInternal(StandardServer.java:953)
		at org.apache.catalina.util.LifecycleBase.init(LifecycleBase.java:122)
		at org.apache.catalina.startup.Catalina.load(Catalina.java:710)
		at org.apache.catalina.startup.Catalina.load(Catalina.java:733)
		at java.base/jdk.internal.reflect.DirectMethodHandleAccessor.invoke(DirectMethodHandleAccessor.java:104)
		at java.base/java.lang.reflect.Method.invoke(Method.java:565)
		at org.apache.catalina.startup.Bootstrap.load(Bootstrap.java:299)
		at org.apache.catalina.startup.Bootstrap.main(Bootstrap.java:469)
	Caused by: java.net.BindException: Address already in use: bind
		at java.base/sun.nio.ch.Net.bind0(Native Method)
		at java.base/sun.nio.ch.Net.bind(Net.java:511)
		at java.base/sun.nio.ch.ServerSocketChannelImpl.netBind(ServerSocketChannelImpl.java:335)
		at java.base/sun.nio.ch.ServerSocketChannelImpl.bind(ServerSocketChannelImpl.java:297)
		at org.apache.tomcat.util.net.NioEndpoint.initServerSocket(NioEndpoint.java:240)
		at org.apache.tomcat.util.net.NioEndpoint.bind(NioEndpoint.java:195)
		at org.apache.tomcat.util.net.AbstractEndpoint.bindWithCleanup(AbstractEndpoint.java:1472)
		at org.apache.tomcat.util.net.AbstractEndpoint.init(AbstractEndpoint.java:1485)
		at org.apache.coyote.AbstractProtocol.init(AbstractProtocol.java:633)
		at org.apache.coyote.http11.AbstractHttp11Protocol.init(AbstractHttp11Protocol.java:83)
		at org.apache.catalina.connector.Connector.initInternal(Connector.java:1054)
		... 11 more
08-May-2025 15:30:58.786 INFO [main] org.apache.catalina.startup.Catalina.load Server initialization in [781] milliseconds
08-May-2025 15:30:58.865 INFO [main] org.apache.catalina.core.StandardService.startInternal Starting service [Catalina]
08-May-2025 15:30:58.866 INFO [main] org.apache.catalina.core.StandardEngine.startInternal Starting Servlet engine: [Apache Tomcat/11.0.5]
08-May-2025 15:30:58.879 INFO [main] org.apache.catalina.startup.HostConfig.deployDescriptor Deploying deployment descriptor [C:\Users\msi\Downloads\Food Delivery Website - Copy\Food Delivery Website - Copy\conf\Catalina\localhost\ROOT.xml]
08-May-2025 15:30:59.452 INFO [main] org.apache.catalina.startup.HostConfig.deployDescriptor Deployment of deployment descriptor [C:\Users\msi\Downloads\Food Delivery Website - Copy\Food Delivery Website - Copy\conf\Catalina\localhost\ROOT.xml] has finished in [573] ms
08-May-2025 15:30:59.468 INFO [main] org.apache.catalina.startup.Catalina.start Server startup in [679] milliseconds
08-May-2025 15:30:59.474 SEVERE [main] org.apache.catalina.core.StandardServer.await Failed to create server shutdown socket on address [localhost] and port [8005] (base port [8005] and offset [0])
	java.net.BindException: Address already in use: bind
		at java.base/sun.nio.ch.Net.bind0(Native Method)
		at java.base/sun.nio.ch.Net.bind(Net.java:511)
		at java.base/sun.nio.ch.Net.bind(Net.java:500)
		at java.base/sun.nio.ch.NioSocketImpl.bind(NioSocketImpl.java:630)
		at java.base/java.net.ServerSocket.bind(ServerSocket.java:326)
		at java.base/java.net.ServerSocket.<init>(ServerSocket.java:222)
		at org.apache.catalina.core.StandardServer.await(StandardServer.java:532)
		at org.apache.catalina.startup.Catalina.await(Catalina.java:849)
		at org.apache.catalina.startup.Catalina.start(Catalina.java:797)
		at java.base/jdk.internal.reflect.DirectMethodHandleAccessor.invoke(DirectMethodHandleAccessor.java:104)
		at java.base/java.lang.reflect.Method.invoke(Method.java:565)
		at org.apache.catalina.startup.Bootstrap.start(Bootstrap.java:342)
		at org.apache.catalina.startup.Bootstrap.main(Bootstrap.java:470)
08-May-2025 15:30:59.475 INFO [main] org.apache.coyote.AbstractProtocol.pause Pausing ProtocolHandler ["http-nio-8080"]
08-May-2025 15:30:59.475 INFO [main] org.apache.catalina.core.StandardService.stopInternal Stopping service [Catalina]
08-May-2025 15:30:59.487 INFO [main] org.apache.coyote.AbstractProtocol.stop Stopping ProtocolHandler ["http-nio-8080"]
08-May-2025 15:30:59.487 INFO [main] org.apache.coyote.AbstractProtocol.destroy Destroying ProtocolHandler ["http-nio-8080"]
08-May-2025 15:31:08.177 INFO [Catalina-utility-1] org.apache.catalina.startup.HostConfig.undeploy Undeploying context []
08-May-2025 15:31:08.226 INFO [Catalina-utility-1] org.apache.catalina.startup.HostConfig.deployDescriptor Deploying deployment descriptor [C:\Users\msi\Downloads\Food Delivery Website - Copy\Food Delivery Website - Copy\conf\Catalina\localhost\ROOT.xml]
08-May-2025 15:31:08.396 INFO [Catalina-utility-1] org.apache.catalina.startup.HostConfig.deployDescriptor Deployment of deployment descriptor [C:\Users\msi\Downloads\Food Delivery Website - Copy\Food Delivery Website - Copy\conf\Catalina\localhost\ROOT.xml] has finished in [171] ms
08-May-2025 15:41:39.881 INFO [main] org.apache.catalina.startup.VersionLoggerListener.log Server version name:   Apache Tomcat/11.0.5
08-May-2025 15:41:39.885 INFO [main] org.apache.catalina.startup.VersionLoggerListener.log Server built:          Feb 28 2025 15:54:41 UTC
08-May-2025 15:41:39.886 INFO [main] org.apache.catalina.startup.VersionLoggerListener.log Server version number: 11.0.5.0
08-May-2025 15:41:39.886 INFO [main] org.apache.catalina.startup.VersionLoggerListener.log OS Name:               Windows 11
08-May-2025 15:41:39.887 INFO [main] org.apache.catalina.startup.VersionLoggerListener.log OS Version:            10.0
08-May-2025 15:41:39.887 INFO [main] org.apache.catalina.startup.VersionLoggerListener.log Architecture:          amd64
08-May-2025 15:41:39.887 INFO [main] org.apache.catalina.startup.VersionLoggerListener.log Java Home:             C:\Users\msi\.jdks\openjdk-24
08-May-2025 15:41:39.887 INFO [main] org.apache.catalina.startup.VersionLoggerListener.log JVM Version:           24+36-3646
08-May-2025 15:41:39.887 INFO [main] org.apache.catalina.startup.VersionLoggerListener.log JVM Vendor:            Oracle Corporation
08-May-2025 15:41:39.888 INFO [main] org.apache.catalina.startup.VersionLoggerListener.log CATALINA_BASE:         C:\Users\msi\Downloads\Food Delivery Website - Copy\Food Delivery Website - Copy
08-May-2025 15:41:39.888 INFO [main] org.apache.catalina.startup.VersionLoggerListener.log CATALINA_HOME:         C:\Program Files\Apache Software Foundation\Tomcat 11.0
08-May-2025 15:41:39.901 INFO [main] org.apache.catalina.startup.VersionLoggerListener.log Command line argument: --add-opens=java.base/java.lang=ALL-UNNAMED
08-May-2025 15:41:39.902 INFO [main] org.apache.catalina.startup.VersionLoggerListener.log Command line argument: --add-opens=java.base/java.io=ALL-UNNAMED
08-May-2025 15:41:39.902 INFO [main] org.apache.catalina.startup.VersionLoggerListener.log Command line argument: --add-opens=java.base/java.util=ALL-UNNAMED
08-May-2025 15:41:39.902 INFO [main] org.apache.catalina.startup.VersionLoggerListener.log Command line argument: --add-opens=java.base/java.util.concurrent=ALL-UNNAMED
08-May-2025 15:41:39.902 INFO [main] org.apache.catalina.startup.VersionLoggerListener.log Command line argument: --add-opens=java.rmi/sun.rmi.transport=ALL-UNNAMED
08-May-2025 15:41:39.902 INFO [main] org.apache.catalina.startup.VersionLoggerListener.log Command line argument: -Dcatalina.home=C:\Program Files\Apache Software Foundation\Tomcat 11.0
08-May-2025 15:41:39.902 INFO [main] org.apache.catalina.startup.VersionLoggerListener.log Command line argument: -Dcatalina.base=C:\Users\msi\Downloads\Food Delivery Website - Copy\Food Delivery Website - Copy
08-May-2025 15:41:39.902 INFO [main] org.apache.catalina.startup.VersionLoggerListener.log Command line argument: -Djava.io.tmpdir=C:\Users\msi\Downloads\Food Delivery Website - Copy\Food Delivery Website - Copy\temp
08-May-2025 15:41:39.902 INFO [main] org.apache.catalina.startup.VersionLoggerListener.log Command line argument: -Djava.util.logging.config.file=C:\Users\msi\Downloads\Food Delivery Website - Copy\Food Delivery Website - Copy\conf\logging.properties
08-May-2025 15:41:39.902 INFO [main] org.apache.catalina.startup.VersionLoggerListener.log Command line argument: -Djava.util.logging.manager=org.apache.juli.ClassLoaderLogManager
08-May-2025 15:41:39.902 INFO [main] org.apache.catalina.startup.VersionLoggerListener.log Command line argument: -javaagent:C:\Users\msi\AppData\Local\JetBrains\IntelliJ IDEA 2024.3.5\lib\idea_rt.jar=54436
08-May-2025 15:41:39.902 INFO [main] org.apache.catalina.startup.VersionLoggerListener.log Command line argument: -Dfile.encoding=UTF-8
08-May-2025 15:41:39.902 INFO [main] org.apache.catalina.startup.VersionLoggerListener.log Command line argument: -Dsun.stdout.encoding=UTF-8
08-May-2025 15:41:39.903 INFO [main] org.apache.catalina.startup.VersionLoggerListener.log Command line argument: -Dsun.stderr.encoding=UTF-8
08-May-2025 15:41:39.907 INFO [main] org.apache.catalina.core.AprLifecycleListener.lifecycleEvent The Apache Tomcat Native library which allows using OpenSSL was not found on the java.library.path: [C:\Users\msi\.jdks\openjdk-24\bin;C:\WINDOWS\Sun\Java\bin;C:\WINDOWS\system32;C:\WINDOWS;C:\Program Files\Common Files\Oracle\Java\javapath;C:\WINDOWS\system32;C:\WINDOWS;C:\WINDOWS\System32\Wbem;C:\WINDOWS\System32\WindowsPowerShell\v1.0\;C:\WINDOWS\System32\OpenSSH\;C:\Program Files\NVIDIA Corporation\NVIDIA NvDLISR;C:\Program Files\Git\cmd;C:\Users\msi\AppData\Local\Microsoft\WindowsApps;C:\Users\msi\AppData\Local\Programs\Microsoft VS Code\bin;;.]
08-May-2025 15:41:40.262 INFO [main] org.apache.coyote.AbstractProtocol.init Initializing ProtocolHandler ["http-nio-8080"]
08-May-2025 15:41:40.274 SEVERE [main] org.apache.catalina.util.LifecycleBase.handleSubClassException Failed to initialize component [Connector["http-nio-8080"]]
	org.apache.catalina.LifecycleException: Protocol handler initialization failed
		at org.apache.catalina.connector.Connector.initInternal(Connector.java:1056)
		at org.apache.catalina.util.LifecycleBase.init(LifecycleBase.java:122)
		at org.apache.catalina.core.StandardService.initInternal(StandardService.java:525)
		at org.apache.catalina.util.LifecycleBase.init(LifecycleBase.java:122)
		at org.apache.catalina.core.StandardServer.initInternal(StandardServer.java:953)
		at org.apache.catalina.util.LifecycleBase.init(LifecycleBase.java:122)
		at org.apache.catalina.startup.Catalina.load(Catalina.java:710)
		at org.apache.catalina.startup.Catalina.load(Catalina.java:733)
		at java.base/jdk.internal.reflect.DirectMethodHandleAccessor.invoke(DirectMethodHandleAccessor.java:104)
		at java.base/java.lang.reflect.Method.invoke(Method.java:565)
		at org.apache.catalina.startup.Bootstrap.load(Bootstrap.java:299)
		at org.apache.catalina.startup.Bootstrap.main(Bootstrap.java:469)
	Caused by: java.net.BindException: Address already in use: bind
		at java.base/sun.nio.ch.Net.bind0(Native Method)
		at java.base/sun.nio.ch.Net.bind(Net.java:511)
		at java.base/sun.nio.ch.ServerSocketChannelImpl.netBind(ServerSocketChannelImpl.java:335)
		at java.base/sun.nio.ch.ServerSocketChannelImpl.bind(ServerSocketChannelImpl.java:297)
		at org.apache.tomcat.util.net.NioEndpoint.initServerSocket(NioEndpoint.java:240)
		at org.apache.tomcat.util.net.NioEndpoint.bind(NioEndpoint.java:195)
		at org.apache.tomcat.util.net.AbstractEndpoint.bindWithCleanup(AbstractEndpoint.java:1472)
		at org.apache.tomcat.util.net.AbstractEndpoint.init(AbstractEndpoint.java:1485)
		at org.apache.coyote.AbstractProtocol.init(AbstractProtocol.java:633)
		at org.apache.coyote.http11.AbstractHttp11Protocol.init(AbstractHttp11Protocol.java:83)
		at org.apache.catalina.connector.Connector.initInternal(Connector.java:1054)
		... 11 more
08-May-2025 15:41:40.275 INFO [main] org.apache.catalina.startup.Catalina.load Server initialization in [639] milliseconds
08-May-2025 15:41:40.333 INFO [main] org.apache.catalina.core.StandardService.startInternal Starting service [Catalina]
08-May-2025 15:41:40.334 INFO [main] org.apache.catalina.core.StandardEngine.startInternal Starting Servlet engine: [Apache Tomcat/11.0.5]
08-May-2025 15:41:40.348 INFO [main] org.apache.catalina.startup.HostConfig.deployDescriptor Deploying deployment descriptor [C:\Users\msi\Downloads\Food Delivery Website - Copy\Food Delivery Website - Copy\conf\Catalina\localhost\ROOT.xml]
08-May-2025 15:41:40.827 INFO [main] org.apache.catalina.startup.HostConfig.deployDescriptor Deployment of deployment descriptor [C:\Users\msi\Downloads\Food Delivery Website - Copy\Food Delivery Website - Copy\conf\Catalina\localhost\ROOT.xml] has finished in [478] ms
08-May-2025 15:41:40.840 INFO [main] org.apache.catalina.startup.Catalina.start Server startup in [563] milliseconds
08-May-2025 15:41:40.848 SEVERE [main] org.apache.catalina.core.StandardServer.await Failed to create server shutdown socket on address [localhost] and port [8005] (base port [8005] and offset [0])
	java.net.BindException: Address already in use: bind
		at java.base/sun.nio.ch.Net.bind0(Native Method)
		at java.base/sun.nio.ch.Net.bind(Net.java:511)
		at java.base/sun.nio.ch.Net.bind(Net.java:500)
		at java.base/sun.nio.ch.NioSocketImpl.bind(NioSocketImpl.java:630)
		at java.base/java.net.ServerSocket.bind(ServerSocket.java:326)
		at java.base/java.net.ServerSocket.<init>(ServerSocket.java:222)
		at org.apache.catalina.core.StandardServer.await(StandardServer.java:532)
		at org.apache.catalina.startup.Catalina.await(Catalina.java:849)
		at org.apache.catalina.startup.Catalina.start(Catalina.java:797)
		at java.base/jdk.internal.reflect.DirectMethodHandleAccessor.invoke(DirectMethodHandleAccessor.java:104)
		at java.base/java.lang.reflect.Method.invoke(Method.java:565)
		at org.apache.catalina.startup.Bootstrap.start(Bootstrap.java:342)
		at org.apache.catalina.startup.Bootstrap.main(Bootstrap.java:470)
08-May-2025 15:41:40.848 INFO [main] org.apache.coyote.AbstractProtocol.pause Pausing ProtocolHandler ["http-nio-8080"]
08-May-2025 15:41:40.848 INFO [main] org.apache.catalina.core.StandardService.stopInternal Stopping service [Catalina]
08-May-2025 15:41:40.857 INFO [main] org.apache.coyote.AbstractProtocol.stop Stopping ProtocolHandler ["http-nio-8080"]
08-May-2025 15:41:40.858 INFO [main] org.apache.coyote.AbstractProtocol.destroy Destroying ProtocolHandler ["http-nio-8080"]
08-May-2025 15:41:48.952 INFO [Catalina-utility-1] org.apache.catalina.startup.HostConfig.undeploy Undeploying context []
08-May-2025 15:41:48.999 INFO [Catalina-utility-1] org.apache.catalina.startup.HostConfig.deployDescriptor Deploying deployment descriptor [C:\Users\msi\Downloads\Food Delivery Website - Copy\Food Delivery Website - Copy\conf\Catalina\localhost\ROOT.xml]
08-May-2025 15:41:49.247 INFO [Catalina-utility-1] org.apache.catalina.startup.HostConfig.deployDescriptor Deployment of deployment descriptor [C:\Users\msi\Downloads\Food Delivery Website - Copy\Food Delivery Website - Copy\conf\Catalina\localhost\ROOT.xml] has finished in [248] ms
08-May-2025 15:42:54.637 INFO [main] org.apache.catalina.startup.VersionLoggerListener.log Server version name:   Apache Tomcat/11.0.5
08-May-2025 15:42:54.641 INFO [main] org.apache.catalina.startup.VersionLoggerListener.log Server built:          Feb 28 2025 15:54:41 UTC
08-May-2025 15:42:54.641 INFO [main] org.apache.catalina.startup.VersionLoggerListener.log Server version number: 11.0.5.0
08-May-2025 15:42:54.641 INFO [main] org.apache.catalina.startup.VersionLoggerListener.log OS Name:               Windows 11
08-May-2025 15:42:54.641 INFO [main] org.apache.catalina.startup.VersionLoggerListener.log OS Version:            10.0
08-May-2025 15:42:54.642 INFO [main] org.apache.catalina.startup.VersionLoggerListener.log Architecture:          amd64
08-May-2025 15:42:54.642 INFO [main] org.apache.catalina.startup.VersionLoggerListener.log Java Home:             C:\Users\msi\.jdks\openjdk-24
08-May-2025 15:42:54.642 INFO [main] org.apache.catalina.startup.VersionLoggerListener.log JVM Version:           24+36-3646
08-May-2025 15:42:54.642 INFO [main] org.apache.catalina.startup.VersionLoggerListener.log JVM Vendor:            Oracle Corporation
08-May-2025 15:42:54.642 INFO [main] org.apache.catalina.startup.VersionLoggerListener.log CATALINA_BASE:         C:\Users\msi\Downloads\Food Delivery Website - Copy\Food Delivery Website - Copy
08-May-2025 15:42:54.642 INFO [main] org.apache.catalina.startup.VersionLoggerListener.log CATALINA_HOME:         C:\Program Files\Apache Software Foundation\Tomcat 11.0
08-May-2025 15:42:54.654 INFO [main] org.apache.catalina.startup.VersionLoggerListener.log Command line argument: --add-opens=java.base/java.lang=ALL-UNNAMED
08-May-2025 15:42:54.654 INFO [main] org.apache.catalina.startup.VersionLoggerListener.log Command line argument: --add-opens=java.base/java.io=ALL-UNNAMED
08-May-2025 15:42:54.654 INFO [main] org.apache.catalina.startup.VersionLoggerListener.log Command line argument: --add-opens=java.base/java.util=ALL-UNNAMED
08-May-2025 15:42:54.655 INFO [main] org.apache.catalina.startup.VersionLoggerListener.log Command line argument: --add-opens=java.base/java.util.concurrent=ALL-UNNAMED
08-May-2025 15:42:54.655 INFO [main] org.apache.catalina.startup.VersionLoggerListener.log Command line argument: --add-opens=java.rmi/sun.rmi.transport=ALL-UNNAMED
08-May-2025 15:42:54.655 INFO [main] org.apache.catalina.startup.VersionLoggerListener.log Command line argument: -Dcatalina.home=C:\Program Files\Apache Software Foundation\Tomcat 11.0
08-May-2025 15:42:54.656 INFO [main] org.apache.catalina.startup.VersionLoggerListener.log Command line argument: -Dcatalina.base=C:\Users\msi\Downloads\Food Delivery Website - Copy\Food Delivery Website - Copy
08-May-2025 15:42:54.656 INFO [main] org.apache.catalina.startup.VersionLoggerListener.log Command line argument: -Djava.io.tmpdir=C:\Users\msi\Downloads\Food Delivery Website - Copy\Food Delivery Website - Copy\temp
08-May-2025 15:42:54.656 INFO [main] org.apache.catalina.startup.VersionLoggerListener.log Command line argument: -Djava.util.logging.config.file=C:\Users\msi\Downloads\Food Delivery Website - Copy\Food Delivery Website - Copy\conf\logging.properties
08-May-2025 15:42:54.657 INFO [main] org.apache.catalina.startup.VersionLoggerListener.log Command line argument: -Djava.util.logging.manager=org.apache.juli.ClassLoaderLogManager
08-May-2025 15:42:54.657 INFO [main] org.apache.catalina.startup.VersionLoggerListener.log Command line argument: -javaagent:C:\Users\msi\AppData\Local\JetBrains\IntelliJ IDEA 2024.3.5\lib\idea_rt.jar=54450
08-May-2025 15:42:54.657 INFO [main] org.apache.catalina.startup.VersionLoggerListener.log Command line argument: -Dfile.encoding=UTF-8
08-May-2025 15:42:54.657 INFO [main] org.apache.catalina.startup.VersionLoggerListener.log Command line argument: -Dsun.stdout.encoding=UTF-8
08-May-2025 15:42:54.657 INFO [main] org.apache.catalina.startup.VersionLoggerListener.log Command line argument: -Dsun.stderr.encoding=UTF-8
08-May-2025 15:42:54.661 INFO [main] org.apache.catalina.core.AprLifecycleListener.lifecycleEvent The Apache Tomcat Native library which allows using OpenSSL was not found on the java.library.path: [C:\Users\msi\.jdks\openjdk-24\bin;C:\WINDOWS\Sun\Java\bin;C:\WINDOWS\system32;C:\WINDOWS;C:\Program Files\Common Files\Oracle\Java\javapath;C:\WINDOWS\system32;C:\WINDOWS;C:\WINDOWS\System32\Wbem;C:\WINDOWS\System32\WindowsPowerShell\v1.0\;C:\WINDOWS\System32\OpenSSH\;C:\Program Files\NVIDIA Corporation\NVIDIA NvDLISR;C:\Program Files\Git\cmd;C:\Users\msi\AppData\Local\Microsoft\WindowsApps;C:\Users\msi\AppData\Local\Programs\Microsoft VS Code\bin;;.]
08-May-2025 15:42:55.022 INFO [main] org.apache.coyote.AbstractProtocol.init Initializing ProtocolHandler ["http-nio-8080"]
08-May-2025 15:42:55.040 SEVERE [main] org.apache.catalina.util.LifecycleBase.handleSubClassException Failed to initialize component [Connector["http-nio-8080"]]
	org.apache.catalina.LifecycleException: Protocol handler initialization failed
		at org.apache.catalina.connector.Connector.initInternal(Connector.java:1056)
		at org.apache.catalina.util.LifecycleBase.init(LifecycleBase.java:122)
		at org.apache.catalina.core.StandardService.initInternal(StandardService.java:525)
		at org.apache.catalina.util.LifecycleBase.init(LifecycleBase.java:122)
		at org.apache.catalina.core.StandardServer.initInternal(StandardServer.java:953)
		at org.apache.catalina.util.LifecycleBase.init(LifecycleBase.java:122)
		at org.apache.catalina.startup.Catalina.load(Catalina.java:710)
		at org.apache.catalina.startup.Catalina.load(Catalina.java:733)
		at java.base/jdk.internal.reflect.DirectMethodHandleAccessor.invoke(DirectMethodHandleAccessor.java:104)
		at java.base/java.lang.reflect.Method.invoke(Method.java:565)
		at org.apache.catalina.startup.Bootstrap.load(Bootstrap.java:299)
		at org.apache.catalina.startup.Bootstrap.main(Bootstrap.java:469)
	Caused by: java.net.BindException: Address already in use: bind
		at java.base/sun.nio.ch.Net.bind0(Native Method)
		at java.base/sun.nio.ch.Net.bind(Net.java:511)
		at java.base/sun.nio.ch.ServerSocketChannelImpl.netBind(ServerSocketChannelImpl.java:335)
		at java.base/sun.nio.ch.ServerSocketChannelImpl.bind(ServerSocketChannelImpl.java:297)
		at org.apache.tomcat.util.net.NioEndpoint.initServerSocket(NioEndpoint.java:240)
		at org.apache.tomcat.util.net.NioEndpoint.bind(NioEndpoint.java:195)
		at org.apache.tomcat.util.net.AbstractEndpoint.bindWithCleanup(AbstractEndpoint.java:1472)
		at org.apache.tomcat.util.net.AbstractEndpoint.init(AbstractEndpoint.java:1485)
		at org.apache.coyote.AbstractProtocol.init(AbstractProtocol.java:633)
		at org.apache.coyote.http11.AbstractHttp11Protocol.init(AbstractHttp11Protocol.java:83)
		at org.apache.catalina.connector.Connector.initInternal(Connector.java:1054)
		... 11 more
08-May-2025 15:42:55.042 INFO [main] org.apache.catalina.startup.Catalina.load Server initialization in [660] milliseconds
08-May-2025 15:42:55.110 INFO [main] org.apache.catalina.core.StandardService.startInternal Starting service [Catalina]
08-May-2025 15:42:55.110 INFO [main] org.apache.catalina.core.StandardEngine.startInternal Starting Servlet engine: [Apache Tomcat/11.0.5]
08-May-2025 15:42:55.125 INFO [main] org.apache.catalina.startup.HostConfig.deployDescriptor Deploying deployment descriptor [C:\Users\msi\Downloads\Food Delivery Website - Copy\Food Delivery Website - Copy\conf\Catalina\localhost\ROOT.xml]
08-May-2025 15:42:55.629 INFO [main] org.apache.catalina.startup.HostConfig.deployDescriptor Deployment of deployment descriptor [C:\Users\msi\Downloads\Food Delivery Website - Copy\Food Delivery Website - Copy\conf\Catalina\localhost\ROOT.xml] has finished in [503] ms
08-May-2025 15:42:55.648 INFO [main] org.apache.catalina.startup.Catalina.start Server startup in [602] milliseconds
08-May-2025 15:42:55.655 SEVERE [main] org.apache.catalina.core.StandardServer.await Failed to create server shutdown socket on address [localhost] and port [8005] (base port [8005] and offset [0])
	java.net.BindException: Address already in use: bind
		at java.base/sun.nio.ch.Net.bind0(Native Method)
		at java.base/sun.nio.ch.Net.bind(Net.java:511)
		at java.base/sun.nio.ch.Net.bind(Net.java:500)
		at java.base/sun.nio.ch.NioSocketImpl.bind(NioSocketImpl.java:630)
		at java.base/java.net.ServerSocket.bind(ServerSocket.java:326)
		at java.base/java.net.ServerSocket.<init>(ServerSocket.java:222)
		at org.apache.catalina.core.StandardServer.await(StandardServer.java:532)
		at org.apache.catalina.startup.Catalina.await(Catalina.java:849)
		at org.apache.catalina.startup.Catalina.start(Catalina.java:797)
		at java.base/jdk.internal.reflect.DirectMethodHandleAccessor.invoke(DirectMethodHandleAccessor.java:104)
		at java.base/java.lang.reflect.Method.invoke(Method.java:565)
		at org.apache.catalina.startup.Bootstrap.start(Bootstrap.java:342)
		at org.apache.catalina.startup.Bootstrap.main(Bootstrap.java:470)
08-May-2025 15:42:55.656 INFO [main] org.apache.coyote.AbstractProtocol.pause Pausing ProtocolHandler ["http-nio-8080"]
08-May-2025 15:42:55.656 INFO [main] org.apache.catalina.core.StandardService.stopInternal Stopping service [Catalina]
08-May-2025 15:42:55.665 INFO [main] org.apache.coyote.AbstractProtocol.stop Stopping ProtocolHandler ["http-nio-8080"]
08-May-2025 15:42:55.666 INFO [main] org.apache.coyote.AbstractProtocol.destroy Destroying ProtocolHandler ["http-nio-8080"]
08-May-2025 15:42:59.311 INFO [Catalina-utility-2] org.apache.catalina.startup.HostConfig.undeploy Undeploying context []
08-May-2025 15:42:59.337 INFO [Catalina-utility-2] org.apache.catalina.startup.HostConfig.deployDescriptor Deploying deployment descriptor [C:\Users\msi\Downloads\Food Delivery Website - Copy\Food Delivery Website - Copy\conf\Catalina\localhost\ROOT.xml]
08-May-2025 15:42:59.407 INFO [Catalina-utility-2] org.apache.catalina.startup.HostConfig.deployDescriptor Deployment of deployment descriptor [C:\Users\msi\Downloads\Food Delivery Website - Copy\Food Delivery Website - Copy\conf\Catalina\localhost\ROOT.xml] has finished in [69] ms
08-May-2025 15:44:07.248 INFO [main] org.apache.catalina.startup.VersionLoggerListener.log Server version name:   Apache Tomcat/11.0.5
08-May-2025 15:44:07.252 INFO [main] org.apache.catalina.startup.VersionLoggerListener.log Server built:          Feb 28 2025 15:54:41 UTC
08-May-2025 15:44:07.252 INFO [main] org.apache.catalina.startup.VersionLoggerListener.log Server version number: 11.0.5.0
08-May-2025 15:44:07.253 INFO [main] org.apache.catalina.startup.VersionLoggerListener.log OS Name:               Windows 11
08-May-2025 15:44:07.253 INFO [main] org.apache.catalina.startup.VersionLoggerListener.log OS Version:            10.0
08-May-2025 15:44:07.253 INFO [main] org.apache.catalina.startup.VersionLoggerListener.log Architecture:          amd64
08-May-2025 15:44:07.253 INFO [main] org.apache.catalina.startup.VersionLoggerListener.log Java Home:             C:\Users\msi\.jdks\openjdk-24
08-May-2025 15:44:07.253 INFO [main] org.apache.catalina.startup.VersionLoggerListener.log JVM Version:           24+36-3646
08-May-2025 15:44:07.253 INFO [main] org.apache.catalina.startup.VersionLoggerListener.log JVM Vendor:            Oracle Corporation
08-May-2025 15:44:07.253 INFO [main] org.apache.catalina.startup.VersionLoggerListener.log CATALINA_BASE:         C:\Users\msi\Downloads\Food Delivery Website - Copy\Food Delivery Website - Copy
08-May-2025 15:44:07.254 INFO [main] org.apache.catalina.startup.VersionLoggerListener.log CATALINA_HOME:         C:\Program Files\Apache Software Foundation\Tomcat 11.0
08-May-2025 15:44:07.272 INFO [main] org.apache.catalina.startup.VersionLoggerListener.log Command line argument: --add-opens=java.base/java.lang=ALL-UNNAMED
08-May-2025 15:44:07.273 INFO [main] org.apache.catalina.startup.VersionLoggerListener.log Command line argument: --add-opens=java.base/java.io=ALL-UNNAMED
08-May-2025 15:44:07.273 INFO [main] org.apache.catalina.startup.VersionLoggerListener.log Command line argument: --add-opens=java.base/java.util=ALL-UNNAMED
08-May-2025 15:44:07.273 INFO [main] org.apache.catalina.startup.VersionLoggerListener.log Command line argument: --add-opens=java.base/java.util.concurrent=ALL-UNNAMED
08-May-2025 15:44:07.273 INFO [main] org.apache.catalina.startup.VersionLoggerListener.log Command line argument: --add-opens=java.rmi/sun.rmi.transport=ALL-UNNAMED
08-May-2025 15:44:07.273 INFO [main] org.apache.catalina.startup.VersionLoggerListener.log Command line argument: -Dcatalina.home=C:\Program Files\Apache Software Foundation\Tomcat 11.0
08-May-2025 15:44:07.273 INFO [main] org.apache.catalina.startup.VersionLoggerListener.log Command line argument: -Dcatalina.base=C:\Users\msi\Downloads\Food Delivery Website - Copy\Food Delivery Website - Copy
08-May-2025 15:44:07.274 INFO [main] org.apache.catalina.startup.VersionLoggerListener.log Command line argument: -Djava.io.tmpdir=C:\Users\msi\Downloads\Food Delivery Website - Copy\Food Delivery Website - Copy\temp
08-May-2025 15:44:07.274 INFO [main] org.apache.catalina.startup.VersionLoggerListener.log Command line argument: -Djava.util.logging.config.file=C:\Users\msi\Downloads\Food Delivery Website - Copy\Food Delivery Website - Copy\conf\logging.properties
08-May-2025 15:44:07.274 INFO [main] org.apache.catalina.startup.VersionLoggerListener.log Command line argument: -Djava.util.logging.manager=org.apache.juli.ClassLoaderLogManager
08-May-2025 15:44:07.274 INFO [main] org.apache.catalina.startup.VersionLoggerListener.log Command line argument: -javaagent:C:\Users\msi\AppData\Local\JetBrains\IntelliJ IDEA 2024.3.5\lib\idea_rt.jar=54467
08-May-2025 15:44:07.274 INFO [main] org.apache.catalina.startup.VersionLoggerListener.log Command line argument: -Dfile.encoding=UTF-8
08-May-2025 15:44:07.274 INFO [main] org.apache.catalina.startup.VersionLoggerListener.log Command line argument: -Dsun.stdout.encoding=UTF-8
08-May-2025 15:44:07.274 INFO [main] org.apache.catalina.startup.VersionLoggerListener.log Command line argument: -Dsun.stderr.encoding=UTF-8
08-May-2025 15:44:07.281 INFO [main] org.apache.catalina.core.AprLifecycleListener.lifecycleEvent The Apache Tomcat Native library which allows using OpenSSL was not found on the java.library.path: [C:\Users\msi\.jdks\openjdk-24\bin;C:\WINDOWS\Sun\Java\bin;C:\WINDOWS\system32;C:\WINDOWS;C:\Program Files\Common Files\Oracle\Java\javapath;C:\WINDOWS\system32;C:\WINDOWS;C:\WINDOWS\System32\Wbem;C:\WINDOWS\System32\WindowsPowerShell\v1.0\;C:\WINDOWS\System32\OpenSSH\;C:\Program Files\NVIDIA Corporation\NVIDIA NvDLISR;C:\Program Files\Git\cmd;C:\Users\msi\AppData\Local\Microsoft\WindowsApps;C:\Users\msi\AppData\Local\Programs\Microsoft VS Code\bin;;.]
08-May-2025 15:44:07.674 INFO [main] org.apache.coyote.AbstractProtocol.init Initializing ProtocolHandler ["http-nio-8080"]
08-May-2025 15:44:07.684 SEVERE [main] org.apache.catalina.util.LifecycleBase.handleSubClassException Failed to initialize component [Connector["http-nio-8080"]]
	org.apache.catalina.LifecycleException: Protocol handler initialization failed
		at org.apache.catalina.connector.Connector.initInternal(Connector.java:1056)
		at org.apache.catalina.util.LifecycleBase.init(LifecycleBase.java:122)
		at org.apache.catalina.core.StandardService.initInternal(StandardService.java:525)
		at org.apache.catalina.util.LifecycleBase.init(LifecycleBase.java:122)
		at org.apache.catalina.core.StandardServer.initInternal(StandardServer.java:953)
		at org.apache.catalina.util.LifecycleBase.init(LifecycleBase.java:122)
		at org.apache.catalina.startup.Catalina.load(Catalina.java:710)
		at org.apache.catalina.startup.Catalina.load(Catalina.java:733)
		at java.base/jdk.internal.reflect.DirectMethodHandleAccessor.invoke(DirectMethodHandleAccessor.java:104)
		at java.base/java.lang.reflect.Method.invoke(Method.java:565)
		at org.apache.catalina.startup.Bootstrap.load(Bootstrap.java:299)
		at org.apache.catalina.startup.Bootstrap.main(Bootstrap.java:469)
	Caused by: java.net.BindException: Address already in use: bind
		at java.base/sun.nio.ch.Net.bind0(Native Method)
		at java.base/sun.nio.ch.Net.bind(Net.java:511)
		at java.base/sun.nio.ch.ServerSocketChannelImpl.netBind(ServerSocketChannelImpl.java:335)
		at java.base/sun.nio.ch.ServerSocketChannelImpl.bind(ServerSocketChannelImpl.java:297)
		at org.apache.tomcat.util.net.NioEndpoint.initServerSocket(NioEndpoint.java:240)
		at org.apache.tomcat.util.net.NioEndpoint.bind(NioEndpoint.java:195)
		at org.apache.tomcat.util.net.AbstractEndpoint.bindWithCleanup(AbstractEndpoint.java:1472)
		at org.apache.tomcat.util.net.AbstractEndpoint.init(AbstractEndpoint.java:1485)
		at org.apache.coyote.AbstractProtocol.init(AbstractProtocol.java:633)
		at org.apache.coyote.http11.AbstractHttp11Protocol.init(AbstractHttp11Protocol.java:83)
		at org.apache.catalina.connector.Connector.initInternal(Connector.java:1054)
		... 11 more
08-May-2025 15:44:07.686 INFO [main] org.apache.catalina.startup.Catalina.load Server initialization in [702] milliseconds
08-May-2025 15:44:07.765 INFO [main] org.apache.catalina.core.StandardService.startInternal Starting service [Catalina]
08-May-2025 15:44:07.765 INFO [main] org.apache.catalina.core.StandardEngine.startInternal Starting Servlet engine: [Apache Tomcat/11.0.5]
08-May-2025 15:44:07.782 INFO [main] org.apache.catalina.startup.HostConfig.deployDescriptor Deploying deployment descriptor [C:\Users\msi\Downloads\Food Delivery Website - Copy\Food Delivery Website - Copy\conf\Catalina\localhost\ROOT.xml]
08-May-2025 15:44:08.323 INFO [main] org.apache.catalina.startup.HostConfig.deployDescriptor Deployment of deployment descriptor [C:\Users\msi\Downloads\Food Delivery Website - Copy\Food Delivery Website - Copy\conf\Catalina\localhost\ROOT.xml] has finished in [539] ms
08-May-2025 15:44:08.335 INFO [main] org.apache.catalina.startup.Catalina.start Server startup in [647] milliseconds
08-May-2025 15:44:08.343 SEVERE [main] org.apache.catalina.core.StandardServer.await Failed to create server shutdown socket on address [localhost] and port [8005] (base port [8005] and offset [0])
	java.net.BindException: Address already in use: bind
		at java.base/sun.nio.ch.Net.bind0(Native Method)
		at java.base/sun.nio.ch.Net.bind(Net.java:511)
		at java.base/sun.nio.ch.Net.bind(Net.java:500)
		at java.base/sun.nio.ch.NioSocketImpl.bind(NioSocketImpl.java:630)
		at java.base/java.net.ServerSocket.bind(ServerSocket.java:326)
		at java.base/java.net.ServerSocket.<init>(ServerSocket.java:222)
		at org.apache.catalina.core.StandardServer.await(StandardServer.java:532)
		at org.apache.catalina.startup.Catalina.await(Catalina.java:849)
		at org.apache.catalina.startup.Catalina.start(Catalina.java:797)
		at java.base/jdk.internal.reflect.DirectMethodHandleAccessor.invoke(DirectMethodHandleAccessor.java:104)
		at java.base/java.lang.reflect.Method.invoke(Method.java:565)
		at org.apache.catalina.startup.Bootstrap.start(Bootstrap.java:342)
		at org.apache.catalina.startup.Bootstrap.main(Bootstrap.java:470)
08-May-2025 15:44:08.344 INFO [main] org.apache.coyote.AbstractProtocol.pause Pausing ProtocolHandler ["http-nio-8080"]
08-May-2025 15:44:08.344 INFO [main] org.apache.catalina.core.StandardService.stopInternal Stopping service [Catalina]
08-May-2025 15:44:08.353 INFO [main] org.apache.coyote.AbstractProtocol.stop Stopping ProtocolHandler ["http-nio-8080"]
08-May-2025 15:44:08.354 INFO [main] org.apache.coyote.AbstractProtocol.destroy Destroying ProtocolHandler ["http-nio-8080"]
08-May-2025 15:44:09.447 INFO [Catalina-utility-2] org.apache.catalina.startup.HostConfig.undeploy Undeploying context []
08-May-2025 15:44:09.456 INFO [Catalina-utility-2] org.apache.catalina.startup.HostConfig.deployDescriptor Deploying deployment descriptor [C:\Users\msi\Downloads\Food Delivery Website - Copy\Food Delivery Website - Copy\conf\Catalina\localhost\ROOT.xml]
08-May-2025 15:44:09.540 INFO [Catalina-utility-2] org.apache.catalina.startup.HostConfig.deployDescriptor Deployment of deployment descriptor [C:\Users\msi\Downloads\Food Delivery Website - Copy\Food Delivery Website - Copy\conf\Catalina\localhost\ROOT.xml] has finished in [83] ms
08-May-2025 15:44:56.830 INFO [main] org.apache.catalina.startup.VersionLoggerListener.log Server version name:   Apache Tomcat/11.0.5
08-May-2025 15:44:56.834 INFO [main] org.apache.catalina.startup.VersionLoggerListener.log Server built:          Feb 28 2025 15:54:41 UTC
08-May-2025 15:44:56.835 INFO [main] org.apache.catalina.startup.VersionLoggerListener.log Server version number: 11.0.5.0
08-May-2025 15:44:56.835 INFO [main] org.apache.catalina.startup.VersionLoggerListener.log OS Name:               Windows 11
08-May-2025 15:44:56.835 INFO [main] org.apache.catalina.startup.VersionLoggerListener.log OS Version:            10.0
08-May-2025 15:44:56.835 INFO [main] org.apache.catalina.startup.VersionLoggerListener.log Architecture:          amd64
08-May-2025 15:44:56.835 INFO [main] org.apache.catalina.startup.VersionLoggerListener.log Java Home:             C:\Users\msi\.jdks\openjdk-24
08-May-2025 15:44:56.836 INFO [main] org.apache.catalina.startup.VersionLoggerListener.log JVM Version:           24+36-3646
08-May-2025 15:44:56.836 INFO [main] org.apache.catalina.startup.VersionLoggerListener.log JVM Vendor:            Oracle Corporation
08-May-2025 15:44:56.836 INFO [main] org.apache.catalina.startup.VersionLoggerListener.log CATALINA_BASE:         C:\Users\msi\Downloads\Food Delivery Website - Copy\Food Delivery Website - Copy
08-May-2025 15:44:56.836 INFO [main] org.apache.catalina.startup.VersionLoggerListener.log CATALINA_HOME:         C:\Program Files\Apache Software Foundation\Tomcat 11.0
08-May-2025 15:44:56.850 INFO [main] org.apache.catalina.startup.VersionLoggerListener.log Command line argument: --add-opens=java.base/java.lang=ALL-UNNAMED
08-May-2025 15:44:56.850 INFO [main] org.apache.catalina.startup.VersionLoggerListener.log Command line argument: --add-opens=java.base/java.io=ALL-UNNAMED
08-May-2025 15:44:56.850 INFO [main] org.apache.catalina.startup.VersionLoggerListener.log Command line argument: --add-opens=java.base/java.util=ALL-UNNAMED
08-May-2025 15:44:56.850 INFO [main] org.apache.catalina.startup.VersionLoggerListener.log Command line argument: --add-opens=java.base/java.util.concurrent=ALL-UNNAMED
08-May-2025 15:44:56.850 INFO [main] org.apache.catalina.startup.VersionLoggerListener.log Command line argument: --add-opens=java.rmi/sun.rmi.transport=ALL-UNNAMED
08-May-2025 15:44:56.850 INFO [main] org.apache.catalina.startup.VersionLoggerListener.log Command line argument: -Dcatalina.home=C:\Program Files\Apache Software Foundation\Tomcat 11.0
08-May-2025 15:44:56.850 INFO [main] org.apache.catalina.startup.VersionLoggerListener.log Command line argument: -Dcatalina.base=C:\Users\msi\Downloads\Food Delivery Website - Copy\Food Delivery Website - Copy
08-May-2025 15:44:56.850 INFO [main] org.apache.catalina.startup.VersionLoggerListener.log Command line argument: -Djava.io.tmpdir=C:\Users\msi\Downloads\Food Delivery Website - Copy\Food Delivery Website - Copy\temp
08-May-2025 15:44:56.850 INFO [main] org.apache.catalina.startup.VersionLoggerListener.log Command line argument: -Djava.util.logging.config.file=C:\Users\msi\Downloads\Food Delivery Website - Copy\Food Delivery Website - Copy\conf\logging.properties
08-May-2025 15:44:56.850 INFO [main] org.apache.catalina.startup.VersionLoggerListener.log Command line argument: -Djava.util.logging.manager=org.apache.juli.ClassLoaderLogManager
08-May-2025 15:44:56.851 INFO [main] org.apache.catalina.startup.VersionLoggerListener.log Command line argument: -javaagent:C:\Users\msi\AppData\Local\JetBrains\IntelliJ IDEA 2024.3.5\lib\idea_rt.jar=54485
08-May-2025 15:44:56.851 INFO [main] org.apache.catalina.startup.VersionLoggerListener.log Command line argument: -Dfile.encoding=UTF-8
08-May-2025 15:44:56.851 INFO [main] org.apache.catalina.startup.VersionLoggerListener.log Command line argument: -Dsun.stdout.encoding=UTF-8
08-May-2025 15:44:56.851 INFO [main] org.apache.catalina.startup.VersionLoggerListener.log Command line argument: -Dsun.stderr.encoding=UTF-8
08-May-2025 15:44:56.857 INFO [main] org.apache.catalina.core.AprLifecycleListener.lifecycleEvent The Apache Tomcat Native library which allows using OpenSSL was not found on the java.library.path: [C:\Users\msi\.jdks\openjdk-24\bin;C:\WINDOWS\Sun\Java\bin;C:\WINDOWS\system32;C:\WINDOWS;C:\Program Files\Common Files\Oracle\Java\javapath;C:\WINDOWS\system32;C:\WINDOWS;C:\WINDOWS\System32\Wbem;C:\WINDOWS\System32\WindowsPowerShell\v1.0\;C:\WINDOWS\System32\OpenSSH\;C:\Program Files\NVIDIA Corporation\NVIDIA NvDLISR;C:\Program Files\Git\cmd;C:\Users\msi\AppData\Local\Microsoft\WindowsApps;C:\Users\msi\AppData\Local\Programs\Microsoft VS Code\bin;;.]
08-May-2025 15:44:57.249 INFO [main] org.apache.coyote.AbstractProtocol.init Initializing ProtocolHandler ["http-nio-8080"]
08-May-2025 15:44:57.265 SEVERE [main] org.apache.catalina.util.LifecycleBase.handleSubClassException Failed to initialize component [Connector["http-nio-8080"]]
	org.apache.catalina.LifecycleException: Protocol handler initialization failed
		at org.apache.catalina.connector.Connector.initInternal(Connector.java:1056)
		at org.apache.catalina.util.LifecycleBase.init(LifecycleBase.java:122)
		at org.apache.catalina.core.StandardService.initInternal(StandardService.java:525)
		at org.apache.catalina.util.LifecycleBase.init(LifecycleBase.java:122)
		at org.apache.catalina.core.StandardServer.initInternal(StandardServer.java:953)
		at org.apache.catalina.util.LifecycleBase.init(LifecycleBase.java:122)
		at org.apache.catalina.startup.Catalina.load(Catalina.java:710)
		at org.apache.catalina.startup.Catalina.load(Catalina.java:733)
		at java.base/jdk.internal.reflect.DirectMethodHandleAccessor.invoke(DirectMethodHandleAccessor.java:104)
		at java.base/java.lang.reflect.Method.invoke(Method.java:565)
		at org.apache.catalina.startup.Bootstrap.load(Bootstrap.java:299)
		at org.apache.catalina.startup.Bootstrap.main(Bootstrap.java:469)
	Caused by: java.net.BindException: Address already in use: bind
		at java.base/sun.nio.ch.Net.bind0(Native Method)
		at java.base/sun.nio.ch.Net.bind(Net.java:511)
		at java.base/sun.nio.ch.ServerSocketChannelImpl.netBind(ServerSocketChannelImpl.java:335)
		at java.base/sun.nio.ch.ServerSocketChannelImpl.bind(ServerSocketChannelImpl.java:297)
		at org.apache.tomcat.util.net.NioEndpoint.initServerSocket(NioEndpoint.java:240)
		at org.apache.tomcat.util.net.NioEndpoint.bind(NioEndpoint.java:195)
		at org.apache.tomcat.util.net.AbstractEndpoint.bindWithCleanup(AbstractEndpoint.java:1472)
		at org.apache.tomcat.util.net.AbstractEndpoint.init(AbstractEndpoint.java:1485)
		at org.apache.coyote.AbstractProtocol.init(AbstractProtocol.java:633)
		at org.apache.coyote.http11.AbstractHttp11Protocol.init(AbstractHttp11Protocol.java:83)
		at org.apache.catalina.connector.Connector.initInternal(Connector.java:1054)
		... 11 more
08-May-2025 15:44:57.269 INFO [main] org.apache.catalina.startup.Catalina.load Server initialization in [699] milliseconds
08-May-2025 15:44:57.340 INFO [main] org.apache.catalina.core.StandardService.startInternal Starting service [Catalina]
08-May-2025 15:44:57.340 INFO [main] org.apache.catalina.core.StandardEngine.startInternal Starting Servlet engine: [Apache Tomcat/11.0.5]
08-May-2025 15:44:57.354 INFO [main] org.apache.catalina.startup.HostConfig.deployDescriptor Deploying deployment descriptor [C:\Users\msi\Downloads\Food Delivery Website - Copy\Food Delivery Website - Copy\conf\Catalina\localhost\ROOT.xml]
08-May-2025 15:44:57.982 INFO [main] org.apache.catalina.startup.HostConfig.deployDescriptor Deployment of deployment descriptor [C:\Users\msi\Downloads\Food Delivery Website - Copy\Food Delivery Website - Copy\conf\Catalina\localhost\ROOT.xml] has finished in [625] ms
08-May-2025 15:44:58.005 INFO [main] org.apache.catalina.startup.Catalina.start Server startup in [732] milliseconds
08-May-2025 15:44:58.013 SEVERE [main] org.apache.catalina.core.StandardServer.await Failed to create server shutdown socket on address [localhost] and port [8005] (base port [8005] and offset [0])
	java.net.BindException: Address already in use: bind
		at java.base/sun.nio.ch.Net.bind0(Native Method)
		at java.base/sun.nio.ch.Net.bind(Net.java:511)
		at java.base/sun.nio.ch.Net.bind(Net.java:500)
		at java.base/sun.nio.ch.NioSocketImpl.bind(NioSocketImpl.java:630)
		at java.base/java.net.ServerSocket.bind(ServerSocket.java:326)
		at java.base/java.net.ServerSocket.<init>(ServerSocket.java:222)
		at org.apache.catalina.core.StandardServer.await(StandardServer.java:532)
		at org.apache.catalina.startup.Catalina.await(Catalina.java:849)
		at org.apache.catalina.startup.Catalina.start(Catalina.java:797)
		at java.base/jdk.internal.reflect.DirectMethodHandleAccessor.invoke(DirectMethodHandleAccessor.java:104)
		at java.base/java.lang.reflect.Method.invoke(Method.java:565)
		at org.apache.catalina.startup.Bootstrap.start(Bootstrap.java:342)
		at org.apache.catalina.startup.Bootstrap.main(Bootstrap.java:470)
08-May-2025 15:44:58.014 INFO [main] org.apache.coyote.AbstractProtocol.pause Pausing ProtocolHandler ["http-nio-8080"]
08-May-2025 15:44:58.014 INFO [main] org.apache.catalina.core.StandardService.stopInternal Stopping service [Catalina]
08-May-2025 15:44:58.023 INFO [main] org.apache.coyote.AbstractProtocol.stop Stopping ProtocolHandler ["http-nio-8080"]
08-May-2025 15:44:58.024 INFO [main] org.apache.coyote.AbstractProtocol.destroy Destroying ProtocolHandler ["http-nio-8080"]
08-May-2025 15:44:59.578 INFO [Catalina-utility-2] org.apache.catalina.startup.HostConfig.undeploy Undeploying context []
08-May-2025 15:44:59.588 INFO [Catalina-utility-2] org.apache.catalina.startup.HostConfig.deployDescriptor Deploying deployment descriptor [C:\Users\msi\Downloads\Food Delivery Website - Copy\Food Delivery Website - Copy\conf\Catalina\localhost\ROOT.xml]
08-May-2025 15:44:59.651 INFO [Catalina-utility-2] org.apache.catalina.startup.HostConfig.deployDescriptor Deployment of deployment descriptor [C:\Users\msi\Downloads\Food Delivery Website - Copy\Food Delivery Website - Copy\conf\Catalina\localhost\ROOT.xml] has finished in [63] ms
08-May-2025 15:45:11.246 INFO [main] org.apache.catalina.startup.VersionLoggerListener.log Server version name:   Apache Tomcat/11.0.5
08-May-2025 15:45:11.249 INFO [main] org.apache.catalina.startup.VersionLoggerListener.log Server built:          Feb 28 2025 15:54:41 UTC
08-May-2025 15:45:11.249 INFO [main] org.apache.catalina.startup.VersionLoggerListener.log Server version number: 11.0.5.0
08-May-2025 15:45:11.249 INFO [main] org.apache.catalina.startup.VersionLoggerListener.log OS Name:               Windows 11
08-May-2025 15:45:11.249 INFO [main] org.apache.catalina.startup.VersionLoggerListener.log OS Version:            10.0
08-May-2025 15:45:11.250 INFO [main] org.apache.catalina.startup.VersionLoggerListener.log Architecture:          amd64
08-May-2025 15:45:11.250 INFO [main] org.apache.catalina.startup.VersionLoggerListener.log Java Home:             C:\Users\msi\.jdks\openjdk-24
08-May-2025 15:45:11.250 INFO [main] org.apache.catalina.startup.VersionLoggerListener.log JVM Version:           24+36-3646
08-May-2025 15:45:11.250 INFO [main] org.apache.catalina.startup.VersionLoggerListener.log JVM Vendor:            Oracle Corporation
08-May-2025 15:45:11.250 INFO [main] org.apache.catalina.startup.VersionLoggerListener.log CATALINA_BASE:         C:\Users\msi\Downloads\Food Delivery Website - Copy\Food Delivery Website - Copy
08-May-2025 15:45:11.250 INFO [main] org.apache.catalina.startup.VersionLoggerListener.log CATALINA_HOME:         C:\Program Files\Apache Software Foundation\Tomcat 11.0
08-May-2025 15:45:11.262 INFO [main] org.apache.catalina.startup.VersionLoggerListener.log Command line argument: --add-opens=java.base/java.lang=ALL-UNNAMED
08-May-2025 15:45:11.263 INFO [main] org.apache.catalina.startup.VersionLoggerListener.log Command line argument: --add-opens=java.base/java.io=ALL-UNNAMED
08-May-2025 15:45:11.263 INFO [main] org.apache.catalina.startup.VersionLoggerListener.log Command line argument: --add-opens=java.base/java.util=ALL-UNNAMED
08-May-2025 15:45:11.263 INFO [main] org.apache.catalina.startup.VersionLoggerListener.log Command line argument: --add-opens=java.base/java.util.concurrent=ALL-UNNAMED
08-May-2025 15:45:11.263 INFO [main] org.apache.catalina.startup.VersionLoggerListener.log Command line argument: --add-opens=java.rmi/sun.rmi.transport=ALL-UNNAMED
08-May-2025 15:45:11.263 INFO [main] org.apache.catalina.startup.VersionLoggerListener.log Command line argument: -Dcatalina.home=C:\Program Files\Apache Software Foundation\Tomcat 11.0
08-May-2025 15:45:11.264 INFO [main] org.apache.catalina.startup.VersionLoggerListener.log Command line argument: -Dcatalina.base=C:\Users\msi\Downloads\Food Delivery Website - Copy\Food Delivery Website - Copy
08-May-2025 15:45:11.264 INFO [main] org.apache.catalina.startup.VersionLoggerListener.log Command line argument: -Djava.io.tmpdir=C:\Users\msi\Downloads\Food Delivery Website - Copy\Food Delivery Website - Copy\temp
08-May-2025 15:45:11.264 INFO [main] org.apache.catalina.startup.VersionLoggerListener.log Command line argument: -Djava.util.logging.config.file=C:\Users\msi\Downloads\Food Delivery Website - Copy\Food Delivery Website - Copy\conf\logging.properties
08-May-2025 15:45:11.264 INFO [main] org.apache.catalina.startup.VersionLoggerListener.log Command line argument: -Djava.util.logging.manager=org.apache.juli.ClassLoaderLogManager
08-May-2025 15:45:11.264 INFO [main] org.apache.catalina.startup.VersionLoggerListener.log Command line argument: -javaagent:C:\Users\msi\AppData\Local\JetBrains\IntelliJ IDEA 2024.3.5\lib\idea_rt.jar=54492
08-May-2025 15:45:11.264 INFO [main] org.apache.catalina.startup.VersionLoggerListener.log Command line argument: -Dfile.encoding=UTF-8
08-May-2025 15:45:11.265 INFO [main] org.apache.catalina.startup.VersionLoggerListener.log Command line argument: -Dsun.stdout.encoding=UTF-8
08-May-2025 15:45:11.265 INFO [main] org.apache.catalina.startup.VersionLoggerListener.log Command line argument: -Dsun.stderr.encoding=UTF-8
08-May-2025 15:45:11.269 INFO [main] org.apache.catalina.core.AprLifecycleListener.lifecycleEvent The Apache Tomcat Native library which allows using OpenSSL was not found on the java.library.path: [C:\Users\msi\.jdks\openjdk-24\bin;C:\WINDOWS\Sun\Java\bin;C:\WINDOWS\system32;C:\WINDOWS;C:\Program Files\Common Files\Oracle\Java\javapath;C:\WINDOWS\system32;C:\WINDOWS;C:\WINDOWS\System32\Wbem;C:\WINDOWS\System32\WindowsPowerShell\v1.0\;C:\WINDOWS\System32\OpenSSH\;C:\Program Files\NVIDIA Corporation\NVIDIA NvDLISR;C:\Program Files\Git\cmd;C:\Users\msi\AppData\Local\Microsoft\WindowsApps;C:\Users\msi\AppData\Local\Programs\Microsoft VS Code\bin;;.]
08-May-2025 15:45:11.634 INFO [main] org.apache.coyote.AbstractProtocol.init Initializing ProtocolHandler ["http-nio-8080"]
08-May-2025 15:45:11.650 SEVERE [main] org.apache.catalina.util.LifecycleBase.handleSubClassException Failed to initialize component [Connector["http-nio-8080"]]
	org.apache.catalina.LifecycleException: Protocol handler initialization failed
		at org.apache.catalina.connector.Connector.initInternal(Connector.java:1056)
		at org.apache.catalina.util.LifecycleBase.init(LifecycleBase.java:122)
		at org.apache.catalina.core.StandardService.initInternal(StandardService.java:525)
		at org.apache.catalina.util.LifecycleBase.init(LifecycleBase.java:122)
		at org.apache.catalina.core.StandardServer.initInternal(StandardServer.java:953)
		at org.apache.catalina.util.LifecycleBase.init(LifecycleBase.java:122)
		at org.apache.catalina.startup.Catalina.load(Catalina.java:710)
		at org.apache.catalina.startup.Catalina.load(Catalina.java:733)
		at java.base/jdk.internal.reflect.DirectMethodHandleAccessor.invoke(DirectMethodHandleAccessor.java:104)
		at java.base/java.lang.reflect.Method.invoke(Method.java:565)
		at org.apache.catalina.startup.Bootstrap.load(Bootstrap.java:299)
		at org.apache.catalina.startup.Bootstrap.main(Bootstrap.java:469)
	Caused by: java.net.BindException: Address already in use: bind
		at java.base/sun.nio.ch.Net.bind0(Native Method)
		at java.base/sun.nio.ch.Net.bind(Net.java:511)
		at java.base/sun.nio.ch.ServerSocketChannelImpl.netBind(ServerSocketChannelImpl.java:335)
		at java.base/sun.nio.ch.ServerSocketChannelImpl.bind(ServerSocketChannelImpl.java:297)
		at org.apache.tomcat.util.net.NioEndpoint.initServerSocket(NioEndpoint.java:240)
		at org.apache.tomcat.util.net.NioEndpoint.bind(NioEndpoint.java:195)
		at org.apache.tomcat.util.net.AbstractEndpoint.bindWithCleanup(AbstractEndpoint.java:1472)
		at org.apache.tomcat.util.net.AbstractEndpoint.init(AbstractEndpoint.java:1485)
		at org.apache.coyote.AbstractProtocol.init(AbstractProtocol.java:633)
		at org.apache.coyote.http11.AbstractHttp11Protocol.init(AbstractHttp11Protocol.java:83)
		at org.apache.catalina.connector.Connector.initInternal(Connector.java:1054)
		... 11 more
08-May-2025 15:45:11.653 INFO [main] org.apache.catalina.startup.Catalina.load Server initialization in [636] milliseconds
08-May-2025 15:45:11.733 INFO [main] org.apache.catalina.core.StandardService.startInternal Starting service [Catalina]
08-May-2025 15:45:11.733 INFO [main] org.apache.catalina.core.StandardEngine.startInternal Starting Servlet engine: [Apache Tomcat/11.0.5]
08-May-2025 15:45:11.743 INFO [main] org.apache.catalina.startup.HostConfig.deployDescriptor Deploying deployment descriptor [C:\Users\msi\Downloads\Food Delivery Website - Copy\Food Delivery Website - Copy\conf\Catalina\localhost\ROOT.xml]
08-May-2025 15:45:12.252 INFO [main] org.apache.catalina.startup.HostConfig.deployDescriptor Deployment of deployment descriptor [C:\Users\msi\Downloads\Food Delivery Website - Copy\Food Delivery Website - Copy\conf\Catalina\localhost\ROOT.xml] has finished in [507] ms
08-May-2025 15:45:12.277 INFO [main] org.apache.catalina.startup.Catalina.start Server startup in [620] milliseconds
08-May-2025 15:45:12.287 SEVERE [main] org.apache.catalina.core.StandardServer.await Failed to create server shutdown socket on address [localhost] and port [8005] (base port [8005] and offset [0])
	java.net.BindException: Address already in use: bind
		at java.base/sun.nio.ch.Net.bind0(Native Method)
		at java.base/sun.nio.ch.Net.bind(Net.java:511)
		at java.base/sun.nio.ch.Net.bind(Net.java:500)
		at java.base/sun.nio.ch.NioSocketImpl.bind(NioSocketImpl.java:630)
		at java.base/java.net.ServerSocket.bind(ServerSocket.java:326)
		at java.base/java.net.ServerSocket.<init>(ServerSocket.java:222)
		at org.apache.catalina.core.StandardServer.await(StandardServer.java:532)
		at org.apache.catalina.startup.Catalina.await(Catalina.java:849)
		at org.apache.catalina.startup.Catalina.start(Catalina.java:797)
		at java.base/jdk.internal.reflect.DirectMethodHandleAccessor.invoke(DirectMethodHandleAccessor.java:104)
		at java.base/java.lang.reflect.Method.invoke(Method.java:565)
		at org.apache.catalina.startup.Bootstrap.start(Bootstrap.java:342)
		at org.apache.catalina.startup.Bootstrap.main(Bootstrap.java:470)
08-May-2025 15:45:12.287 INFO [main] org.apache.coyote.AbstractProtocol.pause Pausing ProtocolHandler ["http-nio-8080"]
08-May-2025 15:45:12.288 INFO [main] org.apache.catalina.core.StandardService.stopInternal Stopping service [Catalina]
08-May-2025 15:45:12.298 INFO [main] org.apache.coyote.AbstractProtocol.stop Stopping ProtocolHandler ["http-nio-8080"]
08-May-2025 15:45:12.299 INFO [main] org.apache.coyote.AbstractProtocol.destroy Destroying ProtocolHandler ["http-nio-8080"]
08-May-2025 15:45:19.661 INFO [Catalina-utility-1] org.apache.catalina.startup.HostConfig.undeploy Undeploying context []
08-May-2025 15:45:19.694 INFO [Catalina-utility-1] org.apache.catalina.startup.HostConfig.deployDescriptor Deploying deployment descriptor [C:\Users\msi\Downloads\Food Delivery Website - Copy\Food Delivery Website - Copy\conf\Catalina\localhost\ROOT.xml]
08-May-2025 15:45:19.858 INFO [Catalina-utility-1] org.apache.catalina.startup.HostConfig.deployDescriptor Deployment of deployment descriptor [C:\Users\msi\Downloads\Food Delivery Website - Copy\Food Delivery Website - Copy\conf\Catalina\localhost\ROOT.xml] has finished in [164] ms
08-May-2025 15:47:37.077 INFO [main] org.apache.catalina.startup.VersionLoggerListener.log Server version name:   Apache Tomcat/11.0.5
08-May-2025 15:47:37.084 INFO [main] org.apache.catalina.startup.VersionLoggerListener.log Server built:          Feb 28 2025 15:54:41 UTC
08-May-2025 15:47:37.085 INFO [main] org.apache.catalina.startup.VersionLoggerListener.log Server version number: 11.0.5.0
08-May-2025 15:47:37.085 INFO [main] org.apache.catalina.startup.VersionLoggerListener.log OS Name:               Windows 11
08-May-2025 15:47:37.086 INFO [main] org.apache.catalina.startup.VersionLoggerListener.log OS Version:            10.0
08-May-2025 15:47:37.086 INFO [main] org.apache.catalina.startup.VersionLoggerListener.log Architecture:          amd64
08-May-2025 15:47:37.086 INFO [main] org.apache.catalina.startup.VersionLoggerListener.log Java Home:             C:\Users\msi\.jdks\openjdk-24
08-May-2025 15:47:37.086 INFO [main] org.apache.catalina.startup.VersionLoggerListener.log JVM Version:           24+36-3646
08-May-2025 15:47:37.086 INFO [main] org.apache.catalina.startup.VersionLoggerListener.log JVM Vendor:            Oracle Corporation
08-May-2025 15:47:37.086 INFO [main] org.apache.catalina.startup.VersionLoggerListener.log CATALINA_BASE:         C:\Users\msi\Downloads\Food Delivery Website - Copy\Food Delivery Website - Copy
08-May-2025 15:47:37.087 INFO [main] org.apache.catalina.startup.VersionLoggerListener.log CATALINA_HOME:         C:\Program Files\Apache Software Foundation\Tomcat 11.0
08-May-2025 15:47:37.103 INFO [main] org.apache.catalina.startup.VersionLoggerListener.log Command line argument: --add-opens=java.base/java.lang=ALL-UNNAMED
08-May-2025 15:47:37.104 INFO [main] org.apache.catalina.startup.VersionLoggerListener.log Command line argument: --add-opens=java.base/java.io=ALL-UNNAMED
08-May-2025 15:47:37.104 INFO [main] org.apache.catalina.startup.VersionLoggerListener.log Command line argument: --add-opens=java.base/java.util=ALL-UNNAMED
08-May-2025 15:47:37.104 INFO [main] org.apache.catalina.startup.VersionLoggerListener.log Command line argument: --add-opens=java.base/java.util.concurrent=ALL-UNNAMED
08-May-2025 15:47:37.104 INFO [main] org.apache.catalina.startup.VersionLoggerListener.log Command line argument: --add-opens=java.rmi/sun.rmi.transport=ALL-UNNAMED
08-May-2025 15:47:37.104 INFO [main] org.apache.catalina.startup.VersionLoggerListener.log Command line argument: -Dcatalina.home=C:\Program Files\Apache Software Foundation\Tomcat 11.0
08-May-2025 15:47:37.104 INFO [main] org.apache.catalina.startup.VersionLoggerListener.log Command line argument: -Dcatalina.base=C:\Users\msi\Downloads\Food Delivery Website - Copy\Food Delivery Website - Copy
08-May-2025 15:47:37.105 INFO [main] org.apache.catalina.startup.VersionLoggerListener.log Command line argument: -Djava.io.tmpdir=C:\Users\msi\Downloads\Food Delivery Website - Copy\Food Delivery Website - Copy\temp
08-May-2025 15:47:37.105 INFO [main] org.apache.catalina.startup.VersionLoggerListener.log Command line argument: -Djava.util.logging.config.file=C:\Users\msi\Downloads\Food Delivery Website - Copy\Food Delivery Website - Copy\conf\logging.properties
08-May-2025 15:47:37.105 INFO [main] org.apache.catalina.startup.VersionLoggerListener.log Command line argument: -Djava.util.logging.manager=org.apache.juli.ClassLoaderLogManager
08-May-2025 15:47:37.105 INFO [main] org.apache.catalina.startup.VersionLoggerListener.log Command line argument: -javaagent:C:\Users\msi\AppData\Local\JetBrains\IntelliJ IDEA 2024.3.5\lib\idea_rt.jar=54498
08-May-2025 15:47:37.105 INFO [main] org.apache.catalina.startup.VersionLoggerListener.log Command line argument: -Dfile.encoding=UTF-8
08-May-2025 15:47:37.105 INFO [main] org.apache.catalina.startup.VersionLoggerListener.log Command line argument: -Dsun.stdout.encoding=UTF-8
08-May-2025 15:47:37.105 INFO [main] org.apache.catalina.startup.VersionLoggerListener.log Command line argument: -Dsun.stderr.encoding=UTF-8
08-May-2025 15:47:37.111 INFO [main] org.apache.catalina.core.AprLifecycleListener.lifecycleEvent The Apache Tomcat Native library which allows using OpenSSL was not found on the java.library.path: [C:\Users\msi\.jdks\openjdk-24\bin;C:\WINDOWS\Sun\Java\bin;C:\WINDOWS\system32;C:\WINDOWS;C:\Program Files\Common Files\Oracle\Java\javapath;C:\WINDOWS\system32;C:\WINDOWS;C:\WINDOWS\System32\Wbem;C:\WINDOWS\System32\WindowsPowerShell\v1.0\;C:\WINDOWS\System32\OpenSSH\;C:\Program Files\NVIDIA Corporation\NVIDIA NvDLISR;C:\Program Files\Git\cmd;C:\Users\msi\AppData\Local\Microsoft\WindowsApps;C:\Users\msi\AppData\Local\Programs\Microsoft VS Code\bin;;.]
08-May-2025 15:47:37.478 INFO [main] org.apache.coyote.AbstractProtocol.init Initializing ProtocolHandler ["http-nio-8080"]
08-May-2025 15:47:37.489 SEVERE [main] org.apache.catalina.util.LifecycleBase.handleSubClassException Failed to initialize component [Connector["http-nio-8080"]]
	org.apache.catalina.LifecycleException: Protocol handler initialization failed
		at org.apache.catalina.connector.Connector.initInternal(Connector.java:1056)
		at org.apache.catalina.util.LifecycleBase.init(LifecycleBase.java:122)
		at org.apache.catalina.core.StandardService.initInternal(StandardService.java:525)
		at org.apache.catalina.util.LifecycleBase.init(LifecycleBase.java:122)
		at org.apache.catalina.core.StandardServer.initInternal(StandardServer.java:953)
		at org.apache.catalina.util.LifecycleBase.init(LifecycleBase.java:122)
		at org.apache.catalina.startup.Catalina.load(Catalina.java:710)
		at org.apache.catalina.startup.Catalina.load(Catalina.java:733)
		at java.base/jdk.internal.reflect.DirectMethodHandleAccessor.invoke(DirectMethodHandleAccessor.java:104)
		at java.base/java.lang.reflect.Method.invoke(Method.java:565)
		at org.apache.catalina.startup.Bootstrap.load(Bootstrap.java:299)
		at org.apache.catalina.startup.Bootstrap.main(Bootstrap.java:469)
	Caused by: java.net.BindException: Address already in use: bind
		at java.base/sun.nio.ch.Net.bind0(Native Method)
		at java.base/sun.nio.ch.Net.bind(Net.java:511)
		at java.base/sun.nio.ch.ServerSocketChannelImpl.netBind(ServerSocketChannelImpl.java:335)
		at java.base/sun.nio.ch.ServerSocketChannelImpl.bind(ServerSocketChannelImpl.java:297)
		at org.apache.tomcat.util.net.NioEndpoint.initServerSocket(NioEndpoint.java:240)
		at org.apache.tomcat.util.net.NioEndpoint.bind(NioEndpoint.java:195)
		at org.apache.tomcat.util.net.AbstractEndpoint.bindWithCleanup(AbstractEndpoint.java:1472)
		at org.apache.tomcat.util.net.AbstractEndpoint.init(AbstractEndpoint.java:1485)
		at org.apache.coyote.AbstractProtocol.init(AbstractProtocol.java:633)
		at org.apache.coyote.http11.AbstractHttp11Protocol.init(AbstractHttp11Protocol.java:83)
		at org.apache.catalina.connector.Connector.initInternal(Connector.java:1054)
		... 11 more
08-May-2025 15:47:37.490 INFO [main] org.apache.catalina.startup.Catalina.load Server initialization in [679] milliseconds
08-May-2025 15:47:37.566 INFO [main] org.apache.catalina.core.StandardService.startInternal Starting service [Catalina]
08-May-2025 15:47:37.566 INFO [main] org.apache.catalina.core.StandardEngine.startInternal Starting Servlet engine: [Apache Tomcat/11.0.5]
08-May-2025 15:47:37.580 INFO [main] org.apache.catalina.startup.HostConfig.deployDescriptor Deploying deployment descriptor [C:\Users\msi\Downloads\Food Delivery Website - Copy\Food Delivery Website - Copy\conf\Catalina\localhost\ROOT.xml]
08-May-2025 15:47:38.071 INFO [main] org.apache.catalina.startup.HostConfig.deployDescriptor Deployment of deployment descriptor [C:\Users\msi\Downloads\Food Delivery Website - Copy\Food Delivery Website - Copy\conf\Catalina\localhost\ROOT.xml] has finished in [490] ms
08-May-2025 15:47:38.085 INFO [main] org.apache.catalina.startup.Catalina.start Server startup in [592] milliseconds
08-May-2025 15:47:38.091 SEVERE [main] org.apache.catalina.core.StandardServer.await Failed to create server shutdown socket on address [localhost] and port [8005] (base port [8005] and offset [0])
	java.net.BindException: Address already in use: bind
		at java.base/sun.nio.ch.Net.bind0(Native Method)
		at java.base/sun.nio.ch.Net.bind(Net.java:511)
		at java.base/sun.nio.ch.Net.bind(Net.java:500)
		at java.base/sun.nio.ch.NioSocketImpl.bind(NioSocketImpl.java:630)
		at java.base/java.net.ServerSocket.bind(ServerSocket.java:326)
		at java.base/java.net.ServerSocket.<init>(ServerSocket.java:222)
		at org.apache.catalina.core.StandardServer.await(StandardServer.java:532)
		at org.apache.catalina.startup.Catalina.await(Catalina.java:849)
		at org.apache.catalina.startup.Catalina.start(Catalina.java:797)
		at java.base/jdk.internal.reflect.DirectMethodHandleAccessor.invoke(DirectMethodHandleAccessor.java:104)
		at java.base/java.lang.reflect.Method.invoke(Method.java:565)
		at org.apache.catalina.startup.Bootstrap.start(Bootstrap.java:342)
		at org.apache.catalina.startup.Bootstrap.main(Bootstrap.java:470)
08-May-2025 15:47:38.092 INFO [main] org.apache.coyote.AbstractProtocol.pause Pausing ProtocolHandler ["http-nio-8080"]
08-May-2025 15:47:38.092 INFO [main] org.apache.catalina.core.StandardService.stopInternal Stopping service [Catalina]
08-May-2025 15:47:38.102 INFO [main] org.apache.coyote.AbstractProtocol.stop Stopping ProtocolHandler ["http-nio-8080"]
08-May-2025 15:47:38.102 INFO [main] org.apache.coyote.AbstractProtocol.destroy Destroying ProtocolHandler ["http-nio-8080"]
08-May-2025 15:47:39.917 INFO [Catalina-utility-2] org.apache.catalina.startup.HostConfig.undeploy Undeploying context []
08-May-2025 15:47:39.926 INFO [Catalina-utility-2] org.apache.catalina.startup.HostConfig.deployDescriptor Deploying deployment descriptor [C:\Users\msi\Downloads\Food Delivery Website - Copy\Food Delivery Website - Copy\conf\Catalina\localhost\ROOT.xml]
08-May-2025 15:47:40.002 INFO [Catalina-utility-2] org.apache.catalina.startup.HostConfig.deployDescriptor Deployment of deployment descriptor [C:\Users\msi\Downloads\Food Delivery Website - Copy\Food Delivery Website - Copy\conf\Catalina\localhost\ROOT.xml] has finished in [76] ms
08-May-2025 15:48:12.385 INFO [main] org.apache.catalina.startup.VersionLoggerListener.log Server version name:   Apache Tomcat/11.0.5
08-May-2025 15:48:12.389 INFO [main] org.apache.catalina.startup.VersionLoggerListener.log Server built:          Feb 28 2025 15:54:41 UTC
08-May-2025 15:48:12.390 INFO [main] org.apache.catalina.startup.VersionLoggerListener.log Server version number: 11.0.5.0
08-May-2025 15:48:12.390 INFO [main] org.apache.catalina.startup.VersionLoggerListener.log OS Name:               Windows 11
08-May-2025 15:48:12.390 INFO [main] org.apache.catalina.startup.VersionLoggerListener.log OS Version:            10.0
08-May-2025 15:48:12.391 INFO [main] org.apache.catalina.startup.VersionLoggerListener.log Architecture:          amd64
08-May-2025 15:48:12.391 INFO [main] org.apache.catalina.startup.VersionLoggerListener.log Java Home:             C:\Users\msi\.jdks\openjdk-24
08-May-2025 15:48:12.391 INFO [main] org.apache.catalina.startup.VersionLoggerListener.log JVM Version:           24+36-3646
08-May-2025 15:48:12.391 INFO [main] org.apache.catalina.startup.VersionLoggerListener.log JVM Vendor:            Oracle Corporation
08-May-2025 15:48:12.391 INFO [main] org.apache.catalina.startup.VersionLoggerListener.log CATALINA_BASE:         C:\Users\msi\Downloads\Food Delivery Website - Copy\Food Delivery Website - Copy
08-May-2025 15:48:12.391 INFO [main] org.apache.catalina.startup.VersionLoggerListener.log CATALINA_HOME:         C:\Program Files\Apache Software Foundation\Tomcat 11.0
08-May-2025 15:48:12.403 INFO [main] org.apache.catalina.startup.VersionLoggerListener.log Command line argument: --add-opens=java.base/java.lang=ALL-UNNAMED
08-May-2025 15:48:12.403 INFO [main] org.apache.catalina.startup.VersionLoggerListener.log Command line argument: --add-opens=java.base/java.io=ALL-UNNAMED
08-May-2025 15:48:12.403 INFO [main] org.apache.catalina.startup.VersionLoggerListener.log Command line argument: --add-opens=java.base/java.util=ALL-UNNAMED
08-May-2025 15:48:12.403 INFO [main] org.apache.catalina.startup.VersionLoggerListener.log Command line argument: --add-opens=java.base/java.util.concurrent=ALL-UNNAMED
08-May-2025 15:48:12.403 INFO [main] org.apache.catalina.startup.VersionLoggerListener.log Command line argument: --add-opens=java.rmi/sun.rmi.transport=ALL-UNNAMED
08-May-2025 15:48:12.403 INFO [main] org.apache.catalina.startup.VersionLoggerListener.log Command line argument: -Dcatalina.home=C:\Program Files\Apache Software Foundation\Tomcat 11.0
08-May-2025 15:48:12.403 INFO [main] org.apache.catalina.startup.VersionLoggerListener.log Command line argument: -Dcatalina.base=C:\Users\msi\Downloads\Food Delivery Website - Copy\Food Delivery Website - Copy
08-May-2025 15:48:12.403 INFO [main] org.apache.catalina.startup.VersionLoggerListener.log Command line argument: -Djava.io.tmpdir=C:\Users\msi\Downloads\Food Delivery Website - Copy\Food Delivery Website - Copy\temp
08-May-2025 15:48:12.403 INFO [main] org.apache.catalina.startup.VersionLoggerListener.log Command line argument: -Djava.util.logging.config.file=C:\Users\msi\Downloads\Food Delivery Website - Copy\Food Delivery Website - Copy\conf\logging.properties
08-May-2025 15:48:12.404 INFO [main] org.apache.catalina.startup.VersionLoggerListener.log Command line argument: -Djava.util.logging.manager=org.apache.juli.ClassLoaderLogManager
08-May-2025 15:48:12.404 INFO [main] org.apache.catalina.startup.VersionLoggerListener.log Command line argument: -javaagent:C:\Users\msi\AppData\Local\JetBrains\IntelliJ IDEA 2024.3.5\lib\idea_rt.jar=54505
08-May-2025 15:48:12.404 INFO [main] org.apache.catalina.startup.VersionLoggerListener.log Command line argument: -Dfile.encoding=UTF-8
08-May-2025 15:48:12.404 INFO [main] org.apache.catalina.startup.VersionLoggerListener.log Command line argument: -Dsun.stdout.encoding=UTF-8
08-May-2025 15:48:12.404 INFO [main] org.apache.catalina.startup.VersionLoggerListener.log Command line argument: -Dsun.stderr.encoding=UTF-8
08-May-2025 15:48:12.408 INFO [main] org.apache.catalina.core.AprLifecycleListener.lifecycleEvent The Apache Tomcat Native library which allows using OpenSSL was not found on the java.library.path: [C:\Users\msi\.jdks\openjdk-24\bin;C:\WINDOWS\Sun\Java\bin;C:\WINDOWS\system32;C:\WINDOWS;C:\Program Files\Common Files\Oracle\Java\javapath;C:\WINDOWS\system32;C:\WINDOWS;C:\WINDOWS\System32\Wbem;C:\WINDOWS\System32\WindowsPowerShell\v1.0\;C:\WINDOWS\System32\OpenSSH\;C:\Program Files\NVIDIA Corporation\NVIDIA NvDLISR;C:\Program Files\Git\cmd;C:\Users\msi\AppData\Local\Microsoft\WindowsApps;C:\Users\msi\AppData\Local\Programs\Microsoft VS Code\bin;;.]
08-May-2025 15:48:12.800 INFO [main] org.apache.coyote.AbstractProtocol.init Initializing ProtocolHandler ["http-nio-8080"]
08-May-2025 15:48:12.813 SEVERE [main] org.apache.catalina.util.LifecycleBase.handleSubClassException Failed to initialize component [Connector["http-nio-8080"]]
	org.apache.catalina.LifecycleException: Protocol handler initialization failed
		at org.apache.catalina.connector.Connector.initInternal(Connector.java:1056)
		at org.apache.catalina.util.LifecycleBase.init(LifecycleBase.java:122)
		at org.apache.catalina.core.StandardService.initInternal(StandardService.java:525)
		at org.apache.catalina.util.LifecycleBase.init(LifecycleBase.java:122)
		at org.apache.catalina.core.StandardServer.initInternal(StandardServer.java:953)
		at org.apache.catalina.util.LifecycleBase.init(LifecycleBase.java:122)
		at org.apache.catalina.startup.Catalina.load(Catalina.java:710)
		at org.apache.catalina.startup.Catalina.load(Catalina.java:733)
		at java.base/jdk.internal.reflect.DirectMethodHandleAccessor.invoke(DirectMethodHandleAccessor.java:104)
		at java.base/java.lang.reflect.Method.invoke(Method.java:565)
		at org.apache.catalina.startup.Bootstrap.load(Bootstrap.java:299)
		at org.apache.catalina.startup.Bootstrap.main(Bootstrap.java:469)
	Caused by: java.net.BindException: Address already in use: bind
		at java.base/sun.nio.ch.Net.bind0(Native Method)
		at java.base/sun.nio.ch.Net.bind(Net.java:511)
		at java.base/sun.nio.ch.ServerSocketChannelImpl.netBind(ServerSocketChannelImpl.java:335)
		at java.base/sun.nio.ch.ServerSocketChannelImpl.bind(ServerSocketChannelImpl.java:297)
		at org.apache.tomcat.util.net.NioEndpoint.initServerSocket(NioEndpoint.java:240)
		at org.apache.tomcat.util.net.NioEndpoint.bind(NioEndpoint.java:195)
		at org.apache.tomcat.util.net.AbstractEndpoint.bindWithCleanup(AbstractEndpoint.java:1472)
		at org.apache.tomcat.util.net.AbstractEndpoint.init(AbstractEndpoint.java:1485)
		at org.apache.coyote.AbstractProtocol.init(AbstractProtocol.java:633)
		at org.apache.coyote.http11.AbstractHttp11Protocol.init(AbstractHttp11Protocol.java:83)
		at org.apache.catalina.connector.Connector.initInternal(Connector.java:1054)
		... 11 more
08-May-2025 15:48:12.814 INFO [main] org.apache.catalina.startup.Catalina.load Server initialization in [720] milliseconds
08-May-2025 15:48:12.892 INFO [main] org.apache.catalina.core.StandardService.startInternal Starting service [Catalina]
08-May-2025 15:48:12.893 INFO [main] org.apache.catalina.core.StandardEngine.startInternal Starting Servlet engine: [Apache Tomcat/11.0.5]
08-May-2025 15:48:12.908 INFO [main] org.apache.catalina.startup.HostConfig.deployDescriptor Deploying deployment descriptor [C:\Users\msi\Downloads\Food Delivery Website - Copy\Food Delivery Website - Copy\conf\Catalina\localhost\ROOT.xml]
08-May-2025 15:48:13.477 INFO [main] org.apache.catalina.startup.HostConfig.deployDescriptor Deployment of deployment descriptor [C:\Users\msi\Downloads\Food Delivery Website - Copy\Food Delivery Website - Copy\conf\Catalina\localhost\ROOT.xml] has finished in [568] ms
08-May-2025 15:48:13.491 INFO [main] org.apache.catalina.startup.Catalina.start Server startup in [675] milliseconds
08-May-2025 15:48:13.498 SEVERE [main] org.apache.catalina.core.StandardServer.await Failed to create server shutdown socket on address [localhost] and port [8005] (base port [8005] and offset [0])
	java.net.BindException: Address already in use: bind
		at java.base/sun.nio.ch.Net.bind0(Native Method)
		at java.base/sun.nio.ch.Net.bind(Net.java:511)
		at java.base/sun.nio.ch.Net.bind(Net.java:500)
		at java.base/sun.nio.ch.NioSocketImpl.bind(NioSocketImpl.java:630)
		at java.base/java.net.ServerSocket.bind(ServerSocket.java:326)
		at java.base/java.net.ServerSocket.<init>(ServerSocket.java:222)
		at org.apache.catalina.core.StandardServer.await(StandardServer.java:532)
		at org.apache.catalina.startup.Catalina.await(Catalina.java:849)
		at org.apache.catalina.startup.Catalina.start(Catalina.java:797)
		at java.base/jdk.internal.reflect.DirectMethodHandleAccessor.invoke(DirectMethodHandleAccessor.java:104)
		at java.base/java.lang.reflect.Method.invoke(Method.java:565)
		at org.apache.catalina.startup.Bootstrap.start(Bootstrap.java:342)
		at org.apache.catalina.startup.Bootstrap.main(Bootstrap.java:470)
08-May-2025 15:48:13.499 INFO [main] org.apache.coyote.AbstractProtocol.pause Pausing ProtocolHandler ["http-nio-8080"]
08-May-2025 15:48:13.499 INFO [main] org.apache.catalina.core.StandardService.stopInternal Stopping service [Catalina]
08-May-2025 15:48:13.510 INFO [main] org.apache.coyote.AbstractProtocol.stop Stopping ProtocolHandler ["http-nio-8080"]
08-May-2025 15:48:13.510 INFO [main] org.apache.coyote.AbstractProtocol.destroy Destroying ProtocolHandler ["http-nio-8080"]
08-May-2025 15:48:20.017 INFO [Catalina-utility-1] org.apache.catalina.startup.HostConfig.undeploy Undeploying context []
08-May-2025 15:48:20.024 INFO [Catalina-utility-1] org.apache.catalina.startup.HostConfig.deployDescriptor Deploying deployment descriptor [C:\Users\msi\Downloads\Food Delivery Website - Copy\Food Delivery Website - Copy\conf\Catalina\localhost\ROOT.xml]
08-May-2025 15:48:20.149 INFO [Catalina-utility-1] org.apache.catalina.startup.HostConfig.deployDescriptor Deployment of deployment descriptor [C:\Users\msi\Downloads\Food Delivery Website - Copy\Food Delivery Website - Copy\conf\Catalina\localhost\ROOT.xml] has finished in [125] ms
08-May-2025 15:49:12.281 INFO [main] org.apache.catalina.startup.VersionLoggerListener.log Server version name:   Apache Tomcat/11.0.5
08-May-2025 15:49:12.285 INFO [main] org.apache.catalina.startup.VersionLoggerListener.log Server built:          Feb 28 2025 15:54:41 UTC
08-May-2025 15:49:12.285 INFO [main] org.apache.catalina.startup.VersionLoggerListener.log Server version number: 11.0.5.0
08-May-2025 15:49:12.285 INFO [main] org.apache.catalina.startup.VersionLoggerListener.log OS Name:               Windows 11
08-May-2025 15:49:12.286 INFO [main] org.apache.catalina.startup.VersionLoggerListener.log OS Version:            10.0
08-May-2025 15:49:12.286 INFO [main] org.apache.catalina.startup.VersionLoggerListener.log Architecture:          amd64
08-May-2025 15:49:12.286 INFO [main] org.apache.catalina.startup.VersionLoggerListener.log Java Home:             C:\Users\msi\.jdks\openjdk-24
08-May-2025 15:49:12.286 INFO [main] org.apache.catalina.startup.VersionLoggerListener.log JVM Version:           24+36-3646
08-May-2025 15:49:12.286 INFO [main] org.apache.catalina.startup.VersionLoggerListener.log JVM Vendor:            Oracle Corporation
08-May-2025 15:49:12.287 INFO [main] org.apache.catalina.startup.VersionLoggerListener.log CATALINA_BASE:         C:\Users\msi\Downloads\Food Delivery Website - Copy\Food Delivery Website - Copy
08-May-2025 15:49:12.287 INFO [main] org.apache.catalina.startup.VersionLoggerListener.log CATALINA_HOME:         C:\Program Files\Apache Software Foundation\Tomcat 11.0
08-May-2025 15:49:12.299 INFO [main] org.apache.catalina.startup.VersionLoggerListener.log Command line argument: --add-opens=java.base/java.lang=ALL-UNNAMED
08-May-2025 15:49:12.299 INFO [main] org.apache.catalina.startup.VersionLoggerListener.log Command line argument: --add-opens=java.base/java.io=ALL-UNNAMED
08-May-2025 15:49:12.300 INFO [main] org.apache.catalina.startup.VersionLoggerListener.log Command line argument: --add-opens=java.base/java.util=ALL-UNNAMED
08-May-2025 15:49:12.300 INFO [main] org.apache.catalina.startup.VersionLoggerListener.log Command line argument: --add-opens=java.base/java.util.concurrent=ALL-UNNAMED
08-May-2025 15:49:12.300 INFO [main] org.apache.catalina.startup.VersionLoggerListener.log Command line argument: --add-opens=java.rmi/sun.rmi.transport=ALL-UNNAMED
08-May-2025 15:49:12.300 INFO [main] org.apache.catalina.startup.VersionLoggerListener.log Command line argument: -Dcatalina.home=C:\Program Files\Apache Software Foundation\Tomcat 11.0
08-May-2025 15:49:12.300 INFO [main] org.apache.catalina.startup.VersionLoggerListener.log Command line argument: -Dcatalina.base=C:\Users\msi\Downloads\Food Delivery Website - Copy\Food Delivery Website - Copy
08-May-2025 15:49:12.300 INFO [main] org.apache.catalina.startup.VersionLoggerListener.log Command line argument: -Djava.io.tmpdir=C:\Users\msi\Downloads\Food Delivery Website - Copy\Food Delivery Website - Copy\temp
08-May-2025 15:49:12.301 INFO [main] org.apache.catalina.startup.VersionLoggerListener.log Command line argument: -Djava.util.logging.config.file=C:\Users\msi\Downloads\Food Delivery Website - Copy\Food Delivery Website - Copy\conf\logging.properties
08-May-2025 15:49:12.302 INFO [main] org.apache.catalina.startup.VersionLoggerListener.log Command line argument: -Djava.util.logging.manager=org.apache.juli.ClassLoaderLogManager
08-May-2025 15:49:12.302 INFO [main] org.apache.catalina.startup.VersionLoggerListener.log Command line argument: -javaagent:C:\Users\msi\AppData\Local\JetBrains\IntelliJ IDEA 2024.3.5\lib\idea_rt.jar=54518
08-May-2025 15:49:12.302 INFO [main] org.apache.catalina.startup.VersionLoggerListener.log Command line argument: -Dfile.encoding=UTF-8
08-May-2025 15:49:12.302 INFO [main] org.apache.catalina.startup.VersionLoggerListener.log Command line argument: -Dsun.stdout.encoding=UTF-8
08-May-2025 15:49:12.302 INFO [main] org.apache.catalina.startup.VersionLoggerListener.log Command line argument: -Dsun.stderr.encoding=UTF-8
08-May-2025 15:49:12.307 INFO [main] org.apache.catalina.core.AprLifecycleListener.lifecycleEvent The Apache Tomcat Native library which allows using OpenSSL was not found on the java.library.path: [C:\Users\msi\.jdks\openjdk-24\bin;C:\WINDOWS\Sun\Java\bin;C:\WINDOWS\system32;C:\WINDOWS;C:\Program Files\Common Files\Oracle\Java\javapath;C:\WINDOWS\system32;C:\WINDOWS;C:\WINDOWS\System32\Wbem;C:\WINDOWS\System32\WindowsPowerShell\v1.0\;C:\WINDOWS\System32\OpenSSH\;C:\Program Files\NVIDIA Corporation\NVIDIA NvDLISR;C:\Program Files\Git\cmd;C:\Users\msi\AppData\Local\Microsoft\WindowsApps;C:\Users\msi\AppData\Local\Programs\Microsoft VS Code\bin;;.]
08-May-2025 15:49:12.717 INFO [main] org.apache.coyote.AbstractProtocol.init Initializing ProtocolHandler ["http-nio-8080"]
08-May-2025 15:49:12.735 SEVERE [main] org.apache.catalina.util.LifecycleBase.handleSubClassException Failed to initialize component [Connector["http-nio-8080"]]
	org.apache.catalina.LifecycleException: Protocol handler initialization failed
		at org.apache.catalina.connector.Connector.initInternal(Connector.java:1056)
		at org.apache.catalina.util.LifecycleBase.init(LifecycleBase.java:122)
		at org.apache.catalina.core.StandardService.initInternal(StandardService.java:525)
		at org.apache.catalina.util.LifecycleBase.init(LifecycleBase.java:122)
		at org.apache.catalina.core.StandardServer.initInternal(StandardServer.java:953)
		at org.apache.catalina.util.LifecycleBase.init(LifecycleBase.java:122)
		at org.apache.catalina.startup.Catalina.load(Catalina.java:710)
		at org.apache.catalina.startup.Catalina.load(Catalina.java:733)
		at java.base/jdk.internal.reflect.DirectMethodHandleAccessor.invoke(DirectMethodHandleAccessor.java:104)
		at java.base/java.lang.reflect.Method.invoke(Method.java:565)
		at org.apache.catalina.startup.Bootstrap.load(Bootstrap.java:299)
		at org.apache.catalina.startup.Bootstrap.main(Bootstrap.java:469)
	Caused by: java.net.BindException: Address already in use: bind
		at java.base/sun.nio.ch.Net.bind0(Native Method)
		at java.base/sun.nio.ch.Net.bind(Net.java:511)
		at java.base/sun.nio.ch.ServerSocketChannelImpl.netBind(ServerSocketChannelImpl.java:335)
		at java.base/sun.nio.ch.ServerSocketChannelImpl.bind(ServerSocketChannelImpl.java:297)
		at org.apache.tomcat.util.net.NioEndpoint.initServerSocket(NioEndpoint.java:240)
		at org.apache.tomcat.util.net.NioEndpoint.bind(NioEndpoint.java:195)
		at org.apache.tomcat.util.net.AbstractEndpoint.bindWithCleanup(AbstractEndpoint.java:1472)
		at org.apache.tomcat.util.net.AbstractEndpoint.init(AbstractEndpoint.java:1485)
		at org.apache.coyote.AbstractProtocol.init(AbstractProtocol.java:633)
		at org.apache.coyote.http11.AbstractHttp11Protocol.init(AbstractHttp11Protocol.java:83)
		at org.apache.catalina.connector.Connector.initInternal(Connector.java:1054)
		... 11 more
08-May-2025 15:49:12.738 INFO [main] org.apache.catalina.startup.Catalina.load Server initialization in [726] milliseconds
08-May-2025 15:49:12.823 INFO [main] org.apache.catalina.core.StandardService.startInternal Starting service [Catalina]
08-May-2025 15:49:12.823 INFO [main] org.apache.catalina.core.StandardEngine.startInternal Starting Servlet engine: [Apache Tomcat/11.0.5]
08-May-2025 15:49:12.842 INFO [main] org.apache.catalina.startup.HostConfig.deployDescriptor Deploying deployment descriptor [C:\Users\msi\Downloads\Food Delivery Website - Copy\Food Delivery Website - Copy\conf\Catalina\localhost\ROOT.xml]
08-May-2025 15:49:13.345 INFO [main] org.apache.catalina.startup.HostConfig.deployDescriptor Deployment of deployment descriptor [C:\Users\msi\Downloads\Food Delivery Website - Copy\Food Delivery Website - Copy\conf\Catalina\localhost\ROOT.xml] has finished in [502] ms
08-May-2025 15:49:13.358 INFO [main] org.apache.catalina.startup.Catalina.start Server startup in [617] milliseconds
08-May-2025 15:49:13.365 SEVERE [main] org.apache.catalina.core.StandardServer.await Failed to create server shutdown socket on address [localhost] and port [8005] (base port [8005] and offset [0])
	java.net.BindException: Address already in use: bind
		at java.base/sun.nio.ch.Net.bind0(Native Method)
		at java.base/sun.nio.ch.Net.bind(Net.java:511)
		at java.base/sun.nio.ch.Net.bind(Net.java:500)
		at java.base/sun.nio.ch.NioSocketImpl.bind(NioSocketImpl.java:630)
		at java.base/java.net.ServerSocket.bind(ServerSocket.java:326)
		at java.base/java.net.ServerSocket.<init>(ServerSocket.java:222)
		at org.apache.catalina.core.StandardServer.await(StandardServer.java:532)
		at org.apache.catalina.startup.Catalina.await(Catalina.java:849)
		at org.apache.catalina.startup.Catalina.start(Catalina.java:797)
		at java.base/jdk.internal.reflect.DirectMethodHandleAccessor.invoke(DirectMethodHandleAccessor.java:104)
		at java.base/java.lang.reflect.Method.invoke(Method.java:565)
		at org.apache.catalina.startup.Bootstrap.start(Bootstrap.java:342)
		at org.apache.catalina.startup.Bootstrap.main(Bootstrap.java:470)
08-May-2025 15:49:13.366 INFO [main] org.apache.coyote.AbstractProtocol.pause Pausing ProtocolHandler ["http-nio-8080"]
08-May-2025 15:49:13.366 INFO [main] org.apache.catalina.core.StandardService.stopInternal Stopping service [Catalina]
08-May-2025 15:49:13.376 INFO [main] org.apache.coyote.AbstractProtocol.stop Stopping ProtocolHandler ["http-nio-8080"]
08-May-2025 15:49:13.376 INFO [main] org.apache.coyote.AbstractProtocol.destroy Destroying ProtocolHandler ["http-nio-8080"]
08-May-2025 15:49:20.185 INFO [Catalina-utility-2] org.apache.catalina.startup.HostConfig.undeploy Undeploying context []
08-May-2025 15:49:20.207 INFO [Catalina-utility-2] org.apache.catalina.startup.HostConfig.deployDescriptor Deploying deployment descriptor [C:\Users\msi\Downloads\Food Delivery Website - Copy\Food Delivery Website - Copy\conf\Catalina\localhost\ROOT.xml]
08-May-2025 15:49:20.270 INFO [Catalina-utility-2] org.apache.catalina.startup.HostConfig.deployDescriptor Deployment of deployment descriptor [C:\Users\msi\Downloads\Food Delivery Website - Copy\Food Delivery Website - Copy\conf\Catalina\localhost\ROOT.xml] has finished in [63] ms
08-May-2025 15:49:57.192 INFO [main] org.apache.catalina.startup.VersionLoggerListener.log Server version name:   Apache Tomcat/11.0.5
08-May-2025 15:49:57.196 INFO [main] org.apache.catalina.startup.VersionLoggerListener.log Server built:          Feb 28 2025 15:54:41 UTC
08-May-2025 15:49:57.196 INFO [main] org.apache.catalina.startup.VersionLoggerListener.log Server version number: 11.0.5.0
08-May-2025 15:49:57.196 INFO [main] org.apache.catalina.startup.VersionLoggerListener.log OS Name:               Windows 11
08-May-2025 15:49:57.197 INFO [main] org.apache.catalina.startup.VersionLoggerListener.log OS Version:            10.0
08-May-2025 15:49:57.197 INFO [main] org.apache.catalina.startup.VersionLoggerListener.log Architecture:          amd64
08-May-2025 15:49:57.197 INFO [main] org.apache.catalina.startup.VersionLoggerListener.log Java Home:             C:\Users\msi\.jdks\openjdk-24
08-May-2025 15:49:57.197 INFO [main] org.apache.catalina.startup.VersionLoggerListener.log JVM Version:           24+36-3646
08-May-2025 15:49:57.197 INFO [main] org.apache.catalina.startup.VersionLoggerListener.log JVM Vendor:            Oracle Corporation
08-May-2025 15:49:57.197 INFO [main] org.apache.catalina.startup.VersionLoggerListener.log CATALINA_BASE:         C:\Users\msi\Downloads\Food Delivery Website - Copy\Food Delivery Website - Copy
08-May-2025 15:49:57.198 INFO [main] org.apache.catalina.startup.VersionLoggerListener.log CATALINA_HOME:         C:\Program Files\Apache Software Foundation\Tomcat 11.0
08-May-2025 15:49:57.211 INFO [main] org.apache.catalina.startup.VersionLoggerListener.log Command line argument: --add-opens=java.base/java.lang=ALL-UNNAMED
08-May-2025 15:49:57.211 INFO [main] org.apache.catalina.startup.VersionLoggerListener.log Command line argument: --add-opens=java.base/java.io=ALL-UNNAMED
08-May-2025 15:49:57.211 INFO [main] org.apache.catalina.startup.VersionLoggerListener.log Command line argument: --add-opens=java.base/java.util=ALL-UNNAMED
08-May-2025 15:49:57.212 INFO [main] org.apache.catalina.startup.VersionLoggerListener.log Command line argument: --add-opens=java.base/java.util.concurrent=ALL-UNNAMED
08-May-2025 15:49:57.212 INFO [main] org.apache.catalina.startup.VersionLoggerListener.log Command line argument: --add-opens=java.rmi/sun.rmi.transport=ALL-UNNAMED
08-May-2025 15:49:57.212 INFO [main] org.apache.catalina.startup.VersionLoggerListener.log Command line argument: -Dcatalina.home=C:\Program Files\Apache Software Foundation\Tomcat 11.0
08-May-2025 15:49:57.212 INFO [main] org.apache.catalina.startup.VersionLoggerListener.log Command line argument: -Dcatalina.base=C:\Users\msi\Downloads\Food Delivery Website - Copy\Food Delivery Website - Copy
08-May-2025 15:49:57.212 INFO [main] org.apache.catalina.startup.VersionLoggerListener.log Command line argument: -Djava.io.tmpdir=C:\Users\msi\Downloads\Food Delivery Website - Copy\Food Delivery Website - Copy\temp
08-May-2025 15:49:57.213 INFO [main] org.apache.catalina.startup.VersionLoggerListener.log Command line argument: -Djava.util.logging.config.file=C:\Users\msi\Downloads\Food Delivery Website - Copy\Food Delivery Website - Copy\conf\logging.properties
08-May-2025 15:49:57.213 INFO [main] org.apache.catalina.startup.VersionLoggerListener.log Command line argument: -Djava.util.logging.manager=org.apache.juli.ClassLoaderLogManager
08-May-2025 15:49:57.213 INFO [main] org.apache.catalina.startup.VersionLoggerListener.log Command line argument: -javaagent:C:\Users\msi\AppData\Local\JetBrains\IntelliJ IDEA 2024.3.5\lib\idea_rt.jar=54527
08-May-2025 15:49:57.213 INFO [main] org.apache.catalina.startup.VersionLoggerListener.log Command line argument: -Dfile.encoding=UTF-8
08-May-2025 15:49:57.213 INFO [main] org.apache.catalina.startup.VersionLoggerListener.log Command line argument: -Dsun.stdout.encoding=UTF-8
08-May-2025 15:49:57.213 INFO [main] org.apache.catalina.startup.VersionLoggerListener.log Command line argument: -Dsun.stderr.encoding=UTF-8
08-May-2025 15:49:57.218 INFO [main] org.apache.catalina.core.AprLifecycleListener.lifecycleEvent The Apache Tomcat Native library which allows using OpenSSL was not found on the java.library.path: [C:\Users\msi\.jdks\openjdk-24\bin;C:\WINDOWS\Sun\Java\bin;C:\WINDOWS\system32;C:\WINDOWS;C:\Program Files\Common Files\Oracle\Java\javapath;C:\WINDOWS\system32;C:\WINDOWS;C:\WINDOWS\System32\Wbem;C:\WINDOWS\System32\WindowsPowerShell\v1.0\;C:\WINDOWS\System32\OpenSSH\;C:\Program Files\NVIDIA Corporation\NVIDIA NvDLISR;C:\Program Files\Git\cmd;C:\Users\msi\AppData\Local\Microsoft\WindowsApps;C:\Users\msi\AppData\Local\Programs\Microsoft VS Code\bin;;.]
08-May-2025 15:49:57.576 INFO [main] org.apache.coyote.AbstractProtocol.init Initializing ProtocolHandler ["http-nio-8080"]
08-May-2025 15:49:57.591 SEVERE [main] org.apache.catalina.util.LifecycleBase.handleSubClassException Failed to initialize component [Connector["http-nio-8080"]]
	org.apache.catalina.LifecycleException: Protocol handler initialization failed
		at org.apache.catalina.connector.Connector.initInternal(Connector.java:1056)
		at org.apache.catalina.util.LifecycleBase.init(LifecycleBase.java:122)
		at org.apache.catalina.core.StandardService.initInternal(StandardService.java:525)
		at org.apache.catalina.util.LifecycleBase.init(LifecycleBase.java:122)
		at org.apache.catalina.core.StandardServer.initInternal(StandardServer.java:953)
		at org.apache.catalina.util.LifecycleBase.init(LifecycleBase.java:122)
		at org.apache.catalina.startup.Catalina.load(Catalina.java:710)
		at org.apache.catalina.startup.Catalina.load(Catalina.java:733)
		at java.base/jdk.internal.reflect.DirectMethodHandleAccessor.invoke(DirectMethodHandleAccessor.java:104)
		at java.base/java.lang.reflect.Method.invoke(Method.java:565)
		at org.apache.catalina.startup.Bootstrap.load(Bootstrap.java:299)
		at org.apache.catalina.startup.Bootstrap.main(Bootstrap.java:469)
	Caused by: java.net.BindException: Address already in use: bind
		at java.base/sun.nio.ch.Net.bind0(Native Method)
		at java.base/sun.nio.ch.Net.bind(Net.java:511)
		at java.base/sun.nio.ch.ServerSocketChannelImpl.netBind(ServerSocketChannelImpl.java:335)
		at java.base/sun.nio.ch.ServerSocketChannelImpl.bind(ServerSocketChannelImpl.java:297)
		at org.apache.tomcat.util.net.NioEndpoint.initServerSocket(NioEndpoint.java:240)
		at org.apache.tomcat.util.net.NioEndpoint.bind(NioEndpoint.java:195)
		at org.apache.tomcat.util.net.AbstractEndpoint.bindWithCleanup(AbstractEndpoint.java:1472)
		at org.apache.tomcat.util.net.AbstractEndpoint.init(AbstractEndpoint.java:1485)
		at org.apache.coyote.AbstractProtocol.init(AbstractProtocol.java:633)
		at org.apache.coyote.http11.AbstractHttp11Protocol.init(AbstractHttp11Protocol.java:83)
		at org.apache.catalina.connector.Connector.initInternal(Connector.java:1054)
		... 11 more
08-May-2025 15:49:57.593 INFO [main] org.apache.catalina.startup.Catalina.load Server initialization in [654] milliseconds
08-May-2025 15:49:57.669 INFO [main] org.apache.catalina.core.StandardService.startInternal Starting service [Catalina]
08-May-2025 15:49:57.670 INFO [main] org.apache.catalina.core.StandardEngine.startInternal Starting Servlet engine: [Apache Tomcat/11.0.5]
08-May-2025 15:49:57.682 INFO [main] org.apache.catalina.startup.HostConfig.deployDescriptor Deploying deployment descriptor [C:\Users\msi\Downloads\Food Delivery Website - Copy\Food Delivery Website - Copy\conf\Catalina\localhost\ROOT.xml]
08-May-2025 15:49:58.315 INFO [main] org.apache.catalina.startup.HostConfig.deployDescriptor Deployment of deployment descriptor [C:\Users\msi\Downloads\Food Delivery Website - Copy\Food Delivery Website - Copy\conf\Catalina\localhost\ROOT.xml] has finished in [632] ms
08-May-2025 15:49:58.335 INFO [main] org.apache.catalina.startup.Catalina.start Server startup in [738] milliseconds
08-May-2025 15:49:58.342 SEVERE [main] org.apache.catalina.core.StandardServer.await Failed to create server shutdown socket on address [localhost] and port [8005] (base port [8005] and offset [0])
	java.net.BindException: Address already in use: bind
		at java.base/sun.nio.ch.Net.bind0(Native Method)
		at java.base/sun.nio.ch.Net.bind(Net.java:511)
		at java.base/sun.nio.ch.Net.bind(Net.java:500)
		at java.base/sun.nio.ch.NioSocketImpl.bind(NioSocketImpl.java:630)
		at java.base/java.net.ServerSocket.bind(ServerSocket.java:326)
		at java.base/java.net.ServerSocket.<init>(ServerSocket.java:222)
		at org.apache.catalina.core.StandardServer.await(StandardServer.java:532)
		at org.apache.catalina.startup.Catalina.await(Catalina.java:849)
		at org.apache.catalina.startup.Catalina.start(Catalina.java:797)
		at java.base/jdk.internal.reflect.DirectMethodHandleAccessor.invoke(DirectMethodHandleAccessor.java:104)
		at java.base/java.lang.reflect.Method.invoke(Method.java:565)
		at org.apache.catalina.startup.Bootstrap.start(Bootstrap.java:342)
		at org.apache.catalina.startup.Bootstrap.main(Bootstrap.java:470)
08-May-2025 15:49:58.342 INFO [main] org.apache.coyote.AbstractProtocol.pause Pausing ProtocolHandler ["http-nio-8080"]
08-May-2025 15:49:58.343 INFO [main] org.apache.catalina.core.StandardService.stopInternal Stopping service [Catalina]
08-May-2025 15:49:58.354 INFO [main] org.apache.coyote.AbstractProtocol.stop Stopping ProtocolHandler ["http-nio-8080"]
08-May-2025 15:49:58.355 INFO [main] org.apache.coyote.AbstractProtocol.destroy Destroying ProtocolHandler ["http-nio-8080"]
08-May-2025 15:50:00.313 INFO [Catalina-utility-2] org.apache.catalina.startup.HostConfig.undeploy Undeploying context []
08-May-2025 15:50:00.332 INFO [Catalina-utility-2] org.apache.catalina.startup.HostConfig.deployDescriptor Deploying deployment descriptor [C:\Users\msi\Downloads\Food Delivery Website - Copy\Food Delivery Website - Copy\conf\Catalina\localhost\ROOT.xml]
08-May-2025 15:50:00.403 INFO [Catalina-utility-2] org.apache.catalina.startup.HostConfig.deployDescriptor Deployment of deployment descriptor [C:\Users\msi\Downloads\Food Delivery Website - Copy\Food Delivery Website - Copy\conf\Catalina\localhost\ROOT.xml] has finished in [71] ms
08-May-2025 15:50:41.606 INFO [main] org.apache.catalina.startup.VersionLoggerListener.log Server version name:   Apache Tomcat/11.0.5
08-May-2025 15:50:41.609 INFO [main] org.apache.catalina.startup.VersionLoggerListener.log Server built:          Feb 28 2025 15:54:41 UTC
08-May-2025 15:50:41.610 INFO [main] org.apache.catalina.startup.VersionLoggerListener.log Server version number: 11.0.5.0
08-May-2025 15:50:41.610 INFO [main] org.apache.catalina.startup.VersionLoggerListener.log OS Name:               Windows 11
08-May-2025 15:50:41.610 INFO [main] org.apache.catalina.startup.VersionLoggerListener.log OS Version:            10.0
08-May-2025 15:50:41.610 INFO [main] org.apache.catalina.startup.VersionLoggerListener.log Architecture:          amd64
08-May-2025 15:50:41.610 INFO [main] org.apache.catalina.startup.VersionLoggerListener.log Java Home:             C:\Users\msi\.jdks\openjdk-24
08-May-2025 15:50:41.610 INFO [main] org.apache.catalina.startup.VersionLoggerListener.log JVM Version:           24+36-3646
08-May-2025 15:50:41.610 INFO [main] org.apache.catalina.startup.VersionLoggerListener.log JVM Vendor:            Oracle Corporation
08-May-2025 15:50:41.610 INFO [main] org.apache.catalina.startup.VersionLoggerListener.log CATALINA_BASE:         C:\Users\msi\Downloads\Food Delivery Website - Copy\Food Delivery Website - Copy
08-May-2025 15:50:41.611 INFO [main] org.apache.catalina.startup.VersionLoggerListener.log CATALINA_HOME:         C:\Program Files\Apache Software Foundation\Tomcat 11.0
08-May-2025 15:50:41.622 INFO [main] org.apache.catalina.startup.VersionLoggerListener.log Command line argument: --add-opens=java.base/java.lang=ALL-UNNAMED
08-May-2025 15:50:41.623 INFO [main] org.apache.catalina.startup.VersionLoggerListener.log Command line argument: --add-opens=java.base/java.io=ALL-UNNAMED
08-May-2025 15:50:41.623 INFO [main] org.apache.catalina.startup.VersionLoggerListener.log Command line argument: --add-opens=java.base/java.util=ALL-UNNAMED
08-May-2025 15:50:41.623 INFO [main] org.apache.catalina.startup.VersionLoggerListener.log Command line argument: --add-opens=java.base/java.util.concurrent=ALL-UNNAMED
08-May-2025 15:50:41.623 INFO [main] org.apache.catalina.startup.VersionLoggerListener.log Command line argument: --add-opens=java.rmi/sun.rmi.transport=ALL-UNNAMED
08-May-2025 15:50:41.623 INFO [main] org.apache.catalina.startup.VersionLoggerListener.log Command line argument: -Dcatalina.home=C:\Program Files\Apache Software Foundation\Tomcat 11.0
08-May-2025 15:50:41.623 INFO [main] org.apache.catalina.startup.VersionLoggerListener.log Command line argument: -Dcatalina.base=C:\Users\msi\Downloads\Food Delivery Website - Copy\Food Delivery Website - Copy
08-May-2025 15:50:41.623 INFO [main] org.apache.catalina.startup.VersionLoggerListener.log Command line argument: -Djava.io.tmpdir=C:\Users\msi\Downloads\Food Delivery Website - Copy\Food Delivery Website - Copy\temp
08-May-2025 15:50:41.623 INFO [main] org.apache.catalina.startup.VersionLoggerListener.log Command line argument: -Djava.util.logging.config.file=C:\Users\msi\Downloads\Food Delivery Website - Copy\Food Delivery Website - Copy\conf\logging.properties
08-May-2025 15:50:41.623 INFO [main] org.apache.catalina.startup.VersionLoggerListener.log Command line argument: -Djava.util.logging.manager=org.apache.juli.ClassLoaderLogManager
08-May-2025 15:50:41.623 INFO [main] org.apache.catalina.startup.VersionLoggerListener.log Command line argument: -javaagent:C:\Users\msi\AppData\Local\JetBrains\IntelliJ IDEA 2024.3.5\lib\idea_rt.jar=54535
08-May-2025 15:50:41.623 INFO [main] org.apache.catalina.startup.VersionLoggerListener.log Command line argument: -Dfile.encoding=UTF-8
08-May-2025 15:50:41.623 INFO [main] org.apache.catalina.startup.VersionLoggerListener.log Command line argument: -Dsun.stdout.encoding=UTF-8
08-May-2025 15:50:41.624 INFO [main] org.apache.catalina.startup.VersionLoggerListener.log Command line argument: -Dsun.stderr.encoding=UTF-8
08-May-2025 15:50:41.627 INFO [main] org.apache.catalina.core.AprLifecycleListener.lifecycleEvent The Apache Tomcat Native library which allows using OpenSSL was not found on the java.library.path: [C:\Users\msi\.jdks\openjdk-24\bin;C:\WINDOWS\Sun\Java\bin;C:\WINDOWS\system32;C:\WINDOWS;C:\Program Files\Common Files\Oracle\Java\javapath;C:\WINDOWS\system32;C:\WINDOWS;C:\WINDOWS\System32\Wbem;C:\WINDOWS\System32\WindowsPowerShell\v1.0\;C:\WINDOWS\System32\OpenSSH\;C:\Program Files\NVIDIA Corporation\NVIDIA NvDLISR;C:\Program Files\Git\cmd;C:\Users\msi\AppData\Local\Microsoft\WindowsApps;C:\Users\msi\AppData\Local\Programs\Microsoft VS Code\bin;;.]
08-May-2025 15:50:41.987 INFO [main] org.apache.coyote.AbstractProtocol.init Initializing ProtocolHandler ["http-nio-8080"]
08-May-2025 15:50:41.998 SEVERE [main] org.apache.catalina.util.LifecycleBase.handleSubClassException Failed to initialize component [Connector["http-nio-8080"]]
	org.apache.catalina.LifecycleException: Protocol handler initialization failed
		at org.apache.catalina.connector.Connector.initInternal(Connector.java:1056)
		at org.apache.catalina.util.LifecycleBase.init(LifecycleBase.java:122)
		at org.apache.catalina.core.StandardService.initInternal(StandardService.java:525)
		at org.apache.catalina.util.LifecycleBase.init(LifecycleBase.java:122)
		at org.apache.catalina.core.StandardServer.initInternal(StandardServer.java:953)
		at org.apache.catalina.util.LifecycleBase.init(LifecycleBase.java:122)
		at org.apache.catalina.startup.Catalina.load(Catalina.java:710)
		at org.apache.catalina.startup.Catalina.load(Catalina.java:733)
		at java.base/jdk.internal.reflect.DirectMethodHandleAccessor.invoke(DirectMethodHandleAccessor.java:104)
		at java.base/java.lang.reflect.Method.invoke(Method.java:565)
		at org.apache.catalina.startup.Bootstrap.load(Bootstrap.java:299)
		at org.apache.catalina.startup.Bootstrap.main(Bootstrap.java:469)
	Caused by: java.net.BindException: Address already in use: bind
		at java.base/sun.nio.ch.Net.bind0(Native Method)
		at java.base/sun.nio.ch.Net.bind(Net.java:511)
		at java.base/sun.nio.ch.ServerSocketChannelImpl.netBind(ServerSocketChannelImpl.java:335)
		at java.base/sun.nio.ch.ServerSocketChannelImpl.bind(ServerSocketChannelImpl.java:297)
		at org.apache.tomcat.util.net.NioEndpoint.initServerSocket(NioEndpoint.java:240)
		at org.apache.tomcat.util.net.NioEndpoint.bind(NioEndpoint.java:195)
		at org.apache.tomcat.util.net.AbstractEndpoint.bindWithCleanup(AbstractEndpoint.java:1472)
		at org.apache.tomcat.util.net.AbstractEndpoint.init(AbstractEndpoint.java:1485)
		at org.apache.coyote.AbstractProtocol.init(AbstractProtocol.java:633)
		at org.apache.coyote.http11.AbstractHttp11Protocol.init(AbstractHttp11Protocol.java:83)
		at org.apache.catalina.connector.Connector.initInternal(Connector.java:1054)
		... 11 more
08-May-2025 15:50:41.999 INFO [main] org.apache.catalina.startup.Catalina.load Server initialization in [688] milliseconds
08-May-2025 15:50:42.075 INFO [main] org.apache.catalina.core.StandardService.startInternal Starting service [Catalina]
08-May-2025 15:50:42.076 INFO [main] org.apache.catalina.core.StandardEngine.startInternal Starting Servlet engine: [Apache Tomcat/11.0.5]
08-May-2025 15:50:42.090 INFO [main] org.apache.catalina.startup.HostConfig.deployDescriptor Deploying deployment descriptor [C:\Users\msi\Downloads\Food Delivery Website - Copy\Food Delivery Website - Copy\conf\Catalina\localhost\ROOT.xml]
08-May-2025 15:50:42.556 INFO [main] org.apache.catalina.startup.HostConfig.deployDescriptor Deployment of deployment descriptor [C:\Users\msi\Downloads\Food Delivery Website - Copy\Food Delivery Website - Copy\conf\Catalina\localhost\ROOT.xml] has finished in [465] ms
08-May-2025 15:50:42.568 INFO [main] org.apache.catalina.startup.Catalina.start Server startup in [567] milliseconds
08-May-2025 15:50:42.576 SEVERE [main] org.apache.catalina.core.StandardServer.await Failed to create server shutdown socket on address [localhost] and port [8005] (base port [8005] and offset [0])
	java.net.BindException: Address already in use: bind
		at java.base/sun.nio.ch.Net.bind0(Native Method)
		at java.base/sun.nio.ch.Net.bind(Net.java:511)
		at java.base/sun.nio.ch.Net.bind(Net.java:500)
		at java.base/sun.nio.ch.NioSocketImpl.bind(NioSocketImpl.java:630)
		at java.base/java.net.ServerSocket.bind(ServerSocket.java:326)
		at java.base/java.net.ServerSocket.<init>(ServerSocket.java:222)
		at org.apache.catalina.core.StandardServer.await(StandardServer.java:532)
		at org.apache.catalina.startup.Catalina.await(Catalina.java:849)
		at org.apache.catalina.startup.Catalina.start(Catalina.java:797)
		at java.base/jdk.internal.reflect.DirectMethodHandleAccessor.invoke(DirectMethodHandleAccessor.java:104)
		at java.base/java.lang.reflect.Method.invoke(Method.java:565)
		at org.apache.catalina.startup.Bootstrap.start(Bootstrap.java:342)
		at org.apache.catalina.startup.Bootstrap.main(Bootstrap.java:470)
08-May-2025 15:50:42.576 INFO [main] org.apache.coyote.AbstractProtocol.pause Pausing ProtocolHandler ["http-nio-8080"]
08-May-2025 15:50:42.576 INFO [main] org.apache.catalina.core.StandardService.stopInternal Stopping service [Catalina]
08-May-2025 15:50:42.585 INFO [main] org.apache.coyote.AbstractProtocol.stop Stopping ProtocolHandler ["http-nio-8080"]
08-May-2025 15:50:42.586 INFO [main] org.apache.coyote.AbstractProtocol.destroy Destroying ProtocolHandler ["http-nio-8080"]
08-May-2025 15:50:50.429 INFO [Catalina-utility-2] org.apache.catalina.startup.HostConfig.undeploy Undeploying context []
08-May-2025 15:50:50.454 INFO [Catalina-utility-2] org.apache.catalina.startup.HostConfig.deployDescriptor Deploying deployment descriptor [C:\Users\msi\Downloads\Food Delivery Website - Copy\Food Delivery Website - Copy\conf\Catalina\localhost\ROOT.xml]
08-May-2025 15:50:50.670 INFO [Catalina-utility-2] org.apache.catalina.startup.HostConfig.deployDescriptor Deployment of deployment descriptor [C:\Users\msi\Downloads\Food Delivery Website - Copy\Food Delivery Website - Copy\conf\Catalina\localhost\ROOT.xml] has finished in [215] ms
08-May-2025 15:52:26.306 INFO [main] org.apache.catalina.startup.VersionLoggerListener.log Server version name:   Apache Tomcat/11.0.5
08-May-2025 15:52:26.311 INFO [main] org.apache.catalina.startup.VersionLoggerListener.log Server built:          Feb 28 2025 15:54:41 UTC
08-May-2025 15:52:26.312 INFO [main] org.apache.catalina.startup.VersionLoggerListener.log Server version number: 11.0.5.0
08-May-2025 15:52:26.312 INFO [main] org.apache.catalina.startup.VersionLoggerListener.log OS Name:               Windows 11
08-May-2025 15:52:26.312 INFO [main] org.apache.catalina.startup.VersionLoggerListener.log OS Version:            10.0
08-May-2025 15:52:26.312 INFO [main] org.apache.catalina.startup.VersionLoggerListener.log Architecture:          amd64
08-May-2025 15:52:26.312 INFO [main] org.apache.catalina.startup.VersionLoggerListener.log Java Home:             C:\Users\msi\.jdks\openjdk-24
08-May-2025 15:52:26.312 INFO [main] org.apache.catalina.startup.VersionLoggerListener.log JVM Version:           24+36-3646
08-May-2025 15:52:26.312 INFO [main] org.apache.catalina.startup.VersionLoggerListener.log JVM Vendor:            Oracle Corporation
08-May-2025 15:52:26.313 INFO [main] org.apache.catalina.startup.VersionLoggerListener.log CATALINA_BASE:         C:\Users\msi\Downloads\Food Delivery Website - Copy\Food Delivery Website - Copy
08-May-2025 15:52:26.313 INFO [main] org.apache.catalina.startup.VersionLoggerListener.log CATALINA_HOME:         C:\Program Files\Apache Software Foundation\Tomcat 11.0
08-May-2025 15:52:26.329 INFO [main] org.apache.catalina.startup.VersionLoggerListener.log Command line argument: --add-opens=java.base/java.lang=ALL-UNNAMED
08-May-2025 15:52:26.329 INFO [main] org.apache.catalina.startup.VersionLoggerListener.log Command line argument: --add-opens=java.base/java.io=ALL-UNNAMED
08-May-2025 15:52:26.329 INFO [main] org.apache.catalina.startup.VersionLoggerListener.log Command line argument: --add-opens=java.base/java.util=ALL-UNNAMED
08-May-2025 15:52:26.329 INFO [main] org.apache.catalina.startup.VersionLoggerListener.log Command line argument: --add-opens=java.base/java.util.concurrent=ALL-UNNAMED
08-May-2025 15:52:26.329 INFO [main] org.apache.catalina.startup.VersionLoggerListener.log Command line argument: --add-opens=java.rmi/sun.rmi.transport=ALL-UNNAMED
08-May-2025 15:52:26.330 INFO [main] org.apache.catalina.startup.VersionLoggerListener.log Command line argument: -Dcatalina.home=C:\Program Files\Apache Software Foundation\Tomcat 11.0
08-May-2025 15:52:26.330 INFO [main] org.apache.catalina.startup.VersionLoggerListener.log Command line argument: -Dcatalina.base=C:\Users\msi\Downloads\Food Delivery Website - Copy\Food Delivery Website - Copy
08-May-2025 15:52:26.330 INFO [main] org.apache.catalina.startup.VersionLoggerListener.log Command line argument: -Djava.io.tmpdir=C:\Users\msi\Downloads\Food Delivery Website - Copy\Food Delivery Website - Copy\temp
08-May-2025 15:52:26.330 INFO [main] org.apache.catalina.startup.VersionLoggerListener.log Command line argument: -Djava.util.logging.config.file=C:\Users\msi\Downloads\Food Delivery Website - Copy\Food Delivery Website - Copy\conf\logging.properties
08-May-2025 15:52:26.330 INFO [main] org.apache.catalina.startup.VersionLoggerListener.log Command line argument: -Djava.util.logging.manager=org.apache.juli.ClassLoaderLogManager
08-May-2025 15:52:26.331 INFO [main] org.apache.catalina.startup.VersionLoggerListener.log Command line argument: -javaagent:C:\Users\msi\AppData\Local\JetBrains\IntelliJ IDEA 2024.3.5\lib\idea_rt.jar=54550
08-May-2025 15:52:26.331 INFO [main] org.apache.catalina.startup.VersionLoggerListener.log Command line argument: -Dfile.encoding=UTF-8
08-May-2025 15:52:26.331 INFO [main] org.apache.catalina.startup.VersionLoggerListener.log Command line argument: -Dsun.stdout.encoding=UTF-8
08-May-2025 15:52:26.331 INFO [main] org.apache.catalina.startup.VersionLoggerListener.log Command line argument: -Dsun.stderr.encoding=UTF-8
08-May-2025 15:52:26.336 INFO [main] org.apache.catalina.core.AprLifecycleListener.lifecycleEvent The Apache Tomcat Native library which allows using OpenSSL was not found on the java.library.path: [C:\Users\msi\.jdks\openjdk-24\bin;C:\WINDOWS\Sun\Java\bin;C:\WINDOWS\system32;C:\WINDOWS;C:\Program Files\Common Files\Oracle\Java\javapath;C:\WINDOWS\system32;C:\WINDOWS;C:\WINDOWS\System32\Wbem;C:\WINDOWS\System32\WindowsPowerShell\v1.0\;C:\WINDOWS\System32\OpenSSH\;C:\Program Files\NVIDIA Corporation\NVIDIA NvDLISR;C:\Program Files\Git\cmd;C:\Users\msi\AppData\Local\Microsoft\WindowsApps;C:\Users\msi\AppData\Local\Programs\Microsoft VS Code\bin;;.]
08-May-2025 15:52:26.698 INFO [main] org.apache.coyote.AbstractProtocol.init Initializing ProtocolHandler ["http-nio-8080"]
08-May-2025 15:52:26.709 SEVERE [main] org.apache.catalina.util.LifecycleBase.handleSubClassException Failed to initialize component [Connector["http-nio-8080"]]
	org.apache.catalina.LifecycleException: Protocol handler initialization failed
		at org.apache.catalina.connector.Connector.initInternal(Connector.java:1056)
		at org.apache.catalina.util.LifecycleBase.init(LifecycleBase.java:122)
		at org.apache.catalina.core.StandardService.initInternal(StandardService.java:525)
		at org.apache.catalina.util.LifecycleBase.init(LifecycleBase.java:122)
		at org.apache.catalina.core.StandardServer.initInternal(StandardServer.java:953)
		at org.apache.catalina.util.LifecycleBase.init(LifecycleBase.java:122)
		at org.apache.catalina.startup.Catalina.load(Catalina.java:710)
		at org.apache.catalina.startup.Catalina.load(Catalina.java:733)
		at java.base/jdk.internal.reflect.DirectMethodHandleAccessor.invoke(DirectMethodHandleAccessor.java:104)
		at java.base/java.lang.reflect.Method.invoke(Method.java:565)
		at org.apache.catalina.startup.Bootstrap.load(Bootstrap.java:299)
		at org.apache.catalina.startup.Bootstrap.main(Bootstrap.java:469)
	Caused by: java.net.BindException: Address already in use: bind
		at java.base/sun.nio.ch.Net.bind0(Native Method)
		at java.base/sun.nio.ch.Net.bind(Net.java:511)
		at java.base/sun.nio.ch.ServerSocketChannelImpl.netBind(ServerSocketChannelImpl.java:335)
		at java.base/sun.nio.ch.ServerSocketChannelImpl.bind(ServerSocketChannelImpl.java:297)
		at org.apache.tomcat.util.net.NioEndpoint.initServerSocket(NioEndpoint.java:240)
		at org.apache.tomcat.util.net.NioEndpoint.bind(NioEndpoint.java:195)
		at org.apache.tomcat.util.net.AbstractEndpoint.bindWithCleanup(AbstractEndpoint.java:1472)
		at org.apache.tomcat.util.net.AbstractEndpoint.init(AbstractEndpoint.java:1485)
		at org.apache.coyote.AbstractProtocol.init(AbstractProtocol.java:633)
		at org.apache.coyote.http11.AbstractHttp11Protocol.init(AbstractHttp11Protocol.java:83)
		at org.apache.catalina.connector.Connector.initInternal(Connector.java:1054)
		... 11 more
08-May-2025 15:52:26.710 INFO [main] org.apache.catalina.startup.Catalina.load Server initialization in [716] milliseconds
08-May-2025 15:52:26.776 INFO [main] org.apache.catalina.core.StandardService.startInternal Starting service [Catalina]
08-May-2025 15:52:26.776 INFO [main] org.apache.catalina.core.StandardEngine.startInternal Starting Servlet engine: [Apache Tomcat/11.0.5]
08-May-2025 15:52:26.790 INFO [main] org.apache.catalina.startup.HostConfig.deployDescriptor Deploying deployment descriptor [C:\Users\msi\Downloads\Food Delivery Website - Copy\Food Delivery Website - Copy\conf\Catalina\localhost\ROOT.xml]
08-May-2025 15:52:27.331 INFO [main] org.apache.catalina.startup.HostConfig.deployDescriptor Deployment of deployment descriptor [C:\Users\msi\Downloads\Food Delivery Website - Copy\Food Delivery Website - Copy\conf\Catalina\localhost\ROOT.xml] has finished in [540] ms
08-May-2025 15:52:27.350 INFO [main] org.apache.catalina.startup.Catalina.start Server startup in [637] milliseconds
08-May-2025 15:52:27.358 SEVERE [main] org.apache.catalina.core.StandardServer.await Failed to create server shutdown socket on address [localhost] and port [8005] (base port [8005] and offset [0])
	java.net.BindException: Address already in use: bind
		at java.base/sun.nio.ch.Net.bind0(Native Method)
		at java.base/sun.nio.ch.Net.bind(Net.java:511)
		at java.base/sun.nio.ch.Net.bind(Net.java:500)
		at java.base/sun.nio.ch.NioSocketImpl.bind(NioSocketImpl.java:630)
		at java.base/java.net.ServerSocket.bind(ServerSocket.java:326)
		at java.base/java.net.ServerSocket.<init>(ServerSocket.java:222)
		at org.apache.catalina.core.StandardServer.await(StandardServer.java:532)
		at org.apache.catalina.startup.Catalina.await(Catalina.java:849)
		at org.apache.catalina.startup.Catalina.start(Catalina.java:797)
		at java.base/jdk.internal.reflect.DirectMethodHandleAccessor.invoke(DirectMethodHandleAccessor.java:104)
		at java.base/java.lang.reflect.Method.invoke(Method.java:565)
		at org.apache.catalina.startup.Bootstrap.start(Bootstrap.java:342)
		at org.apache.catalina.startup.Bootstrap.main(Bootstrap.java:470)
08-May-2025 15:52:27.358 INFO [main] org.apache.coyote.AbstractProtocol.pause Pausing ProtocolHandler ["http-nio-8080"]
08-May-2025 15:52:27.358 INFO [main] org.apache.catalina.core.StandardService.stopInternal Stopping service [Catalina]
08-May-2025 15:52:27.369 INFO [main] org.apache.coyote.AbstractProtocol.stop Stopping ProtocolHandler ["http-nio-8080"]
08-May-2025 15:52:27.369 INFO [main] org.apache.coyote.AbstractProtocol.destroy Destroying ProtocolHandler ["http-nio-8080"]
08-May-2025 15:52:30.711 INFO [Catalina-utility-1] org.apache.catalina.startup.HostConfig.undeploy Undeploying context []
08-May-2025 15:52:30.744 INFO [Catalina-utility-1] org.apache.catalina.startup.HostConfig.deployDescriptor Deploying deployment descriptor [C:\Users\msi\Downloads\Food Delivery Website - Copy\Food Delivery Website - Copy\conf\Catalina\localhost\ROOT.xml]
08-May-2025 15:52:30.899 INFO [Catalina-utility-1] org.apache.catalina.startup.HostConfig.deployDescriptor Deployment of deployment descriptor [C:\Users\msi\Downloads\Food Delivery Website - Copy\Food Delivery Website - Copy\conf\Catalina\localhost\ROOT.xml] has finished in [154] ms
08-May-2025 15:58:42.920 INFO [main] org.apache.catalina.startup.VersionLoggerListener.log Server version name:   Apache Tomcat/11.0.5
08-May-2025 15:58:42.925 INFO [main] org.apache.catalina.startup.VersionLoggerListener.log Server built:          Feb 28 2025 15:54:41 UTC
08-May-2025 15:58:42.925 INFO [main] org.apache.catalina.startup.VersionLoggerListener.log Server version number: 11.0.5.0
08-May-2025 15:58:42.925 INFO [main] org.apache.catalina.startup.VersionLoggerListener.log OS Name:               Windows 11
08-May-2025 15:58:42.925 INFO [main] org.apache.catalina.startup.VersionLoggerListener.log OS Version:            10.0
08-May-2025 15:58:42.926 INFO [main] org.apache.catalina.startup.VersionLoggerListener.log Architecture:          amd64
08-May-2025 15:58:42.926 INFO [main] org.apache.catalina.startup.VersionLoggerListener.log Java Home:             C:\Users\msi\.jdks\openjdk-24
08-May-2025 15:58:42.926 INFO [main] org.apache.catalina.startup.VersionLoggerListener.log JVM Version:           24+36-3646
08-May-2025 15:58:42.926 INFO [main] org.apache.catalina.startup.VersionLoggerListener.log JVM Vendor:            Oracle Corporation
08-May-2025 15:58:42.926 INFO [main] org.apache.catalina.startup.VersionLoggerListener.log CATALINA_BASE:         C:\Users\msi\Downloads\Food Delivery Website - Copy\Food Delivery Website - Copy
08-May-2025 15:58:42.926 INFO [main] org.apache.catalina.startup.VersionLoggerListener.log CATALINA_HOME:         C:\Program Files\Apache Software Foundation\Tomcat 11.0
08-May-2025 15:58:42.940 INFO [main] org.apache.catalina.startup.VersionLoggerListener.log Command line argument: --add-opens=java.base/java.lang=ALL-UNNAMED
08-May-2025 15:58:42.940 INFO [main] org.apache.catalina.startup.VersionLoggerListener.log Command line argument: --add-opens=java.base/java.io=ALL-UNNAMED
08-May-2025 15:58:42.940 INFO [main] org.apache.catalina.startup.VersionLoggerListener.log Command line argument: --add-opens=java.base/java.util=ALL-UNNAMED
08-May-2025 15:58:42.940 INFO [main] org.apache.catalina.startup.VersionLoggerListener.log Command line argument: --add-opens=java.base/java.util.concurrent=ALL-UNNAMED
08-May-2025 15:58:42.940 INFO [main] org.apache.catalina.startup.VersionLoggerListener.log Command line argument: --add-opens=java.rmi/sun.rmi.transport=ALL-UNNAMED
08-May-2025 15:58:42.941 INFO [main] org.apache.catalina.startup.VersionLoggerListener.log Command line argument: -Dcatalina.home=C:\Program Files\Apache Software Foundation\Tomcat 11.0
08-May-2025 15:58:42.941 INFO [main] org.apache.catalina.startup.VersionLoggerListener.log Command line argument: -Dcatalina.base=C:\Users\msi\Downloads\Food Delivery Website - Copy\Food Delivery Website - Copy
08-May-2025 15:58:42.941 INFO [main] org.apache.catalina.startup.VersionLoggerListener.log Command line argument: -Djava.io.tmpdir=C:\Users\msi\Downloads\Food Delivery Website - Copy\Food Delivery Website - Copy\temp
08-May-2025 15:58:42.941 INFO [main] org.apache.catalina.startup.VersionLoggerListener.log Command line argument: -Djava.util.logging.config.file=C:\Users\msi\Downloads\Food Delivery Website - Copy\Food Delivery Website - Copy\conf\logging.properties
08-May-2025 15:58:42.941 INFO [main] org.apache.catalina.startup.VersionLoggerListener.log Command line argument: -Djava.util.logging.manager=org.apache.juli.ClassLoaderLogManager
08-May-2025 15:58:42.941 INFO [main] org.apache.catalina.startup.VersionLoggerListener.log Command line argument: -javaagent:C:\Users\msi\AppData\Local\JetBrains\IntelliJ IDEA 2024.3.5\lib\idea_rt.jar=54612
08-May-2025 15:58:42.941 INFO [main] org.apache.catalina.startup.VersionLoggerListener.log Command line argument: -Dfile.encoding=UTF-8
08-May-2025 15:58:42.942 INFO [main] org.apache.catalina.startup.VersionLoggerListener.log Command line argument: -Dsun.stdout.encoding=UTF-8
08-May-2025 15:58:42.942 INFO [main] org.apache.catalina.startup.VersionLoggerListener.log Command line argument: -Dsun.stderr.encoding=UTF-8
08-May-2025 15:58:42.946 INFO [main] org.apache.catalina.core.AprLifecycleListener.lifecycleEvent The Apache Tomcat Native library which allows using OpenSSL was not found on the java.library.path: [C:\Users\msi\.jdks\openjdk-24\bin;C:\WINDOWS\Sun\Java\bin;C:\WINDOWS\system32;C:\WINDOWS;C:\Program Files\Common Files\Oracle\Java\javapath;C:\WINDOWS\system32;C:\WINDOWS;C:\WINDOWS\System32\Wbem;C:\WINDOWS\System32\WindowsPowerShell\v1.0\;C:\WINDOWS\System32\OpenSSH\;C:\Program Files\NVIDIA Corporation\NVIDIA NvDLISR;C:\Program Files\Git\cmd;C:\Users\msi\AppData\Local\Microsoft\WindowsApps;C:\Users\msi\AppData\Local\Programs\Microsoft VS Code\bin;;.]
08-May-2025 15:58:43.403 INFO [main] org.apache.coyote.AbstractProtocol.init Initializing ProtocolHandler ["http-nio-8080"]
08-May-2025 15:58:43.412 SEVERE [main] org.apache.catalina.util.LifecycleBase.handleSubClassException Failed to initialize component [Connector["http-nio-8080"]]
	org.apache.catalina.LifecycleException: Protocol handler initialization failed
		at org.apache.catalina.connector.Connector.initInternal(Connector.java:1056)
		at org.apache.catalina.util.LifecycleBase.init(LifecycleBase.java:122)
		at org.apache.catalina.core.StandardService.initInternal(StandardService.java:525)
		at org.apache.catalina.util.LifecycleBase.init(LifecycleBase.java:122)
		at org.apache.catalina.core.StandardServer.initInternal(StandardServer.java:953)
		at org.apache.catalina.util.LifecycleBase.init(LifecycleBase.java:122)
		at org.apache.catalina.startup.Catalina.load(Catalina.java:710)
		at org.apache.catalina.startup.Catalina.load(Catalina.java:733)
		at java.base/jdk.internal.reflect.DirectMethodHandleAccessor.invoke(DirectMethodHandleAccessor.java:104)
		at java.base/java.lang.reflect.Method.invoke(Method.java:565)
		at org.apache.catalina.startup.Bootstrap.load(Bootstrap.java:299)
		at org.apache.catalina.startup.Bootstrap.main(Bootstrap.java:469)
	Caused by: java.net.BindException: Address already in use: bind
		at java.base/sun.nio.ch.Net.bind0(Native Method)
		at java.base/sun.nio.ch.Net.bind(Net.java:511)
		at java.base/sun.nio.ch.ServerSocketChannelImpl.netBind(ServerSocketChannelImpl.java:335)
		at java.base/sun.nio.ch.ServerSocketChannelImpl.bind(ServerSocketChannelImpl.java:297)
		at org.apache.tomcat.util.net.NioEndpoint.initServerSocket(NioEndpoint.java:240)
		at org.apache.tomcat.util.net.NioEndpoint.bind(NioEndpoint.java:195)
		at org.apache.tomcat.util.net.AbstractEndpoint.bindWithCleanup(AbstractEndpoint.java:1472)
		at org.apache.tomcat.util.net.AbstractEndpoint.init(AbstractEndpoint.java:1485)
		at org.apache.coyote.AbstractProtocol.init(AbstractProtocol.java:633)
		at org.apache.coyote.http11.AbstractHttp11Protocol.init(AbstractHttp11Protocol.java:83)
		at org.apache.catalina.connector.Connector.initInternal(Connector.java:1054)
		... 11 more
08-May-2025 15:58:43.414 INFO [main] org.apache.catalina.startup.Catalina.load Server initialization in [807] milliseconds
08-May-2025 15:58:43.489 INFO [main] org.apache.catalina.core.StandardService.startInternal Starting service [Catalina]
08-May-2025 15:58:43.489 INFO [main] org.apache.catalina.core.StandardEngine.startInternal Starting Servlet engine: [Apache Tomcat/11.0.5]
08-May-2025 15:58:43.502 INFO [main] org.apache.catalina.startup.HostConfig.deployDescriptor Deploying deployment descriptor [C:\Users\msi\Downloads\Food Delivery Website - Copy\Food Delivery Website - Copy\conf\Catalina\localhost\ROOT.xml]
08-May-2025 15:58:44.116 INFO [main] org.apache.catalina.startup.HostConfig.deployDescriptor Deployment of deployment descriptor [C:\Users\msi\Downloads\Food Delivery Website - Copy\Food Delivery Website - Copy\conf\Catalina\localhost\ROOT.xml] has finished in [611] ms
08-May-2025 15:58:44.137 INFO [main] org.apache.catalina.startup.Catalina.start Server startup in [720] milliseconds
08-May-2025 15:58:44.146 SEVERE [main] org.apache.catalina.core.StandardServer.await Failed to create server shutdown socket on address [localhost] and port [8005] (base port [8005] and offset [0])
	java.net.BindException: Address already in use: bind
		at java.base/sun.nio.ch.Net.bind0(Native Method)
		at java.base/sun.nio.ch.Net.bind(Net.java:511)
		at java.base/sun.nio.ch.Net.bind(Net.java:500)
		at java.base/sun.nio.ch.NioSocketImpl.bind(NioSocketImpl.java:630)
		at java.base/java.net.ServerSocket.bind(ServerSocket.java:326)
		at java.base/java.net.ServerSocket.<init>(ServerSocket.java:222)
		at org.apache.catalina.core.StandardServer.await(StandardServer.java:532)
		at org.apache.catalina.startup.Catalina.await(Catalina.java:849)
		at org.apache.catalina.startup.Catalina.start(Catalina.java:797)
		at java.base/jdk.internal.reflect.DirectMethodHandleAccessor.invoke(DirectMethodHandleAccessor.java:104)
		at java.base/java.lang.reflect.Method.invoke(Method.java:565)
		at org.apache.catalina.startup.Bootstrap.start(Bootstrap.java:342)
		at org.apache.catalina.startup.Bootstrap.main(Bootstrap.java:470)
08-May-2025 15:58:44.147 INFO [main] org.apache.coyote.AbstractProtocol.pause Pausing ProtocolHandler ["http-nio-8080"]
08-May-2025 15:58:44.147 INFO [main] org.apache.catalina.core.StandardService.stopInternal Stopping service [Catalina]
08-May-2025 15:58:44.160 INFO [main] org.apache.coyote.AbstractProtocol.stop Stopping ProtocolHandler ["http-nio-8080"]
08-May-2025 15:58:44.161 INFO [main] org.apache.coyote.AbstractProtocol.destroy Destroying ProtocolHandler ["http-nio-8080"]
08-May-2025 15:58:51.139 INFO [Catalina-utility-1] org.apache.catalina.startup.HostConfig.undeploy Undeploying context []
08-May-2025 15:58:51.159 INFO [Catalina-utility-1] org.apache.catalina.startup.HostConfig.deployDescriptor Deploying deployment descriptor [C:\Users\msi\Downloads\Food Delivery Website - Copy\Food Delivery Website - Copy\conf\Catalina\localhost\ROOT.xml]
08-May-2025 15:58:51.346 INFO [Catalina-utility-1] org.apache.catalina.startup.HostConfig.deployDescriptor Deployment of deployment descriptor [C:\Users\msi\Downloads\Food Delivery Website - Copy\Food Delivery Website - Copy\conf\Catalina\localhost\ROOT.xml] has finished in [187] ms
08-May-2025 16:12:36.826 INFO [Thread-1] org.apache.coyote.AbstractProtocol.pause Pausing ProtocolHandler ["http-nio-8080"]
08-May-2025 16:12:36.855 INFO [Thread-1] org.apache.catalina.core.StandardService.stopInternal Stopping service [Catalina]
08-May-2025 16:12:36.860 INFO [Thread-1] org.apache.coyote.AbstractProtocol.stop Stopping ProtocolHandler ["http-nio-8080"]
08-May-2025 16:12:36.884 INFO [Thread-1] org.apache.coyote.AbstractProtocol.destroy Destroying ProtocolHandler ["http-nio-8080"]
