07-May-2025 00:44:01.116 SEVERE [http-nio-8080-exec-86] org.apache.catalina.core.StandardWrapperValve.invoke Servlet.service() for servlet [jsp] in context with path [] threw exception [Unable to compile class for JSP: 

An error occurred at line: [16] in the generated java file: [C:\Users\msi\Downloads\Food Delivery Website - Copy\Food Delivery Website - Copy\work\Catalina\localhost\ROOT\org\apache\jsp\cart_jsp.java]
Only a type can be imported. com.example.CartItem resolves to a package

Stacktrace:] with root cause
	org.apache.jasper.JasperException: Unable to compile class for JSP: 

An error occurred at line: [16] in the generated java file: [C:\Users\msi\Downloads\Food Delivery Website - Copy\Food Delivery Website - Copy\work\Catalina\localhost\ROOT\org\apache\jsp\cart_jsp.java]
Only a type can be imported. com.example.CartItem resolves to a package

Stacktrace:
		at org.apache.jasper.compiler.DefaultErrorHandler.javacError(DefaultErrorHandler.java:72)
		at org.apache.jasper.compiler.ErrorDispatcher.javacError(ErrorDispatcher.java:192)
		at org.apache.jasper.compiler.JDTCompiler.generateClass(JDTCompiler.java:506)
		at org.apache.jasper.compiler.Compiler.compile(Compiler.java:373)
		at org.apache.jasper.compiler.Compiler.compile(Compiler.java:345)
		at org.apache.jasper.compiler.Compiler.compile(Compiler.java:331)
		at org.apache.jasper.JspCompilationContext.compile(JspCompilationContext.java:602)
		at org.apache.jasper.servlet.JspServletWrapper.service(JspServletWrapper.java:396)
		at org.apache.jasper.servlet.JspServlet.serviceJspFile(JspServlet.java:354)
		at org.apache.jasper.servlet.JspServlet.service(JspServlet.java:302)
		at jakarta.servlet.http.HttpServlet.service(HttpServlet.java:716)
		at org.apache.catalina.core.ApplicationFilterChain.doFilter(ApplicationFilterChain.java:130)
		at org.apache.tomcat.websocket.server.WsFilter.doFilter(WsFilter.java:51)
		at org.apache.catalina.core.ApplicationFilterChain.doFilter(ApplicationFilterChain.java:109)
		at org.apache.catalina.core.StandardWrapperValve.invoke(StandardWrapperValve.java:167)
		at org.apache.catalina.core.StandardContextValve.invoke(StandardContextValve.java:79)
		at org.apache.catalina.authenticator.AuthenticatorBase.invoke(AuthenticatorBase.java:483)
		at org.apache.catalina.core.StandardHostValve.invoke(StandardHostValve.java:115)
		at org.apache.catalina.valves.ErrorReportValve.invoke(ErrorReportValve.java:93)
		at org.apache.catalina.valves.AbstractAccessLogValve.invoke(AbstractAccessLogValve.java:670)
		at org.apache.catalina.core.StandardEngineValve.invoke(StandardEngineValve.java:74)
		at org.apache.catalina.connector.CoyoteAdapter.service(CoyoteAdapter.java:342)
		at org.apache.coyote.http11.Http11Processor.service(Http11Processor.java:395)
		at org.apache.coyote.AbstractProcessorLight.process(AbstractProcessorLight.java:63)
		at org.apache.coyote.AbstractProtocol$ConnectionHandler.process(AbstractProtocol.java:905)
		at org.apache.tomcat.util.net.NioEndpoint$SocketProcessor.doRun(NioEndpoint.java:1748)
		at org.apache.tomcat.util.net.SocketProcessorBase.run(SocketProcessorBase.java:52)
		at org.apache.tomcat.util.threads.ThreadPoolExecutor.runWorker(ThreadPoolExecutor.java:1148)
		at org.apache.tomcat.util.threads.ThreadPoolExecutor$Worker.run(ThreadPoolExecutor.java:636)
		at org.apache.tomcat.util.threads.TaskThread$WrappingRunnable.run(TaskThread.java:63)
		at java.base/java.lang.Thread.run(Thread.java:1447)
07-May-2025 17:05:00.648 SEVERE [http-nio-8080-exec-13] org.apache.catalina.core.StandardWrapperValve.invoke Servlet.service() for servlet [jsp] in context with path [] threw exception [Unable to compile class for JSP: 

An error occurred at line: [78] in the jsp file: [/Menu/MenuPage.jsp]
The constructor MenuQuickSort.FoodItem(String, int, String, String) is undefined
75: 
76:       // Original items with store assignments
77:       List<MenuQuickSort.FoodItem> foodItems = new ArrayList<>();
78:       foodItems.add(new MenuQuickSort.FoodItem("Cheese Pizza", 1200, "https://images.unsplash.com/photo-1565299624946-b28f40a0ae38", "Colombo Pizza Hub"));
79:       foodItems.add(new MenuQuickSort.FoodItem("Veg Burger", 950, "https://images.unsplash.com/photo-1568901346375-23c9450c58cd", "Burgers & More"));
80:       foodItems.add(new MenuQuickSort.FoodItem("Chicken Biryani", 1450, "https://images.unsplash.com/photo-1631515243349-e0cb75fb8d3a", "Spice Garden"));
81:       foodItems.add(new MenuQuickSort.FoodItem("Pasta Alfredo", 1300, "https://images.unsplash.com/photo-1555949258-eb67b1ef0ceb", "Pasta Palace"));


An error occurred at line: [79] in the jsp file: [/Menu/MenuPage.jsp]
The constructor MenuQuickSort.FoodItem(String, int, String, String) is undefined
76:       // Original items with store assignments
77:       List<MenuQuickSort.FoodItem> foodItems = new ArrayList<>();
78:       foodItems.add(new MenuQuickSort.FoodItem("Cheese Pizza", 1200, "https://images.unsplash.com/photo-1565299624946-b28f40a0ae38", "Colombo Pizza Hub"));
79:       foodItems.add(new MenuQuickSort.FoodItem("Veg Burger", 950, "https://images.unsplash.com/photo-1568901346375-23c9450c58cd", "Burgers & More"));
80:       foodItems.add(new MenuQuickSort.FoodItem("Chicken Biryani", 1450, "https://images.unsplash.com/photo-1631515243349-e0cb75fb8d3a", "Spice Garden"));
81:       foodItems.add(new MenuQuickSort.FoodItem("Pasta Alfredo", 1300, "https://images.unsplash.com/photo-1555949258-eb67b1ef0ceb", "Pasta Palace"));
82:       foodItems.add(new MenuQuickSort.FoodItem("Chocolate Cake", 800, "https://images.unsplash.com/photo-1563729784474-d77dbb933a9e", "Sweet Delights"));


An error occurred at line: [80] in the jsp file: [/Menu/MenuPage.jsp]
The constructor MenuQuickSort.FoodItem(String, int, String, String) is undefined
77:       List<MenuQuickSort.FoodItem> foodItems = new ArrayList<>();
78:       foodItems.add(new MenuQuickSort.FoodItem("Cheese Pizza", 1200, "https://images.unsplash.com/photo-1565299624946-b28f40a0ae38", "Colombo Pizza Hub"));
79:       foodItems.add(new MenuQuickSort.FoodItem("Veg Burger", 950, "https://images.unsplash.com/photo-1568901346375-23c9450c58cd", "Burgers & More"));
80:       foodItems.add(new MenuQuickSort.FoodItem("Chicken Biryani", 1450, "https://images.unsplash.com/photo-1631515243349-e0cb75fb8d3a", "Spice Garden"));
81:       foodItems.add(new MenuQuickSort.FoodItem("Pasta Alfredo", 1300, "https://images.unsplash.com/photo-1555949258-eb67b1ef0ceb", "Pasta Palace"));
82:       foodItems.add(new MenuQuickSort.FoodItem("Chocolate Cake", 800, "https://images.unsplash.com/photo-1563729784474-d77dbb933a9e", "Sweet Delights"));
83: 


An error occurred at line: [81] in the jsp file: [/Menu/MenuPage.jsp]
The constructor MenuQuickSort.FoodItem(String, int, String, String) is undefined
78:       foodItems.add(new MenuQuickSort.FoodItem("Cheese Pizza", 1200, "https://images.unsplash.com/photo-1565299624946-b28f40a0ae38", "Colombo Pizza Hub"));
79:       foodItems.add(new MenuQuickSort.FoodItem("Veg Burger", 950, "https://images.unsplash.com/photo-1568901346375-23c9450c58cd", "Burgers & More"));
80:       foodItems.add(new MenuQuickSort.FoodItem("Chicken Biryani", 1450, "https://images.unsplash.com/photo-1631515243349-e0cb75fb8d3a", "Spice Garden"));
81:       foodItems.add(new MenuQuickSort.FoodItem("Pasta Alfredo", 1300, "https://images.unsplash.com/photo-1555949258-eb67b1ef0ceb", "Pasta Palace"));
82:       foodItems.add(new MenuQuickSort.FoodItem("Chocolate Cake", 800, "https://images.unsplash.com/photo-1563729784474-d77dbb933a9e", "Sweet Delights"));
83: 
84:       // Sri Lankan Food Items with store assignments


An error occurred at line: [82] in the jsp file: [/Menu/MenuPage.jsp]
The constructor MenuQuickSort.FoodItem(String, int, String, String) is undefined
79:       foodItems.add(new MenuQuickSort.FoodItem("Veg Burger", 950, "https://images.unsplash.com/photo-1568901346375-23c9450c58cd", "Burgers & More"));
80:       foodItems.add(new MenuQuickSort.FoodItem("Chicken Biryani", 1450, "https://images.unsplash.com/photo-1631515243349-e0cb75fb8d3a", "Spice Garden"));
81:       foodItems.add(new MenuQuickSort.FoodItem("Pasta Alfredo", 1300, "https://images.unsplash.com/photo-1555949258-eb67b1ef0ceb", "Pasta Palace"));
82:       foodItems.add(new MenuQuickSort.FoodItem("Chocolate Cake", 800, "https://images.unsplash.com/photo-1563729784474-d77dbb933a9e", "Sweet Delights"));
83: 
84:       // Sri Lankan Food Items with store assignments
85:       foodItems.add(new MenuQuickSort.FoodItem("Rice and Curry", 850, "https://cdn.pixabay.com/photo/2021/06/10/02/28/rice-6324796_1280.jpg", "Traditional Lankan Cuisine"));


An error occurred at line: [85] in the jsp file: [/Menu/MenuPage.jsp]
The constructor MenuQuickSort.FoodItem(String, int, String, String) is undefined
82:       foodItems.add(new MenuQuickSort.FoodItem("Chocolate Cake", 800, "https://images.unsplash.com/photo-1563729784474-d77dbb933a9e", "Sweet Delights"));
83: 
84:       // Sri Lankan Food Items with store assignments
85:       foodItems.add(new MenuQuickSort.FoodItem("Rice and Curry", 850, "https://cdn.pixabay.com/photo/2021/06/10/02/28/rice-6324796_1280.jpg", "Traditional Lankan Cuisine"));
86:       foodItems.add(new MenuQuickSort.FoodItem("Hoppers (Appa)", 600, "https://encrypted-tbn0.gstatic.com/images?q=tbn:ANd9GcRNV8ccWVhcpnBDzeVHDbhOy_qJNmAl6Nr7gAZl7ocniI8IkFhxaPLTUag&s", "Hoppers Heaven"));
87:       foodItems.add(new MenuQuickSort.FoodItem("String Hoppers", 700, "https://cdn.pixabay.com/photo/2021/06/02/01/35/indiappa-6303118_1280.jpg", "Hoppers Heaven"));
88:       foodItems.add(new MenuQuickSort.FoodItem("Kottu Roti", 1100, "https://st2.depositphotos.com/4404621/11594/i/950/depositphotos_115943092-stock-photo-sri-lankan-kottu-roti.jpg", "Traditional Lankan Cuisine"));


An error occurred at line: [86] in the jsp file: [/Menu/MenuPage.jsp]
The constructor MenuQuickSort.FoodItem(String, int, String, String) is undefined
83: 
84:       // Sri Lankan Food Items with store assignments
85:       foodItems.add(new MenuQuickSort.FoodItem("Rice and Curry", 850, "https://cdn.pixabay.com/photo/2021/06/10/02/28/rice-6324796_1280.jpg", "Traditional Lankan Cuisine"));
86:       foodItems.add(new MenuQuickSort.FoodItem("Hoppers (Appa)", 600, "https://encrypted-tbn0.gstatic.com/images?q=tbn:ANd9GcRNV8ccWVhcpnBDzeVHDbhOy_qJNmAl6Nr7gAZl7ocniI8IkFhxaPLTUag&s", "Hoppers Heaven"));
87:       foodItems.add(new MenuQuickSort.FoodItem("String Hoppers", 700, "https://cdn.pixabay.com/photo/2021/06/02/01/35/indiappa-6303118_1280.jpg", "Hoppers Heaven"));
88:       foodItems.add(new MenuQuickSort.FoodItem("Kottu Roti", 1100, "https://st2.depositphotos.com/4404621/11594/i/950/depositphotos_115943092-stock-photo-sri-lankan-kottu-roti.jpg", "Traditional Lankan Cuisine"));
89:       foodItems.add(new MenuQuickSort.FoodItem("Lamprais", 1500, "https://encrypted-tbn0.gstatic.com/images?q=tbn:ANd9GcQfwe9lrR3_zHGti7QzY46fvwSjFS0OeS0a6w&s", "Traditional Lankan Cuisine"));


An error occurred at line: [87] in the jsp file: [/Menu/MenuPage.jsp]
The constructor MenuQuickSort.FoodItem(String, int, String, String) is undefined
84:       // Sri Lankan Food Items with store assignments
85:       foodItems.add(new MenuQuickSort.FoodItem("Rice and Curry", 850, "https://cdn.pixabay.com/photo/2021/06/10/02/28/rice-6324796_1280.jpg", "Traditional Lankan Cuisine"));
86:       foodItems.add(new MenuQuickSort.FoodItem("Hoppers (Appa)", 600, "https://encrypted-tbn0.gstatic.com/images?q=tbn:ANd9GcRNV8ccWVhcpnBDzeVHDbhOy_qJNmAl6Nr7gAZl7ocniI8IkFhxaPLTUag&s", "Hoppers Heaven"));
87:       foodItems.add(new MenuQuickSort.FoodItem("String Hoppers", 700, "https://cdn.pixabay.com/photo/2021/06/02/01/35/indiappa-6303118_1280.jpg", "Hoppers Heaven"));
88:       foodItems.add(new MenuQuickSort.FoodItem("Kottu Roti", 1100, "https://st2.depositphotos.com/4404621/11594/i/950/depositphotos_115943092-stock-photo-sri-lankan-kottu-roti.jpg", "Traditional Lankan Cuisine"));
89:       foodItems.add(new MenuQuickSort.FoodItem("Lamprais", 1500, "https://encrypted-tbn0.gstatic.com/images?q=tbn:ANd9GcQfwe9lrR3_zHGti7QzY46fvwSjFS0OeS0a6w&s", "Traditional Lankan Cuisine"));
90:       foodItems.add(new MenuQuickSort.FoodItem("Parippu (Dhal Curry)", 450, "https://t4.ftcdn.net/jpg/12/98/17/27/360_F_1298172777_F9cDWv2ZfqMXBQRetvU31PaucagMh8Od.jpg", "Traditional Lankan Cuisine"));


An error occurred at line: [88] in the jsp file: [/Menu/MenuPage.jsp]
The constructor MenuQuickSort.FoodItem(String, int, String, String) is undefined
85:       foodItems.add(new MenuQuickSort.FoodItem("Rice and Curry", 850, "https://cdn.pixabay.com/photo/2021/06/10/02/28/rice-6324796_1280.jpg", "Traditional Lankan Cuisine"));
86:       foodItems.add(new MenuQuickSort.FoodItem("Hoppers (Appa)", 600, "https://encrypted-tbn0.gstatic.com/images?q=tbn:ANd9GcRNV8ccWVhcpnBDzeVHDbhOy_qJNmAl6Nr7gAZl7ocniI8IkFhxaPLTUag&s", "Hoppers Heaven"));
87:       foodItems.add(new MenuQuickSort.FoodItem("String Hoppers", 700, "https://cdn.pixabay.com/photo/2021/06/02/01/35/indiappa-6303118_1280.jpg", "Hoppers Heaven"));
88:       foodItems.add(new MenuQuickSort.FoodItem("Kottu Roti", 1100, "https://st2.depositphotos.com/4404621/11594/i/950/depositphotos_115943092-stock-photo-sri-lankan-kottu-roti.jpg", "Traditional Lankan Cuisine"));
89:       foodItems.add(new MenuQuickSort.FoodItem("Lamprais", 1500, "https://encrypted-tbn0.gstatic.com/images?q=tbn:ANd9GcQfwe9lrR3_zHGti7QzY46fvwSjFS0OeS0a6w&s", "Traditional Lankan Cuisine"));
90:       foodItems.add(new MenuQuickSort.FoodItem("Parippu (Dhal Curry)", 450, "https://t4.ftcdn.net/jpg/12/98/17/27/360_F_1298172777_F9cDWv2ZfqMXBQRetvU31PaucagMh8Od.jpg", "Traditional Lankan Cuisine"));
91:       foodItems.add(new MenuQuickSort.FoodItem("Pol Sambol", 300, "https://www.shutterstock.com/image-photo/coconut-sambal-srilankan-indian-spicy-260nw-1385467199.jpg", "Traditional Lankan Cuisine"));


An error occurred at line: [89] in the jsp file: [/Menu/MenuPage.jsp]
The constructor MenuQuickSort.FoodItem(String, int, String, String) is undefined
86:       foodItems.add(new MenuQuickSort.FoodItem("Hoppers (Appa)", 600, "https://encrypted-tbn0.gstatic.com/images?q=tbn:ANd9GcRNV8ccWVhcpnBDzeVHDbhOy_qJNmAl6Nr7gAZl7ocniI8IkFhxaPLTUag&s", "Hoppers Heaven"));
87:       foodItems.add(new MenuQuickSort.FoodItem("String Hoppers", 700, "https://cdn.pixabay.com/photo/2021/06/02/01/35/indiappa-6303118_1280.jpg", "Hoppers Heaven"));
88:       foodItems.add(new MenuQuickSort.FoodItem("Kottu Roti", 1100, "https://st2.depositphotos.com/4404621/11594/i/950/depositphotos_115943092-stock-photo-sri-lankan-kottu-roti.jpg", "Traditional Lankan Cuisine"));
89:       foodItems.add(new MenuQuickSort.FoodItem("Lamprais", 1500, "https://encrypted-tbn0.gstatic.com/images?q=tbn:ANd9GcQfwe9lrR3_zHGti7QzY46fvwSjFS0OeS0a6w&s", "Traditional Lankan Cuisine"));
90:       foodItems.add(new MenuQuickSort.FoodItem("Parippu (Dhal Curry)", 450, "https://t4.ftcdn.net/jpg/12/98/17/27/360_F_1298172777_F9cDWv2ZfqMXBQRetvU31PaucagMh8Od.jpg", "Traditional Lankan Cuisine"));
91:       foodItems.add(new MenuQuickSort.FoodItem("Pol Sambol", 300, "https://www.shutterstock.com/image-photo/coconut-sambal-srilankan-indian-spicy-260nw-1385467199.jpg", "Traditional Lankan Cuisine"));
92:       foodItems.add(new MenuQuickSort.FoodItem("Fish Ambul Thiyal", 1250, "https://encrypted-tbn0.gstatic.com/images?q=tbn:ANd9GcTiZYFp7NMiwEnzFA9mW-nBfpkhMA2I0FIO7A&s", "Seafood Paradise"));


An error occurred at line: [90] in the jsp file: [/Menu/MenuPage.jsp]
The constructor MenuQuickSort.FoodItem(String, int, String, String) is undefined
87:       foodItems.add(new MenuQuickSort.FoodItem("String Hoppers", 700, "https://cdn.pixabay.com/photo/2021/06/02/01/35/indiappa-6303118_1280.jpg", "Hoppers Heaven"));
88:       foodItems.add(new MenuQuickSort.FoodItem("Kottu Roti", 1100, "https://st2.depositphotos.com/4404621/11594/i/950/depositphotos_115943092-stock-photo-sri-lankan-kottu-roti.jpg", "Traditional Lankan Cuisine"));
89:       foodItems.add(new MenuQuickSort.FoodItem("Lamprais", 1500, "https://encrypted-tbn0.gstatic.com/images?q=tbn:ANd9GcQfwe9lrR3_zHGti7QzY46fvwSjFS0OeS0a6w&s", "Traditional Lankan Cuisine"));
90:       foodItems.add(new MenuQuickSort.FoodItem("Parippu (Dhal Curry)", 450, "https://t4.ftcdn.net/jpg/12/98/17/27/360_F_1298172777_F9cDWv2ZfqMXBQRetvU31PaucagMh8Od.jpg", "Traditional Lankan Cuisine"));
91:       foodItems.add(new MenuQuickSort.FoodItem("Pol Sambol", 300, "https://www.shutterstock.com/image-photo/coconut-sambal-srilankan-indian-spicy-260nw-1385467199.jpg", "Traditional Lankan Cuisine"));
92:       foodItems.add(new MenuQuickSort.FoodItem("Fish Ambul Thiyal", 1250, "https://encrypted-tbn0.gstatic.com/images?q=tbn:ANd9GcTiZYFp7NMiwEnzFA9mW-nBfpkhMA2I0FIO7A&s", "Seafood Paradise"));
93:       foodItems.add(new MenuQuickSort.FoodItem("Watalappan", 650, "https://i.pinimg.com/736x/44/a0/fd/44a0fd85600261e66ba1f1554f58a294.jpg", "Sweet Delights"));


An error occurred at line: [91] in the jsp file: [/Menu/MenuPage.jsp]
The constructor MenuQuickSort.FoodItem(String, int, String, String) is undefined
88:       foodItems.add(new MenuQuickSort.FoodItem("Kottu Roti", 1100, "https://st2.depositphotos.com/4404621/11594/i/950/depositphotos_115943092-stock-photo-sri-lankan-kottu-roti.jpg", "Traditional Lankan Cuisine"));
89:       foodItems.add(new MenuQuickSort.FoodItem("Lamprais", 1500, "https://encrypted-tbn0.gstatic.com/images?q=tbn:ANd9GcQfwe9lrR3_zHGti7QzY46fvwSjFS0OeS0a6w&s", "Traditional Lankan Cuisine"));
90:       foodItems.add(new MenuQuickSort.FoodItem("Parippu (Dhal Curry)", 450, "https://t4.ftcdn.net/jpg/12/98/17/27/360_F_1298172777_F9cDWv2ZfqMXBQRetvU31PaucagMh8Od.jpg", "Traditional Lankan Cuisine"));
91:       foodItems.add(new MenuQuickSort.FoodItem("Pol Sambol", 300, "https://www.shutterstock.com/image-photo/coconut-sambal-srilankan-indian-spicy-260nw-1385467199.jpg", "Traditional Lankan Cuisine"));
92:       foodItems.add(new MenuQuickSort.FoodItem("Fish Ambul Thiyal", 1250, "https://encrypted-tbn0.gstatic.com/images?q=tbn:ANd9GcTiZYFp7NMiwEnzFA9mW-nBfpkhMA2I0FIO7A&s", "Seafood Paradise"));
93:       foodItems.add(new MenuQuickSort.FoodItem("Watalappan", 650, "https://i.pinimg.com/736x/44/a0/fd/44a0fd85600261e66ba1f1554f58a294.jpg", "Sweet Delights"));
94:       foodItems.add(new MenuQuickSort.FoodItem("Kiribath", 500, "https://encrypted-tbn0.gstatic.com/images?q=tbn:ANd9GcQiBofg6zdJFEVeo9WK0HkUR47S3Kv5ovjV-A&s", "Traditional Lankan Cuisine"));


An error occurred at line: [92] in the jsp file: [/Menu/MenuPage.jsp]
The constructor MenuQuickSort.FoodItem(String, int, String, String) is undefined
89:       foodItems.add(new MenuQuickSort.FoodItem("Lamprais", 1500, "https://encrypted-tbn0.gstatic.com/images?q=tbn:ANd9GcQfwe9lrR3_zHGti7QzY46fvwSjFS0OeS0a6w&s", "Traditional Lankan Cuisine"));
90:       foodItems.add(new MenuQuickSort.FoodItem("Parippu (Dhal Curry)", 450, "https://t4.ftcdn.net/jpg/12/98/17/27/360_F_1298172777_F9cDWv2ZfqMXBQRetvU31PaucagMh8Od.jpg", "Traditional Lankan Cuisine"));
91:       foodItems.add(new MenuQuickSort.FoodItem("Pol Sambol", 300, "https://www.shutterstock.com/image-photo/coconut-sambal-srilankan-indian-spicy-260nw-1385467199.jpg", "Traditional Lankan Cuisine"));
92:       foodItems.add(new MenuQuickSort.FoodItem("Fish Ambul Thiyal", 1250, "https://encrypted-tbn0.gstatic.com/images?q=tbn:ANd9GcTiZYFp7NMiwEnzFA9mW-nBfpkhMA2I0FIO7A&s", "Seafood Paradise"));
93:       foodItems.add(new MenuQuickSort.FoodItem("Watalappan", 650, "https://i.pinimg.com/736x/44/a0/fd/44a0fd85600261e66ba1f1554f58a294.jpg", "Sweet Delights"));
94:       foodItems.add(new MenuQuickSort.FoodItem("Kiribath", 500, "https://encrypted-tbn0.gstatic.com/images?q=tbn:ANd9GcQiBofg6zdJFEVeo9WK0HkUR47S3Kv5ovjV-A&s", "Traditional Lankan Cuisine"));
95:       foodItems.add(new MenuQuickSort.FoodItem("Gotu Kola Sambol", 400, "https://encrypted-tbn0.gstatic.com/images?q=tbn:ANd9GcTwFTJjs66zXsNvpqjVcGX8ylLHLTYYvQQoOg&s", "Traditional Lankan Cuisine"));


An error occurred at line: [93] in the jsp file: [/Menu/MenuPage.jsp]
The constructor MenuQuickSort.FoodItem(String, int, String, String) is undefined
90:       foodItems.add(new MenuQuickSort.FoodItem("Parippu (Dhal Curry)", 450, "https://t4.ftcdn.net/jpg/12/98/17/27/360_F_1298172777_F9cDWv2ZfqMXBQRetvU31PaucagMh8Od.jpg", "Traditional Lankan Cuisine"));
91:       foodItems.add(new MenuQuickSort.FoodItem("Pol Sambol", 300, "https://www.shutterstock.com/image-photo/coconut-sambal-srilankan-indian-spicy-260nw-1385467199.jpg", "Traditional Lankan Cuisine"));
92:       foodItems.add(new MenuQuickSort.FoodItem("Fish Ambul Thiyal", 1250, "https://encrypted-tbn0.gstatic.com/images?q=tbn:ANd9GcTiZYFp7NMiwEnzFA9mW-nBfpkhMA2I0FIO7A&s", "Seafood Paradise"));
93:       foodItems.add(new MenuQuickSort.FoodItem("Watalappan", 650, "https://i.pinimg.com/736x/44/a0/fd/44a0fd85600261e66ba1f1554f58a294.jpg", "Sweet Delights"));
94:       foodItems.add(new MenuQuickSort.FoodItem("Kiribath", 500, "https://encrypted-tbn0.gstatic.com/images?q=tbn:ANd9GcQiBofg6zdJFEVeo9WK0HkUR47S3Kv5ovjV-A&s", "Traditional Lankan Cuisine"));
95:       foodItems.add(new MenuQuickSort.FoodItem("Gotu Kola Sambol", 400, "https://encrypted-tbn0.gstatic.com/images?q=tbn:ANd9GcTwFTJjs66zXsNvpqjVcGX8ylLHLTYYvQQoOg&s", "Traditional Lankan Cuisine"));
96:       foodItems.add(new MenuQuickSort.FoodItem("Jaffna Crab Curry", 1800, "https://encrypted-tbn0.gstatic.com/images?q=tbn:ANd9GcQWO3JXRWbueGSlvXkleqQy1EWLVJx-Pbf6RQ&s", "Seafood Paradise"));


An error occurred at line: [94] in the jsp file: [/Menu/MenuPage.jsp]
The constructor MenuQuickSort.FoodItem(String, int, String, String) is undefined
91:       foodItems.add(new MenuQuickSort.FoodItem("Pol Sambol", 300, "https://www.shutterstock.com/image-photo/coconut-sambal-srilankan-indian-spicy-260nw-1385467199.jpg", "Traditional Lankan Cuisine"));
92:       foodItems.add(new MenuQuickSort.FoodItem("Fish Ambul Thiyal", 1250, "https://encrypted-tbn0.gstatic.com/images?q=tbn:ANd9GcTiZYFp7NMiwEnzFA9mW-nBfpkhMA2I0FIO7A&s", "Seafood Paradise"));
93:       foodItems.add(new MenuQuickSort.FoodItem("Watalappan", 650, "https://i.pinimg.com/736x/44/a0/fd/44a0fd85600261e66ba1f1554f58a294.jpg", "Sweet Delights"));
94:       foodItems.add(new MenuQuickSort.FoodItem("Kiribath", 500, "https://encrypted-tbn0.gstatic.com/images?q=tbn:ANd9GcQiBofg6zdJFEVeo9WK0HkUR47S3Kv5ovjV-A&s", "Traditional Lankan Cuisine"));
95:       foodItems.add(new MenuQuickSort.FoodItem("Gotu Kola Sambol", 400, "https://encrypted-tbn0.gstatic.com/images?q=tbn:ANd9GcTwFTJjs66zXsNvpqjVcGX8ylLHLTYYvQQoOg&s", "Traditional Lankan Cuisine"));
96:       foodItems.add(new MenuQuickSort.FoodItem("Jaffna Crab Curry", 1800, "https://encrypted-tbn0.gstatic.com/images?q=tbn:ANd9GcQWO3JXRWbueGSlvXkleqQy1EWLVJx-Pbf6RQ&s", "Seafood Paradise"));
97:       foodItems.add(new MenuQuickSort.FoodItem("Egg Roti", 550, "https://www.shutterstock.com/image-photo/omelette-chapati-roll-franky-indian-260nw-2228945967.jpg", "Hoppers Heaven"));


An error occurred at line: [95] in the jsp file: [/Menu/MenuPage.jsp]
The constructor MenuQuickSort.FoodItem(String, int, String, String) is undefined
92:       foodItems.add(new MenuQuickSort.FoodItem("Fish Ambul Thiyal", 1250, "https://encrypted-tbn0.gstatic.com/images?q=tbn:ANd9GcTiZYFp7NMiwEnzFA9mW-nBfpkhMA2I0FIO7A&s", "Seafood Paradise"));
93:       foodItems.add(new MenuQuickSort.FoodItem("Watalappan", 650, "https://i.pinimg.com/736x/44/a0/fd/44a0fd85600261e66ba1f1554f58a294.jpg", "Sweet Delights"));
94:       foodItems.add(new MenuQuickSort.FoodItem("Kiribath", 500, "https://encrypted-tbn0.gstatic.com/images?q=tbn:ANd9GcQiBofg6zdJFEVeo9WK0HkUR47S3Kv5ovjV-A&s", "Traditional Lankan Cuisine"));
95:       foodItems.add(new MenuQuickSort.FoodItem("Gotu Kola Sambol", 400, "https://encrypted-tbn0.gstatic.com/images?q=tbn:ANd9GcTwFTJjs66zXsNvpqjVcGX8ylLHLTYYvQQoOg&s", "Traditional Lankan Cuisine"));
96:       foodItems.add(new MenuQuickSort.FoodItem("Jaffna Crab Curry", 1800, "https://encrypted-tbn0.gstatic.com/images?q=tbn:ANd9GcQWO3JXRWbueGSlvXkleqQy1EWLVJx-Pbf6RQ&s", "Seafood Paradise"));
97:       foodItems.add(new MenuQuickSort.FoodItem("Egg Roti", 550, "https://www.shutterstock.com/image-photo/omelette-chapati-roll-franky-indian-260nw-2228945967.jpg", "Hoppers Heaven"));
98:       foodItems.add(new MenuQuickSort.FoodItem("Milk Rice", 450, "https://ttcsrilanka.com/wp-content/uploads/2020/08/kiribath-1.jpg-02.jpg", "Traditional Lankan Cuisine"));


An error occurred at line: [96] in the jsp file: [/Menu/MenuPage.jsp]
The constructor MenuQuickSort.FoodItem(String, int, String, String) is undefined
93:       foodItems.add(new MenuQuickSort.FoodItem("Watalappan", 650, "https://i.pinimg.com/736x/44/a0/fd/44a0fd85600261e66ba1f1554f58a294.jpg", "Sweet Delights"));
94:       foodItems.add(new MenuQuickSort.FoodItem("Kiribath", 500, "https://encrypted-tbn0.gstatic.com/images?q=tbn:ANd9GcQiBofg6zdJFEVeo9WK0HkUR47S3Kv5ovjV-A&s", "Traditional Lankan Cuisine"));
95:       foodItems.add(new MenuQuickSort.FoodItem("Gotu Kola Sambol", 400, "https://encrypted-tbn0.gstatic.com/images?q=tbn:ANd9GcTwFTJjs66zXsNvpqjVcGX8ylLHLTYYvQQoOg&s", "Traditional Lankan Cuisine"));
96:       foodItems.add(new MenuQuickSort.FoodItem("Jaffna Crab Curry", 1800, "https://encrypted-tbn0.gstatic.com/images?q=tbn:ANd9GcQWO3JXRWbueGSlvXkleqQy1EWLVJx-Pbf6RQ&s", "Seafood Paradise"));
97:       foodItems.add(new MenuQuickSort.FoodItem("Egg Roti", 550, "https://www.shutterstock.com/image-photo/omelette-chapati-roll-franky-indian-260nw-2228945967.jpg", "Hoppers Heaven"));
98:       foodItems.add(new MenuQuickSort.FoodItem("Milk Rice", 450, "https://ttcsrilanka.com/wp-content/uploads/2020/08/kiribath-1.jpg-02.jpg", "Traditional Lankan Cuisine"));
99:       foodItems.add(new MenuQuickSort.FoodItem("Pittu", 600, "https://t4.ftcdn.net/jpg/04/19/63/05/360_F_419630515_FN5OzSxaWfM03KN9jJrpfYcv7teOlr0r.jpg", "Traditional Lankan Cuisine"));


An error occurred at line: [97] in the jsp file: [/Menu/MenuPage.jsp]
The constructor MenuQuickSort.FoodItem(String, int, String, String) is undefined
94:       foodItems.add(new MenuQuickSort.FoodItem("Kiribath", 500, "https://encrypted-tbn0.gstatic.com/images?q=tbn:ANd9GcQiBofg6zdJFEVeo9WK0HkUR47S3Kv5ovjV-A&s", "Traditional Lankan Cuisine"));
95:       foodItems.add(new MenuQuickSort.FoodItem("Gotu Kola Sambol", 400, "https://encrypted-tbn0.gstatic.com/images?q=tbn:ANd9GcTwFTJjs66zXsNvpqjVcGX8ylLHLTYYvQQoOg&s", "Traditional Lankan Cuisine"));
96:       foodItems.add(new MenuQuickSort.FoodItem("Jaffna Crab Curry", 1800, "https://encrypted-tbn0.gstatic.com/images?q=tbn:ANd9GcQWO3JXRWbueGSlvXkleqQy1EWLVJx-Pbf6RQ&s", "Seafood Paradise"));
97:       foodItems.add(new MenuQuickSort.FoodItem("Egg Roti", 550, "https://www.shutterstock.com/image-photo/omelette-chapati-roll-franky-indian-260nw-2228945967.jpg", "Hoppers Heaven"));
98:       foodItems.add(new MenuQuickSort.FoodItem("Milk Rice", 450, "https://ttcsrilanka.com/wp-content/uploads/2020/08/kiribath-1.jpg-02.jpg", "Traditional Lankan Cuisine"));
99:       foodItems.add(new MenuQuickSort.FoodItem("Pittu", 600, "https://t4.ftcdn.net/jpg/04/19/63/05/360_F_419630515_FN5OzSxaWfM03KN9jJrpfYcv7teOlr0r.jpg", "Traditional Lankan Cuisine"));
100: 


An error occurred at line: [98] in the jsp file: [/Menu/MenuPage.jsp]
The constructor MenuQuickSort.FoodItem(String, int, String, String) is undefined
95:       foodItems.add(new MenuQuickSort.FoodItem("Gotu Kola Sambol", 400, "https://encrypted-tbn0.gstatic.com/images?q=tbn:ANd9GcTwFTJjs66zXsNvpqjVcGX8ylLHLTYYvQQoOg&s", "Traditional Lankan Cuisine"));
96:       foodItems.add(new MenuQuickSort.FoodItem("Jaffna Crab Curry", 1800, "https://encrypted-tbn0.gstatic.com/images?q=tbn:ANd9GcQWO3JXRWbueGSlvXkleqQy1EWLVJx-Pbf6RQ&s", "Seafood Paradise"));
97:       foodItems.add(new MenuQuickSort.FoodItem("Egg Roti", 550, "https://www.shutterstock.com/image-photo/omelette-chapati-roll-franky-indian-260nw-2228945967.jpg", "Hoppers Heaven"));
98:       foodItems.add(new MenuQuickSort.FoodItem("Milk Rice", 450, "https://ttcsrilanka.com/wp-content/uploads/2020/08/kiribath-1.jpg-02.jpg", "Traditional Lankan Cuisine"));
99:       foodItems.add(new MenuQuickSort.FoodItem("Pittu", 600, "https://t4.ftcdn.net/jpg/04/19/63/05/360_F_419630515_FN5OzSxaWfM03KN9jJrpfYcv7teOlr0r.jpg", "Traditional Lankan Cuisine"));
100: 
101:       // Apply sorting if requested


An error occurred at line: [99] in the jsp file: [/Menu/MenuPage.jsp]
The constructor MenuQuickSort.FoodItem(String, int, String, String) is undefined
96:       foodItems.add(new MenuQuickSort.FoodItem("Jaffna Crab Curry", 1800, "https://encrypted-tbn0.gstatic.com/images?q=tbn:ANd9GcQWO3JXRWbueGSlvXkleqQy1EWLVJx-Pbf6RQ&s", "Seafood Paradise"));
97:       foodItems.add(new MenuQuickSort.FoodItem("Egg Roti", 550, "https://www.shutterstock.com/image-photo/omelette-chapati-roll-franky-indian-260nw-2228945967.jpg", "Hoppers Heaven"));
98:       foodItems.add(new MenuQuickSort.FoodItem("Milk Rice", 450, "https://ttcsrilanka.com/wp-content/uploads/2020/08/kiribath-1.jpg-02.jpg", "Traditional Lankan Cuisine"));
99:       foodItems.add(new MenuQuickSort.FoodItem("Pittu", 600, "https://t4.ftcdn.net/jpg/04/19/63/05/360_F_419630515_FN5OzSxaWfM03KN9jJrpfYcv7teOlr0r.jpg", "Traditional Lankan Cuisine"));
100: 
101:       // Apply sorting if requested
102:       if ("price".equals(request.getParameter("sort"))) {


An error occurred at line: [112] in the jsp file: [/Menu/MenuPage.jsp]
The method getStore() is undefined for the type MenuQuickSort.FoodItem
109:         List<MenuQuickSort.FoodItem> filteredItems = new ArrayList<>();
110:         for (MenuQuickSort.FoodItem item : foodItems) {
111:           if (item.getName().toLowerCase().contains(searchTerm.toLowerCase()) ||
112:                   item.getStore().toLowerCase().contains(searchTerm.toLowerCase())) {
113:             filteredItems.add(item);
114:           }
115:         }


An error occurred at line: [121] in the jsp file: [/Menu/MenuPage.jsp]
The method getStore() is undefined for the type MenuQuickSort.FoodItem
118: 
119:       // Group items by store
120:       for (MenuQuickSort.FoodItem item : foodItems) {
121:         String store = item.getStore();
122:         if (!storeItemsMap.containsKey(store)) {
123:           storeItemsMap.put(store, new ArrayList<>());
124:         }


Stacktrace:] with root cause
	org.apache.jasper.JasperException: Unable to compile class for JSP: 

An error occurred at line: [78] in the jsp file: [/Menu/MenuPage.jsp]
The constructor MenuQuickSort.FoodItem(String, int, String, String) is undefined
75: 
76:       // Original items with store assignments
77:       List<MenuQuickSort.FoodItem> foodItems = new ArrayList<>();
78:       foodItems.add(new MenuQuickSort.FoodItem("Cheese Pizza", 1200, "https://images.unsplash.com/photo-1565299624946-b28f40a0ae38", "Colombo Pizza Hub"));
79:       foodItems.add(new MenuQuickSort.FoodItem("Veg Burger", 950, "https://images.unsplash.com/photo-1568901346375-23c9450c58cd", "Burgers & More"));
80:       foodItems.add(new MenuQuickSort.FoodItem("Chicken Biryani", 1450, "https://images.unsplash.com/photo-1631515243349-e0cb75fb8d3a", "Spice Garden"));
81:       foodItems.add(new MenuQuickSort.FoodItem("Pasta Alfredo", 1300, "https://images.unsplash.com/photo-1555949258-eb67b1ef0ceb", "Pasta Palace"));


An error occurred at line: [79] in the jsp file: [/Menu/MenuPage.jsp]
The constructor MenuQuickSort.FoodItem(String, int, String, String) is undefined
76:       // Original items with store assignments
77:       List<MenuQuickSort.FoodItem> foodItems = new ArrayList<>();
78:       foodItems.add(new MenuQuickSort.FoodItem("Cheese Pizza", 1200, "https://images.unsplash.com/photo-1565299624946-b28f40a0ae38", "Colombo Pizza Hub"));
79:       foodItems.add(new MenuQuickSort.FoodItem("Veg Burger", 950, "https://images.unsplash.com/photo-1568901346375-23c9450c58cd", "Burgers & More"));
80:       foodItems.add(new MenuQuickSort.FoodItem("Chicken Biryani", 1450, "https://images.unsplash.com/photo-1631515243349-e0cb75fb8d3a", "Spice Garden"));
81:       foodItems.add(new MenuQuickSort.FoodItem("Pasta Alfredo", 1300, "https://images.unsplash.com/photo-1555949258-eb67b1ef0ceb", "Pasta Palace"));
82:       foodItems.add(new MenuQuickSort.FoodItem("Chocolate Cake", 800, "https://images.unsplash.com/photo-1563729784474-d77dbb933a9e", "Sweet Delights"));


An error occurred at line: [80] in the jsp file: [/Menu/MenuPage.jsp]
The constructor MenuQuickSort.FoodItem(String, int, String, String) is undefined
77:       List<MenuQuickSort.FoodItem> foodItems = new ArrayList<>();
78:       foodItems.add(new MenuQuickSort.FoodItem("Cheese Pizza", 1200, "https://images.unsplash.com/photo-1565299624946-b28f40a0ae38", "Colombo Pizza Hub"));
79:       foodItems.add(new MenuQuickSort.FoodItem("Veg Burger", 950, "https://images.unsplash.com/photo-1568901346375-23c9450c58cd", "Burgers & More"));
80:       foodItems.add(new MenuQuickSort.FoodItem("Chicken Biryani", 1450, "https://images.unsplash.com/photo-1631515243349-e0cb75fb8d3a", "Spice Garden"));
81:       foodItems.add(new MenuQuickSort.FoodItem("Pasta Alfredo", 1300, "https://images.unsplash.com/photo-1555949258-eb67b1ef0ceb", "Pasta Palace"));
82:       foodItems.add(new MenuQuickSort.FoodItem("Chocolate Cake", 800, "https://images.unsplash.com/photo-1563729784474-d77dbb933a9e", "Sweet Delights"));
83: 


An error occurred at line: [81] in the jsp file: [/Menu/MenuPage.jsp]
The constructor MenuQuickSort.FoodItem(String, int, String, String) is undefined
78:       foodItems.add(new MenuQuickSort.FoodItem("Cheese Pizza", 1200, "https://images.unsplash.com/photo-1565299624946-b28f40a0ae38", "Colombo Pizza Hub"));
79:       foodItems.add(new MenuQuickSort.FoodItem("Veg Burger", 950, "https://images.unsplash.com/photo-1568901346375-23c9450c58cd", "Burgers & More"));
80:       foodItems.add(new MenuQuickSort.FoodItem("Chicken Biryani", 1450, "https://images.unsplash.com/photo-1631515243349-e0cb75fb8d3a", "Spice Garden"));
81:       foodItems.add(new MenuQuickSort.FoodItem("Pasta Alfredo", 1300, "https://images.unsplash.com/photo-1555949258-eb67b1ef0ceb", "Pasta Palace"));
82:       foodItems.add(new MenuQuickSort.FoodItem("Chocolate Cake", 800, "https://images.unsplash.com/photo-1563729784474-d77dbb933a9e", "Sweet Delights"));
83: 
84:       // Sri Lankan Food Items with store assignments


An error occurred at line: [82] in the jsp file: [/Menu/MenuPage.jsp]
The constructor MenuQuickSort.FoodItem(String, int, String, String) is undefined
79:       foodItems.add(new MenuQuickSort.FoodItem("Veg Burger", 950, "https://images.unsplash.com/photo-1568901346375-23c9450c58cd", "Burgers & More"));
80:       foodItems.add(new MenuQuickSort.FoodItem("Chicken Biryani", 1450, "https://images.unsplash.com/photo-1631515243349-e0cb75fb8d3a", "Spice Garden"));
81:       foodItems.add(new MenuQuickSort.FoodItem("Pasta Alfredo", 1300, "https://images.unsplash.com/photo-1555949258-eb67b1ef0ceb", "Pasta Palace"));
82:       foodItems.add(new MenuQuickSort.FoodItem("Chocolate Cake", 800, "https://images.unsplash.com/photo-1563729784474-d77dbb933a9e", "Sweet Delights"));
83: 
84:       // Sri Lankan Food Items with store assignments
85:       foodItems.add(new MenuQuickSort.FoodItem("Rice and Curry", 850, "https://cdn.pixabay.com/photo/2021/06/10/02/28/rice-6324796_1280.jpg", "Traditional Lankan Cuisine"));


An error occurred at line: [85] in the jsp file: [/Menu/MenuPage.jsp]
The constructor MenuQuickSort.FoodItem(String, int, String, String) is undefined
82:       foodItems.add(new MenuQuickSort.FoodItem("Chocolate Cake", 800, "https://images.unsplash.com/photo-1563729784474-d77dbb933a9e", "Sweet Delights"));
83: 
84:       // Sri Lankan Food Items with store assignments
85:       foodItems.add(new MenuQuickSort.FoodItem("Rice and Curry", 850, "https://cdn.pixabay.com/photo/2021/06/10/02/28/rice-6324796_1280.jpg", "Traditional Lankan Cuisine"));
86:       foodItems.add(new MenuQuickSort.FoodItem("Hoppers (Appa)", 600, "https://encrypted-tbn0.gstatic.com/images?q=tbn:ANd9GcRNV8ccWVhcpnBDzeVHDbhOy_qJNmAl6Nr7gAZl7ocniI8IkFhxaPLTUag&s", "Hoppers Heaven"));
87:       foodItems.add(new MenuQuickSort.FoodItem("String Hoppers", 700, "https://cdn.pixabay.com/photo/2021/06/02/01/35/indiappa-6303118_1280.jpg", "Hoppers Heaven"));
88:       foodItems.add(new MenuQuickSort.FoodItem("Kottu Roti", 1100, "https://st2.depositphotos.com/4404621/11594/i/950/depositphotos_115943092-stock-photo-sri-lankan-kottu-roti.jpg", "Traditional Lankan Cuisine"));


An error occurred at line: [86] in the jsp file: [/Menu/MenuPage.jsp]
The constructor MenuQuickSort.FoodItem(String, int, String, String) is undefined
83: 
84:       // Sri Lankan Food Items with store assignments
85:       foodItems.add(new MenuQuickSort.FoodItem("Rice and Curry", 850, "https://cdn.pixabay.com/photo/2021/06/10/02/28/rice-6324796_1280.jpg", "Traditional Lankan Cuisine"));
86:       foodItems.add(new MenuQuickSort.FoodItem("Hoppers (Appa)", 600, "https://encrypted-tbn0.gstatic.com/images?q=tbn:ANd9GcRNV8ccWVhcpnBDzeVHDbhOy_qJNmAl6Nr7gAZl7ocniI8IkFhxaPLTUag&s", "Hoppers Heaven"));
87:       foodItems.add(new MenuQuickSort.FoodItem("String Hoppers", 700, "https://cdn.pixabay.com/photo/2021/06/02/01/35/indiappa-6303118_1280.jpg", "Hoppers Heaven"));
88:       foodItems.add(new MenuQuickSort.FoodItem("Kottu Roti", 1100, "https://st2.depositphotos.com/4404621/11594/i/950/depositphotos_115943092-stock-photo-sri-lankan-kottu-roti.jpg", "Traditional Lankan Cuisine"));
89:       foodItems.add(new MenuQuickSort.FoodItem("Lamprais", 1500, "https://encrypted-tbn0.gstatic.com/images?q=tbn:ANd9GcQfwe9lrR3_zHGti7QzY46fvwSjFS0OeS0a6w&s", "Traditional Lankan Cuisine"));


An error occurred at line: [87] in the jsp file: [/Menu/MenuPage.jsp]
The constructor MenuQuickSort.FoodItem(String, int, String, String) is undefined
84:       // Sri Lankan Food Items with store assignments
85:       foodItems.add(new MenuQuickSort.FoodItem("Rice and Curry", 850, "https://cdn.pixabay.com/photo/2021/06/10/02/28/rice-6324796_1280.jpg", "Traditional Lankan Cuisine"));
86:       foodItems.add(new MenuQuickSort.FoodItem("Hoppers (Appa)", 600, "https://encrypted-tbn0.gstatic.com/images?q=tbn:ANd9GcRNV8ccWVhcpnBDzeVHDbhOy_qJNmAl6Nr7gAZl7ocniI8IkFhxaPLTUag&s", "Hoppers Heaven"));
87:       foodItems.add(new MenuQuickSort.FoodItem("String Hoppers", 700, "https://cdn.pixabay.com/photo/2021/06/02/01/35/indiappa-6303118_1280.jpg", "Hoppers Heaven"));
88:       foodItems.add(new MenuQuickSort.FoodItem("Kottu Roti", 1100, "https://st2.depositphotos.com/4404621/11594/i/950/depositphotos_115943092-stock-photo-sri-lankan-kottu-roti.jpg", "Traditional Lankan Cuisine"));
89:       foodItems.add(new MenuQuickSort.FoodItem("Lamprais", 1500, "https://encrypted-tbn0.gstatic.com/images?q=tbn:ANd9GcQfwe9lrR3_zHGti7QzY46fvwSjFS0OeS0a6w&s", "Traditional Lankan Cuisine"));
90:       foodItems.add(new MenuQuickSort.FoodItem("Parippu (Dhal Curry)", 450, "https://t4.ftcdn.net/jpg/12/98/17/27/360_F_1298172777_F9cDWv2ZfqMXBQRetvU31PaucagMh8Od.jpg", "Traditional Lankan Cuisine"));


An error occurred at line: [88] in the jsp file: [/Menu/MenuPage.jsp]
The constructor MenuQuickSort.FoodItem(String, int, String, String) is undefined
85:       foodItems.add(new MenuQuickSort.FoodItem("Rice and Curry", 850, "https://cdn.pixabay.com/photo/2021/06/10/02/28/rice-6324796_1280.jpg", "Traditional Lankan Cuisine"));
86:       foodItems.add(new MenuQuickSort.FoodItem("Hoppers (Appa)", 600, "https://encrypted-tbn0.gstatic.com/images?q=tbn:ANd9GcRNV8ccWVhcpnBDzeVHDbhOy_qJNmAl6Nr7gAZl7ocniI8IkFhxaPLTUag&s", "Hoppers Heaven"));
87:       foodItems.add(new MenuQuickSort.FoodItem("String Hoppers", 700, "https://cdn.pixabay.com/photo/2021/06/02/01/35/indiappa-6303118_1280.jpg", "Hoppers Heaven"));
88:       foodItems.add(new MenuQuickSort.FoodItem("Kottu Roti", 1100, "https://st2.depositphotos.com/4404621/11594/i/950/depositphotos_115943092-stock-photo-sri-lankan-kottu-roti.jpg", "Traditional Lankan Cuisine"));
89:       foodItems.add(new MenuQuickSort.FoodItem("Lamprais", 1500, "https://encrypted-tbn0.gstatic.com/images?q=tbn:ANd9GcQfwe9lrR3_zHGti7QzY46fvwSjFS0OeS0a6w&s", "Traditional Lankan Cuisine"));
90:       foodItems.add(new MenuQuickSort.FoodItem("Parippu (Dhal Curry)", 450, "https://t4.ftcdn.net/jpg/12/98/17/27/360_F_1298172777_F9cDWv2ZfqMXBQRetvU31PaucagMh8Od.jpg", "Traditional Lankan Cuisine"));
91:       foodItems.add(new MenuQuickSort.FoodItem("Pol Sambol", 300, "https://www.shutterstock.com/image-photo/coconut-sambal-srilankan-indian-spicy-260nw-1385467199.jpg", "Traditional Lankan Cuisine"));


An error occurred at line: [89] in the jsp file: [/Menu/MenuPage.jsp]
The constructor MenuQuickSort.FoodItem(String, int, String, String) is undefined
86:       foodItems.add(new MenuQuickSort.FoodItem("Hoppers (Appa)", 600, "https://encrypted-tbn0.gstatic.com/images?q=tbn:ANd9GcRNV8ccWVhcpnBDzeVHDbhOy_qJNmAl6Nr7gAZl7ocniI8IkFhxaPLTUag&s", "Hoppers Heaven"));
87:       foodItems.add(new MenuQuickSort.FoodItem("String Hoppers", 700, "https://cdn.pixabay.com/photo/2021/06/02/01/35/indiappa-6303118_1280.jpg", "Hoppers Heaven"));
88:       foodItems.add(new MenuQuickSort.FoodItem("Kottu Roti", 1100, "https://st2.depositphotos.com/4404621/11594/i/950/depositphotos_115943092-stock-photo-sri-lankan-kottu-roti.jpg", "Traditional Lankan Cuisine"));
89:       foodItems.add(new MenuQuickSort.FoodItem("Lamprais", 1500, "https://encrypted-tbn0.gstatic.com/images?q=tbn:ANd9GcQfwe9lrR3_zHGti7QzY46fvwSjFS0OeS0a6w&s", "Traditional Lankan Cuisine"));
90:       foodItems.add(new MenuQuickSort.FoodItem("Parippu (Dhal Curry)", 450, "https://t4.ftcdn.net/jpg/12/98/17/27/360_F_1298172777_F9cDWv2ZfqMXBQRetvU31PaucagMh8Od.jpg", "Traditional Lankan Cuisine"));
91:       foodItems.add(new MenuQuickSort.FoodItem("Pol Sambol", 300, "https://www.shutterstock.com/image-photo/coconut-sambal-srilankan-indian-spicy-260nw-1385467199.jpg", "Traditional Lankan Cuisine"));
92:       foodItems.add(new MenuQuickSort.FoodItem("Fish Ambul Thiyal", 1250, "https://encrypted-tbn0.gstatic.com/images?q=tbn:ANd9GcTiZYFp7NMiwEnzFA9mW-nBfpkhMA2I0FIO7A&s", "Seafood Paradise"));


An error occurred at line: [90] in the jsp file: [/Menu/MenuPage.jsp]
The constructor MenuQuickSort.FoodItem(String, int, String, String) is undefined
87:       foodItems.add(new MenuQuickSort.FoodItem("String Hoppers", 700, "https://cdn.pixabay.com/photo/2021/06/02/01/35/indiappa-6303118_1280.jpg", "Hoppers Heaven"));
88:       foodItems.add(new MenuQuickSort.FoodItem("Kottu Roti", 1100, "https://st2.depositphotos.com/4404621/11594/i/950/depositphotos_115943092-stock-photo-sri-lankan-kottu-roti.jpg", "Traditional Lankan Cuisine"));
89:       foodItems.add(new MenuQuickSort.FoodItem("Lamprais", 1500, "https://encrypted-tbn0.gstatic.com/images?q=tbn:ANd9GcQfwe9lrR3_zHGti7QzY46fvwSjFS0OeS0a6w&s", "Traditional Lankan Cuisine"));
90:       foodItems.add(new MenuQuickSort.FoodItem("Parippu (Dhal Curry)", 450, "https://t4.ftcdn.net/jpg/12/98/17/27/360_F_1298172777_F9cDWv2ZfqMXBQRetvU31PaucagMh8Od.jpg", "Traditional Lankan Cuisine"));
91:       foodItems.add(new MenuQuickSort.FoodItem("Pol Sambol", 300, "https://www.shutterstock.com/image-photo/coconut-sambal-srilankan-indian-spicy-260nw-1385467199.jpg", "Traditional Lankan Cuisine"));
92:       foodItems.add(new MenuQuickSort.FoodItem("Fish Ambul Thiyal", 1250, "https://encrypted-tbn0.gstatic.com/images?q=tbn:ANd9GcTiZYFp7NMiwEnzFA9mW-nBfpkhMA2I0FIO7A&s", "Seafood Paradise"));
93:       foodItems.add(new MenuQuickSort.FoodItem("Watalappan", 650, "https://i.pinimg.com/736x/44/a0/fd/44a0fd85600261e66ba1f1554f58a294.jpg", "Sweet Delights"));


An error occurred at line: [91] in the jsp file: [/Menu/MenuPage.jsp]
The constructor MenuQuickSort.FoodItem(String, int, String, String) is undefined
88:       foodItems.add(new MenuQuickSort.FoodItem("Kottu Roti", 1100, "https://st2.depositphotos.com/4404621/11594/i/950/depositphotos_115943092-stock-photo-sri-lankan-kottu-roti.jpg", "Traditional Lankan Cuisine"));
89:       foodItems.add(new MenuQuickSort.FoodItem("Lamprais", 1500, "https://encrypted-tbn0.gstatic.com/images?q=tbn:ANd9GcQfwe9lrR3_zHGti7QzY46fvwSjFS0OeS0a6w&s", "Traditional Lankan Cuisine"));
90:       foodItems.add(new MenuQuickSort.FoodItem("Parippu (Dhal Curry)", 450, "https://t4.ftcdn.net/jpg/12/98/17/27/360_F_1298172777_F9cDWv2ZfqMXBQRetvU31PaucagMh8Od.jpg", "Traditional Lankan Cuisine"));
91:       foodItems.add(new MenuQuickSort.FoodItem("Pol Sambol", 300, "https://www.shutterstock.com/image-photo/coconut-sambal-srilankan-indian-spicy-260nw-1385467199.jpg", "Traditional Lankan Cuisine"));
92:       foodItems.add(new MenuQuickSort.FoodItem("Fish Ambul Thiyal", 1250, "https://encrypted-tbn0.gstatic.com/images?q=tbn:ANd9GcTiZYFp7NMiwEnzFA9mW-nBfpkhMA2I0FIO7A&s", "Seafood Paradise"));
93:       foodItems.add(new MenuQuickSort.FoodItem("Watalappan", 650, "https://i.pinimg.com/736x/44/a0/fd/44a0fd85600261e66ba1f1554f58a294.jpg", "Sweet Delights"));
94:       foodItems.add(new MenuQuickSort.FoodItem("Kiribath", 500, "https://encrypted-tbn0.gstatic.com/images?q=tbn:ANd9GcQiBofg6zdJFEVeo9WK0HkUR47S3Kv5ovjV-A&s", "Traditional Lankan Cuisine"));


An error occurred at line: [92] in the jsp file: [/Menu/MenuPage.jsp]
The constructor MenuQuickSort.FoodItem(String, int, String, String) is undefined
89:       foodItems.add(new MenuQuickSort.FoodItem("Lamprais", 1500, "https://encrypted-tbn0.gstatic.com/images?q=tbn:ANd9GcQfwe9lrR3_zHGti7QzY46fvwSjFS0OeS0a6w&s", "Traditional Lankan Cuisine"));
90:       foodItems.add(new MenuQuickSort.FoodItem("Parippu (Dhal Curry)", 450, "https://t4.ftcdn.net/jpg/12/98/17/27/360_F_1298172777_F9cDWv2ZfqMXBQRetvU31PaucagMh8Od.jpg", "Traditional Lankan Cuisine"));
91:       foodItems.add(new MenuQuickSort.FoodItem("Pol Sambol", 300, "https://www.shutterstock.com/image-photo/coconut-sambal-srilankan-indian-spicy-260nw-1385467199.jpg", "Traditional Lankan Cuisine"));
92:       foodItems.add(new MenuQuickSort.FoodItem("Fish Ambul Thiyal", 1250, "https://encrypted-tbn0.gstatic.com/images?q=tbn:ANd9GcTiZYFp7NMiwEnzFA9mW-nBfpkhMA2I0FIO7A&s", "Seafood Paradise"));
93:       foodItems.add(new MenuQuickSort.FoodItem("Watalappan", 650, "https://i.pinimg.com/736x/44/a0/fd/44a0fd85600261e66ba1f1554f58a294.jpg", "Sweet Delights"));
94:       foodItems.add(new MenuQuickSort.FoodItem("Kiribath", 500, "https://encrypted-tbn0.gstatic.com/images?q=tbn:ANd9GcQiBofg6zdJFEVeo9WK0HkUR47S3Kv5ovjV-A&s", "Traditional Lankan Cuisine"));
95:       foodItems.add(new MenuQuickSort.FoodItem("Gotu Kola Sambol", 400, "https://encrypted-tbn0.gstatic.com/images?q=tbn:ANd9GcTwFTJjs66zXsNvpqjVcGX8ylLHLTYYvQQoOg&s", "Traditional Lankan Cuisine"));


An error occurred at line: [93] in the jsp file: [/Menu/MenuPage.jsp]
The constructor MenuQuickSort.FoodItem(String, int, String, String) is undefined
90:       foodItems.add(new MenuQuickSort.FoodItem("Parippu (Dhal Curry)", 450, "https://t4.ftcdn.net/jpg/12/98/17/27/360_F_1298172777_F9cDWv2ZfqMXBQRetvU31PaucagMh8Od.jpg", "Traditional Lankan Cuisine"));
91:       foodItems.add(new MenuQuickSort.FoodItem("Pol Sambol", 300, "https://www.shutterstock.com/image-photo/coconut-sambal-srilankan-indian-spicy-260nw-1385467199.jpg", "Traditional Lankan Cuisine"));
92:       foodItems.add(new MenuQuickSort.FoodItem("Fish Ambul Thiyal", 1250, "https://encrypted-tbn0.gstatic.com/images?q=tbn:ANd9GcTiZYFp7NMiwEnzFA9mW-nBfpkhMA2I0FIO7A&s", "Seafood Paradise"));
93:       foodItems.add(new MenuQuickSort.FoodItem("Watalappan", 650, "https://i.pinimg.com/736x/44/a0/fd/44a0fd85600261e66ba1f1554f58a294.jpg", "Sweet Delights"));
94:       foodItems.add(new MenuQuickSort.FoodItem("Kiribath", 500, "https://encrypted-tbn0.gstatic.com/images?q=tbn:ANd9GcQiBofg6zdJFEVeo9WK0HkUR47S3Kv5ovjV-A&s", "Traditional Lankan Cuisine"));
95:       foodItems.add(new MenuQuickSort.FoodItem("Gotu Kola Sambol", 400, "https://encrypted-tbn0.gstatic.com/images?q=tbn:ANd9GcTwFTJjs66zXsNvpqjVcGX8ylLHLTYYvQQoOg&s", "Traditional Lankan Cuisine"));
96:       foodItems.add(new MenuQuickSort.FoodItem("Jaffna Crab Curry", 1800, "https://encrypted-tbn0.gstatic.com/images?q=tbn:ANd9GcQWO3JXRWbueGSlvXkleqQy1EWLVJx-Pbf6RQ&s", "Seafood Paradise"));


An error occurred at line: [94] in the jsp file: [/Menu/MenuPage.jsp]
The constructor MenuQuickSort.FoodItem(String, int, String, String) is undefined
91:       foodItems.add(new MenuQuickSort.FoodItem("Pol Sambol", 300, "https://www.shutterstock.com/image-photo/coconut-sambal-srilankan-indian-spicy-260nw-1385467199.jpg", "Traditional Lankan Cuisine"));
92:       foodItems.add(new MenuQuickSort.FoodItem("Fish Ambul Thiyal", 1250, "https://encrypted-tbn0.gstatic.com/images?q=tbn:ANd9GcTiZYFp7NMiwEnzFA9mW-nBfpkhMA2I0FIO7A&s", "Seafood Paradise"));
93:       foodItems.add(new MenuQuickSort.FoodItem("Watalappan", 650, "https://i.pinimg.com/736x/44/a0/fd/44a0fd85600261e66ba1f1554f58a294.jpg", "Sweet Delights"));
94:       foodItems.add(new MenuQuickSort.FoodItem("Kiribath", 500, "https://encrypted-tbn0.gstatic.com/images?q=tbn:ANd9GcQiBofg6zdJFEVeo9WK0HkUR47S3Kv5ovjV-A&s", "Traditional Lankan Cuisine"));
95:       foodItems.add(new MenuQuickSort.FoodItem("Gotu Kola Sambol", 400, "https://encrypted-tbn0.gstatic.com/images?q=tbn:ANd9GcTwFTJjs66zXsNvpqjVcGX8ylLHLTYYvQQoOg&s", "Traditional Lankan Cuisine"));
96:       foodItems.add(new MenuQuickSort.FoodItem("Jaffna Crab Curry", 1800, "https://encrypted-tbn0.gstatic.com/images?q=tbn:ANd9GcQWO3JXRWbueGSlvXkleqQy1EWLVJx-Pbf6RQ&s", "Seafood Paradise"));
97:       foodItems.add(new MenuQuickSort.FoodItem("Egg Roti", 550, "https://www.shutterstock.com/image-photo/omelette-chapati-roll-franky-indian-260nw-2228945967.jpg", "Hoppers Heaven"));


An error occurred at line: [95] in the jsp file: [/Menu/MenuPage.jsp]
The constructor MenuQuickSort.FoodItem(String, int, String, String) is undefined
92:       foodItems.add(new MenuQuickSort.FoodItem("Fish Ambul Thiyal", 1250, "https://encrypted-tbn0.gstatic.com/images?q=tbn:ANd9GcTiZYFp7NMiwEnzFA9mW-nBfpkhMA2I0FIO7A&s", "Seafood Paradise"));
93:       foodItems.add(new MenuQuickSort.FoodItem("Watalappan", 650, "https://i.pinimg.com/736x/44/a0/fd/44a0fd85600261e66ba1f1554f58a294.jpg", "Sweet Delights"));
94:       foodItems.add(new MenuQuickSort.FoodItem("Kiribath", 500, "https://encrypted-tbn0.gstatic.com/images?q=tbn:ANd9GcQiBofg6zdJFEVeo9WK0HkUR47S3Kv5ovjV-A&s", "Traditional Lankan Cuisine"));
95:       foodItems.add(new MenuQuickSort.FoodItem("Gotu Kola Sambol", 400, "https://encrypted-tbn0.gstatic.com/images?q=tbn:ANd9GcTwFTJjs66zXsNvpqjVcGX8ylLHLTYYvQQoOg&s", "Traditional Lankan Cuisine"));
96:       foodItems.add(new MenuQuickSort.FoodItem("Jaffna Crab Curry", 1800, "https://encrypted-tbn0.gstatic.com/images?q=tbn:ANd9GcQWO3JXRWbueGSlvXkleqQy1EWLVJx-Pbf6RQ&s", "Seafood Paradise"));
97:       foodItems.add(new MenuQuickSort.FoodItem("Egg Roti", 550, "https://www.shutterstock.com/image-photo/omelette-chapati-roll-franky-indian-260nw-2228945967.jpg", "Hoppers Heaven"));
98:       foodItems.add(new MenuQuickSort.FoodItem("Milk Rice", 450, "https://ttcsrilanka.com/wp-content/uploads/2020/08/kiribath-1.jpg-02.jpg", "Traditional Lankan Cuisine"));


An error occurred at line: [96] in the jsp file: [/Menu/MenuPage.jsp]
The constructor MenuQuickSort.FoodItem(String, int, String, String) is undefined
93:       foodItems.add(new MenuQuickSort.FoodItem("Watalappan", 650, "https://i.pinimg.com/736x/44/a0/fd/44a0fd85600261e66ba1f1554f58a294.jpg", "Sweet Delights"));
94:       foodItems.add(new MenuQuickSort.FoodItem("Kiribath", 500, "https://encrypted-tbn0.gstatic.com/images?q=tbn:ANd9GcQiBofg6zdJFEVeo9WK0HkUR47S3Kv5ovjV-A&s", "Traditional Lankan Cuisine"));
95:       foodItems.add(new MenuQuickSort.FoodItem("Gotu Kola Sambol", 400, "https://encrypted-tbn0.gstatic.com/images?q=tbn:ANd9GcTwFTJjs66zXsNvpqjVcGX8ylLHLTYYvQQoOg&s", "Traditional Lankan Cuisine"));
96:       foodItems.add(new MenuQuickSort.FoodItem("Jaffna Crab Curry", 1800, "https://encrypted-tbn0.gstatic.com/images?q=tbn:ANd9GcQWO3JXRWbueGSlvXkleqQy1EWLVJx-Pbf6RQ&s", "Seafood Paradise"));
97:       foodItems.add(new MenuQuickSort.FoodItem("Egg Roti", 550, "https://www.shutterstock.com/image-photo/omelette-chapati-roll-franky-indian-260nw-2228945967.jpg", "Hoppers Heaven"));
98:       foodItems.add(new MenuQuickSort.FoodItem("Milk Rice", 450, "https://ttcsrilanka.com/wp-content/uploads/2020/08/kiribath-1.jpg-02.jpg", "Traditional Lankan Cuisine"));
99:       foodItems.add(new MenuQuickSort.FoodItem("Pittu", 600, "https://t4.ftcdn.net/jpg/04/19/63/05/360_F_419630515_FN5OzSxaWfM03KN9jJrpfYcv7teOlr0r.jpg", "Traditional Lankan Cuisine"));


An error occurred at line: [97] in the jsp file: [/Menu/MenuPage.jsp]
The constructor MenuQuickSort.FoodItem(String, int, String, String) is undefined
94:       foodItems.add(new MenuQuickSort.FoodItem("Kiribath", 500, "https://encrypted-tbn0.gstatic.com/images?q=tbn:ANd9GcQiBofg6zdJFEVeo9WK0HkUR47S3Kv5ovjV-A&s", "Traditional Lankan Cuisine"));
95:       foodItems.add(new MenuQuickSort.FoodItem("Gotu Kola Sambol", 400, "https://encrypted-tbn0.gstatic.com/images?q=tbn:ANd9GcTwFTJjs66zXsNvpqjVcGX8ylLHLTYYvQQoOg&s", "Traditional Lankan Cuisine"));
96:       foodItems.add(new MenuQuickSort.FoodItem("Jaffna Crab Curry", 1800, "https://encrypted-tbn0.gstatic.com/images?q=tbn:ANd9GcQWO3JXRWbueGSlvXkleqQy1EWLVJx-Pbf6RQ&s", "Seafood Paradise"));
97:       foodItems.add(new MenuQuickSort.FoodItem("Egg Roti", 550, "https://www.shutterstock.com/image-photo/omelette-chapati-roll-franky-indian-260nw-2228945967.jpg", "Hoppers Heaven"));
98:       foodItems.add(new MenuQuickSort.FoodItem("Milk Rice", 450, "https://ttcsrilanka.com/wp-content/uploads/2020/08/kiribath-1.jpg-02.jpg", "Traditional Lankan Cuisine"));
99:       foodItems.add(new MenuQuickSort.FoodItem("Pittu", 600, "https://t4.ftcdn.net/jpg/04/19/63/05/360_F_419630515_FN5OzSxaWfM03KN9jJrpfYcv7teOlr0r.jpg", "Traditional Lankan Cuisine"));
100: 


An error occurred at line: [98] in the jsp file: [/Menu/MenuPage.jsp]
The constructor MenuQuickSort.FoodItem(String, int, String, String) is undefined
95:       foodItems.add(new MenuQuickSort.FoodItem("Gotu Kola Sambol", 400, "https://encrypted-tbn0.gstatic.com/images?q=tbn:ANd9GcTwFTJjs66zXsNvpqjVcGX8ylLHLTYYvQQoOg&s", "Traditional Lankan Cuisine"));
96:       foodItems.add(new MenuQuickSort.FoodItem("Jaffna Crab Curry", 1800, "https://encrypted-tbn0.gstatic.com/images?q=tbn:ANd9GcQWO3JXRWbueGSlvXkleqQy1EWLVJx-Pbf6RQ&s", "Seafood Paradise"));
97:       foodItems.add(new MenuQuickSort.FoodItem("Egg Roti", 550, "https://www.shutterstock.com/image-photo/omelette-chapati-roll-franky-indian-260nw-2228945967.jpg", "Hoppers Heaven"));
98:       foodItems.add(new MenuQuickSort.FoodItem("Milk Rice", 450, "https://ttcsrilanka.com/wp-content/uploads/2020/08/kiribath-1.jpg-02.jpg", "Traditional Lankan Cuisine"));
99:       foodItems.add(new MenuQuickSort.FoodItem("Pittu", 600, "https://t4.ftcdn.net/jpg/04/19/63/05/360_F_419630515_FN5OzSxaWfM03KN9jJrpfYcv7teOlr0r.jpg", "Traditional Lankan Cuisine"));
100: 
101:       // Apply sorting if requested


An error occurred at line: [99] in the jsp file: [/Menu/MenuPage.jsp]
The constructor MenuQuickSort.FoodItem(String, int, String, String) is undefined
96:       foodItems.add(new MenuQuickSort.FoodItem("Jaffna Crab Curry", 1800, "https://encrypted-tbn0.gstatic.com/images?q=tbn:ANd9GcQWO3JXRWbueGSlvXkleqQy1EWLVJx-Pbf6RQ&s", "Seafood Paradise"));
97:       foodItems.add(new MenuQuickSort.FoodItem("Egg Roti", 550, "https://www.shutterstock.com/image-photo/omelette-chapati-roll-franky-indian-260nw-2228945967.jpg", "Hoppers Heaven"));
98:       foodItems.add(new MenuQuickSort.FoodItem("Milk Rice", 450, "https://ttcsrilanka.com/wp-content/uploads/2020/08/kiribath-1.jpg-02.jpg", "Traditional Lankan Cuisine"));
99:       foodItems.add(new MenuQuickSort.FoodItem("Pittu", 600, "https://t4.ftcdn.net/jpg/04/19/63/05/360_F_419630515_FN5OzSxaWfM03KN9jJrpfYcv7teOlr0r.jpg", "Traditional Lankan Cuisine"));
100: 
101:       // Apply sorting if requested
102:       if ("price".equals(request.getParameter("sort"))) {


An error occurred at line: [112] in the jsp file: [/Menu/MenuPage.jsp]
The method getStore() is undefined for the type MenuQuickSort.FoodItem
109:         List<MenuQuickSort.FoodItem> filteredItems = new ArrayList<>();
110:         for (MenuQuickSort.FoodItem item : foodItems) {
111:           if (item.getName().toLowerCase().contains(searchTerm.toLowerCase()) ||
112:                   item.getStore().toLowerCase().contains(searchTerm.toLowerCase())) {
113:             filteredItems.add(item);
114:           }
115:         }


An error occurred at line: [121] in the jsp file: [/Menu/MenuPage.jsp]
The method getStore() is undefined for the type MenuQuickSort.FoodItem
118: 
119:       // Group items by store
120:       for (MenuQuickSort.FoodItem item : foodItems) {
121:         String store = item.getStore();
122:         if (!storeItemsMap.containsKey(store)) {
123:           storeItemsMap.put(store, new ArrayList<>());
124:         }


Stacktrace:
		at org.apache.jasper.compiler.DefaultErrorHandler.javacError(DefaultErrorHandler.java:72)
		at org.apache.jasper.compiler.ErrorDispatcher.javacError(ErrorDispatcher.java:192)
		at org.apache.jasper.compiler.JDTCompiler.generateClass(JDTCompiler.java:506)
		at org.apache.jasper.compiler.Compiler.compile(Compiler.java:373)
		at org.apache.jasper.compiler.Compiler.compile(Compiler.java:345)
		at org.apache.jasper.compiler.Compiler.compile(Compiler.java:331)
		at org.apache.jasper.JspCompilationContext.compile(JspCompilationContext.java:602)
		at org.apache.jasper.servlet.JspServletWrapper.service(JspServletWrapper.java:396)
		at org.apache.jasper.servlet.JspServlet.serviceJspFile(JspServlet.java:354)
		at org.apache.jasper.servlet.JspServlet.service(JspServlet.java:302)
		at jakarta.servlet.http.HttpServlet.service(HttpServlet.java:716)
		at org.apache.catalina.core.ApplicationFilterChain.doFilter(ApplicationFilterChain.java:130)
		at org.apache.tomcat.websocket.server.WsFilter.doFilter(WsFilter.java:51)
		at org.apache.catalina.core.ApplicationFilterChain.doFilter(ApplicationFilterChain.java:109)
		at org.apache.catalina.core.StandardWrapperValve.invoke(StandardWrapperValve.java:167)
		at org.apache.catalina.core.StandardContextValve.invoke(StandardContextValve.java:79)
		at org.apache.catalina.authenticator.AuthenticatorBase.invoke(AuthenticatorBase.java:483)
		at org.apache.catalina.core.StandardHostValve.invoke(StandardHostValve.java:115)
		at org.apache.catalina.valves.ErrorReportValve.invoke(ErrorReportValve.java:93)
		at org.apache.catalina.valves.AbstractAccessLogValve.invoke(AbstractAccessLogValve.java:670)
		at org.apache.catalina.core.StandardEngineValve.invoke(StandardEngineValve.java:74)
		at org.apache.catalina.connector.CoyoteAdapter.service(CoyoteAdapter.java:342)
		at org.apache.coyote.http11.Http11Processor.service(Http11Processor.java:395)
		at org.apache.coyote.AbstractProcessorLight.process(AbstractProcessorLight.java:63)
		at org.apache.coyote.AbstractProtocol$ConnectionHandler.process(AbstractProtocol.java:905)
		at org.apache.tomcat.util.net.NioEndpoint$SocketProcessor.doRun(NioEndpoint.java:1748)
		at org.apache.tomcat.util.net.SocketProcessorBase.run(SocketProcessorBase.java:52)
		at org.apache.tomcat.util.threads.ThreadPoolExecutor.runWorker(ThreadPoolExecutor.java:1148)
		at org.apache.tomcat.util.threads.ThreadPoolExecutor$Worker.run(ThreadPoolExecutor.java:636)
		at org.apache.tomcat.util.threads.TaskThread$WrappingRunnable.run(TaskThread.java:63)
		at java.base/java.lang.Thread.run(Thread.java:1447)
07-May-2025 17:05:04.083 SEVERE [http-nio-8080-exec-13] org.apache.catalina.core.StandardWrapperValve.invoke Servlet.service() for servlet [jsp] in context with path [] threw exception [Unable to compile class for JSP: 

An error occurred at line: [78] in the jsp file: [/Menu/MenuPage.jsp]
The constructor MenuQuickSort.FoodItem(String, int, String, String) is undefined
75: 
76:       // Original items with store assignments
77:       List<MenuQuickSort.FoodItem> foodItems = new ArrayList<>();
78:       foodItems.add(new MenuQuickSort.FoodItem("Cheese Pizza", 1200, "https://images.unsplash.com/photo-1565299624946-b28f40a0ae38", "Colombo Pizza Hub"));
79:       foodItems.add(new MenuQuickSort.FoodItem("Veg Burger", 950, "https://images.unsplash.com/photo-1568901346375-23c9450c58cd", "Burgers & More"));
80:       foodItems.add(new MenuQuickSort.FoodItem("Chicken Biryani", 1450, "https://images.unsplash.com/photo-1631515243349-e0cb75fb8d3a", "Spice Garden"));
81:       foodItems.add(new MenuQuickSort.FoodItem("Pasta Alfredo", 1300, "https://images.unsplash.com/photo-1555949258-eb67b1ef0ceb", "Pasta Palace"));


An error occurred at line: [79] in the jsp file: [/Menu/MenuPage.jsp]
The constructor MenuQuickSort.FoodItem(String, int, String, String) is undefined
76:       // Original items with store assignments
77:       List<MenuQuickSort.FoodItem> foodItems = new ArrayList<>();
78:       foodItems.add(new MenuQuickSort.FoodItem("Cheese Pizza", 1200, "https://images.unsplash.com/photo-1565299624946-b28f40a0ae38", "Colombo Pizza Hub"));
79:       foodItems.add(new MenuQuickSort.FoodItem("Veg Burger", 950, "https://images.unsplash.com/photo-1568901346375-23c9450c58cd", "Burgers & More"));
80:       foodItems.add(new MenuQuickSort.FoodItem("Chicken Biryani", 1450, "https://images.unsplash.com/photo-1631515243349-e0cb75fb8d3a", "Spice Garden"));
81:       foodItems.add(new MenuQuickSort.FoodItem("Pasta Alfredo", 1300, "https://images.unsplash.com/photo-1555949258-eb67b1ef0ceb", "Pasta Palace"));
82:       foodItems.add(new MenuQuickSort.FoodItem("Chocolate Cake", 800, "https://images.unsplash.com/photo-1563729784474-d77dbb933a9e", "Sweet Delights"));


An error occurred at line: [80] in the jsp file: [/Menu/MenuPage.jsp]
The constructor MenuQuickSort.FoodItem(String, int, String, String) is undefined
77:       List<MenuQuickSort.FoodItem> foodItems = new ArrayList<>();
78:       foodItems.add(new MenuQuickSort.FoodItem("Cheese Pizza", 1200, "https://images.unsplash.com/photo-1565299624946-b28f40a0ae38", "Colombo Pizza Hub"));
79:       foodItems.add(new MenuQuickSort.FoodItem("Veg Burger", 950, "https://images.unsplash.com/photo-1568901346375-23c9450c58cd", "Burgers & More"));
80:       foodItems.add(new MenuQuickSort.FoodItem("Chicken Biryani", 1450, "https://images.unsplash.com/photo-1631515243349-e0cb75fb8d3a", "Spice Garden"));
81:       foodItems.add(new MenuQuickSort.FoodItem("Pasta Alfredo", 1300, "https://images.unsplash.com/photo-1555949258-eb67b1ef0ceb", "Pasta Palace"));
82:       foodItems.add(new MenuQuickSort.FoodItem("Chocolate Cake", 800, "https://images.unsplash.com/photo-1563729784474-d77dbb933a9e", "Sweet Delights"));
83: 


An error occurred at line: [81] in the jsp file: [/Menu/MenuPage.jsp]
The constructor MenuQuickSort.FoodItem(String, int, String, String) is undefined
78:       foodItems.add(new MenuQuickSort.FoodItem("Cheese Pizza", 1200, "https://images.unsplash.com/photo-1565299624946-b28f40a0ae38", "Colombo Pizza Hub"));
79:       foodItems.add(new MenuQuickSort.FoodItem("Veg Burger", 950, "https://images.unsplash.com/photo-1568901346375-23c9450c58cd", "Burgers & More"));
80:       foodItems.add(new MenuQuickSort.FoodItem("Chicken Biryani", 1450, "https://images.unsplash.com/photo-1631515243349-e0cb75fb8d3a", "Spice Garden"));
81:       foodItems.add(new MenuQuickSort.FoodItem("Pasta Alfredo", 1300, "https://images.unsplash.com/photo-1555949258-eb67b1ef0ceb", "Pasta Palace"));
82:       foodItems.add(new MenuQuickSort.FoodItem("Chocolate Cake", 800, "https://images.unsplash.com/photo-1563729784474-d77dbb933a9e", "Sweet Delights"));
83: 
84:       // Sri Lankan Food Items with store assignments


An error occurred at line: [82] in the jsp file: [/Menu/MenuPage.jsp]
The constructor MenuQuickSort.FoodItem(String, int, String, String) is undefined
79:       foodItems.add(new MenuQuickSort.FoodItem("Veg Burger", 950, "https://images.unsplash.com/photo-1568901346375-23c9450c58cd", "Burgers & More"));
80:       foodItems.add(new MenuQuickSort.FoodItem("Chicken Biryani", 1450, "https://images.unsplash.com/photo-1631515243349-e0cb75fb8d3a", "Spice Garden"));
81:       foodItems.add(new MenuQuickSort.FoodItem("Pasta Alfredo", 1300, "https://images.unsplash.com/photo-1555949258-eb67b1ef0ceb", "Pasta Palace"));
82:       foodItems.add(new MenuQuickSort.FoodItem("Chocolate Cake", 800, "https://images.unsplash.com/photo-1563729784474-d77dbb933a9e", "Sweet Delights"));
83: 
84:       // Sri Lankan Food Items with store assignments
85:       foodItems.add(new MenuQuickSort.FoodItem("Rice and Curry", 850, "https://cdn.pixabay.com/photo/2021/06/10/02/28/rice-6324796_1280.jpg", "Traditional Lankan Cuisine"));


An error occurred at line: [85] in the jsp file: [/Menu/MenuPage.jsp]
The constructor MenuQuickSort.FoodItem(String, int, String, String) is undefined
82:       foodItems.add(new MenuQuickSort.FoodItem("Chocolate Cake", 800, "https://images.unsplash.com/photo-1563729784474-d77dbb933a9e", "Sweet Delights"));
83: 
84:       // Sri Lankan Food Items with store assignments
85:       foodItems.add(new MenuQuickSort.FoodItem("Rice and Curry", 850, "https://cdn.pixabay.com/photo/2021/06/10/02/28/rice-6324796_1280.jpg", "Traditional Lankan Cuisine"));
86:       foodItems.add(new MenuQuickSort.FoodItem("Hoppers (Appa)", 600, "https://encrypted-tbn0.gstatic.com/images?q=tbn:ANd9GcRNV8ccWVhcpnBDzeVHDbhOy_qJNmAl6Nr7gAZl7ocniI8IkFhxaPLTUag&s", "Hoppers Heaven"));
87:       foodItems.add(new MenuQuickSort.FoodItem("String Hoppers", 700, "https://cdn.pixabay.com/photo/2021/06/02/01/35/indiappa-6303118_1280.jpg", "Hoppers Heaven"));
88:       foodItems.add(new MenuQuickSort.FoodItem("Kottu Roti", 1100, "https://st2.depositphotos.com/4404621/11594/i/950/depositphotos_115943092-stock-photo-sri-lankan-kottu-roti.jpg", "Traditional Lankan Cuisine"));


An error occurred at line: [86] in the jsp file: [/Menu/MenuPage.jsp]
The constructor MenuQuickSort.FoodItem(String, int, String, String) is undefined
83: 
84:       // Sri Lankan Food Items with store assignments
85:       foodItems.add(new MenuQuickSort.FoodItem("Rice and Curry", 850, "https://cdn.pixabay.com/photo/2021/06/10/02/28/rice-6324796_1280.jpg", "Traditional Lankan Cuisine"));
86:       foodItems.add(new MenuQuickSort.FoodItem("Hoppers (Appa)", 600, "https://encrypted-tbn0.gstatic.com/images?q=tbn:ANd9GcRNV8ccWVhcpnBDzeVHDbhOy_qJNmAl6Nr7gAZl7ocniI8IkFhxaPLTUag&s", "Hoppers Heaven"));
87:       foodItems.add(new MenuQuickSort.FoodItem("String Hoppers", 700, "https://cdn.pixabay.com/photo/2021/06/02/01/35/indiappa-6303118_1280.jpg", "Hoppers Heaven"));
88:       foodItems.add(new MenuQuickSort.FoodItem("Kottu Roti", 1100, "https://st2.depositphotos.com/4404621/11594/i/950/depositphotos_115943092-stock-photo-sri-lankan-kottu-roti.jpg", "Traditional Lankan Cuisine"));
89:       foodItems.add(new MenuQuickSort.FoodItem("Lamprais", 1500, "https://encrypted-tbn0.gstatic.com/images?q=tbn:ANd9GcQfwe9lrR3_zHGti7QzY46fvwSjFS0OeS0a6w&s", "Traditional Lankan Cuisine"));


An error occurred at line: [87] in the jsp file: [/Menu/MenuPage.jsp]
The constructor MenuQuickSort.FoodItem(String, int, String, String) is undefined
84:       // Sri Lankan Food Items with store assignments
85:       foodItems.add(new MenuQuickSort.FoodItem("Rice and Curry", 850, "https://cdn.pixabay.com/photo/2021/06/10/02/28/rice-6324796_1280.jpg", "Traditional Lankan Cuisine"));
86:       foodItems.add(new MenuQuickSort.FoodItem("Hoppers (Appa)", 600, "https://encrypted-tbn0.gstatic.com/images?q=tbn:ANd9GcRNV8ccWVhcpnBDzeVHDbhOy_qJNmAl6Nr7gAZl7ocniI8IkFhxaPLTUag&s", "Hoppers Heaven"));
87:       foodItems.add(new MenuQuickSort.FoodItem("String Hoppers", 700, "https://cdn.pixabay.com/photo/2021/06/02/01/35/indiappa-6303118_1280.jpg", "Hoppers Heaven"));
88:       foodItems.add(new MenuQuickSort.FoodItem("Kottu Roti", 1100, "https://st2.depositphotos.com/4404621/11594/i/950/depositphotos_115943092-stock-photo-sri-lankan-kottu-roti.jpg", "Traditional Lankan Cuisine"));
89:       foodItems.add(new MenuQuickSort.FoodItem("Lamprais", 1500, "https://encrypted-tbn0.gstatic.com/images?q=tbn:ANd9GcQfwe9lrR3_zHGti7QzY46fvwSjFS0OeS0a6w&s", "Traditional Lankan Cuisine"));
90:       foodItems.add(new MenuQuickSort.FoodItem("Parippu (Dhal Curry)", 450, "https://t4.ftcdn.net/jpg/12/98/17/27/360_F_1298172777_F9cDWv2ZfqMXBQRetvU31PaucagMh8Od.jpg", "Traditional Lankan Cuisine"));


An error occurred at line: [88] in the jsp file: [/Menu/MenuPage.jsp]
The constructor MenuQuickSort.FoodItem(String, int, String, String) is undefined
85:       foodItems.add(new MenuQuickSort.FoodItem("Rice and Curry", 850, "https://cdn.pixabay.com/photo/2021/06/10/02/28/rice-6324796_1280.jpg", "Traditional Lankan Cuisine"));
86:       foodItems.add(new MenuQuickSort.FoodItem("Hoppers (Appa)", 600, "https://encrypted-tbn0.gstatic.com/images?q=tbn:ANd9GcRNV8ccWVhcpnBDzeVHDbhOy_qJNmAl6Nr7gAZl7ocniI8IkFhxaPLTUag&s", "Hoppers Heaven"));
87:       foodItems.add(new MenuQuickSort.FoodItem("String Hoppers", 700, "https://cdn.pixabay.com/photo/2021/06/02/01/35/indiappa-6303118_1280.jpg", "Hoppers Heaven"));
88:       foodItems.add(new MenuQuickSort.FoodItem("Kottu Roti", 1100, "https://st2.depositphotos.com/4404621/11594/i/950/depositphotos_115943092-stock-photo-sri-lankan-kottu-roti.jpg", "Traditional Lankan Cuisine"));
89:       foodItems.add(new MenuQuickSort.FoodItem("Lamprais", 1500, "https://encrypted-tbn0.gstatic.com/images?q=tbn:ANd9GcQfwe9lrR3_zHGti7QzY46fvwSjFS0OeS0a6w&s", "Traditional Lankan Cuisine"));
90:       foodItems.add(new MenuQuickSort.FoodItem("Parippu (Dhal Curry)", 450, "https://t4.ftcdn.net/jpg/12/98/17/27/360_F_1298172777_F9cDWv2ZfqMXBQRetvU31PaucagMh8Od.jpg", "Traditional Lankan Cuisine"));
91:       foodItems.add(new MenuQuickSort.FoodItem("Pol Sambol", 300, "https://www.shutterstock.com/image-photo/coconut-sambal-srilankan-indian-spicy-260nw-1385467199.jpg", "Traditional Lankan Cuisine"));


An error occurred at line: [89] in the jsp file: [/Menu/MenuPage.jsp]
The constructor MenuQuickSort.FoodItem(String, int, String, String) is undefined
86:       foodItems.add(new MenuQuickSort.FoodItem("Hoppers (Appa)", 600, "https://encrypted-tbn0.gstatic.com/images?q=tbn:ANd9GcRNV8ccWVhcpnBDzeVHDbhOy_qJNmAl6Nr7gAZl7ocniI8IkFhxaPLTUag&s", "Hoppers Heaven"));
87:       foodItems.add(new MenuQuickSort.FoodItem("String Hoppers", 700, "https://cdn.pixabay.com/photo/2021/06/02/01/35/indiappa-6303118_1280.jpg", "Hoppers Heaven"));
88:       foodItems.add(new MenuQuickSort.FoodItem("Kottu Roti", 1100, "https://st2.depositphotos.com/4404621/11594/i/950/depositphotos_115943092-stock-photo-sri-lankan-kottu-roti.jpg", "Traditional Lankan Cuisine"));
89:       foodItems.add(new MenuQuickSort.FoodItem("Lamprais", 1500, "https://encrypted-tbn0.gstatic.com/images?q=tbn:ANd9GcQfwe9lrR3_zHGti7QzY46fvwSjFS0OeS0a6w&s", "Traditional Lankan Cuisine"));
90:       foodItems.add(new MenuQuickSort.FoodItem("Parippu (Dhal Curry)", 450, "https://t4.ftcdn.net/jpg/12/98/17/27/360_F_1298172777_F9cDWv2ZfqMXBQRetvU31PaucagMh8Od.jpg", "Traditional Lankan Cuisine"));
91:       foodItems.add(new MenuQuickSort.FoodItem("Pol Sambol", 300, "https://www.shutterstock.com/image-photo/coconut-sambal-srilankan-indian-spicy-260nw-1385467199.jpg", "Traditional Lankan Cuisine"));
92:       foodItems.add(new MenuQuickSort.FoodItem("Fish Ambul Thiyal", 1250, "https://encrypted-tbn0.gstatic.com/images?q=tbn:ANd9GcTiZYFp7NMiwEnzFA9mW-nBfpkhMA2I0FIO7A&s", "Seafood Paradise"));


An error occurred at line: [90] in the jsp file: [/Menu/MenuPage.jsp]
The constructor MenuQuickSort.FoodItem(String, int, String, String) is undefined
87:       foodItems.add(new MenuQuickSort.FoodItem("String Hoppers", 700, "https://cdn.pixabay.com/photo/2021/06/02/01/35/indiappa-6303118_1280.jpg", "Hoppers Heaven"));
88:       foodItems.add(new MenuQuickSort.FoodItem("Kottu Roti", 1100, "https://st2.depositphotos.com/4404621/11594/i/950/depositphotos_115943092-stock-photo-sri-lankan-kottu-roti.jpg", "Traditional Lankan Cuisine"));
89:       foodItems.add(new MenuQuickSort.FoodItem("Lamprais", 1500, "https://encrypted-tbn0.gstatic.com/images?q=tbn:ANd9GcQfwe9lrR3_zHGti7QzY46fvwSjFS0OeS0a6w&s", "Traditional Lankan Cuisine"));
90:       foodItems.add(new MenuQuickSort.FoodItem("Parippu (Dhal Curry)", 450, "https://t4.ftcdn.net/jpg/12/98/17/27/360_F_1298172777_F9cDWv2ZfqMXBQRetvU31PaucagMh8Od.jpg", "Traditional Lankan Cuisine"));
91:       foodItems.add(new MenuQuickSort.FoodItem("Pol Sambol", 300, "https://www.shutterstock.com/image-photo/coconut-sambal-srilankan-indian-spicy-260nw-1385467199.jpg", "Traditional Lankan Cuisine"));
92:       foodItems.add(new MenuQuickSort.FoodItem("Fish Ambul Thiyal", 1250, "https://encrypted-tbn0.gstatic.com/images?q=tbn:ANd9GcTiZYFp7NMiwEnzFA9mW-nBfpkhMA2I0FIO7A&s", "Seafood Paradise"));
93:       foodItems.add(new MenuQuickSort.FoodItem("Watalappan", 650, "https://i.pinimg.com/736x/44/a0/fd/44a0fd85600261e66ba1f1554f58a294.jpg", "Sweet Delights"));


An error occurred at line: [91] in the jsp file: [/Menu/MenuPage.jsp]
The constructor MenuQuickSort.FoodItem(String, int, String, String) is undefined
88:       foodItems.add(new MenuQuickSort.FoodItem("Kottu Roti", 1100, "https://st2.depositphotos.com/4404621/11594/i/950/depositphotos_115943092-stock-photo-sri-lankan-kottu-roti.jpg", "Traditional Lankan Cuisine"));
89:       foodItems.add(new MenuQuickSort.FoodItem("Lamprais", 1500, "https://encrypted-tbn0.gstatic.com/images?q=tbn:ANd9GcQfwe9lrR3_zHGti7QzY46fvwSjFS0OeS0a6w&s", "Traditional Lankan Cuisine"));
90:       foodItems.add(new MenuQuickSort.FoodItem("Parippu (Dhal Curry)", 450, "https://t4.ftcdn.net/jpg/12/98/17/27/360_F_1298172777_F9cDWv2ZfqMXBQRetvU31PaucagMh8Od.jpg", "Traditional Lankan Cuisine"));
91:       foodItems.add(new MenuQuickSort.FoodItem("Pol Sambol", 300, "https://www.shutterstock.com/image-photo/coconut-sambal-srilankan-indian-spicy-260nw-1385467199.jpg", "Traditional Lankan Cuisine"));
92:       foodItems.add(new MenuQuickSort.FoodItem("Fish Ambul Thiyal", 1250, "https://encrypted-tbn0.gstatic.com/images?q=tbn:ANd9GcTiZYFp7NMiwEnzFA9mW-nBfpkhMA2I0FIO7A&s", "Seafood Paradise"));
93:       foodItems.add(new MenuQuickSort.FoodItem("Watalappan", 650, "https://i.pinimg.com/736x/44/a0/fd/44a0fd85600261e66ba1f1554f58a294.jpg", "Sweet Delights"));
94:       foodItems.add(new MenuQuickSort.FoodItem("Kiribath", 500, "https://encrypted-tbn0.gstatic.com/images?q=tbn:ANd9GcQiBofg6zdJFEVeo9WK0HkUR47S3Kv5ovjV-A&s", "Traditional Lankan Cuisine"));


An error occurred at line: [92] in the jsp file: [/Menu/MenuPage.jsp]
The constructor MenuQuickSort.FoodItem(String, int, String, String) is undefined
89:       foodItems.add(new MenuQuickSort.FoodItem("Lamprais", 1500, "https://encrypted-tbn0.gstatic.com/images?q=tbn:ANd9GcQfwe9lrR3_zHGti7QzY46fvwSjFS0OeS0a6w&s", "Traditional Lankan Cuisine"));
90:       foodItems.add(new MenuQuickSort.FoodItem("Parippu (Dhal Curry)", 450, "https://t4.ftcdn.net/jpg/12/98/17/27/360_F_1298172777_F9cDWv2ZfqMXBQRetvU31PaucagMh8Od.jpg", "Traditional Lankan Cuisine"));
91:       foodItems.add(new MenuQuickSort.FoodItem("Pol Sambol", 300, "https://www.shutterstock.com/image-photo/coconut-sambal-srilankan-indian-spicy-260nw-1385467199.jpg", "Traditional Lankan Cuisine"));
92:       foodItems.add(new MenuQuickSort.FoodItem("Fish Ambul Thiyal", 1250, "https://encrypted-tbn0.gstatic.com/images?q=tbn:ANd9GcTiZYFp7NMiwEnzFA9mW-nBfpkhMA2I0FIO7A&s", "Seafood Paradise"));
93:       foodItems.add(new MenuQuickSort.FoodItem("Watalappan", 650, "https://i.pinimg.com/736x/44/a0/fd/44a0fd85600261e66ba1f1554f58a294.jpg", "Sweet Delights"));
94:       foodItems.add(new MenuQuickSort.FoodItem("Kiribath", 500, "https://encrypted-tbn0.gstatic.com/images?q=tbn:ANd9GcQiBofg6zdJFEVeo9WK0HkUR47S3Kv5ovjV-A&s", "Traditional Lankan Cuisine"));
95:       foodItems.add(new MenuQuickSort.FoodItem("Gotu Kola Sambol", 400, "https://encrypted-tbn0.gstatic.com/images?q=tbn:ANd9GcTwFTJjs66zXsNvpqjVcGX8ylLHLTYYvQQoOg&s", "Traditional Lankan Cuisine"));


An error occurred at line: [93] in the jsp file: [/Menu/MenuPage.jsp]
The constructor MenuQuickSort.FoodItem(String, int, String, String) is undefined
90:       foodItems.add(new MenuQuickSort.FoodItem("Parippu (Dhal Curry)", 450, "https://t4.ftcdn.net/jpg/12/98/17/27/360_F_1298172777_F9cDWv2ZfqMXBQRetvU31PaucagMh8Od.jpg", "Traditional Lankan Cuisine"));
91:       foodItems.add(new MenuQuickSort.FoodItem("Pol Sambol", 300, "https://www.shutterstock.com/image-photo/coconut-sambal-srilankan-indian-spicy-260nw-1385467199.jpg", "Traditional Lankan Cuisine"));
92:       foodItems.add(new MenuQuickSort.FoodItem("Fish Ambul Thiyal", 1250, "https://encrypted-tbn0.gstatic.com/images?q=tbn:ANd9GcTiZYFp7NMiwEnzFA9mW-nBfpkhMA2I0FIO7A&s", "Seafood Paradise"));
93:       foodItems.add(new MenuQuickSort.FoodItem("Watalappan", 650, "https://i.pinimg.com/736x/44/a0/fd/44a0fd85600261e66ba1f1554f58a294.jpg", "Sweet Delights"));
94:       foodItems.add(new MenuQuickSort.FoodItem("Kiribath", 500, "https://encrypted-tbn0.gstatic.com/images?q=tbn:ANd9GcQiBofg6zdJFEVeo9WK0HkUR47S3Kv5ovjV-A&s", "Traditional Lankan Cuisine"));
95:       foodItems.add(new MenuQuickSort.FoodItem("Gotu Kola Sambol", 400, "https://encrypted-tbn0.gstatic.com/images?q=tbn:ANd9GcTwFTJjs66zXsNvpqjVcGX8ylLHLTYYvQQoOg&s", "Traditional Lankan Cuisine"));
96:       foodItems.add(new MenuQuickSort.FoodItem("Jaffna Crab Curry", 1800, "https://encrypted-tbn0.gstatic.com/images?q=tbn:ANd9GcQWO3JXRWbueGSlvXkleqQy1EWLVJx-Pbf6RQ&s", "Seafood Paradise"));


An error occurred at line: [94] in the jsp file: [/Menu/MenuPage.jsp]
The constructor MenuQuickSort.FoodItem(String, int, String, String) is undefined
91:       foodItems.add(new MenuQuickSort.FoodItem("Pol Sambol", 300, "https://www.shutterstock.com/image-photo/coconut-sambal-srilankan-indian-spicy-260nw-1385467199.jpg", "Traditional Lankan Cuisine"));
92:       foodItems.add(new MenuQuickSort.FoodItem("Fish Ambul Thiyal", 1250, "https://encrypted-tbn0.gstatic.com/images?q=tbn:ANd9GcTiZYFp7NMiwEnzFA9mW-nBfpkhMA2I0FIO7A&s", "Seafood Paradise"));
93:       foodItems.add(new MenuQuickSort.FoodItem("Watalappan", 650, "https://i.pinimg.com/736x/44/a0/fd/44a0fd85600261e66ba1f1554f58a294.jpg", "Sweet Delights"));
94:       foodItems.add(new MenuQuickSort.FoodItem("Kiribath", 500, "https://encrypted-tbn0.gstatic.com/images?q=tbn:ANd9GcQiBofg6zdJFEVeo9WK0HkUR47S3Kv5ovjV-A&s", "Traditional Lankan Cuisine"));
95:       foodItems.add(new MenuQuickSort.FoodItem("Gotu Kola Sambol", 400, "https://encrypted-tbn0.gstatic.com/images?q=tbn:ANd9GcTwFTJjs66zXsNvpqjVcGX8ylLHLTYYvQQoOg&s", "Traditional Lankan Cuisine"));
96:       foodItems.add(new MenuQuickSort.FoodItem("Jaffna Crab Curry", 1800, "https://encrypted-tbn0.gstatic.com/images?q=tbn:ANd9GcQWO3JXRWbueGSlvXkleqQy1EWLVJx-Pbf6RQ&s", "Seafood Paradise"));
97:       foodItems.add(new MenuQuickSort.FoodItem("Egg Roti", 550, "https://www.shutterstock.com/image-photo/omelette-chapati-roll-franky-indian-260nw-2228945967.jpg", "Hoppers Heaven"));


An error occurred at line: [95] in the jsp file: [/Menu/MenuPage.jsp]
The constructor MenuQuickSort.FoodItem(String, int, String, String) is undefined
92:       foodItems.add(new MenuQuickSort.FoodItem("Fish Ambul Thiyal", 1250, "https://encrypted-tbn0.gstatic.com/images?q=tbn:ANd9GcTiZYFp7NMiwEnzFA9mW-nBfpkhMA2I0FIO7A&s", "Seafood Paradise"));
93:       foodItems.add(new MenuQuickSort.FoodItem("Watalappan", 650, "https://i.pinimg.com/736x/44/a0/fd/44a0fd85600261e66ba1f1554f58a294.jpg", "Sweet Delights"));
94:       foodItems.add(new MenuQuickSort.FoodItem("Kiribath", 500, "https://encrypted-tbn0.gstatic.com/images?q=tbn:ANd9GcQiBofg6zdJFEVeo9WK0HkUR47S3Kv5ovjV-A&s", "Traditional Lankan Cuisine"));
95:       foodItems.add(new MenuQuickSort.FoodItem("Gotu Kola Sambol", 400, "https://encrypted-tbn0.gstatic.com/images?q=tbn:ANd9GcTwFTJjs66zXsNvpqjVcGX8ylLHLTYYvQQoOg&s", "Traditional Lankan Cuisine"));
96:       foodItems.add(new MenuQuickSort.FoodItem("Jaffna Crab Curry", 1800, "https://encrypted-tbn0.gstatic.com/images?q=tbn:ANd9GcQWO3JXRWbueGSlvXkleqQy1EWLVJx-Pbf6RQ&s", "Seafood Paradise"));
97:       foodItems.add(new MenuQuickSort.FoodItem("Egg Roti", 550, "https://www.shutterstock.com/image-photo/omelette-chapati-roll-franky-indian-260nw-2228945967.jpg", "Hoppers Heaven"));
98:       foodItems.add(new MenuQuickSort.FoodItem("Milk Rice", 450, "https://ttcsrilanka.com/wp-content/uploads/2020/08/kiribath-1.jpg-02.jpg", "Traditional Lankan Cuisine"));


An error occurred at line: [96] in the jsp file: [/Menu/MenuPage.jsp]
The constructor MenuQuickSort.FoodItem(String, int, String, String) is undefined
93:       foodItems.add(new MenuQuickSort.FoodItem("Watalappan", 650, "https://i.pinimg.com/736x/44/a0/fd/44a0fd85600261e66ba1f1554f58a294.jpg", "Sweet Delights"));
94:       foodItems.add(new MenuQuickSort.FoodItem("Kiribath", 500, "https://encrypted-tbn0.gstatic.com/images?q=tbn:ANd9GcQiBofg6zdJFEVeo9WK0HkUR47S3Kv5ovjV-A&s", "Traditional Lankan Cuisine"));
95:       foodItems.add(new MenuQuickSort.FoodItem("Gotu Kola Sambol", 400, "https://encrypted-tbn0.gstatic.com/images?q=tbn:ANd9GcTwFTJjs66zXsNvpqjVcGX8ylLHLTYYvQQoOg&s", "Traditional Lankan Cuisine"));
96:       foodItems.add(new MenuQuickSort.FoodItem("Jaffna Crab Curry", 1800, "https://encrypted-tbn0.gstatic.com/images?q=tbn:ANd9GcQWO3JXRWbueGSlvXkleqQy1EWLVJx-Pbf6RQ&s", "Seafood Paradise"));
97:       foodItems.add(new MenuQuickSort.FoodItem("Egg Roti", 550, "https://www.shutterstock.com/image-photo/omelette-chapati-roll-franky-indian-260nw-2228945967.jpg", "Hoppers Heaven"));
98:       foodItems.add(new MenuQuickSort.FoodItem("Milk Rice", 450, "https://ttcsrilanka.com/wp-content/uploads/2020/08/kiribath-1.jpg-02.jpg", "Traditional Lankan Cuisine"));
99:       foodItems.add(new MenuQuickSort.FoodItem("Pittu", 600, "https://t4.ftcdn.net/jpg/04/19/63/05/360_F_419630515_FN5OzSxaWfM03KN9jJrpfYcv7teOlr0r.jpg", "Traditional Lankan Cuisine"));


An error occurred at line: [97] in the jsp file: [/Menu/MenuPage.jsp]
The constructor MenuQuickSort.FoodItem(String, int, String, String) is undefined
94:       foodItems.add(new MenuQuickSort.FoodItem("Kiribath", 500, "https://encrypted-tbn0.gstatic.com/images?q=tbn:ANd9GcQiBofg6zdJFEVeo9WK0HkUR47S3Kv5ovjV-A&s", "Traditional Lankan Cuisine"));
95:       foodItems.add(new MenuQuickSort.FoodItem("Gotu Kola Sambol", 400, "https://encrypted-tbn0.gstatic.com/images?q=tbn:ANd9GcTwFTJjs66zXsNvpqjVcGX8ylLHLTYYvQQoOg&s", "Traditional Lankan Cuisine"));
96:       foodItems.add(new MenuQuickSort.FoodItem("Jaffna Crab Curry", 1800, "https://encrypted-tbn0.gstatic.com/images?q=tbn:ANd9GcQWO3JXRWbueGSlvXkleqQy1EWLVJx-Pbf6RQ&s", "Seafood Paradise"));
97:       foodItems.add(new MenuQuickSort.FoodItem("Egg Roti", 550, "https://www.shutterstock.com/image-photo/omelette-chapati-roll-franky-indian-260nw-2228945967.jpg", "Hoppers Heaven"));
98:       foodItems.add(new MenuQuickSort.FoodItem("Milk Rice", 450, "https://ttcsrilanka.com/wp-content/uploads/2020/08/kiribath-1.jpg-02.jpg", "Traditional Lankan Cuisine"));
99:       foodItems.add(new MenuQuickSort.FoodItem("Pittu", 600, "https://t4.ftcdn.net/jpg/04/19/63/05/360_F_419630515_FN5OzSxaWfM03KN9jJrpfYcv7teOlr0r.jpg", "Traditional Lankan Cuisine"));
100: 


An error occurred at line: [98] in the jsp file: [/Menu/MenuPage.jsp]
The constructor MenuQuickSort.FoodItem(String, int, String, String) is undefined
95:       foodItems.add(new MenuQuickSort.FoodItem("Gotu Kola Sambol", 400, "https://encrypted-tbn0.gstatic.com/images?q=tbn:ANd9GcTwFTJjs66zXsNvpqjVcGX8ylLHLTYYvQQoOg&s", "Traditional Lankan Cuisine"));
96:       foodItems.add(new MenuQuickSort.FoodItem("Jaffna Crab Curry", 1800, "https://encrypted-tbn0.gstatic.com/images?q=tbn:ANd9GcQWO3JXRWbueGSlvXkleqQy1EWLVJx-Pbf6RQ&s", "Seafood Paradise"));
97:       foodItems.add(new MenuQuickSort.FoodItem("Egg Roti", 550, "https://www.shutterstock.com/image-photo/omelette-chapati-roll-franky-indian-260nw-2228945967.jpg", "Hoppers Heaven"));
98:       foodItems.add(new MenuQuickSort.FoodItem("Milk Rice", 450, "https://ttcsrilanka.com/wp-content/uploads/2020/08/kiribath-1.jpg-02.jpg", "Traditional Lankan Cuisine"));
99:       foodItems.add(new MenuQuickSort.FoodItem("Pittu", 600, "https://t4.ftcdn.net/jpg/04/19/63/05/360_F_419630515_FN5OzSxaWfM03KN9jJrpfYcv7teOlr0r.jpg", "Traditional Lankan Cuisine"));
100: 
101:       // Apply sorting if requested


An error occurred at line: [99] in the jsp file: [/Menu/MenuPage.jsp]
The constructor MenuQuickSort.FoodItem(String, int, String, String) is undefined
96:       foodItems.add(new MenuQuickSort.FoodItem("Jaffna Crab Curry", 1800, "https://encrypted-tbn0.gstatic.com/images?q=tbn:ANd9GcQWO3JXRWbueGSlvXkleqQy1EWLVJx-Pbf6RQ&s", "Seafood Paradise"));
97:       foodItems.add(new MenuQuickSort.FoodItem("Egg Roti", 550, "https://www.shutterstock.com/image-photo/omelette-chapati-roll-franky-indian-260nw-2228945967.jpg", "Hoppers Heaven"));
98:       foodItems.add(new MenuQuickSort.FoodItem("Milk Rice", 450, "https://ttcsrilanka.com/wp-content/uploads/2020/08/kiribath-1.jpg-02.jpg", "Traditional Lankan Cuisine"));
99:       foodItems.add(new MenuQuickSort.FoodItem("Pittu", 600, "https://t4.ftcdn.net/jpg/04/19/63/05/360_F_419630515_FN5OzSxaWfM03KN9jJrpfYcv7teOlr0r.jpg", "Traditional Lankan Cuisine"));
100: 
101:       // Apply sorting if requested
102:       if ("price".equals(request.getParameter("sort"))) {


An error occurred at line: [112] in the jsp file: [/Menu/MenuPage.jsp]
The method getStore() is undefined for the type MenuQuickSort.FoodItem
109:         List<MenuQuickSort.FoodItem> filteredItems = new ArrayList<>();
110:         for (MenuQuickSort.FoodItem item : foodItems) {
111:           if (item.getName().toLowerCase().contains(searchTerm.toLowerCase()) ||
112:                   item.getStore().toLowerCase().contains(searchTerm.toLowerCase())) {
113:             filteredItems.add(item);
114:           }
115:         }


An error occurred at line: [121] in the jsp file: [/Menu/MenuPage.jsp]
The method getStore() is undefined for the type MenuQuickSort.FoodItem
118: 
119:       // Group items by store
120:       for (MenuQuickSort.FoodItem item : foodItems) {
121:         String store = item.getStore();
122:         if (!storeItemsMap.containsKey(store)) {
123:           storeItemsMap.put(store, new ArrayList<>());
124:         }


Stacktrace:] with root cause
	org.apache.jasper.JasperException: Unable to compile class for JSP: 

An error occurred at line: [78] in the jsp file: [/Menu/MenuPage.jsp]
The constructor MenuQuickSort.FoodItem(String, int, String, String) is undefined
75: 
76:       // Original items with store assignments
77:       List<MenuQuickSort.FoodItem> foodItems = new ArrayList<>();
78:       foodItems.add(new MenuQuickSort.FoodItem("Cheese Pizza", 1200, "https://images.unsplash.com/photo-1565299624946-b28f40a0ae38", "Colombo Pizza Hub"));
79:       foodItems.add(new MenuQuickSort.FoodItem("Veg Burger", 950, "https://images.unsplash.com/photo-1568901346375-23c9450c58cd", "Burgers & More"));
80:       foodItems.add(new MenuQuickSort.FoodItem("Chicken Biryani", 1450, "https://images.unsplash.com/photo-1631515243349-e0cb75fb8d3a", "Spice Garden"));
81:       foodItems.add(new MenuQuickSort.FoodItem("Pasta Alfredo", 1300, "https://images.unsplash.com/photo-1555949258-eb67b1ef0ceb", "Pasta Palace"));


An error occurred at line: [79] in the jsp file: [/Menu/MenuPage.jsp]
The constructor MenuQuickSort.FoodItem(String, int, String, String) is undefined
76:       // Original items with store assignments
77:       List<MenuQuickSort.FoodItem> foodItems = new ArrayList<>();
78:       foodItems.add(new MenuQuickSort.FoodItem("Cheese Pizza", 1200, "https://images.unsplash.com/photo-1565299624946-b28f40a0ae38", "Colombo Pizza Hub"));
79:       foodItems.add(new MenuQuickSort.FoodItem("Veg Burger", 950, "https://images.unsplash.com/photo-1568901346375-23c9450c58cd", "Burgers & More"));
80:       foodItems.add(new MenuQuickSort.FoodItem("Chicken Biryani", 1450, "https://images.unsplash.com/photo-1631515243349-e0cb75fb8d3a", "Spice Garden"));
81:       foodItems.add(new MenuQuickSort.FoodItem("Pasta Alfredo", 1300, "https://images.unsplash.com/photo-1555949258-eb67b1ef0ceb", "Pasta Palace"));
82:       foodItems.add(new MenuQuickSort.FoodItem("Chocolate Cake", 800, "https://images.unsplash.com/photo-1563729784474-d77dbb933a9e", "Sweet Delights"));


An error occurred at line: [80] in the jsp file: [/Menu/MenuPage.jsp]
The constructor MenuQuickSort.FoodItem(String, int, String, String) is undefined
77:       List<MenuQuickSort.FoodItem> foodItems = new ArrayList<>();
78:       foodItems.add(new MenuQuickSort.FoodItem("Cheese Pizza", 1200, "https://images.unsplash.com/photo-1565299624946-b28f40a0ae38", "Colombo Pizza Hub"));
79:       foodItems.add(new MenuQuickSort.FoodItem("Veg Burger", 950, "https://images.unsplash.com/photo-1568901346375-23c9450c58cd", "Burgers & More"));
80:       foodItems.add(new MenuQuickSort.FoodItem("Chicken Biryani", 1450, "https://images.unsplash.com/photo-1631515243349-e0cb75fb8d3a", "Spice Garden"));
81:       foodItems.add(new MenuQuickSort.FoodItem("Pasta Alfredo", 1300, "https://images.unsplash.com/photo-1555949258-eb67b1ef0ceb", "Pasta Palace"));
82:       foodItems.add(new MenuQuickSort.FoodItem("Chocolate Cake", 800, "https://images.unsplash.com/photo-1563729784474-d77dbb933a9e", "Sweet Delights"));
83: 


An error occurred at line: [81] in the jsp file: [/Menu/MenuPage.jsp]
The constructor MenuQuickSort.FoodItem(String, int, String, String) is undefined
78:       foodItems.add(new MenuQuickSort.FoodItem("Cheese Pizza", 1200, "https://images.unsplash.com/photo-1565299624946-b28f40a0ae38", "Colombo Pizza Hub"));
79:       foodItems.add(new MenuQuickSort.FoodItem("Veg Burger", 950, "https://images.unsplash.com/photo-1568901346375-23c9450c58cd", "Burgers & More"));
80:       foodItems.add(new MenuQuickSort.FoodItem("Chicken Biryani", 1450, "https://images.unsplash.com/photo-1631515243349-e0cb75fb8d3a", "Spice Garden"));
81:       foodItems.add(new MenuQuickSort.FoodItem("Pasta Alfredo", 1300, "https://images.unsplash.com/photo-1555949258-eb67b1ef0ceb", "Pasta Palace"));
82:       foodItems.add(new MenuQuickSort.FoodItem("Chocolate Cake", 800, "https://images.unsplash.com/photo-1563729784474-d77dbb933a9e", "Sweet Delights"));
83: 
84:       // Sri Lankan Food Items with store assignments


An error occurred at line: [82] in the jsp file: [/Menu/MenuPage.jsp]
The constructor MenuQuickSort.FoodItem(String, int, String, String) is undefined
79:       foodItems.add(new MenuQuickSort.FoodItem("Veg Burger", 950, "https://images.unsplash.com/photo-1568901346375-23c9450c58cd", "Burgers & More"));
80:       foodItems.add(new MenuQuickSort.FoodItem("Chicken Biryani", 1450, "https://images.unsplash.com/photo-1631515243349-e0cb75fb8d3a", "Spice Garden"));
81:       foodItems.add(new MenuQuickSort.FoodItem("Pasta Alfredo", 1300, "https://images.unsplash.com/photo-1555949258-eb67b1ef0ceb", "Pasta Palace"));
82:       foodItems.add(new MenuQuickSort.FoodItem("Chocolate Cake", 800, "https://images.unsplash.com/photo-1563729784474-d77dbb933a9e", "Sweet Delights"));
83: 
84:       // Sri Lankan Food Items with store assignments
85:       foodItems.add(new MenuQuickSort.FoodItem("Rice and Curry", 850, "https://cdn.pixabay.com/photo/2021/06/10/02/28/rice-6324796_1280.jpg", "Traditional Lankan Cuisine"));


An error occurred at line: [85] in the jsp file: [/Menu/MenuPage.jsp]
The constructor MenuQuickSort.FoodItem(String, int, String, String) is undefined
82:       foodItems.add(new MenuQuickSort.FoodItem("Chocolate Cake", 800, "https://images.unsplash.com/photo-1563729784474-d77dbb933a9e", "Sweet Delights"));
83: 
84:       // Sri Lankan Food Items with store assignments
85:       foodItems.add(new MenuQuickSort.FoodItem("Rice and Curry", 850, "https://cdn.pixabay.com/photo/2021/06/10/02/28/rice-6324796_1280.jpg", "Traditional Lankan Cuisine"));
86:       foodItems.add(new MenuQuickSort.FoodItem("Hoppers (Appa)", 600, "https://encrypted-tbn0.gstatic.com/images?q=tbn:ANd9GcRNV8ccWVhcpnBDzeVHDbhOy_qJNmAl6Nr7gAZl7ocniI8IkFhxaPLTUag&s", "Hoppers Heaven"));
87:       foodItems.add(new MenuQuickSort.FoodItem("String Hoppers", 700, "https://cdn.pixabay.com/photo/2021/06/02/01/35/indiappa-6303118_1280.jpg", "Hoppers Heaven"));
88:       foodItems.add(new MenuQuickSort.FoodItem("Kottu Roti", 1100, "https://st2.depositphotos.com/4404621/11594/i/950/depositphotos_115943092-stock-photo-sri-lankan-kottu-roti.jpg", "Traditional Lankan Cuisine"));


An error occurred at line: [86] in the jsp file: [/Menu/MenuPage.jsp]
The constructor MenuQuickSort.FoodItem(String, int, String, String) is undefined
83: 
84:       // Sri Lankan Food Items with store assignments
85:       foodItems.add(new MenuQuickSort.FoodItem("Rice and Curry", 850, "https://cdn.pixabay.com/photo/2021/06/10/02/28/rice-6324796_1280.jpg", "Traditional Lankan Cuisine"));
86:       foodItems.add(new MenuQuickSort.FoodItem("Hoppers (Appa)", 600, "https://encrypted-tbn0.gstatic.com/images?q=tbn:ANd9GcRNV8ccWVhcpnBDzeVHDbhOy_qJNmAl6Nr7gAZl7ocniI8IkFhxaPLTUag&s", "Hoppers Heaven"));
87:       foodItems.add(new MenuQuickSort.FoodItem("String Hoppers", 700, "https://cdn.pixabay.com/photo/2021/06/02/01/35/indiappa-6303118_1280.jpg", "Hoppers Heaven"));
88:       foodItems.add(new MenuQuickSort.FoodItem("Kottu Roti", 1100, "https://st2.depositphotos.com/4404621/11594/i/950/depositphotos_115943092-stock-photo-sri-lankan-kottu-roti.jpg", "Traditional Lankan Cuisine"));
89:       foodItems.add(new MenuQuickSort.FoodItem("Lamprais", 1500, "https://encrypted-tbn0.gstatic.com/images?q=tbn:ANd9GcQfwe9lrR3_zHGti7QzY46fvwSjFS0OeS0a6w&s", "Traditional Lankan Cuisine"));


An error occurred at line: [87] in the jsp file: [/Menu/MenuPage.jsp]
The constructor MenuQuickSort.FoodItem(String, int, String, String) is undefined
84:       // Sri Lankan Food Items with store assignments
85:       foodItems.add(new MenuQuickSort.FoodItem("Rice and Curry", 850, "https://cdn.pixabay.com/photo/2021/06/10/02/28/rice-6324796_1280.jpg", "Traditional Lankan Cuisine"));
86:       foodItems.add(new MenuQuickSort.FoodItem("Hoppers (Appa)", 600, "https://encrypted-tbn0.gstatic.com/images?q=tbn:ANd9GcRNV8ccWVhcpnBDzeVHDbhOy_qJNmAl6Nr7gAZl7ocniI8IkFhxaPLTUag&s", "Hoppers Heaven"));
87:       foodItems.add(new MenuQuickSort.FoodItem("String Hoppers", 700, "https://cdn.pixabay.com/photo/2021/06/02/01/35/indiappa-6303118_1280.jpg", "Hoppers Heaven"));
88:       foodItems.add(new MenuQuickSort.FoodItem("Kottu Roti", 1100, "https://st2.depositphotos.com/4404621/11594/i/950/depositphotos_115943092-stock-photo-sri-lankan-kottu-roti.jpg", "Traditional Lankan Cuisine"));
89:       foodItems.add(new MenuQuickSort.FoodItem("Lamprais", 1500, "https://encrypted-tbn0.gstatic.com/images?q=tbn:ANd9GcQfwe9lrR3_zHGti7QzY46fvwSjFS0OeS0a6w&s", "Traditional Lankan Cuisine"));
90:       foodItems.add(new MenuQuickSort.FoodItem("Parippu (Dhal Curry)", 450, "https://t4.ftcdn.net/jpg/12/98/17/27/360_F_1298172777_F9cDWv2ZfqMXBQRetvU31PaucagMh8Od.jpg", "Traditional Lankan Cuisine"));


An error occurred at line: [88] in the jsp file: [/Menu/MenuPage.jsp]
The constructor MenuQuickSort.FoodItem(String, int, String, String) is undefined
85:       foodItems.add(new MenuQuickSort.FoodItem("Rice and Curry", 850, "https://cdn.pixabay.com/photo/2021/06/10/02/28/rice-6324796_1280.jpg", "Traditional Lankan Cuisine"));
86:       foodItems.add(new MenuQuickSort.FoodItem("Hoppers (Appa)", 600, "https://encrypted-tbn0.gstatic.com/images?q=tbn:ANd9GcRNV8ccWVhcpnBDzeVHDbhOy_qJNmAl6Nr7gAZl7ocniI8IkFhxaPLTUag&s", "Hoppers Heaven"));
87:       foodItems.add(new MenuQuickSort.FoodItem("String Hoppers", 700, "https://cdn.pixabay.com/photo/2021/06/02/01/35/indiappa-6303118_1280.jpg", "Hoppers Heaven"));
88:       foodItems.add(new MenuQuickSort.FoodItem("Kottu Roti", 1100, "https://st2.depositphotos.com/4404621/11594/i/950/depositphotos_115943092-stock-photo-sri-lankan-kottu-roti.jpg", "Traditional Lankan Cuisine"));
89:       foodItems.add(new MenuQuickSort.FoodItem("Lamprais", 1500, "https://encrypted-tbn0.gstatic.com/images?q=tbn:ANd9GcQfwe9lrR3_zHGti7QzY46fvwSjFS0OeS0a6w&s", "Traditional Lankan Cuisine"));
90:       foodItems.add(new MenuQuickSort.FoodItem("Parippu (Dhal Curry)", 450, "https://t4.ftcdn.net/jpg/12/98/17/27/360_F_1298172777_F9cDWv2ZfqMXBQRetvU31PaucagMh8Od.jpg", "Traditional Lankan Cuisine"));
91:       foodItems.add(new MenuQuickSort.FoodItem("Pol Sambol", 300, "https://www.shutterstock.com/image-photo/coconut-sambal-srilankan-indian-spicy-260nw-1385467199.jpg", "Traditional Lankan Cuisine"));


An error occurred at line: [89] in the jsp file: [/Menu/MenuPage.jsp]
The constructor MenuQuickSort.FoodItem(String, int, String, String) is undefined
86:       foodItems.add(new MenuQuickSort.FoodItem("Hoppers (Appa)", 600, "https://encrypted-tbn0.gstatic.com/images?q=tbn:ANd9GcRNV8ccWVhcpnBDzeVHDbhOy_qJNmAl6Nr7gAZl7ocniI8IkFhxaPLTUag&s", "Hoppers Heaven"));
87:       foodItems.add(new MenuQuickSort.FoodItem("String Hoppers", 700, "https://cdn.pixabay.com/photo/2021/06/02/01/35/indiappa-6303118_1280.jpg", "Hoppers Heaven"));
88:       foodItems.add(new MenuQuickSort.FoodItem("Kottu Roti", 1100, "https://st2.depositphotos.com/4404621/11594/i/950/depositphotos_115943092-stock-photo-sri-lankan-kottu-roti.jpg", "Traditional Lankan Cuisine"));
89:       foodItems.add(new MenuQuickSort.FoodItem("Lamprais", 1500, "https://encrypted-tbn0.gstatic.com/images?q=tbn:ANd9GcQfwe9lrR3_zHGti7QzY46fvwSjFS0OeS0a6w&s", "Traditional Lankan Cuisine"));
90:       foodItems.add(new MenuQuickSort.FoodItem("Parippu (Dhal Curry)", 450, "https://t4.ftcdn.net/jpg/12/98/17/27/360_F_1298172777_F9cDWv2ZfqMXBQRetvU31PaucagMh8Od.jpg", "Traditional Lankan Cuisine"));
91:       foodItems.add(new MenuQuickSort.FoodItem("Pol Sambol", 300, "https://www.shutterstock.com/image-photo/coconut-sambal-srilankan-indian-spicy-260nw-1385467199.jpg", "Traditional Lankan Cuisine"));
92:       foodItems.add(new MenuQuickSort.FoodItem("Fish Ambul Thiyal", 1250, "https://encrypted-tbn0.gstatic.com/images?q=tbn:ANd9GcTiZYFp7NMiwEnzFA9mW-nBfpkhMA2I0FIO7A&s", "Seafood Paradise"));


An error occurred at line: [90] in the jsp file: [/Menu/MenuPage.jsp]
The constructor MenuQuickSort.FoodItem(String, int, String, String) is undefined
87:       foodItems.add(new MenuQuickSort.FoodItem("String Hoppers", 700, "https://cdn.pixabay.com/photo/2021/06/02/01/35/indiappa-6303118_1280.jpg", "Hoppers Heaven"));
88:       foodItems.add(new MenuQuickSort.FoodItem("Kottu Roti", 1100, "https://st2.depositphotos.com/4404621/11594/i/950/depositphotos_115943092-stock-photo-sri-lankan-kottu-roti.jpg", "Traditional Lankan Cuisine"));
89:       foodItems.add(new MenuQuickSort.FoodItem("Lamprais", 1500, "https://encrypted-tbn0.gstatic.com/images?q=tbn:ANd9GcQfwe9lrR3_zHGti7QzY46fvwSjFS0OeS0a6w&s", "Traditional Lankan Cuisine"));
90:       foodItems.add(new MenuQuickSort.FoodItem("Parippu (Dhal Curry)", 450, "https://t4.ftcdn.net/jpg/12/98/17/27/360_F_1298172777_F9cDWv2ZfqMXBQRetvU31PaucagMh8Od.jpg", "Traditional Lankan Cuisine"));
91:       foodItems.add(new MenuQuickSort.FoodItem("Pol Sambol", 300, "https://www.shutterstock.com/image-photo/coconut-sambal-srilankan-indian-spicy-260nw-1385467199.jpg", "Traditional Lankan Cuisine"));
92:       foodItems.add(new MenuQuickSort.FoodItem("Fish Ambul Thiyal", 1250, "https://encrypted-tbn0.gstatic.com/images?q=tbn:ANd9GcTiZYFp7NMiwEnzFA9mW-nBfpkhMA2I0FIO7A&s", "Seafood Paradise"));
93:       foodItems.add(new MenuQuickSort.FoodItem("Watalappan", 650, "https://i.pinimg.com/736x/44/a0/fd/44a0fd85600261e66ba1f1554f58a294.jpg", "Sweet Delights"));


An error occurred at line: [91] in the jsp file: [/Menu/MenuPage.jsp]
The constructor MenuQuickSort.FoodItem(String, int, String, String) is undefined
88:       foodItems.add(new MenuQuickSort.FoodItem("Kottu Roti", 1100, "https://st2.depositphotos.com/4404621/11594/i/950/depositphotos_115943092-stock-photo-sri-lankan-kottu-roti.jpg", "Traditional Lankan Cuisine"));
89:       foodItems.add(new MenuQuickSort.FoodItem("Lamprais", 1500, "https://encrypted-tbn0.gstatic.com/images?q=tbn:ANd9GcQfwe9lrR3_zHGti7QzY46fvwSjFS0OeS0a6w&s", "Traditional Lankan Cuisine"));
90:       foodItems.add(new MenuQuickSort.FoodItem("Parippu (Dhal Curry)", 450, "https://t4.ftcdn.net/jpg/12/98/17/27/360_F_1298172777_F9cDWv2ZfqMXBQRetvU31PaucagMh8Od.jpg", "Traditional Lankan Cuisine"));
91:       foodItems.add(new MenuQuickSort.FoodItem("Pol Sambol", 300, "https://www.shutterstock.com/image-photo/coconut-sambal-srilankan-indian-spicy-260nw-1385467199.jpg", "Traditional Lankan Cuisine"));
92:       foodItems.add(new MenuQuickSort.FoodItem("Fish Ambul Thiyal", 1250, "https://encrypted-tbn0.gstatic.com/images?q=tbn:ANd9GcTiZYFp7NMiwEnzFA9mW-nBfpkhMA2I0FIO7A&s", "Seafood Paradise"));
93:       foodItems.add(new MenuQuickSort.FoodItem("Watalappan", 650, "https://i.pinimg.com/736x/44/a0/fd/44a0fd85600261e66ba1f1554f58a294.jpg", "Sweet Delights"));
94:       foodItems.add(new MenuQuickSort.FoodItem("Kiribath", 500, "https://encrypted-tbn0.gstatic.com/images?q=tbn:ANd9GcQiBofg6zdJFEVeo9WK0HkUR47S3Kv5ovjV-A&s", "Traditional Lankan Cuisine"));


An error occurred at line: [92] in the jsp file: [/Menu/MenuPage.jsp]
The constructor MenuQuickSort.FoodItem(String, int, String, String) is undefined
89:       foodItems.add(new MenuQuickSort.FoodItem("Lamprais", 1500, "https://encrypted-tbn0.gstatic.com/images?q=tbn:ANd9GcQfwe9lrR3_zHGti7QzY46fvwSjFS0OeS0a6w&s", "Traditional Lankan Cuisine"));
90:       foodItems.add(new MenuQuickSort.FoodItem("Parippu (Dhal Curry)", 450, "https://t4.ftcdn.net/jpg/12/98/17/27/360_F_1298172777_F9cDWv2ZfqMXBQRetvU31PaucagMh8Od.jpg", "Traditional Lankan Cuisine"));
91:       foodItems.add(new MenuQuickSort.FoodItem("Pol Sambol", 300, "https://www.shutterstock.com/image-photo/coconut-sambal-srilankan-indian-spicy-260nw-1385467199.jpg", "Traditional Lankan Cuisine"));
92:       foodItems.add(new MenuQuickSort.FoodItem("Fish Ambul Thiyal", 1250, "https://encrypted-tbn0.gstatic.com/images?q=tbn:ANd9GcTiZYFp7NMiwEnzFA9mW-nBfpkhMA2I0FIO7A&s", "Seafood Paradise"));
93:       foodItems.add(new MenuQuickSort.FoodItem("Watalappan", 650, "https://i.pinimg.com/736x/44/a0/fd/44a0fd85600261e66ba1f1554f58a294.jpg", "Sweet Delights"));
94:       foodItems.add(new MenuQuickSort.FoodItem("Kiribath", 500, "https://encrypted-tbn0.gstatic.com/images?q=tbn:ANd9GcQiBofg6zdJFEVeo9WK0HkUR47S3Kv5ovjV-A&s", "Traditional Lankan Cuisine"));
95:       foodItems.add(new MenuQuickSort.FoodItem("Gotu Kola Sambol", 400, "https://encrypted-tbn0.gstatic.com/images?q=tbn:ANd9GcTwFTJjs66zXsNvpqjVcGX8ylLHLTYYvQQoOg&s", "Traditional Lankan Cuisine"));


An error occurred at line: [93] in the jsp file: [/Menu/MenuPage.jsp]
The constructor MenuQuickSort.FoodItem(String, int, String, String) is undefined
90:       foodItems.add(new MenuQuickSort.FoodItem("Parippu (Dhal Curry)", 450, "https://t4.ftcdn.net/jpg/12/98/17/27/360_F_1298172777_F9cDWv2ZfqMXBQRetvU31PaucagMh8Od.jpg", "Traditional Lankan Cuisine"));
91:       foodItems.add(new MenuQuickSort.FoodItem("Pol Sambol", 300, "https://www.shutterstock.com/image-photo/coconut-sambal-srilankan-indian-spicy-260nw-1385467199.jpg", "Traditional Lankan Cuisine"));
92:       foodItems.add(new MenuQuickSort.FoodItem("Fish Ambul Thiyal", 1250, "https://encrypted-tbn0.gstatic.com/images?q=tbn:ANd9GcTiZYFp7NMiwEnzFA9mW-nBfpkhMA2I0FIO7A&s", "Seafood Paradise"));
93:       foodItems.add(new MenuQuickSort.FoodItem("Watalappan", 650, "https://i.pinimg.com/736x/44/a0/fd/44a0fd85600261e66ba1f1554f58a294.jpg", "Sweet Delights"));
94:       foodItems.add(new MenuQuickSort.FoodItem("Kiribath", 500, "https://encrypted-tbn0.gstatic.com/images?q=tbn:ANd9GcQiBofg6zdJFEVeo9WK0HkUR47S3Kv5ovjV-A&s", "Traditional Lankan Cuisine"));
95:       foodItems.add(new MenuQuickSort.FoodItem("Gotu Kola Sambol", 400, "https://encrypted-tbn0.gstatic.com/images?q=tbn:ANd9GcTwFTJjs66zXsNvpqjVcGX8ylLHLTYYvQQoOg&s", "Traditional Lankan Cuisine"));
96:       foodItems.add(new MenuQuickSort.FoodItem("Jaffna Crab Curry", 1800, "https://encrypted-tbn0.gstatic.com/images?q=tbn:ANd9GcQWO3JXRWbueGSlvXkleqQy1EWLVJx-Pbf6RQ&s", "Seafood Paradise"));


An error occurred at line: [94] in the jsp file: [/Menu/MenuPage.jsp]
The constructor MenuQuickSort.FoodItem(String, int, String, String) is undefined
91:       foodItems.add(new MenuQuickSort.FoodItem("Pol Sambol", 300, "https://www.shutterstock.com/image-photo/coconut-sambal-srilankan-indian-spicy-260nw-1385467199.jpg", "Traditional Lankan Cuisine"));
92:       foodItems.add(new MenuQuickSort.FoodItem("Fish Ambul Thiyal", 1250, "https://encrypted-tbn0.gstatic.com/images?q=tbn:ANd9GcTiZYFp7NMiwEnzFA9mW-nBfpkhMA2I0FIO7A&s", "Seafood Paradise"));
93:       foodItems.add(new MenuQuickSort.FoodItem("Watalappan", 650, "https://i.pinimg.com/736x/44/a0/fd/44a0fd85600261e66ba1f1554f58a294.jpg", "Sweet Delights"));
94:       foodItems.add(new MenuQuickSort.FoodItem("Kiribath", 500, "https://encrypted-tbn0.gstatic.com/images?q=tbn:ANd9GcQiBofg6zdJFEVeo9WK0HkUR47S3Kv5ovjV-A&s", "Traditional Lankan Cuisine"));
95:       foodItems.add(new MenuQuickSort.FoodItem("Gotu Kola Sambol", 400, "https://encrypted-tbn0.gstatic.com/images?q=tbn:ANd9GcTwFTJjs66zXsNvpqjVcGX8ylLHLTYYvQQoOg&s", "Traditional Lankan Cuisine"));
96:       foodItems.add(new MenuQuickSort.FoodItem("Jaffna Crab Curry", 1800, "https://encrypted-tbn0.gstatic.com/images?q=tbn:ANd9GcQWO3JXRWbueGSlvXkleqQy1EWLVJx-Pbf6RQ&s", "Seafood Paradise"));
97:       foodItems.add(new MenuQuickSort.FoodItem("Egg Roti", 550, "https://www.shutterstock.com/image-photo/omelette-chapati-roll-franky-indian-260nw-2228945967.jpg", "Hoppers Heaven"));


An error occurred at line: [95] in the jsp file: [/Menu/MenuPage.jsp]
The constructor MenuQuickSort.FoodItem(String, int, String, String) is undefined
92:       foodItems.add(new MenuQuickSort.FoodItem("Fish Ambul Thiyal", 1250, "https://encrypted-tbn0.gstatic.com/images?q=tbn:ANd9GcTiZYFp7NMiwEnzFA9mW-nBfpkhMA2I0FIO7A&s", "Seafood Paradise"));
93:       foodItems.add(new MenuQuickSort.FoodItem("Watalappan", 650, "https://i.pinimg.com/736x/44/a0/fd/44a0fd85600261e66ba1f1554f58a294.jpg", "Sweet Delights"));
94:       foodItems.add(new MenuQuickSort.FoodItem("Kiribath", 500, "https://encrypted-tbn0.gstatic.com/images?q=tbn:ANd9GcQiBofg6zdJFEVeo9WK0HkUR47S3Kv5ovjV-A&s", "Traditional Lankan Cuisine"));
95:       foodItems.add(new MenuQuickSort.FoodItem("Gotu Kola Sambol", 400, "https://encrypted-tbn0.gstatic.com/images?q=tbn:ANd9GcTwFTJjs66zXsNvpqjVcGX8ylLHLTYYvQQoOg&s", "Traditional Lankan Cuisine"));
96:       foodItems.add(new MenuQuickSort.FoodItem("Jaffna Crab Curry", 1800, "https://encrypted-tbn0.gstatic.com/images?q=tbn:ANd9GcQWO3JXRWbueGSlvXkleqQy1EWLVJx-Pbf6RQ&s", "Seafood Paradise"));
97:       foodItems.add(new MenuQuickSort.FoodItem("Egg Roti", 550, "https://www.shutterstock.com/image-photo/omelette-chapati-roll-franky-indian-260nw-2228945967.jpg", "Hoppers Heaven"));
98:       foodItems.add(new MenuQuickSort.FoodItem("Milk Rice", 450, "https://ttcsrilanka.com/wp-content/uploads/2020/08/kiribath-1.jpg-02.jpg", "Traditional Lankan Cuisine"));


An error occurred at line: [96] in the jsp file: [/Menu/MenuPage.jsp]
The constructor MenuQuickSort.FoodItem(String, int, String, String) is undefined
93:       foodItems.add(new MenuQuickSort.FoodItem("Watalappan", 650, "https://i.pinimg.com/736x/44/a0/fd/44a0fd85600261e66ba1f1554f58a294.jpg", "Sweet Delights"));
94:       foodItems.add(new MenuQuickSort.FoodItem("Kiribath", 500, "https://encrypted-tbn0.gstatic.com/images?q=tbn:ANd9GcQiBofg6zdJFEVeo9WK0HkUR47S3Kv5ovjV-A&s", "Traditional Lankan Cuisine"));
95:       foodItems.add(new MenuQuickSort.FoodItem("Gotu Kola Sambol", 400, "https://encrypted-tbn0.gstatic.com/images?q=tbn:ANd9GcTwFTJjs66zXsNvpqjVcGX8ylLHLTYYvQQoOg&s", "Traditional Lankan Cuisine"));
96:       foodItems.add(new MenuQuickSort.FoodItem("Jaffna Crab Curry", 1800, "https://encrypted-tbn0.gstatic.com/images?q=tbn:ANd9GcQWO3JXRWbueGSlvXkleqQy1EWLVJx-Pbf6RQ&s", "Seafood Paradise"));
97:       foodItems.add(new MenuQuickSort.FoodItem("Egg Roti", 550, "https://www.shutterstock.com/image-photo/omelette-chapati-roll-franky-indian-260nw-2228945967.jpg", "Hoppers Heaven"));
98:       foodItems.add(new MenuQuickSort.FoodItem("Milk Rice", 450, "https://ttcsrilanka.com/wp-content/uploads/2020/08/kiribath-1.jpg-02.jpg", "Traditional Lankan Cuisine"));
99:       foodItems.add(new MenuQuickSort.FoodItem("Pittu", 600, "https://t4.ftcdn.net/jpg/04/19/63/05/360_F_419630515_FN5OzSxaWfM03KN9jJrpfYcv7teOlr0r.jpg", "Traditional Lankan Cuisine"));


An error occurred at line: [97] in the jsp file: [/Menu/MenuPage.jsp]
The constructor MenuQuickSort.FoodItem(String, int, String, String) is undefined
94:       foodItems.add(new MenuQuickSort.FoodItem("Kiribath", 500, "https://encrypted-tbn0.gstatic.com/images?q=tbn:ANd9GcQiBofg6zdJFEVeo9WK0HkUR47S3Kv5ovjV-A&s", "Traditional Lankan Cuisine"));
95:       foodItems.add(new MenuQuickSort.FoodItem("Gotu Kola Sambol", 400, "https://encrypted-tbn0.gstatic.com/images?q=tbn:ANd9GcTwFTJjs66zXsNvpqjVcGX8ylLHLTYYvQQoOg&s", "Traditional Lankan Cuisine"));
96:       foodItems.add(new MenuQuickSort.FoodItem("Jaffna Crab Curry", 1800, "https://encrypted-tbn0.gstatic.com/images?q=tbn:ANd9GcQWO3JXRWbueGSlvXkleqQy1EWLVJx-Pbf6RQ&s", "Seafood Paradise"));
97:       foodItems.add(new MenuQuickSort.FoodItem("Egg Roti", 550, "https://www.shutterstock.com/image-photo/omelette-chapati-roll-franky-indian-260nw-2228945967.jpg", "Hoppers Heaven"));
98:       foodItems.add(new MenuQuickSort.FoodItem("Milk Rice", 450, "https://ttcsrilanka.com/wp-content/uploads/2020/08/kiribath-1.jpg-02.jpg", "Traditional Lankan Cuisine"));
99:       foodItems.add(new MenuQuickSort.FoodItem("Pittu", 600, "https://t4.ftcdn.net/jpg/04/19/63/05/360_F_419630515_FN5OzSxaWfM03KN9jJrpfYcv7teOlr0r.jpg", "Traditional Lankan Cuisine"));
100: 


An error occurred at line: [98] in the jsp file: [/Menu/MenuPage.jsp]
The constructor MenuQuickSort.FoodItem(String, int, String, String) is undefined
95:       foodItems.add(new MenuQuickSort.FoodItem("Gotu Kola Sambol", 400, "https://encrypted-tbn0.gstatic.com/images?q=tbn:ANd9GcTwFTJjs66zXsNvpqjVcGX8ylLHLTYYvQQoOg&s", "Traditional Lankan Cuisine"));
96:       foodItems.add(new MenuQuickSort.FoodItem("Jaffna Crab Curry", 1800, "https://encrypted-tbn0.gstatic.com/images?q=tbn:ANd9GcQWO3JXRWbueGSlvXkleqQy1EWLVJx-Pbf6RQ&s", "Seafood Paradise"));
97:       foodItems.add(new MenuQuickSort.FoodItem("Egg Roti", 550, "https://www.shutterstock.com/image-photo/omelette-chapati-roll-franky-indian-260nw-2228945967.jpg", "Hoppers Heaven"));
98:       foodItems.add(new MenuQuickSort.FoodItem("Milk Rice", 450, "https://ttcsrilanka.com/wp-content/uploads/2020/08/kiribath-1.jpg-02.jpg", "Traditional Lankan Cuisine"));
99:       foodItems.add(new MenuQuickSort.FoodItem("Pittu", 600, "https://t4.ftcdn.net/jpg/04/19/63/05/360_F_419630515_FN5OzSxaWfM03KN9jJrpfYcv7teOlr0r.jpg", "Traditional Lankan Cuisine"));
100: 
101:       // Apply sorting if requested


An error occurred at line: [99] in the jsp file: [/Menu/MenuPage.jsp]
The constructor MenuQuickSort.FoodItem(String, int, String, String) is undefined
96:       foodItems.add(new MenuQuickSort.FoodItem("Jaffna Crab Curry", 1800, "https://encrypted-tbn0.gstatic.com/images?q=tbn:ANd9GcQWO3JXRWbueGSlvXkleqQy1EWLVJx-Pbf6RQ&s", "Seafood Paradise"));
97:       foodItems.add(new MenuQuickSort.FoodItem("Egg Roti", 550, "https://www.shutterstock.com/image-photo/omelette-chapati-roll-franky-indian-260nw-2228945967.jpg", "Hoppers Heaven"));
98:       foodItems.add(new MenuQuickSort.FoodItem("Milk Rice", 450, "https://ttcsrilanka.com/wp-content/uploads/2020/08/kiribath-1.jpg-02.jpg", "Traditional Lankan Cuisine"));
99:       foodItems.add(new MenuQuickSort.FoodItem("Pittu", 600, "https://t4.ftcdn.net/jpg/04/19/63/05/360_F_419630515_FN5OzSxaWfM03KN9jJrpfYcv7teOlr0r.jpg", "Traditional Lankan Cuisine"));
100: 
101:       // Apply sorting if requested
102:       if ("price".equals(request.getParameter("sort"))) {


An error occurred at line: [112] in the jsp file: [/Menu/MenuPage.jsp]
The method getStore() is undefined for the type MenuQuickSort.FoodItem
109:         List<MenuQuickSort.FoodItem> filteredItems = new ArrayList<>();
110:         for (MenuQuickSort.FoodItem item : foodItems) {
111:           if (item.getName().toLowerCase().contains(searchTerm.toLowerCase()) ||
112:                   item.getStore().toLowerCase().contains(searchTerm.toLowerCase())) {
113:             filteredItems.add(item);
114:           }
115:         }


An error occurred at line: [121] in the jsp file: [/Menu/MenuPage.jsp]
The method getStore() is undefined for the type MenuQuickSort.FoodItem
118: 
119:       // Group items by store
120:       for (MenuQuickSort.FoodItem item : foodItems) {
121:         String store = item.getStore();
122:         if (!storeItemsMap.containsKey(store)) {
123:           storeItemsMap.put(store, new ArrayList<>());
124:         }


Stacktrace:
		at org.apache.jasper.compiler.DefaultErrorHandler.javacError(DefaultErrorHandler.java:72)
		at org.apache.jasper.compiler.ErrorDispatcher.javacError(ErrorDispatcher.java:192)
		at org.apache.jasper.compiler.JDTCompiler.generateClass(JDTCompiler.java:506)
		at org.apache.jasper.compiler.Compiler.compile(Compiler.java:373)
		at org.apache.jasper.compiler.Compiler.compile(Compiler.java:345)
		at org.apache.jasper.compiler.Compiler.compile(Compiler.java:331)
		at org.apache.jasper.JspCompilationContext.compile(JspCompilationContext.java:602)
		at org.apache.jasper.servlet.JspServletWrapper.service(JspServletWrapper.java:396)
		at org.apache.jasper.servlet.JspServlet.serviceJspFile(JspServlet.java:354)
		at org.apache.jasper.servlet.JspServlet.service(JspServlet.java:302)
		at jakarta.servlet.http.HttpServlet.service(HttpServlet.java:716)
		at org.apache.catalina.core.ApplicationFilterChain.doFilter(ApplicationFilterChain.java:130)
		at org.apache.tomcat.websocket.server.WsFilter.doFilter(WsFilter.java:51)
		at org.apache.catalina.core.ApplicationFilterChain.doFilter(ApplicationFilterChain.java:109)
		at org.apache.catalina.core.StandardWrapperValve.invoke(StandardWrapperValve.java:167)
		at org.apache.catalina.core.StandardContextValve.invoke(StandardContextValve.java:79)
		at org.apache.catalina.authenticator.AuthenticatorBase.invoke(AuthenticatorBase.java:483)
		at org.apache.catalina.core.StandardHostValve.invoke(StandardHostValve.java:115)
		at org.apache.catalina.valves.ErrorReportValve.invoke(ErrorReportValve.java:93)
		at org.apache.catalina.valves.AbstractAccessLogValve.invoke(AbstractAccessLogValve.java:670)
		at org.apache.catalina.core.StandardEngineValve.invoke(StandardEngineValve.java:74)
		at org.apache.catalina.connector.CoyoteAdapter.service(CoyoteAdapter.java:342)
		at org.apache.coyote.http11.Http11Processor.service(Http11Processor.java:395)
		at org.apache.coyote.AbstractProcessorLight.process(AbstractProcessorLight.java:63)
		at org.apache.coyote.AbstractProtocol$ConnectionHandler.process(AbstractProtocol.java:905)
		at org.apache.tomcat.util.net.NioEndpoint$SocketProcessor.doRun(NioEndpoint.java:1748)
		at org.apache.tomcat.util.net.SocketProcessorBase.run(SocketProcessorBase.java:52)
		at org.apache.tomcat.util.threads.ThreadPoolExecutor.runWorker(ThreadPoolExecutor.java:1148)
		at org.apache.tomcat.util.threads.ThreadPoolExecutor$Worker.run(ThreadPoolExecutor.java:636)
		at org.apache.tomcat.util.threads.TaskThread$WrappingRunnable.run(TaskThread.java:63)
		at java.base/java.lang.Thread.run(Thread.java:1447)
07-May-2025 17:05:05.828 SEVERE [http-nio-8080-exec-12] org.apache.catalina.core.StandardWrapperValve.invoke Servlet.service() for servlet [jsp] in context with path [] threw exception [org.apache.jasper.JasperException: java.lang.ClassNotFoundException: org.apache.jsp.Menu.MenuPage_jsp] with root cause
	java.lang.ClassNotFoundException: org.apache.jsp.Menu.MenuPage_jsp
		at java.base/java.net.URLClassLoader.findClass(URLClassLoader.java:349)
		at org.apache.jasper.servlet.JasperLoader.loadClass(JasperLoader.java:104)
		at org.apache.jasper.servlet.JasperLoader.loadClass(JasperLoader.java:51)
		at org.apache.catalina.core.DefaultInstanceManager.newInstance(DefaultInstanceManager.java:147)
		at org.apache.jasper.servlet.JspServletWrapper.getServlet(JspServletWrapper.java:189)
		at org.apache.jasper.servlet.JspServletWrapper.service(JspServletWrapper.java:410)
		at org.apache.jasper.servlet.JspServlet.serviceJspFile(JspServlet.java:354)
		at org.apache.jasper.servlet.JspServlet.service(JspServlet.java:302)
		at jakarta.servlet.http.HttpServlet.service(HttpServlet.java:716)
		at org.apache.catalina.core.ApplicationFilterChain.doFilter(ApplicationFilterChain.java:130)
		at org.apache.tomcat.websocket.server.WsFilter.doFilter(WsFilter.java:51)
		at org.apache.catalina.core.ApplicationFilterChain.doFilter(ApplicationFilterChain.java:109)
		at org.apache.catalina.core.StandardWrapperValve.invoke(StandardWrapperValve.java:167)
		at org.apache.catalina.core.StandardContextValve.invoke(StandardContextValve.java:79)
		at org.apache.catalina.authenticator.AuthenticatorBase.invoke(AuthenticatorBase.java:483)
		at org.apache.catalina.core.StandardHostValve.invoke(StandardHostValve.java:115)
		at org.apache.catalina.valves.ErrorReportValve.invoke(ErrorReportValve.java:93)
		at org.apache.catalina.valves.AbstractAccessLogValve.invoke(AbstractAccessLogValve.java:670)
		at org.apache.catalina.core.StandardEngineValve.invoke(StandardEngineValve.java:74)
		at org.apache.catalina.connector.CoyoteAdapter.service(CoyoteAdapter.java:342)
		at org.apache.coyote.http11.Http11Processor.service(Http11Processor.java:395)
		at org.apache.coyote.AbstractProcessorLight.process(AbstractProcessorLight.java:63)
		at org.apache.coyote.AbstractProtocol$ConnectionHandler.process(AbstractProtocol.java:905)
		at org.apache.tomcat.util.net.NioEndpoint$SocketProcessor.doRun(NioEndpoint.java:1748)
		at org.apache.tomcat.util.net.SocketProcessorBase.run(SocketProcessorBase.java:52)
		at org.apache.tomcat.util.threads.ThreadPoolExecutor.runWorker(ThreadPoolExecutor.java:1148)
		at org.apache.tomcat.util.threads.ThreadPoolExecutor$Worker.run(ThreadPoolExecutor.java:636)
		at org.apache.tomcat.util.threads.TaskThread$WrappingRunnable.run(TaskThread.java:63)
		at java.base/java.lang.Thread.run(Thread.java:1447)
07-May-2025 17:05:06.043 SEVERE [http-nio-8080-exec-11] org.apache.catalina.core.StandardWrapperValve.invoke Servlet.service() for servlet [jsp] in context with path [] threw exception [org.apache.jasper.JasperException: java.lang.ClassNotFoundException: org.apache.jsp.Menu.MenuPage_jsp] with root cause
	java.lang.ClassNotFoundException: org.apache.jsp.Menu.MenuPage_jsp
		at java.base/java.net.URLClassLoader.findClass(URLClassLoader.java:349)
		at org.apache.jasper.servlet.JasperLoader.loadClass(JasperLoader.java:104)
		at org.apache.jasper.servlet.JasperLoader.loadClass(JasperLoader.java:51)
		at org.apache.catalina.core.DefaultInstanceManager.newInstance(DefaultInstanceManager.java:147)
		at org.apache.jasper.servlet.JspServletWrapper.getServlet(JspServletWrapper.java:189)
		at org.apache.jasper.servlet.JspServletWrapper.service(JspServletWrapper.java:410)
		at org.apache.jasper.servlet.JspServlet.serviceJspFile(JspServlet.java:354)
		at org.apache.jasper.servlet.JspServlet.service(JspServlet.java:302)
		at jakarta.servlet.http.HttpServlet.service(HttpServlet.java:716)
		at org.apache.catalina.core.ApplicationFilterChain.doFilter(ApplicationFilterChain.java:130)
		at org.apache.tomcat.websocket.server.WsFilter.doFilter(WsFilter.java:51)
		at org.apache.catalina.core.ApplicationFilterChain.doFilter(ApplicationFilterChain.java:109)
		at org.apache.catalina.core.StandardWrapperValve.invoke(StandardWrapperValve.java:167)
		at org.apache.catalina.core.StandardContextValve.invoke(StandardContextValve.java:79)
		at org.apache.catalina.authenticator.AuthenticatorBase.invoke(AuthenticatorBase.java:483)
		at org.apache.catalina.core.StandardHostValve.invoke(StandardHostValve.java:115)
		at org.apache.catalina.valves.ErrorReportValve.invoke(ErrorReportValve.java:93)
		at org.apache.catalina.valves.AbstractAccessLogValve.invoke(AbstractAccessLogValve.java:670)
		at org.apache.catalina.core.StandardEngineValve.invoke(StandardEngineValve.java:74)
		at org.apache.catalina.connector.CoyoteAdapter.service(CoyoteAdapter.java:342)
		at org.apache.coyote.http11.Http11Processor.service(Http11Processor.java:395)
		at org.apache.coyote.AbstractProcessorLight.process(AbstractProcessorLight.java:63)
		at org.apache.coyote.AbstractProtocol$ConnectionHandler.process(AbstractProtocol.java:905)
		at org.apache.tomcat.util.net.NioEndpoint$SocketProcessor.doRun(NioEndpoint.java:1748)
		at org.apache.tomcat.util.net.SocketProcessorBase.run(SocketProcessorBase.java:52)
		at org.apache.tomcat.util.threads.ThreadPoolExecutor.runWorker(ThreadPoolExecutor.java:1148)
		at org.apache.tomcat.util.threads.ThreadPoolExecutor$Worker.run(ThreadPoolExecutor.java:636)
		at org.apache.tomcat.util.threads.TaskThread$WrappingRunnable.run(TaskThread.java:63)
		at java.base/java.lang.Thread.run(Thread.java:1447)
07-May-2025 17:05:06.195 SEVERE [http-nio-8080-exec-20] org.apache.catalina.core.StandardWrapperValve.invoke Servlet.service() for servlet [jsp] in context with path [] threw exception [org.apache.jasper.JasperException: java.lang.ClassNotFoundException: org.apache.jsp.Menu.MenuPage_jsp] with root cause
	java.lang.ClassNotFoundException: org.apache.jsp.Menu.MenuPage_jsp
		at java.base/java.net.URLClassLoader.findClass(URLClassLoader.java:349)
		at org.apache.jasper.servlet.JasperLoader.loadClass(JasperLoader.java:104)
		at org.apache.jasper.servlet.JasperLoader.loadClass(JasperLoader.java:51)
		at org.apache.catalina.core.DefaultInstanceManager.newInstance(DefaultInstanceManager.java:147)
		at org.apache.jasper.servlet.JspServletWrapper.getServlet(JspServletWrapper.java:189)
		at org.apache.jasper.servlet.JspServletWrapper.service(JspServletWrapper.java:410)
		at org.apache.jasper.servlet.JspServlet.serviceJspFile(JspServlet.java:354)
		at org.apache.jasper.servlet.JspServlet.service(JspServlet.java:302)
		at jakarta.servlet.http.HttpServlet.service(HttpServlet.java:716)
		at org.apache.catalina.core.ApplicationFilterChain.doFilter(ApplicationFilterChain.java:130)
		at org.apache.tomcat.websocket.server.WsFilter.doFilter(WsFilter.java:51)
		at org.apache.catalina.core.ApplicationFilterChain.doFilter(ApplicationFilterChain.java:109)
		at org.apache.catalina.core.StandardWrapperValve.invoke(StandardWrapperValve.java:167)
		at org.apache.catalina.core.StandardContextValve.invoke(StandardContextValve.java:79)
		at org.apache.catalina.authenticator.AuthenticatorBase.invoke(AuthenticatorBase.java:483)
		at org.apache.catalina.core.StandardHostValve.invoke(StandardHostValve.java:115)
		at org.apache.catalina.valves.ErrorReportValve.invoke(ErrorReportValve.java:93)
		at org.apache.catalina.valves.AbstractAccessLogValve.invoke(AbstractAccessLogValve.java:670)
		at org.apache.catalina.core.StandardEngineValve.invoke(StandardEngineValve.java:74)
		at org.apache.catalina.connector.CoyoteAdapter.service(CoyoteAdapter.java:342)
		at org.apache.coyote.http11.Http11Processor.service(Http11Processor.java:395)
		at org.apache.coyote.AbstractProcessorLight.process(AbstractProcessorLight.java:63)
		at org.apache.coyote.AbstractProtocol$ConnectionHandler.process(AbstractProtocol.java:905)
		at org.apache.tomcat.util.net.NioEndpoint$SocketProcessor.doRun(NioEndpoint.java:1748)
		at org.apache.tomcat.util.net.SocketProcessorBase.run(SocketProcessorBase.java:52)
		at org.apache.tomcat.util.threads.ThreadPoolExecutor.runWorker(ThreadPoolExecutor.java:1148)
		at org.apache.tomcat.util.threads.ThreadPoolExecutor$Worker.run(ThreadPoolExecutor.java:636)
		at org.apache.tomcat.util.threads.TaskThread$WrappingRunnable.run(TaskThread.java:63)
		at java.base/java.lang.Thread.run(Thread.java:1447)
07-May-2025 17:05:06.423 SEVERE [http-nio-8080-exec-15] org.apache.catalina.core.StandardWrapperValve.invoke Servlet.service() for servlet [jsp] in context with path [] threw exception [org.apache.jasper.JasperException: java.lang.ClassNotFoundException: org.apache.jsp.Menu.MenuPage_jsp] with root cause
	java.lang.ClassNotFoundException: org.apache.jsp.Menu.MenuPage_jsp
		at java.base/java.net.URLClassLoader.findClass(URLClassLoader.java:349)
		at org.apache.jasper.servlet.JasperLoader.loadClass(JasperLoader.java:104)
		at org.apache.jasper.servlet.JasperLoader.loadClass(JasperLoader.java:51)
		at org.apache.catalina.core.DefaultInstanceManager.newInstance(DefaultInstanceManager.java:147)
		at org.apache.jasper.servlet.JspServletWrapper.getServlet(JspServletWrapper.java:189)
		at org.apache.jasper.servlet.JspServletWrapper.service(JspServletWrapper.java:410)
		at org.apache.jasper.servlet.JspServlet.serviceJspFile(JspServlet.java:354)
		at org.apache.jasper.servlet.JspServlet.service(JspServlet.java:302)
		at jakarta.servlet.http.HttpServlet.service(HttpServlet.java:716)
		at org.apache.catalina.core.ApplicationFilterChain.doFilter(ApplicationFilterChain.java:130)
		at org.apache.tomcat.websocket.server.WsFilter.doFilter(WsFilter.java:51)
		at org.apache.catalina.core.ApplicationFilterChain.doFilter(ApplicationFilterChain.java:109)
		at org.apache.catalina.core.StandardWrapperValve.invoke(StandardWrapperValve.java:167)
		at org.apache.catalina.core.StandardContextValve.invoke(StandardContextValve.java:79)
		at org.apache.catalina.authenticator.AuthenticatorBase.invoke(AuthenticatorBase.java:483)
		at org.apache.catalina.core.StandardHostValve.invoke(StandardHostValve.java:115)
		at org.apache.catalina.valves.ErrorReportValve.invoke(ErrorReportValve.java:93)
		at org.apache.catalina.valves.AbstractAccessLogValve.invoke(AbstractAccessLogValve.java:670)
		at org.apache.catalina.core.StandardEngineValve.invoke(StandardEngineValve.java:74)
		at org.apache.catalina.connector.CoyoteAdapter.service(CoyoteAdapter.java:342)
		at org.apache.coyote.http11.Http11Processor.service(Http11Processor.java:395)
		at org.apache.coyote.AbstractProcessorLight.process(AbstractProcessorLight.java:63)
		at org.apache.coyote.AbstractProtocol$ConnectionHandler.process(AbstractProtocol.java:905)
		at org.apache.tomcat.util.net.NioEndpoint$SocketProcessor.doRun(NioEndpoint.java:1748)
		at org.apache.tomcat.util.net.SocketProcessorBase.run(SocketProcessorBase.java:52)
		at org.apache.tomcat.util.threads.ThreadPoolExecutor.runWorker(ThreadPoolExecutor.java:1148)
		at org.apache.tomcat.util.threads.ThreadPoolExecutor$Worker.run(ThreadPoolExecutor.java:636)
		at org.apache.tomcat.util.threads.TaskThread$WrappingRunnable.run(TaskThread.java:63)
		at java.base/java.lang.Thread.run(Thread.java:1447)
07-May-2025 17:05:06.773 SEVERE [http-nio-8080-exec-14] org.apache.catalina.core.StandardWrapperValve.invoke Servlet.service() for servlet [jsp] in context with path [] threw exception [org.apache.jasper.JasperException: java.lang.ClassNotFoundException: org.apache.jsp.Menu.MenuPage_jsp] with root cause
	java.lang.ClassNotFoundException: org.apache.jsp.Menu.MenuPage_jsp
		at java.base/java.net.URLClassLoader.findClass(URLClassLoader.java:349)
		at org.apache.jasper.servlet.JasperLoader.loadClass(JasperLoader.java:104)
		at org.apache.jasper.servlet.JasperLoader.loadClass(JasperLoader.java:51)
		at org.apache.catalina.core.DefaultInstanceManager.newInstance(DefaultInstanceManager.java:147)
		at org.apache.jasper.servlet.JspServletWrapper.getServlet(JspServletWrapper.java:189)
		at org.apache.jasper.servlet.JspServletWrapper.service(JspServletWrapper.java:410)
		at org.apache.jasper.servlet.JspServlet.serviceJspFile(JspServlet.java:354)
		at org.apache.jasper.servlet.JspServlet.service(JspServlet.java:302)
		at jakarta.servlet.http.HttpServlet.service(HttpServlet.java:716)
		at org.apache.catalina.core.ApplicationFilterChain.doFilter(ApplicationFilterChain.java:130)
		at org.apache.tomcat.websocket.server.WsFilter.doFilter(WsFilter.java:51)
		at org.apache.catalina.core.ApplicationFilterChain.doFilter(ApplicationFilterChain.java:109)
		at org.apache.catalina.core.StandardWrapperValve.invoke(StandardWrapperValve.java:167)
		at org.apache.catalina.core.StandardContextValve.invoke(StandardContextValve.java:79)
		at org.apache.catalina.authenticator.AuthenticatorBase.invoke(AuthenticatorBase.java:483)
		at org.apache.catalina.core.StandardHostValve.invoke(StandardHostValve.java:115)
		at org.apache.catalina.valves.ErrorReportValve.invoke(ErrorReportValve.java:93)
		at org.apache.catalina.valves.AbstractAccessLogValve.invoke(AbstractAccessLogValve.java:670)
		at org.apache.catalina.core.StandardEngineValve.invoke(StandardEngineValve.java:74)
		at org.apache.catalina.connector.CoyoteAdapter.service(CoyoteAdapter.java:342)
		at org.apache.coyote.http11.Http11Processor.service(Http11Processor.java:395)
		at org.apache.coyote.AbstractProcessorLight.process(AbstractProcessorLight.java:63)
		at org.apache.coyote.AbstractProtocol$ConnectionHandler.process(AbstractProtocol.java:905)
		at org.apache.tomcat.util.net.NioEndpoint$SocketProcessor.doRun(NioEndpoint.java:1748)
		at org.apache.tomcat.util.net.SocketProcessorBase.run(SocketProcessorBase.java:52)
		at org.apache.tomcat.util.threads.ThreadPoolExecutor.runWorker(ThreadPoolExecutor.java:1148)
		at org.apache.tomcat.util.threads.ThreadPoolExecutor$Worker.run(ThreadPoolExecutor.java:636)
		at org.apache.tomcat.util.threads.TaskThread$WrappingRunnable.run(TaskThread.java:63)
		at java.base/java.lang.Thread.run(Thread.java:1447)
07-May-2025 17:05:06.832 SEVERE [http-nio-8080-exec-19] org.apache.catalina.core.StandardWrapperValve.invoke Servlet.service() for servlet [jsp] in context with path [] threw exception [org.apache.jasper.JasperException: java.lang.ClassNotFoundException: org.apache.jsp.Menu.MenuPage_jsp] with root cause
	java.lang.ClassNotFoundException: org.apache.jsp.Menu.MenuPage_jsp
		at java.base/java.net.URLClassLoader.findClass(URLClassLoader.java:349)
		at org.apache.jasper.servlet.JasperLoader.loadClass(JasperLoader.java:104)
		at org.apache.jasper.servlet.JasperLoader.loadClass(JasperLoader.java:51)
		at org.apache.catalina.core.DefaultInstanceManager.newInstance(DefaultInstanceManager.java:147)
		at org.apache.jasper.servlet.JspServletWrapper.getServlet(JspServletWrapper.java:189)
		at org.apache.jasper.servlet.JspServletWrapper.service(JspServletWrapper.java:410)
		at org.apache.jasper.servlet.JspServlet.serviceJspFile(JspServlet.java:354)
		at org.apache.jasper.servlet.JspServlet.service(JspServlet.java:302)
		at jakarta.servlet.http.HttpServlet.service(HttpServlet.java:716)
		at org.apache.catalina.core.ApplicationFilterChain.doFilter(ApplicationFilterChain.java:130)
		at org.apache.tomcat.websocket.server.WsFilter.doFilter(WsFilter.java:51)
		at org.apache.catalina.core.ApplicationFilterChain.doFilter(ApplicationFilterChain.java:109)
		at org.apache.catalina.core.StandardWrapperValve.invoke(StandardWrapperValve.java:167)
		at org.apache.catalina.core.StandardContextValve.invoke(StandardContextValve.java:79)
		at org.apache.catalina.authenticator.AuthenticatorBase.invoke(AuthenticatorBase.java:483)
		at org.apache.catalina.core.StandardHostValve.invoke(StandardHostValve.java:115)
		at org.apache.catalina.valves.ErrorReportValve.invoke(ErrorReportValve.java:93)
		at org.apache.catalina.valves.AbstractAccessLogValve.invoke(AbstractAccessLogValve.java:670)
		at org.apache.catalina.core.StandardEngineValve.invoke(StandardEngineValve.java:74)
		at org.apache.catalina.connector.CoyoteAdapter.service(CoyoteAdapter.java:342)
		at org.apache.coyote.http11.Http11Processor.service(Http11Processor.java:395)
		at org.apache.coyote.AbstractProcessorLight.process(AbstractProcessorLight.java:63)
		at org.apache.coyote.AbstractProtocol$ConnectionHandler.process(AbstractProtocol.java:905)
		at org.apache.tomcat.util.net.NioEndpoint$SocketProcessor.doRun(NioEndpoint.java:1748)
		at org.apache.tomcat.util.net.SocketProcessorBase.run(SocketProcessorBase.java:52)
		at org.apache.tomcat.util.threads.ThreadPoolExecutor.runWorker(ThreadPoolExecutor.java:1148)
		at org.apache.tomcat.util.threads.ThreadPoolExecutor$Worker.run(ThreadPoolExecutor.java:636)
		at org.apache.tomcat.util.threads.TaskThread$WrappingRunnable.run(TaskThread.java:63)
		at java.base/java.lang.Thread.run(Thread.java:1447)
07-May-2025 17:05:06.977 SEVERE [http-nio-8080-exec-18] org.apache.catalina.core.StandardWrapperValve.invoke Servlet.service() for servlet [jsp] in context with path [] threw exception [org.apache.jasper.JasperException: java.lang.ClassNotFoundException: org.apache.jsp.Menu.MenuPage_jsp] with root cause
	java.lang.ClassNotFoundException: org.apache.jsp.Menu.MenuPage_jsp
		at java.base/java.net.URLClassLoader.findClass(URLClassLoader.java:349)
		at org.apache.jasper.servlet.JasperLoader.loadClass(JasperLoader.java:104)
		at org.apache.jasper.servlet.JasperLoader.loadClass(JasperLoader.java:51)
		at org.apache.catalina.core.DefaultInstanceManager.newInstance(DefaultInstanceManager.java:147)
		at org.apache.jasper.servlet.JspServletWrapper.getServlet(JspServletWrapper.java:189)
		at org.apache.jasper.servlet.JspServletWrapper.service(JspServletWrapper.java:410)
		at org.apache.jasper.servlet.JspServlet.serviceJspFile(JspServlet.java:354)
		at org.apache.jasper.servlet.JspServlet.service(JspServlet.java:302)
		at jakarta.servlet.http.HttpServlet.service(HttpServlet.java:716)
		at org.apache.catalina.core.ApplicationFilterChain.doFilter(ApplicationFilterChain.java:130)
		at org.apache.tomcat.websocket.server.WsFilter.doFilter(WsFilter.java:51)
		at org.apache.catalina.core.ApplicationFilterChain.doFilter(ApplicationFilterChain.java:109)
		at org.apache.catalina.core.StandardWrapperValve.invoke(StandardWrapperValve.java:167)
		at org.apache.catalina.core.StandardContextValve.invoke(StandardContextValve.java:79)
		at org.apache.catalina.authenticator.AuthenticatorBase.invoke(AuthenticatorBase.java:483)
		at org.apache.catalina.core.StandardHostValve.invoke(StandardHostValve.java:115)
		at org.apache.catalina.valves.ErrorReportValve.invoke(ErrorReportValve.java:93)
		at org.apache.catalina.valves.AbstractAccessLogValve.invoke(AbstractAccessLogValve.java:670)
		at org.apache.catalina.core.StandardEngineValve.invoke(StandardEngineValve.java:74)
		at org.apache.catalina.connector.CoyoteAdapter.service(CoyoteAdapter.java:342)
		at org.apache.coyote.http11.Http11Processor.service(Http11Processor.java:395)
		at org.apache.coyote.AbstractProcessorLight.process(AbstractProcessorLight.java:63)
		at org.apache.coyote.AbstractProtocol$ConnectionHandler.process(AbstractProtocol.java:905)
		at org.apache.tomcat.util.net.NioEndpoint$SocketProcessor.doRun(NioEndpoint.java:1748)
		at org.apache.tomcat.util.net.SocketProcessorBase.run(SocketProcessorBase.java:52)
		at org.apache.tomcat.util.threads.ThreadPoolExecutor.runWorker(ThreadPoolExecutor.java:1148)
		at org.apache.tomcat.util.threads.ThreadPoolExecutor$Worker.run(ThreadPoolExecutor.java:636)
		at org.apache.tomcat.util.threads.TaskThread$WrappingRunnable.run(TaskThread.java:63)
		at java.base/java.lang.Thread.run(Thread.java:1447)
07-May-2025 17:05:07.107 SEVERE [http-nio-8080-exec-17] org.apache.catalina.core.StandardWrapperValve.invoke Servlet.service() for servlet [jsp] in context with path [] threw exception [org.apache.jasper.JasperException: java.lang.ClassNotFoundException: org.apache.jsp.Menu.MenuPage_jsp] with root cause
	java.lang.ClassNotFoundException: org.apache.jsp.Menu.MenuPage_jsp
		at java.base/java.net.URLClassLoader.findClass(URLClassLoader.java:349)
		at org.apache.jasper.servlet.JasperLoader.loadClass(JasperLoader.java:104)
		at org.apache.jasper.servlet.JasperLoader.loadClass(JasperLoader.java:51)
		at org.apache.catalina.core.DefaultInstanceManager.newInstance(DefaultInstanceManager.java:147)
		at org.apache.jasper.servlet.JspServletWrapper.getServlet(JspServletWrapper.java:189)
		at org.apache.jasper.servlet.JspServletWrapper.service(JspServletWrapper.java:410)
		at org.apache.jasper.servlet.JspServlet.serviceJspFile(JspServlet.java:354)
		at org.apache.jasper.servlet.JspServlet.service(JspServlet.java:302)
		at jakarta.servlet.http.HttpServlet.service(HttpServlet.java:716)
		at org.apache.catalina.core.ApplicationFilterChain.doFilter(ApplicationFilterChain.java:130)
		at org.apache.tomcat.websocket.server.WsFilter.doFilter(WsFilter.java:51)
		at org.apache.catalina.core.ApplicationFilterChain.doFilter(ApplicationFilterChain.java:109)
		at org.apache.catalina.core.StandardWrapperValve.invoke(StandardWrapperValve.java:167)
		at org.apache.catalina.core.StandardContextValve.invoke(StandardContextValve.java:79)
		at org.apache.catalina.authenticator.AuthenticatorBase.invoke(AuthenticatorBase.java:483)
		at org.apache.catalina.core.StandardHostValve.invoke(StandardHostValve.java:115)
		at org.apache.catalina.valves.ErrorReportValve.invoke(ErrorReportValve.java:93)
		at org.apache.catalina.valves.AbstractAccessLogValve.invoke(AbstractAccessLogValve.java:670)
		at org.apache.catalina.core.StandardEngineValve.invoke(StandardEngineValve.java:74)
		at org.apache.catalina.connector.CoyoteAdapter.service(CoyoteAdapter.java:342)
		at org.apache.coyote.http11.Http11Processor.service(Http11Processor.java:395)
		at org.apache.coyote.AbstractProcessorLight.process(AbstractProcessorLight.java:63)
		at org.apache.coyote.AbstractProtocol$ConnectionHandler.process(AbstractProtocol.java:905)
		at org.apache.tomcat.util.net.NioEndpoint$SocketProcessor.doRun(NioEndpoint.java:1748)
		at org.apache.tomcat.util.net.SocketProcessorBase.run(SocketProcessorBase.java:52)
		at org.apache.tomcat.util.threads.ThreadPoolExecutor.runWorker(ThreadPoolExecutor.java:1148)
		at org.apache.tomcat.util.threads.ThreadPoolExecutor$Worker.run(ThreadPoolExecutor.java:636)
		at org.apache.tomcat.util.threads.TaskThread$WrappingRunnable.run(TaskThread.java:63)
		at java.base/java.lang.Thread.run(Thread.java:1447)
07-May-2025 17:05:07.320 SEVERE [http-nio-8080-exec-16] org.apache.catalina.core.StandardWrapperValve.invoke Servlet.service() for servlet [jsp] in context with path [] threw exception [org.apache.jasper.JasperException: java.lang.ClassNotFoundException: org.apache.jsp.Menu.MenuPage_jsp] with root cause
	java.lang.ClassNotFoundException: org.apache.jsp.Menu.MenuPage_jsp
		at java.base/java.net.URLClassLoader.findClass(URLClassLoader.java:349)
		at org.apache.jasper.servlet.JasperLoader.loadClass(JasperLoader.java:104)
		at org.apache.jasper.servlet.JasperLoader.loadClass(JasperLoader.java:51)
		at org.apache.catalina.core.DefaultInstanceManager.newInstance(DefaultInstanceManager.java:147)
		at org.apache.jasper.servlet.JspServletWrapper.getServlet(JspServletWrapper.java:189)
		at org.apache.jasper.servlet.JspServletWrapper.service(JspServletWrapper.java:410)
		at org.apache.jasper.servlet.JspServlet.serviceJspFile(JspServlet.java:354)
		at org.apache.jasper.servlet.JspServlet.service(JspServlet.java:302)
		at jakarta.servlet.http.HttpServlet.service(HttpServlet.java:716)
		at org.apache.catalina.core.ApplicationFilterChain.doFilter(ApplicationFilterChain.java:130)
		at org.apache.tomcat.websocket.server.WsFilter.doFilter(WsFilter.java:51)
		at org.apache.catalina.core.ApplicationFilterChain.doFilter(ApplicationFilterChain.java:109)
		at org.apache.catalina.core.StandardWrapperValve.invoke(StandardWrapperValve.java:167)
		at org.apache.catalina.core.StandardContextValve.invoke(StandardContextValve.java:79)
		at org.apache.catalina.authenticator.AuthenticatorBase.invoke(AuthenticatorBase.java:483)
		at org.apache.catalina.core.StandardHostValve.invoke(StandardHostValve.java:115)
		at org.apache.catalina.valves.ErrorReportValve.invoke(ErrorReportValve.java:93)
		at org.apache.catalina.valves.AbstractAccessLogValve.invoke(AbstractAccessLogValve.java:670)
		at org.apache.catalina.core.StandardEngineValve.invoke(StandardEngineValve.java:74)
		at org.apache.catalina.connector.CoyoteAdapter.service(CoyoteAdapter.java:342)
		at org.apache.coyote.http11.Http11Processor.service(Http11Processor.java:395)
		at org.apache.coyote.AbstractProcessorLight.process(AbstractProcessorLight.java:63)
		at org.apache.coyote.AbstractProtocol$ConnectionHandler.process(AbstractProtocol.java:905)
		at org.apache.tomcat.util.net.NioEndpoint$SocketProcessor.doRun(NioEndpoint.java:1748)
		at org.apache.tomcat.util.net.SocketProcessorBase.run(SocketProcessorBase.java:52)
		at org.apache.tomcat.util.threads.ThreadPoolExecutor.runWorker(ThreadPoolExecutor.java:1148)
		at org.apache.tomcat.util.threads.ThreadPoolExecutor$Worker.run(ThreadPoolExecutor.java:636)
		at org.apache.tomcat.util.threads.TaskThread$WrappingRunnable.run(TaskThread.java:63)
		at java.base/java.lang.Thread.run(Thread.java:1447)
07-May-2025 22:24:43.227 SEVERE [http-nio-8080-exec-45] org.apache.catalina.core.StandardWrapperValve.invoke Servlet.service() for servlet [jsp] in context with path [] threw exception
	java.io.IOException: An exception occurred processing [/Menu/MenuPage.jsp] at line [62]

59: 
60:   <div class="menu-grid" id="menuGrid">
61:     <%
62:       List<FoodItem> foodItems = FoodItemFileUtil.loadFoodItems();
63: 
64:       // Apply sorting if requested
65:       if ("price".equals(request.getParameter("sort"))) {


Stacktrace:
		at org.apache.jasper.servlet.JspServletWrapper.service(JspServletWrapper.java:483)
		at org.apache.jasper.servlet.JspServlet.serviceJspFile(JspServlet.java:354)
		at org.apache.jasper.servlet.JspServlet.service(JspServlet.java:302)
		at jakarta.servlet.http.HttpServlet.service(HttpServlet.java:716)
		at org.apache.catalina.core.ApplicationFilterChain.doFilter(ApplicationFilterChain.java:130)
		at org.apache.tomcat.websocket.server.WsFilter.doFilter(WsFilter.java:51)
		at org.apache.catalina.core.ApplicationFilterChain.doFilter(ApplicationFilterChain.java:109)
		at org.apache.catalina.core.StandardWrapperValve.invoke(StandardWrapperValve.java:167)
		at org.apache.catalina.core.StandardContextValve.invoke(StandardContextValve.java:79)
		at org.apache.catalina.authenticator.AuthenticatorBase.invoke(AuthenticatorBase.java:483)
		at org.apache.catalina.core.StandardHostValve.invoke(StandardHostValve.java:115)
		at org.apache.catalina.valves.ErrorReportValve.invoke(ErrorReportValve.java:93)
		at org.apache.catalina.valves.AbstractAccessLogValve.invoke(AbstractAccessLogValve.java:670)
		at org.apache.catalina.core.StandardEngineValve.invoke(StandardEngineValve.java:74)
		at org.apache.catalina.connector.CoyoteAdapter.service(CoyoteAdapter.java:342)
		at org.apache.coyote.http11.Http11Processor.service(Http11Processor.java:395)
		at org.apache.coyote.AbstractProcessorLight.process(AbstractProcessorLight.java:63)
		at org.apache.coyote.AbstractProtocol$ConnectionHandler.process(AbstractProtocol.java:905)
		at org.apache.tomcat.util.net.NioEndpoint$SocketProcessor.doRun(NioEndpoint.java:1748)
		at org.apache.tomcat.util.net.SocketProcessorBase.run(SocketProcessorBase.java:52)
		at org.apache.tomcat.util.threads.ThreadPoolExecutor.runWorker(ThreadPoolExecutor.java:1148)
		at org.apache.tomcat.util.threads.ThreadPoolExecutor$Worker.run(ThreadPoolExecutor.java:636)
		at org.apache.tomcat.util.threads.TaskThread$WrappingRunnable.run(TaskThread.java:63)
		at java.base/java.lang.Thread.run(Thread.java:1447)
	Caused by: java.io.FileNotFoundException: \WEB-INF\fooditems.txt (The system cannot find the path specified)
		at java.base/java.io.FileOutputStream.open0(Native Method)
		at java.base/java.io.FileOutputStream.open(FileOutputStream.java:255)
		at java.base/java.io.FileOutputStream.<init>(FileOutputStream.java:210)
		at java.base/java.io.FileOutputStream.<init>(FileOutputStream.java:120)
		at java.base/java.io.FileWriter.<init>(FileWriter.java:67)
		at com.example.menu.foodapp.FoodItemFileUtil.saveFoodItems(FoodItemFileUtil.java:11)
		at com.example.menu.foodapp.FoodItemFileUtil.loadFoodItems(FoodItemFileUtil.java:26)
		at org.apache.jsp.Menu.MenuPage_jsp._jspService(MenuPage_jsp.java:194)
		at org.apache.jasper.runtime.HttpJspBase.service(HttpJspBase.java:67)
		at jakarta.servlet.http.HttpServlet.service(HttpServlet.java:716)
		at org.apache.jasper.servlet.JspServletWrapper.service(JspServletWrapper.java:456)
		... 23 more
07-May-2025 22:24:45.628 SEVERE [http-nio-8080-exec-48] org.apache.catalina.core.StandardWrapperValve.invoke Servlet.service() for servlet [jsp] in context with path [] threw exception
	java.io.IOException: An exception occurred processing [/Menu/MenuPage.jsp] at line [62]

59: 
60:   <div class="menu-grid" id="menuGrid">
61:     <%
62:       List<FoodItem> foodItems = FoodItemFileUtil.loadFoodItems();
63: 
64:       // Apply sorting if requested
65:       if ("price".equals(request.getParameter("sort"))) {


Stacktrace:
		at org.apache.jasper.servlet.JspServletWrapper.service(JspServletWrapper.java:483)
		at org.apache.jasper.servlet.JspServlet.serviceJspFile(JspServlet.java:354)
		at org.apache.jasper.servlet.JspServlet.service(JspServlet.java:302)
		at jakarta.servlet.http.HttpServlet.service(HttpServlet.java:716)
		at org.apache.catalina.core.ApplicationFilterChain.doFilter(ApplicationFilterChain.java:130)
		at org.apache.tomcat.websocket.server.WsFilter.doFilter(WsFilter.java:51)
		at org.apache.catalina.core.ApplicationFilterChain.doFilter(ApplicationFilterChain.java:109)
		at org.apache.catalina.core.StandardWrapperValve.invoke(StandardWrapperValve.java:167)
		at org.apache.catalina.core.StandardContextValve.invoke(StandardContextValve.java:79)
		at org.apache.catalina.authenticator.AuthenticatorBase.invoke(AuthenticatorBase.java:483)
		at org.apache.catalina.core.StandardHostValve.invoke(StandardHostValve.java:115)
		at org.apache.catalina.valves.ErrorReportValve.invoke(ErrorReportValve.java:93)
		at org.apache.catalina.valves.AbstractAccessLogValve.invoke(AbstractAccessLogValve.java:670)
		at org.apache.catalina.core.StandardEngineValve.invoke(StandardEngineValve.java:74)
		at org.apache.catalina.connector.CoyoteAdapter.service(CoyoteAdapter.java:342)
		at org.apache.coyote.http11.Http11Processor.service(Http11Processor.java:395)
		at org.apache.coyote.AbstractProcessorLight.process(AbstractProcessorLight.java:63)
		at org.apache.coyote.AbstractProtocol$ConnectionHandler.process(AbstractProtocol.java:905)
		at org.apache.tomcat.util.net.NioEndpoint$SocketProcessor.doRun(NioEndpoint.java:1748)
		at org.apache.tomcat.util.net.SocketProcessorBase.run(SocketProcessorBase.java:52)
		at org.apache.tomcat.util.threads.ThreadPoolExecutor.runWorker(ThreadPoolExecutor.java:1148)
		at org.apache.tomcat.util.threads.ThreadPoolExecutor$Worker.run(ThreadPoolExecutor.java:636)
		at org.apache.tomcat.util.threads.TaskThread$WrappingRunnable.run(TaskThread.java:63)
		at java.base/java.lang.Thread.run(Thread.java:1447)
	Caused by: java.io.FileNotFoundException: \WEB-INF\fooditems.txt (The system cannot find the path specified)
		at java.base/java.io.FileOutputStream.open0(Native Method)
		at java.base/java.io.FileOutputStream.open(FileOutputStream.java:255)
		at java.base/java.io.FileOutputStream.<init>(FileOutputStream.java:210)
		at java.base/java.io.FileOutputStream.<init>(FileOutputStream.java:120)
		at java.base/java.io.FileWriter.<init>(FileWriter.java:67)
		at com.example.menu.foodapp.FoodItemFileUtil.saveFoodItems(FoodItemFileUtil.java:11)
		at com.example.menu.foodapp.FoodItemFileUtil.loadFoodItems(FoodItemFileUtil.java:26)
		at org.apache.jsp.Menu.MenuPage_jsp._jspService(MenuPage_jsp.java:194)
		at org.apache.jasper.runtime.HttpJspBase.service(HttpJspBase.java:67)
		at jakarta.servlet.http.HttpServlet.service(HttpServlet.java:716)
		at org.apache.jasper.servlet.JspServletWrapper.service(JspServletWrapper.java:456)
		... 23 more
07-May-2025 22:24:46.557 SEVERE [http-nio-8080-exec-49] org.apache.catalina.core.StandardWrapperValve.invoke Servlet.service() for servlet [jsp] in context with path [] threw exception
	java.io.IOException: An exception occurred processing [/Menu/MenuPage.jsp] at line [62]

59: 
60:   <div class="menu-grid" id="menuGrid">
61:     <%
62:       List<FoodItem> foodItems = FoodItemFileUtil.loadFoodItems();
63: 
64:       // Apply sorting if requested
65:       if ("price".equals(request.getParameter("sort"))) {


Stacktrace:
		at org.apache.jasper.servlet.JspServletWrapper.service(JspServletWrapper.java:483)
		at org.apache.jasper.servlet.JspServlet.serviceJspFile(JspServlet.java:354)
		at org.apache.jasper.servlet.JspServlet.service(JspServlet.java:302)
		at jakarta.servlet.http.HttpServlet.service(HttpServlet.java:716)
		at org.apache.catalina.core.ApplicationFilterChain.doFilter(ApplicationFilterChain.java:130)
		at org.apache.tomcat.websocket.server.WsFilter.doFilter(WsFilter.java:51)
		at org.apache.catalina.core.ApplicationFilterChain.doFilter(ApplicationFilterChain.java:109)
		at org.apache.catalina.core.StandardWrapperValve.invoke(StandardWrapperValve.java:167)
		at org.apache.catalina.core.StandardContextValve.invoke(StandardContextValve.java:79)
		at org.apache.catalina.authenticator.AuthenticatorBase.invoke(AuthenticatorBase.java:483)
		at org.apache.catalina.core.StandardHostValve.invoke(StandardHostValve.java:115)
		at org.apache.catalina.valves.ErrorReportValve.invoke(ErrorReportValve.java:93)
		at org.apache.catalina.valves.AbstractAccessLogValve.invoke(AbstractAccessLogValve.java:670)
		at org.apache.catalina.core.StandardEngineValve.invoke(StandardEngineValve.java:74)
		at org.apache.catalina.connector.CoyoteAdapter.service(CoyoteAdapter.java:342)
		at org.apache.coyote.http11.Http11Processor.service(Http11Processor.java:395)
		at org.apache.coyote.AbstractProcessorLight.process(AbstractProcessorLight.java:63)
		at org.apache.coyote.AbstractProtocol$ConnectionHandler.process(AbstractProtocol.java:905)
		at org.apache.tomcat.util.net.NioEndpoint$SocketProcessor.doRun(NioEndpoint.java:1748)
		at org.apache.tomcat.util.net.SocketProcessorBase.run(SocketProcessorBase.java:52)
		at org.apache.tomcat.util.threads.ThreadPoolExecutor.runWorker(ThreadPoolExecutor.java:1148)
		at org.apache.tomcat.util.threads.ThreadPoolExecutor$Worker.run(ThreadPoolExecutor.java:636)
		at org.apache.tomcat.util.threads.TaskThread$WrappingRunnable.run(TaskThread.java:63)
		at java.base/java.lang.Thread.run(Thread.java:1447)
	Caused by: java.io.FileNotFoundException: \WEB-INF\fooditems.txt (The system cannot find the path specified)
		at java.base/java.io.FileOutputStream.open0(Native Method)
		at java.base/java.io.FileOutputStream.open(FileOutputStream.java:255)
		at java.base/java.io.FileOutputStream.<init>(FileOutputStream.java:210)
		at java.base/java.io.FileOutputStream.<init>(FileOutputStream.java:120)
		at java.base/java.io.FileWriter.<init>(FileWriter.java:67)
		at com.example.menu.foodapp.FoodItemFileUtil.saveFoodItems(FoodItemFileUtil.java:11)
		at com.example.menu.foodapp.FoodItemFileUtil.loadFoodItems(FoodItemFileUtil.java:26)
		at org.apache.jsp.Menu.MenuPage_jsp._jspService(MenuPage_jsp.java:194)
		at org.apache.jasper.runtime.HttpJspBase.service(HttpJspBase.java:67)
		at jakarta.servlet.http.HttpServlet.service(HttpServlet.java:716)
		at org.apache.jasper.servlet.JspServletWrapper.service(JspServletWrapper.java:456)
		... 23 more
07-May-2025 22:24:46.708 SEVERE [http-nio-8080-exec-50] org.apache.catalina.core.StandardWrapperValve.invoke Servlet.service() for servlet [jsp] in context with path [] threw exception
	java.io.IOException: An exception occurred processing [/Menu/MenuPage.jsp] at line [62]

59: 
60:   <div class="menu-grid" id="menuGrid">
61:     <%
62:       List<FoodItem> foodItems = FoodItemFileUtil.loadFoodItems();
63: 
64:       // Apply sorting if requested
65:       if ("price".equals(request.getParameter("sort"))) {


Stacktrace:
		at org.apache.jasper.servlet.JspServletWrapper.service(JspServletWrapper.java:483)
		at org.apache.jasper.servlet.JspServlet.serviceJspFile(JspServlet.java:354)
		at org.apache.jasper.servlet.JspServlet.service(JspServlet.java:302)
		at jakarta.servlet.http.HttpServlet.service(HttpServlet.java:716)
		at org.apache.catalina.core.ApplicationFilterChain.doFilter(ApplicationFilterChain.java:130)
		at org.apache.tomcat.websocket.server.WsFilter.doFilter(WsFilter.java:51)
		at org.apache.catalina.core.ApplicationFilterChain.doFilter(ApplicationFilterChain.java:109)
		at org.apache.catalina.core.StandardWrapperValve.invoke(StandardWrapperValve.java:167)
		at org.apache.catalina.core.StandardContextValve.invoke(StandardContextValve.java:79)
		at org.apache.catalina.authenticator.AuthenticatorBase.invoke(AuthenticatorBase.java:483)
		at org.apache.catalina.core.StandardHostValve.invoke(StandardHostValve.java:115)
		at org.apache.catalina.valves.ErrorReportValve.invoke(ErrorReportValve.java:93)
		at org.apache.catalina.valves.AbstractAccessLogValve.invoke(AbstractAccessLogValve.java:670)
		at org.apache.catalina.core.StandardEngineValve.invoke(StandardEngineValve.java:74)
		at org.apache.catalina.connector.CoyoteAdapter.service(CoyoteAdapter.java:342)
		at org.apache.coyote.http11.Http11Processor.service(Http11Processor.java:395)
		at org.apache.coyote.AbstractProcessorLight.process(AbstractProcessorLight.java:63)
		at org.apache.coyote.AbstractProtocol$ConnectionHandler.process(AbstractProtocol.java:905)
		at org.apache.tomcat.util.net.NioEndpoint$SocketProcessor.doRun(NioEndpoint.java:1748)
		at org.apache.tomcat.util.net.SocketProcessorBase.run(SocketProcessorBase.java:52)
		at org.apache.tomcat.util.threads.ThreadPoolExecutor.runWorker(ThreadPoolExecutor.java:1148)
		at org.apache.tomcat.util.threads.ThreadPoolExecutor$Worker.run(ThreadPoolExecutor.java:636)
		at org.apache.tomcat.util.threads.TaskThread$WrappingRunnable.run(TaskThread.java:63)
		at java.base/java.lang.Thread.run(Thread.java:1447)
	Caused by: java.io.FileNotFoundException: \WEB-INF\fooditems.txt (The system cannot find the path specified)
		at java.base/java.io.FileOutputStream.open0(Native Method)
		at java.base/java.io.FileOutputStream.open(FileOutputStream.java:255)
		at java.base/java.io.FileOutputStream.<init>(FileOutputStream.java:210)
		at java.base/java.io.FileOutputStream.<init>(FileOutputStream.java:120)
		at java.base/java.io.FileWriter.<init>(FileWriter.java:67)
		at com.example.menu.foodapp.FoodItemFileUtil.saveFoodItems(FoodItemFileUtil.java:11)
		at com.example.menu.foodapp.FoodItemFileUtil.loadFoodItems(FoodItemFileUtil.java:26)
		at org.apache.jsp.Menu.MenuPage_jsp._jspService(MenuPage_jsp.java:194)
		at org.apache.jasper.runtime.HttpJspBase.service(HttpJspBase.java:67)
		at jakarta.servlet.http.HttpServlet.service(HttpServlet.java:716)
		at org.apache.jasper.servlet.JspServletWrapper.service(JspServletWrapper.java:456)
		... 23 more
07-May-2025 22:24:46.835 SEVERE [http-nio-8080-exec-46] org.apache.catalina.core.StandardWrapperValve.invoke Servlet.service() for servlet [jsp] in context with path [] threw exception
	java.io.IOException: An exception occurred processing [/Menu/MenuPage.jsp] at line [62]

59: 
60:   <div class="menu-grid" id="menuGrid">
61:     <%
62:       List<FoodItem> foodItems = FoodItemFileUtil.loadFoodItems();
63: 
64:       // Apply sorting if requested
65:       if ("price".equals(request.getParameter("sort"))) {


Stacktrace:
		at org.apache.jasper.servlet.JspServletWrapper.service(JspServletWrapper.java:483)
		at org.apache.jasper.servlet.JspServlet.serviceJspFile(JspServlet.java:354)
		at org.apache.jasper.servlet.JspServlet.service(JspServlet.java:302)
		at jakarta.servlet.http.HttpServlet.service(HttpServlet.java:716)
		at org.apache.catalina.core.ApplicationFilterChain.doFilter(ApplicationFilterChain.java:130)
		at org.apache.tomcat.websocket.server.WsFilter.doFilter(WsFilter.java:51)
		at org.apache.catalina.core.ApplicationFilterChain.doFilter(ApplicationFilterChain.java:109)
		at org.apache.catalina.core.StandardWrapperValve.invoke(StandardWrapperValve.java:167)
		at org.apache.catalina.core.StandardContextValve.invoke(StandardContextValve.java:79)
		at org.apache.catalina.authenticator.AuthenticatorBase.invoke(AuthenticatorBase.java:483)
		at org.apache.catalina.core.StandardHostValve.invoke(StandardHostValve.java:115)
		at org.apache.catalina.valves.ErrorReportValve.invoke(ErrorReportValve.java:93)
		at org.apache.catalina.valves.AbstractAccessLogValve.invoke(AbstractAccessLogValve.java:670)
		at org.apache.catalina.core.StandardEngineValve.invoke(StandardEngineValve.java:74)
		at org.apache.catalina.connector.CoyoteAdapter.service(CoyoteAdapter.java:342)
		at org.apache.coyote.http11.Http11Processor.service(Http11Processor.java:395)
		at org.apache.coyote.AbstractProcessorLight.process(AbstractProcessorLight.java:63)
		at org.apache.coyote.AbstractProtocol$ConnectionHandler.process(AbstractProtocol.java:905)
		at org.apache.tomcat.util.net.NioEndpoint$SocketProcessor.doRun(NioEndpoint.java:1748)
		at org.apache.tomcat.util.net.SocketProcessorBase.run(SocketProcessorBase.java:52)
		at org.apache.tomcat.util.threads.ThreadPoolExecutor.runWorker(ThreadPoolExecutor.java:1148)
		at org.apache.tomcat.util.threads.ThreadPoolExecutor$Worker.run(ThreadPoolExecutor.java:636)
		at org.apache.tomcat.util.threads.TaskThread$WrappingRunnable.run(TaskThread.java:63)
		at java.base/java.lang.Thread.run(Thread.java:1447)
	Caused by: java.io.FileNotFoundException: \WEB-INF\fooditems.txt (The system cannot find the path specified)
		at java.base/java.io.FileOutputStream.open0(Native Method)
		at java.base/java.io.FileOutputStream.open(FileOutputStream.java:255)
		at java.base/java.io.FileOutputStream.<init>(FileOutputStream.java:210)
		at java.base/java.io.FileOutputStream.<init>(FileOutputStream.java:120)
		at java.base/java.io.FileWriter.<init>(FileWriter.java:67)
		at com.example.menu.foodapp.FoodItemFileUtil.saveFoodItems(FoodItemFileUtil.java:11)
		at com.example.menu.foodapp.FoodItemFileUtil.loadFoodItems(FoodItemFileUtil.java:26)
		at org.apache.jsp.Menu.MenuPage_jsp._jspService(MenuPage_jsp.java:194)
		at org.apache.jasper.runtime.HttpJspBase.service(HttpJspBase.java:67)
		at jakarta.servlet.http.HttpServlet.service(HttpServlet.java:716)
		at org.apache.jasper.servlet.JspServletWrapper.service(JspServletWrapper.java:456)
		... 23 more
07-May-2025 22:24:46.952 SEVERE [http-nio-8080-exec-41] org.apache.catalina.core.StandardWrapperValve.invoke Servlet.service() for servlet [jsp] in context with path [] threw exception
	java.io.IOException: An exception occurred processing [/Menu/MenuPage.jsp] at line [62]

59: 
60:   <div class="menu-grid" id="menuGrid">
61:     <%
62:       List<FoodItem> foodItems = FoodItemFileUtil.loadFoodItems();
63: 
64:       // Apply sorting if requested
65:       if ("price".equals(request.getParameter("sort"))) {


Stacktrace:
		at org.apache.jasper.servlet.JspServletWrapper.service(JspServletWrapper.java:483)
		at org.apache.jasper.servlet.JspServlet.serviceJspFile(JspServlet.java:354)
		at org.apache.jasper.servlet.JspServlet.service(JspServlet.java:302)
		at jakarta.servlet.http.HttpServlet.service(HttpServlet.java:716)
		at org.apache.catalina.core.ApplicationFilterChain.doFilter(ApplicationFilterChain.java:130)
		at org.apache.tomcat.websocket.server.WsFilter.doFilter(WsFilter.java:51)
		at org.apache.catalina.core.ApplicationFilterChain.doFilter(ApplicationFilterChain.java:109)
		at org.apache.catalina.core.StandardWrapperValve.invoke(StandardWrapperValve.java:167)
		at org.apache.catalina.core.StandardContextValve.invoke(StandardContextValve.java:79)
		at org.apache.catalina.authenticator.AuthenticatorBase.invoke(AuthenticatorBase.java:483)
		at org.apache.catalina.core.StandardHostValve.invoke(StandardHostValve.java:115)
		at org.apache.catalina.valves.ErrorReportValve.invoke(ErrorReportValve.java:93)
		at org.apache.catalina.valves.AbstractAccessLogValve.invoke(AbstractAccessLogValve.java:670)
		at org.apache.catalina.core.StandardEngineValve.invoke(StandardEngineValve.java:74)
		at org.apache.catalina.connector.CoyoteAdapter.service(CoyoteAdapter.java:342)
		at org.apache.coyote.http11.Http11Processor.service(Http11Processor.java:395)
		at org.apache.coyote.AbstractProcessorLight.process(AbstractProcessorLight.java:63)
		at org.apache.coyote.AbstractProtocol$ConnectionHandler.process(AbstractProtocol.java:905)
		at org.apache.tomcat.util.net.NioEndpoint$SocketProcessor.doRun(NioEndpoint.java:1748)
		at org.apache.tomcat.util.net.SocketProcessorBase.run(SocketProcessorBase.java:52)
		at org.apache.tomcat.util.threads.ThreadPoolExecutor.runWorker(ThreadPoolExecutor.java:1148)
		at org.apache.tomcat.util.threads.ThreadPoolExecutor$Worker.run(ThreadPoolExecutor.java:636)
		at org.apache.tomcat.util.threads.TaskThread$WrappingRunnable.run(TaskThread.java:63)
		at java.base/java.lang.Thread.run(Thread.java:1447)
	Caused by: java.io.FileNotFoundException: \WEB-INF\fooditems.txt (The system cannot find the path specified)
		at java.base/java.io.FileOutputStream.open0(Native Method)
		at java.base/java.io.FileOutputStream.open(FileOutputStream.java:255)
		at java.base/java.io.FileOutputStream.<init>(FileOutputStream.java:210)
		at java.base/java.io.FileOutputStream.<init>(FileOutputStream.java:120)
		at java.base/java.io.FileWriter.<init>(FileWriter.java:67)
		at com.example.menu.foodapp.FoodItemFileUtil.saveFoodItems(FoodItemFileUtil.java:11)
		at com.example.menu.foodapp.FoodItemFileUtil.loadFoodItems(FoodItemFileUtil.java:26)
		at org.apache.jsp.Menu.MenuPage_jsp._jspService(MenuPage_jsp.java:194)
		at org.apache.jasper.runtime.HttpJspBase.service(HttpJspBase.java:67)
		at jakarta.servlet.http.HttpServlet.service(HttpServlet.java:716)
		at org.apache.jasper.servlet.JspServletWrapper.service(JspServletWrapper.java:456)
		... 23 more
07-May-2025 22:24:47.108 SEVERE [http-nio-8080-exec-47] org.apache.catalina.core.StandardWrapperValve.invoke Servlet.service() for servlet [jsp] in context with path [] threw exception
	java.io.IOException: An exception occurred processing [/Menu/MenuPage.jsp] at line [62]

59: 
60:   <div class="menu-grid" id="menuGrid">
61:     <%
62:       List<FoodItem> foodItems = FoodItemFileUtil.loadFoodItems();
63: 
64:       // Apply sorting if requested
65:       if ("price".equals(request.getParameter("sort"))) {


Stacktrace:
		at org.apache.jasper.servlet.JspServletWrapper.service(JspServletWrapper.java:483)
		at org.apache.jasper.servlet.JspServlet.serviceJspFile(JspServlet.java:354)
		at org.apache.jasper.servlet.JspServlet.service(JspServlet.java:302)
		at jakarta.servlet.http.HttpServlet.service(HttpServlet.java:716)
		at org.apache.catalina.core.ApplicationFilterChain.doFilter(ApplicationFilterChain.java:130)
		at org.apache.tomcat.websocket.server.WsFilter.doFilter(WsFilter.java:51)
		at org.apache.catalina.core.ApplicationFilterChain.doFilter(ApplicationFilterChain.java:109)
		at org.apache.catalina.core.StandardWrapperValve.invoke(StandardWrapperValve.java:167)
		at org.apache.catalina.core.StandardContextValve.invoke(StandardContextValve.java:79)
		at org.apache.catalina.authenticator.AuthenticatorBase.invoke(AuthenticatorBase.java:483)
		at org.apache.catalina.core.StandardHostValve.invoke(StandardHostValve.java:115)
		at org.apache.catalina.valves.ErrorReportValve.invoke(ErrorReportValve.java:93)
		at org.apache.catalina.valves.AbstractAccessLogValve.invoke(AbstractAccessLogValve.java:670)
		at org.apache.catalina.core.StandardEngineValve.invoke(StandardEngineValve.java:74)
		at org.apache.catalina.connector.CoyoteAdapter.service(CoyoteAdapter.java:342)
		at org.apache.coyote.http11.Http11Processor.service(Http11Processor.java:395)
		at org.apache.coyote.AbstractProcessorLight.process(AbstractProcessorLight.java:63)
		at org.apache.coyote.AbstractProtocol$ConnectionHandler.process(AbstractProtocol.java:905)
		at org.apache.tomcat.util.net.NioEndpoint$SocketProcessor.doRun(NioEndpoint.java:1748)
		at org.apache.tomcat.util.net.SocketProcessorBase.run(SocketProcessorBase.java:52)
		at org.apache.tomcat.util.threads.ThreadPoolExecutor.runWorker(ThreadPoolExecutor.java:1148)
		at org.apache.tomcat.util.threads.ThreadPoolExecutor$Worker.run(ThreadPoolExecutor.java:636)
		at org.apache.tomcat.util.threads.TaskThread$WrappingRunnable.run(TaskThread.java:63)
		at java.base/java.lang.Thread.run(Thread.java:1447)
	Caused by: java.io.FileNotFoundException: \WEB-INF\fooditems.txt (The system cannot find the path specified)
		at java.base/java.io.FileOutputStream.open0(Native Method)
		at java.base/java.io.FileOutputStream.open(FileOutputStream.java:255)
		at java.base/java.io.FileOutputStream.<init>(FileOutputStream.java:210)
		at java.base/java.io.FileOutputStream.<init>(FileOutputStream.java:120)
		at java.base/java.io.FileWriter.<init>(FileWriter.java:67)
		at com.example.menu.foodapp.FoodItemFileUtil.saveFoodItems(FoodItemFileUtil.java:11)
		at com.example.menu.foodapp.FoodItemFileUtil.loadFoodItems(FoodItemFileUtil.java:26)
		at org.apache.jsp.Menu.MenuPage_jsp._jspService(MenuPage_jsp.java:194)
		at org.apache.jasper.runtime.HttpJspBase.service(HttpJspBase.java:67)
		at jakarta.servlet.http.HttpServlet.service(HttpServlet.java:716)
		at org.apache.jasper.servlet.JspServletWrapper.service(JspServletWrapper.java:456)
		... 23 more
07-May-2025 22:24:47.350 SEVERE [http-nio-8080-exec-42] org.apache.catalina.core.StandardWrapperValve.invoke Servlet.service() for servlet [jsp] in context with path [] threw exception
	java.io.IOException: An exception occurred processing [/Menu/MenuPage.jsp] at line [62]

59: 
60:   <div class="menu-grid" id="menuGrid">
61:     <%
62:       List<FoodItem> foodItems = FoodItemFileUtil.loadFoodItems();
63: 
64:       // Apply sorting if requested
65:       if ("price".equals(request.getParameter("sort"))) {


Stacktrace:
		at org.apache.jasper.servlet.JspServletWrapper.service(JspServletWrapper.java:483)
		at org.apache.jasper.servlet.JspServlet.serviceJspFile(JspServlet.java:354)
		at org.apache.jasper.servlet.JspServlet.service(JspServlet.java:302)
		at jakarta.servlet.http.HttpServlet.service(HttpServlet.java:716)
		at org.apache.catalina.core.ApplicationFilterChain.doFilter(ApplicationFilterChain.java:130)
		at org.apache.tomcat.websocket.server.WsFilter.doFilter(WsFilter.java:51)
		at org.apache.catalina.core.ApplicationFilterChain.doFilter(ApplicationFilterChain.java:109)
		at org.apache.catalina.core.StandardWrapperValve.invoke(StandardWrapperValve.java:167)
		at org.apache.catalina.core.StandardContextValve.invoke(StandardContextValve.java:79)
		at org.apache.catalina.authenticator.AuthenticatorBase.invoke(AuthenticatorBase.java:483)
		at org.apache.catalina.core.StandardHostValve.invoke(StandardHostValve.java:115)
		at org.apache.catalina.valves.ErrorReportValve.invoke(ErrorReportValve.java:93)
		at org.apache.catalina.valves.AbstractAccessLogValve.invoke(AbstractAccessLogValve.java:670)
		at org.apache.catalina.core.StandardEngineValve.invoke(StandardEngineValve.java:74)
		at org.apache.catalina.connector.CoyoteAdapter.service(CoyoteAdapter.java:342)
		at org.apache.coyote.http11.Http11Processor.service(Http11Processor.java:395)
		at org.apache.coyote.AbstractProcessorLight.process(AbstractProcessorLight.java:63)
		at org.apache.coyote.AbstractProtocol$ConnectionHandler.process(AbstractProtocol.java:905)
		at org.apache.tomcat.util.net.NioEndpoint$SocketProcessor.doRun(NioEndpoint.java:1748)
		at org.apache.tomcat.util.net.SocketProcessorBase.run(SocketProcessorBase.java:52)
		at org.apache.tomcat.util.threads.ThreadPoolExecutor.runWorker(ThreadPoolExecutor.java:1148)
		at org.apache.tomcat.util.threads.ThreadPoolExecutor$Worker.run(ThreadPoolExecutor.java:636)
		at org.apache.tomcat.util.threads.TaskThread$WrappingRunnable.run(TaskThread.java:63)
		at java.base/java.lang.Thread.run(Thread.java:1447)
	Caused by: java.io.FileNotFoundException: \WEB-INF\fooditems.txt (The system cannot find the path specified)
		at java.base/java.io.FileOutputStream.open0(Native Method)
		at java.base/java.io.FileOutputStream.open(FileOutputStream.java:255)
		at java.base/java.io.FileOutputStream.<init>(FileOutputStream.java:210)
		at java.base/java.io.FileOutputStream.<init>(FileOutputStream.java:120)
		at java.base/java.io.FileWriter.<init>(FileWriter.java:67)
		at com.example.menu.foodapp.FoodItemFileUtil.saveFoodItems(FoodItemFileUtil.java:11)
		at com.example.menu.foodapp.FoodItemFileUtil.loadFoodItems(FoodItemFileUtil.java:26)
		at org.apache.jsp.Menu.MenuPage_jsp._jspService(MenuPage_jsp.java:194)
		at org.apache.jasper.runtime.HttpJspBase.service(HttpJspBase.java:67)
		at jakarta.servlet.http.HttpServlet.service(HttpServlet.java:716)
		at org.apache.jasper.servlet.JspServletWrapper.service(JspServletWrapper.java:456)
		... 23 more
07-May-2025 22:24:57.559 SEVERE [http-nio-8080-exec-41] org.apache.catalina.core.StandardWrapperValve.invoke Servlet.service() for servlet [jsp] in context with path [] threw exception
	java.io.IOException: An exception occurred processing [/Menu/MenuPage.jsp] at line [62]

59: 
60:   <div class="menu-grid" id="menuGrid">
61:     <%
62:       List<FoodItem> foodItems = FoodItemFileUtil.loadFoodItems();
63: 
64:       // Apply sorting if requested
65:       if ("price".equals(request.getParameter("sort"))) {


Stacktrace:
		at org.apache.jasper.servlet.JspServletWrapper.service(JspServletWrapper.java:483)
		at org.apache.jasper.servlet.JspServlet.serviceJspFile(JspServlet.java:354)
		at org.apache.jasper.servlet.JspServlet.service(JspServlet.java:302)
		at jakarta.servlet.http.HttpServlet.service(HttpServlet.java:716)
		at org.apache.catalina.core.ApplicationFilterChain.doFilter(ApplicationFilterChain.java:130)
		at org.apache.tomcat.websocket.server.WsFilter.doFilter(WsFilter.java:51)
		at org.apache.catalina.core.ApplicationFilterChain.doFilter(ApplicationFilterChain.java:109)
		at org.apache.catalina.core.StandardWrapperValve.invoke(StandardWrapperValve.java:167)
		at org.apache.catalina.core.StandardContextValve.invoke(StandardContextValve.java:79)
		at org.apache.catalina.authenticator.AuthenticatorBase.invoke(AuthenticatorBase.java:483)
		at org.apache.catalina.core.StandardHostValve.invoke(StandardHostValve.java:115)
		at org.apache.catalina.valves.ErrorReportValve.invoke(ErrorReportValve.java:93)
		at org.apache.catalina.valves.AbstractAccessLogValve.invoke(AbstractAccessLogValve.java:670)
		at org.apache.catalina.core.StandardEngineValve.invoke(StandardEngineValve.java:74)
		at org.apache.catalina.connector.CoyoteAdapter.service(CoyoteAdapter.java:342)
		at org.apache.coyote.http11.Http11Processor.service(Http11Processor.java:395)
		at org.apache.coyote.AbstractProcessorLight.process(AbstractProcessorLight.java:63)
		at org.apache.coyote.AbstractProtocol$ConnectionHandler.process(AbstractProtocol.java:905)
		at org.apache.tomcat.util.net.NioEndpoint$SocketProcessor.doRun(NioEndpoint.java:1748)
		at org.apache.tomcat.util.net.SocketProcessorBase.run(SocketProcessorBase.java:52)
		at org.apache.tomcat.util.threads.ThreadPoolExecutor.runWorker(ThreadPoolExecutor.java:1148)
		at org.apache.tomcat.util.threads.ThreadPoolExecutor$Worker.run(ThreadPoolExecutor.java:636)
		at org.apache.tomcat.util.threads.TaskThread$WrappingRunnable.run(TaskThread.java:63)
		at java.base/java.lang.Thread.run(Thread.java:1447)
	Caused by: java.io.FileNotFoundException: \WEB-INF\fooditems.txt (The system cannot find the path specified)
		at java.base/java.io.FileOutputStream.open0(Native Method)
		at java.base/java.io.FileOutputStream.open(FileOutputStream.java:255)
		at java.base/java.io.FileOutputStream.<init>(FileOutputStream.java:210)
		at java.base/java.io.FileOutputStream.<init>(FileOutputStream.java:120)
		at java.base/java.io.FileWriter.<init>(FileWriter.java:67)
		at com.example.menu.foodapp.FoodItemFileUtil.saveFoodItems(FoodItemFileUtil.java:11)
		at com.example.menu.foodapp.FoodItemFileUtil.loadFoodItems(FoodItemFileUtil.java:26)
		at org.apache.jsp.Menu.MenuPage_jsp._jspService(MenuPage_jsp.java:194)
		at org.apache.jasper.runtime.HttpJspBase.service(HttpJspBase.java:67)
		at jakarta.servlet.http.HttpServlet.service(HttpServlet.java:716)
		at org.apache.jasper.servlet.JspServletWrapper.service(JspServletWrapper.java:456)
		... 23 more
07-May-2025 22:25:08.439 SEVERE [http-nio-8080-exec-49] org.apache.catalina.core.StandardWrapperValve.invoke Servlet.service() for servlet [jsp] in context with path [] threw exception
	java.io.IOException: An exception occurred processing [/Menu/MenuPage.jsp] at line [62]

59: 
60:   <div class="menu-grid" id="menuGrid">
61:     <%
62:       List<FoodItem> foodItems = FoodItemFileUtil.loadFoodItems();
63: 
64:       // Apply sorting if requested
65:       if ("price".equals(request.getParameter("sort"))) {


Stacktrace:
		at org.apache.jasper.servlet.JspServletWrapper.service(JspServletWrapper.java:483)
		at org.apache.jasper.servlet.JspServlet.serviceJspFile(JspServlet.java:354)
		at org.apache.jasper.servlet.JspServlet.service(JspServlet.java:302)
		at jakarta.servlet.http.HttpServlet.service(HttpServlet.java:716)
		at org.apache.catalina.core.ApplicationFilterChain.doFilter(ApplicationFilterChain.java:130)
		at org.apache.tomcat.websocket.server.WsFilter.doFilter(WsFilter.java:51)
		at org.apache.catalina.core.ApplicationFilterChain.doFilter(ApplicationFilterChain.java:109)
		at org.apache.catalina.core.StandardWrapperValve.invoke(StandardWrapperValve.java:167)
		at org.apache.catalina.core.StandardContextValve.invoke(StandardContextValve.java:79)
		at org.apache.catalina.authenticator.AuthenticatorBase.invoke(AuthenticatorBase.java:483)
		at org.apache.catalina.core.StandardHostValve.invoke(StandardHostValve.java:115)
		at org.apache.catalina.valves.ErrorReportValve.invoke(ErrorReportValve.java:93)
		at org.apache.catalina.valves.AbstractAccessLogValve.invoke(AbstractAccessLogValve.java:670)
		at org.apache.catalina.core.StandardEngineValve.invoke(StandardEngineValve.java:74)
		at org.apache.catalina.connector.CoyoteAdapter.service(CoyoteAdapter.java:342)
		at org.apache.coyote.http11.Http11Processor.service(Http11Processor.java:395)
		at org.apache.coyote.AbstractProcessorLight.process(AbstractProcessorLight.java:63)
		at org.apache.coyote.AbstractProtocol$ConnectionHandler.process(AbstractProtocol.java:905)
		at org.apache.tomcat.util.net.NioEndpoint$SocketProcessor.doRun(NioEndpoint.java:1748)
		at org.apache.tomcat.util.net.SocketProcessorBase.run(SocketProcessorBase.java:52)
		at org.apache.tomcat.util.threads.ThreadPoolExecutor.runWorker(ThreadPoolExecutor.java:1148)
		at org.apache.tomcat.util.threads.ThreadPoolExecutor$Worker.run(ThreadPoolExecutor.java:636)
		at org.apache.tomcat.util.threads.TaskThread$WrappingRunnable.run(TaskThread.java:63)
		at java.base/java.lang.Thread.run(Thread.java:1447)
	Caused by: java.io.FileNotFoundException: \WEB-INF\fooditems.txt (The system cannot find the path specified)
		at java.base/java.io.FileOutputStream.open0(Native Method)
		at java.base/java.io.FileOutputStream.open(FileOutputStream.java:255)
		at java.base/java.io.FileOutputStream.<init>(FileOutputStream.java:210)
		at java.base/java.io.FileOutputStream.<init>(FileOutputStream.java:120)
		at java.base/java.io.FileWriter.<init>(FileWriter.java:67)
		at com.example.menu.foodapp.FoodItemFileUtil.saveFoodItems(FoodItemFileUtil.java:11)
		at com.example.menu.foodapp.FoodItemFileUtil.loadFoodItems(FoodItemFileUtil.java:26)
		at org.apache.jsp.Menu.MenuPage_jsp._jspService(MenuPage_jsp.java:194)
		at org.apache.jasper.runtime.HttpJspBase.service(HttpJspBase.java:67)
		at jakarta.servlet.http.HttpServlet.service(HttpServlet.java:716)
		at org.apache.jasper.servlet.JspServletWrapper.service(JspServletWrapper.java:456)
		... 23 more
07-May-2025 22:30:52.835 SEVERE [http-nio-8080-exec-53] org.apache.catalina.core.StandardWrapperValve.invoke Servlet.service() for servlet [jsp] in context with path [] threw exception
	java.io.IOException: An exception occurred processing [/Menu/MenuPage.jsp] at line [62]

59: 
60:   <div class="menu-grid" id="menuGrid">
61:     <%
62:       List<FoodItem> foodItems = FoodItemFileUtil.loadFoodItems();
63: 
64:       // Apply sorting if requested
65:       if ("price".equals(request.getParameter("sort"))) {


Stacktrace:
		at org.apache.jasper.servlet.JspServletWrapper.service(JspServletWrapper.java:483)
		at org.apache.jasper.servlet.JspServlet.serviceJspFile(JspServlet.java:354)
		at org.apache.jasper.servlet.JspServlet.service(JspServlet.java:302)
		at jakarta.servlet.http.HttpServlet.service(HttpServlet.java:716)
		at org.apache.catalina.core.ApplicationFilterChain.doFilter(ApplicationFilterChain.java:130)
		at org.apache.tomcat.websocket.server.WsFilter.doFilter(WsFilter.java:51)
		at org.apache.catalina.core.ApplicationFilterChain.doFilter(ApplicationFilterChain.java:109)
		at org.apache.catalina.core.StandardWrapperValve.invoke(StandardWrapperValve.java:167)
		at org.apache.catalina.core.StandardContextValve.invoke(StandardContextValve.java:79)
		at org.apache.catalina.authenticator.AuthenticatorBase.invoke(AuthenticatorBase.java:483)
		at org.apache.catalina.core.StandardHostValve.invoke(StandardHostValve.java:115)
		at org.apache.catalina.valves.ErrorReportValve.invoke(ErrorReportValve.java:93)
		at org.apache.catalina.valves.AbstractAccessLogValve.invoke(AbstractAccessLogValve.java:670)
		at org.apache.catalina.core.StandardEngineValve.invoke(StandardEngineValve.java:74)
		at org.apache.catalina.connector.CoyoteAdapter.service(CoyoteAdapter.java:342)
		at org.apache.coyote.http11.Http11Processor.service(Http11Processor.java:395)
		at org.apache.coyote.AbstractProcessorLight.process(AbstractProcessorLight.java:63)
		at org.apache.coyote.AbstractProtocol$ConnectionHandler.process(AbstractProtocol.java:905)
		at org.apache.tomcat.util.net.NioEndpoint$SocketProcessor.doRun(NioEndpoint.java:1748)
		at org.apache.tomcat.util.net.SocketProcessorBase.run(SocketProcessorBase.java:52)
		at org.apache.tomcat.util.threads.ThreadPoolExecutor.runWorker(ThreadPoolExecutor.java:1148)
		at org.apache.tomcat.util.threads.ThreadPoolExecutor$Worker.run(ThreadPoolExecutor.java:636)
		at org.apache.tomcat.util.threads.TaskThread$WrappingRunnable.run(TaskThread.java:63)
		at java.base/java.lang.Thread.run(Thread.java:1447)
	Caused by: java.io.FileNotFoundException: \WEB-INF\fooditems.txt (The system cannot find the path specified)
		at java.base/java.io.FileOutputStream.open0(Native Method)
		at java.base/java.io.FileOutputStream.open(FileOutputStream.java:255)
		at java.base/java.io.FileOutputStream.<init>(FileOutputStream.java:210)
		at java.base/java.io.FileOutputStream.<init>(FileOutputStream.java:120)
		at java.base/java.io.FileWriter.<init>(FileWriter.java:67)
		at com.example.menu.foodapp.FoodItemFileUtil.saveFoodItems(FoodItemFileUtil.java:11)
		at com.example.menu.foodapp.FoodItemFileUtil.loadFoodItems(FoodItemFileUtil.java:26)
		at org.apache.jsp.Menu.MenuPage_jsp._jspService(MenuPage_jsp.java:194)
		at org.apache.jasper.runtime.HttpJspBase.service(HttpJspBase.java:67)
		at jakarta.servlet.http.HttpServlet.service(HttpServlet.java:716)
		at org.apache.jasper.servlet.JspServletWrapper.service(JspServletWrapper.java:456)
		... 23 more
07-May-2025 22:30:55.211 SEVERE [http-nio-8080-exec-54] org.apache.catalina.core.StandardWrapperValve.invoke Servlet.service() for servlet [jsp] in context with path [] threw exception
	java.io.IOException: An exception occurred processing [/Menu/MenuPage.jsp] at line [62]

59: 
60:   <div class="menu-grid" id="menuGrid">
61:     <%
62:       List<FoodItem> foodItems = FoodItemFileUtil.loadFoodItems();
63: 
64:       // Apply sorting if requested
65:       if ("price".equals(request.getParameter("sort"))) {


Stacktrace:
		at org.apache.jasper.servlet.JspServletWrapper.service(JspServletWrapper.java:483)
		at org.apache.jasper.servlet.JspServlet.serviceJspFile(JspServlet.java:354)
		at org.apache.jasper.servlet.JspServlet.service(JspServlet.java:302)
		at jakarta.servlet.http.HttpServlet.service(HttpServlet.java:716)
		at org.apache.catalina.core.ApplicationFilterChain.doFilter(ApplicationFilterChain.java:130)
		at org.apache.tomcat.websocket.server.WsFilter.doFilter(WsFilter.java:51)
		at org.apache.catalina.core.ApplicationFilterChain.doFilter(ApplicationFilterChain.java:109)
		at org.apache.catalina.core.StandardWrapperValve.invoke(StandardWrapperValve.java:167)
		at org.apache.catalina.core.StandardContextValve.invoke(StandardContextValve.java:79)
		at org.apache.catalina.authenticator.AuthenticatorBase.invoke(AuthenticatorBase.java:483)
		at org.apache.catalina.core.StandardHostValve.invoke(StandardHostValve.java:115)
		at org.apache.catalina.valves.ErrorReportValve.invoke(ErrorReportValve.java:93)
		at org.apache.catalina.valves.AbstractAccessLogValve.invoke(AbstractAccessLogValve.java:670)
		at org.apache.catalina.core.StandardEngineValve.invoke(StandardEngineValve.java:74)
		at org.apache.catalina.connector.CoyoteAdapter.service(CoyoteAdapter.java:342)
		at org.apache.coyote.http11.Http11Processor.service(Http11Processor.java:395)
		at org.apache.coyote.AbstractProcessorLight.process(AbstractProcessorLight.java:63)
		at org.apache.coyote.AbstractProtocol$ConnectionHandler.process(AbstractProtocol.java:905)
		at org.apache.tomcat.util.net.NioEndpoint$SocketProcessor.doRun(NioEndpoint.java:1748)
		at org.apache.tomcat.util.net.SocketProcessorBase.run(SocketProcessorBase.java:52)
		at org.apache.tomcat.util.threads.ThreadPoolExecutor.runWorker(ThreadPoolExecutor.java:1148)
		at org.apache.tomcat.util.threads.ThreadPoolExecutor$Worker.run(ThreadPoolExecutor.java:636)
		at org.apache.tomcat.util.threads.TaskThread$WrappingRunnable.run(TaskThread.java:63)
		at java.base/java.lang.Thread.run(Thread.java:1447)
	Caused by: java.io.FileNotFoundException: \WEB-INF\fooditems.txt (The system cannot find the path specified)
		at java.base/java.io.FileOutputStream.open0(Native Method)
		at java.base/java.io.FileOutputStream.open(FileOutputStream.java:255)
		at java.base/java.io.FileOutputStream.<init>(FileOutputStream.java:210)
		at java.base/java.io.FileOutputStream.<init>(FileOutputStream.java:120)
		at java.base/java.io.FileWriter.<init>(FileWriter.java:67)
		at com.example.menu.foodapp.FoodItemFileUtil.saveFoodItems(FoodItemFileUtil.java:11)
		at com.example.menu.foodapp.FoodItemFileUtil.loadFoodItems(FoodItemFileUtil.java:26)
		at org.apache.jsp.Menu.MenuPage_jsp._jspService(MenuPage_jsp.java:194)
		at org.apache.jasper.runtime.HttpJspBase.service(HttpJspBase.java:67)
		at jakarta.servlet.http.HttpServlet.service(HttpServlet.java:716)
		at org.apache.jasper.servlet.JspServletWrapper.service(JspServletWrapper.java:456)
		... 23 more
07-May-2025 22:32:42.689 SEVERE [http-nio-8080-exec-61] org.apache.catalina.core.StandardWrapperValve.invoke Servlet.service() for servlet [jsp] in context with path [] threw exception [Unable to compile class for JSP: 

An error occurred at line: [62] in the jsp file: [/Menu/MenuPage.jsp]
The method loadFoodItems(ServletContext) in the type FoodItemFileUtil is not applicable for the arguments ()
59: 
60:   <div class="menu-grid" id="menuGrid">
61:     <%
62:       List<FoodItem> foodItems = FoodItemFileUtil.loadFoodItems();
63: 
64:       // Apply sorting if requested
65:       if ("price".equals(request.getParameter("sort"))) {


Stacktrace:] with root cause
	org.apache.jasper.JasperException: Unable to compile class for JSP: 

An error occurred at line: [62] in the jsp file: [/Menu/MenuPage.jsp]
The method loadFoodItems(ServletContext) in the type FoodItemFileUtil is not applicable for the arguments ()
59: 
60:   <div class="menu-grid" id="menuGrid">
61:     <%
62:       List<FoodItem> foodItems = FoodItemFileUtil.loadFoodItems();
63: 
64:       // Apply sorting if requested
65:       if ("price".equals(request.getParameter("sort"))) {


Stacktrace:
		at org.apache.jasper.compiler.DefaultErrorHandler.javacError(DefaultErrorHandler.java:72)
		at org.apache.jasper.compiler.ErrorDispatcher.javacError(ErrorDispatcher.java:192)
		at org.apache.jasper.compiler.JDTCompiler.generateClass(JDTCompiler.java:506)
		at org.apache.jasper.compiler.Compiler.compile(Compiler.java:373)
		at org.apache.jasper.compiler.Compiler.compile(Compiler.java:345)
		at org.apache.jasper.compiler.Compiler.compile(Compiler.java:331)
		at org.apache.jasper.JspCompilationContext.compile(JspCompilationContext.java:602)
		at org.apache.jasper.servlet.JspServletWrapper.service(JspServletWrapper.java:396)
		at org.apache.jasper.servlet.JspServlet.serviceJspFile(JspServlet.java:354)
		at org.apache.jasper.servlet.JspServlet.service(JspServlet.java:302)
		at jakarta.servlet.http.HttpServlet.service(HttpServlet.java:716)
		at org.apache.catalina.core.ApplicationFilterChain.doFilter(ApplicationFilterChain.java:130)
		at org.apache.tomcat.websocket.server.WsFilter.doFilter(WsFilter.java:51)
		at org.apache.catalina.core.ApplicationFilterChain.doFilter(ApplicationFilterChain.java:109)
		at org.apache.catalina.core.StandardWrapperValve.invoke(StandardWrapperValve.java:167)
		at org.apache.catalina.core.StandardContextValve.invoke(StandardContextValve.java:79)
		at org.apache.catalina.authenticator.AuthenticatorBase.invoke(AuthenticatorBase.java:483)
		at org.apache.catalina.core.StandardHostValve.invoke(StandardHostValve.java:115)
		at org.apache.catalina.valves.ErrorReportValve.invoke(ErrorReportValve.java:93)
		at org.apache.catalina.valves.AbstractAccessLogValve.invoke(AbstractAccessLogValve.java:670)
		at org.apache.catalina.core.StandardEngineValve.invoke(StandardEngineValve.java:74)
		at org.apache.catalina.connector.CoyoteAdapter.service(CoyoteAdapter.java:342)
		at org.apache.coyote.http11.Http11Processor.service(Http11Processor.java:395)
		at org.apache.coyote.AbstractProcessorLight.process(AbstractProcessorLight.java:63)
		at org.apache.coyote.AbstractProtocol$ConnectionHandler.process(AbstractProtocol.java:905)
		at org.apache.tomcat.util.net.NioEndpoint$SocketProcessor.doRun(NioEndpoint.java:1748)
		at org.apache.tomcat.util.net.SocketProcessorBase.run(SocketProcessorBase.java:52)
		at org.apache.tomcat.util.threads.ThreadPoolExecutor.runWorker(ThreadPoolExecutor.java:1148)
		at org.apache.tomcat.util.threads.ThreadPoolExecutor$Worker.run(ThreadPoolExecutor.java:636)
		at org.apache.tomcat.util.threads.TaskThread$WrappingRunnable.run(TaskThread.java:63)
		at java.base/java.lang.Thread.run(Thread.java:1447)
07-May-2025 22:32:43.988 SEVERE [http-nio-8080-exec-56] org.apache.catalina.core.StandardWrapperValve.invoke Servlet.service() for servlet [jsp] in context with path [] threw exception [org.apache.jasper.JasperException: java.lang.ClassNotFoundException: org.apache.jsp.Menu.MenuPage_jsp] with root cause
	java.lang.ClassNotFoundException: org.apache.jsp.Menu.MenuPage_jsp
		at java.base/java.net.URLClassLoader.findClass(URLClassLoader.java:349)
		at org.apache.jasper.servlet.JasperLoader.loadClass(JasperLoader.java:104)
		at org.apache.jasper.servlet.JasperLoader.loadClass(JasperLoader.java:51)
		at org.apache.catalina.core.DefaultInstanceManager.newInstance(DefaultInstanceManager.java:147)
		at org.apache.jasper.servlet.JspServletWrapper.getServlet(JspServletWrapper.java:189)
		at org.apache.jasper.servlet.JspServletWrapper.service(JspServletWrapper.java:410)
		at org.apache.jasper.servlet.JspServlet.serviceJspFile(JspServlet.java:354)
		at org.apache.jasper.servlet.JspServlet.service(JspServlet.java:302)
		at jakarta.servlet.http.HttpServlet.service(HttpServlet.java:716)
		at org.apache.catalina.core.ApplicationFilterChain.doFilter(ApplicationFilterChain.java:130)
		at org.apache.tomcat.websocket.server.WsFilter.doFilter(WsFilter.java:51)
		at org.apache.catalina.core.ApplicationFilterChain.doFilter(ApplicationFilterChain.java:109)
		at org.apache.catalina.core.StandardWrapperValve.invoke(StandardWrapperValve.java:167)
		at org.apache.catalina.core.StandardContextValve.invoke(StandardContextValve.java:79)
		at org.apache.catalina.authenticator.AuthenticatorBase.invoke(AuthenticatorBase.java:483)
		at org.apache.catalina.core.StandardHostValve.invoke(StandardHostValve.java:115)
		at org.apache.catalina.valves.ErrorReportValve.invoke(ErrorReportValve.java:93)
		at org.apache.catalina.valves.AbstractAccessLogValve.invoke(AbstractAccessLogValve.java:670)
		at org.apache.catalina.core.StandardEngineValve.invoke(StandardEngineValve.java:74)
		at org.apache.catalina.connector.CoyoteAdapter.service(CoyoteAdapter.java:342)
		at org.apache.coyote.http11.Http11Processor.service(Http11Processor.java:395)
		at org.apache.coyote.AbstractProcessorLight.process(AbstractProcessorLight.java:63)
		at org.apache.coyote.AbstractProtocol$ConnectionHandler.process(AbstractProtocol.java:905)
		at org.apache.tomcat.util.net.NioEndpoint$SocketProcessor.doRun(NioEndpoint.java:1748)
		at org.apache.tomcat.util.net.SocketProcessorBase.run(SocketProcessorBase.java:52)
		at org.apache.tomcat.util.threads.ThreadPoolExecutor.runWorker(ThreadPoolExecutor.java:1148)
		at org.apache.tomcat.util.threads.ThreadPoolExecutor$Worker.run(ThreadPoolExecutor.java:636)
		at org.apache.tomcat.util.threads.TaskThread$WrappingRunnable.run(TaskThread.java:63)
		at java.base/java.lang.Thread.run(Thread.java:1447)
07-May-2025 22:32:44.316 SEVERE [http-nio-8080-exec-58] org.apache.catalina.core.StandardWrapperValve.invoke Servlet.service() for servlet [jsp] in context with path [] threw exception [org.apache.jasper.JasperException: java.lang.ClassNotFoundException: org.apache.jsp.Menu.MenuPage_jsp] with root cause
	java.lang.ClassNotFoundException: org.apache.jsp.Menu.MenuPage_jsp
		at java.base/java.net.URLClassLoader.findClass(URLClassLoader.java:349)
		at org.apache.jasper.servlet.JasperLoader.loadClass(JasperLoader.java:104)
		at org.apache.jasper.servlet.JasperLoader.loadClass(JasperLoader.java:51)
		at org.apache.catalina.core.DefaultInstanceManager.newInstance(DefaultInstanceManager.java:147)
		at org.apache.jasper.servlet.JspServletWrapper.getServlet(JspServletWrapper.java:189)
		at org.apache.jasper.servlet.JspServletWrapper.service(JspServletWrapper.java:410)
		at org.apache.jasper.servlet.JspServlet.serviceJspFile(JspServlet.java:354)
		at org.apache.jasper.servlet.JspServlet.service(JspServlet.java:302)
		at jakarta.servlet.http.HttpServlet.service(HttpServlet.java:716)
		at org.apache.catalina.core.ApplicationFilterChain.doFilter(ApplicationFilterChain.java:130)
		at org.apache.tomcat.websocket.server.WsFilter.doFilter(WsFilter.java:51)
		at org.apache.catalina.core.ApplicationFilterChain.doFilter(ApplicationFilterChain.java:109)
		at org.apache.catalina.core.StandardWrapperValve.invoke(StandardWrapperValve.java:167)
		at org.apache.catalina.core.StandardContextValve.invoke(StandardContextValve.java:79)
		at org.apache.catalina.authenticator.AuthenticatorBase.invoke(AuthenticatorBase.java:483)
		at org.apache.catalina.core.StandardHostValve.invoke(StandardHostValve.java:115)
		at org.apache.catalina.valves.ErrorReportValve.invoke(ErrorReportValve.java:93)
		at org.apache.catalina.valves.AbstractAccessLogValve.invoke(AbstractAccessLogValve.java:670)
		at org.apache.catalina.core.StandardEngineValve.invoke(StandardEngineValve.java:74)
		at org.apache.catalina.connector.CoyoteAdapter.service(CoyoteAdapter.java:342)
		at org.apache.coyote.http11.Http11Processor.service(Http11Processor.java:395)
		at org.apache.coyote.AbstractProcessorLight.process(AbstractProcessorLight.java:63)
		at org.apache.coyote.AbstractProtocol$ConnectionHandler.process(AbstractProtocol.java:905)
		at org.apache.tomcat.util.net.NioEndpoint$SocketProcessor.doRun(NioEndpoint.java:1748)
		at org.apache.tomcat.util.net.SocketProcessorBase.run(SocketProcessorBase.java:52)
		at org.apache.tomcat.util.threads.ThreadPoolExecutor.runWorker(ThreadPoolExecutor.java:1148)
		at org.apache.tomcat.util.threads.ThreadPoolExecutor$Worker.run(ThreadPoolExecutor.java:636)
		at org.apache.tomcat.util.threads.TaskThread$WrappingRunnable.run(TaskThread.java:63)
		at java.base/java.lang.Thread.run(Thread.java:1447)
07-May-2025 22:32:44.569 SEVERE [http-nio-8080-exec-51] org.apache.catalina.core.StandardWrapperValve.invoke Servlet.service() for servlet [jsp] in context with path [] threw exception [org.apache.jasper.JasperException: java.lang.ClassNotFoundException: org.apache.jsp.Menu.MenuPage_jsp] with root cause
	java.lang.ClassNotFoundException: org.apache.jsp.Menu.MenuPage_jsp
		at java.base/java.net.URLClassLoader.findClass(URLClassLoader.java:349)
		at org.apache.jasper.servlet.JasperLoader.loadClass(JasperLoader.java:104)
		at org.apache.jasper.servlet.JasperLoader.loadClass(JasperLoader.java:51)
		at org.apache.catalina.core.DefaultInstanceManager.newInstance(DefaultInstanceManager.java:147)
		at org.apache.jasper.servlet.JspServletWrapper.getServlet(JspServletWrapper.java:189)
		at org.apache.jasper.servlet.JspServletWrapper.service(JspServletWrapper.java:410)
		at org.apache.jasper.servlet.JspServlet.serviceJspFile(JspServlet.java:354)
		at org.apache.jasper.servlet.JspServlet.service(JspServlet.java:302)
		at jakarta.servlet.http.HttpServlet.service(HttpServlet.java:716)
		at org.apache.catalina.core.ApplicationFilterChain.doFilter(ApplicationFilterChain.java:130)
		at org.apache.tomcat.websocket.server.WsFilter.doFilter(WsFilter.java:51)
		at org.apache.catalina.core.ApplicationFilterChain.doFilter(ApplicationFilterChain.java:109)
		at org.apache.catalina.core.StandardWrapperValve.invoke(StandardWrapperValve.java:167)
		at org.apache.catalina.core.StandardContextValve.invoke(StandardContextValve.java:79)
		at org.apache.catalina.authenticator.AuthenticatorBase.invoke(AuthenticatorBase.java:483)
		at org.apache.catalina.core.StandardHostValve.invoke(StandardHostValve.java:115)
		at org.apache.catalina.valves.ErrorReportValve.invoke(ErrorReportValve.java:93)
		at org.apache.catalina.valves.AbstractAccessLogValve.invoke(AbstractAccessLogValve.java:670)
		at org.apache.catalina.core.StandardEngineValve.invoke(StandardEngineValve.java:74)
		at org.apache.catalina.connector.CoyoteAdapter.service(CoyoteAdapter.java:342)
		at org.apache.coyote.http11.Http11Processor.service(Http11Processor.java:395)
		at org.apache.coyote.AbstractProcessorLight.process(AbstractProcessorLight.java:63)
		at org.apache.coyote.AbstractProtocol$ConnectionHandler.process(AbstractProtocol.java:905)
		at org.apache.tomcat.util.net.NioEndpoint$SocketProcessor.doRun(NioEndpoint.java:1748)
		at org.apache.tomcat.util.net.SocketProcessorBase.run(SocketProcessorBase.java:52)
		at org.apache.tomcat.util.threads.ThreadPoolExecutor.runWorker(ThreadPoolExecutor.java:1148)
		at org.apache.tomcat.util.threads.ThreadPoolExecutor$Worker.run(ThreadPoolExecutor.java:636)
		at org.apache.tomcat.util.threads.TaskThread$WrappingRunnable.run(TaskThread.java:63)
		at java.base/java.lang.Thread.run(Thread.java:1447)
07-May-2025 22:32:44.810 SEVERE [http-nio-8080-exec-59] org.apache.catalina.core.StandardWrapperValve.invoke Servlet.service() for servlet [jsp] in context with path [] threw exception [org.apache.jasper.JasperException: java.lang.ClassNotFoundException: org.apache.jsp.Menu.MenuPage_jsp] with root cause
	java.lang.ClassNotFoundException: org.apache.jsp.Menu.MenuPage_jsp
		at java.base/java.net.URLClassLoader.findClass(URLClassLoader.java:349)
		at org.apache.jasper.servlet.JasperLoader.loadClass(JasperLoader.java:104)
		at org.apache.jasper.servlet.JasperLoader.loadClass(JasperLoader.java:51)
		at org.apache.catalina.core.DefaultInstanceManager.newInstance(DefaultInstanceManager.java:147)
		at org.apache.jasper.servlet.JspServletWrapper.getServlet(JspServletWrapper.java:189)
		at org.apache.jasper.servlet.JspServletWrapper.service(JspServletWrapper.java:410)
		at org.apache.jasper.servlet.JspServlet.serviceJspFile(JspServlet.java:354)
		at org.apache.jasper.servlet.JspServlet.service(JspServlet.java:302)
		at jakarta.servlet.http.HttpServlet.service(HttpServlet.java:716)
		at org.apache.catalina.core.ApplicationFilterChain.doFilter(ApplicationFilterChain.java:130)
		at org.apache.tomcat.websocket.server.WsFilter.doFilter(WsFilter.java:51)
		at org.apache.catalina.core.ApplicationFilterChain.doFilter(ApplicationFilterChain.java:109)
		at org.apache.catalina.core.StandardWrapperValve.invoke(StandardWrapperValve.java:167)
		at org.apache.catalina.core.StandardContextValve.invoke(StandardContextValve.java:79)
		at org.apache.catalina.authenticator.AuthenticatorBase.invoke(AuthenticatorBase.java:483)
		at org.apache.catalina.core.StandardHostValve.invoke(StandardHostValve.java:115)
		at org.apache.catalina.valves.ErrorReportValve.invoke(ErrorReportValve.java:93)
		at org.apache.catalina.valves.AbstractAccessLogValve.invoke(AbstractAccessLogValve.java:670)
		at org.apache.catalina.core.StandardEngineValve.invoke(StandardEngineValve.java:74)
		at org.apache.catalina.connector.CoyoteAdapter.service(CoyoteAdapter.java:342)
		at org.apache.coyote.http11.Http11Processor.service(Http11Processor.java:395)
		at org.apache.coyote.AbstractProcessorLight.process(AbstractProcessorLight.java:63)
		at org.apache.coyote.AbstractProtocol$ConnectionHandler.process(AbstractProtocol.java:905)
		at org.apache.tomcat.util.net.NioEndpoint$SocketProcessor.doRun(NioEndpoint.java:1748)
		at org.apache.tomcat.util.net.SocketProcessorBase.run(SocketProcessorBase.java:52)
		at org.apache.tomcat.util.threads.ThreadPoolExecutor.runWorker(ThreadPoolExecutor.java:1148)
		at org.apache.tomcat.util.threads.ThreadPoolExecutor$Worker.run(ThreadPoolExecutor.java:636)
		at org.apache.tomcat.util.threads.TaskThread$WrappingRunnable.run(TaskThread.java:63)
		at java.base/java.lang.Thread.run(Thread.java:1447)
07-May-2025 22:32:45.022 SEVERE [http-nio-8080-exec-60] org.apache.catalina.core.StandardWrapperValve.invoke Servlet.service() for servlet [jsp] in context with path [] threw exception [org.apache.jasper.JasperException: java.lang.ClassNotFoundException: org.apache.jsp.Menu.MenuPage_jsp] with root cause
	java.lang.ClassNotFoundException: org.apache.jsp.Menu.MenuPage_jsp
		at java.base/java.net.URLClassLoader.findClass(URLClassLoader.java:349)
		at org.apache.jasper.servlet.JasperLoader.loadClass(JasperLoader.java:104)
		at org.apache.jasper.servlet.JasperLoader.loadClass(JasperLoader.java:51)
		at org.apache.catalina.core.DefaultInstanceManager.newInstance(DefaultInstanceManager.java:147)
		at org.apache.jasper.servlet.JspServletWrapper.getServlet(JspServletWrapper.java:189)
		at org.apache.jasper.servlet.JspServletWrapper.service(JspServletWrapper.java:410)
		at org.apache.jasper.servlet.JspServlet.serviceJspFile(JspServlet.java:354)
		at org.apache.jasper.servlet.JspServlet.service(JspServlet.java:302)
		at jakarta.servlet.http.HttpServlet.service(HttpServlet.java:716)
		at org.apache.catalina.core.ApplicationFilterChain.doFilter(ApplicationFilterChain.java:130)
		at org.apache.tomcat.websocket.server.WsFilter.doFilter(WsFilter.java:51)
		at org.apache.catalina.core.ApplicationFilterChain.doFilter(ApplicationFilterChain.java:109)
		at org.apache.catalina.core.StandardWrapperValve.invoke(StandardWrapperValve.java:167)
		at org.apache.catalina.core.StandardContextValve.invoke(StandardContextValve.java:79)
		at org.apache.catalina.authenticator.AuthenticatorBase.invoke(AuthenticatorBase.java:483)
		at org.apache.catalina.core.StandardHostValve.invoke(StandardHostValve.java:115)
		at org.apache.catalina.valves.ErrorReportValve.invoke(ErrorReportValve.java:93)
		at org.apache.catalina.valves.AbstractAccessLogValve.invoke(AbstractAccessLogValve.java:670)
		at org.apache.catalina.core.StandardEngineValve.invoke(StandardEngineValve.java:74)
		at org.apache.catalina.connector.CoyoteAdapter.service(CoyoteAdapter.java:342)
		at org.apache.coyote.http11.Http11Processor.service(Http11Processor.java:395)
		at org.apache.coyote.AbstractProcessorLight.process(AbstractProcessorLight.java:63)
		at org.apache.coyote.AbstractProtocol$ConnectionHandler.process(AbstractProtocol.java:905)
		at org.apache.tomcat.util.net.NioEndpoint$SocketProcessor.doRun(NioEndpoint.java:1748)
		at org.apache.tomcat.util.net.SocketProcessorBase.run(SocketProcessorBase.java:52)
		at org.apache.tomcat.util.threads.ThreadPoolExecutor.runWorker(ThreadPoolExecutor.java:1148)
		at org.apache.tomcat.util.threads.ThreadPoolExecutor$Worker.run(ThreadPoolExecutor.java:636)
		at org.apache.tomcat.util.threads.TaskThread$WrappingRunnable.run(TaskThread.java:63)
		at java.base/java.lang.Thread.run(Thread.java:1447)
07-May-2025 22:32:45.225 SEVERE [http-nio-8080-exec-55] org.apache.catalina.core.StandardWrapperValve.invoke Servlet.service() for servlet [jsp] in context with path [] threw exception [org.apache.jasper.JasperException: java.lang.ClassNotFoundException: org.apache.jsp.Menu.MenuPage_jsp] with root cause
	java.lang.ClassNotFoundException: org.apache.jsp.Menu.MenuPage_jsp
		at java.base/java.net.URLClassLoader.findClass(URLClassLoader.java:349)
		at org.apache.jasper.servlet.JasperLoader.loadClass(JasperLoader.java:104)
		at org.apache.jasper.servlet.JasperLoader.loadClass(JasperLoader.java:51)
		at org.apache.catalina.core.DefaultInstanceManager.newInstance(DefaultInstanceManager.java:147)
		at org.apache.jasper.servlet.JspServletWrapper.getServlet(JspServletWrapper.java:189)
		at org.apache.jasper.servlet.JspServletWrapper.service(JspServletWrapper.java:410)
		at org.apache.jasper.servlet.JspServlet.serviceJspFile(JspServlet.java:354)
		at org.apache.jasper.servlet.JspServlet.service(JspServlet.java:302)
		at jakarta.servlet.http.HttpServlet.service(HttpServlet.java:716)
		at org.apache.catalina.core.ApplicationFilterChain.doFilter(ApplicationFilterChain.java:130)
		at org.apache.tomcat.websocket.server.WsFilter.doFilter(WsFilter.java:51)
		at org.apache.catalina.core.ApplicationFilterChain.doFilter(ApplicationFilterChain.java:109)
		at org.apache.catalina.core.StandardWrapperValve.invoke(StandardWrapperValve.java:167)
		at org.apache.catalina.core.StandardContextValve.invoke(StandardContextValve.java:79)
		at org.apache.catalina.authenticator.AuthenticatorBase.invoke(AuthenticatorBase.java:483)
		at org.apache.catalina.core.StandardHostValve.invoke(StandardHostValve.java:115)
		at org.apache.catalina.valves.ErrorReportValve.invoke(ErrorReportValve.java:93)
		at org.apache.catalina.valves.AbstractAccessLogValve.invoke(AbstractAccessLogValve.java:670)
		at org.apache.catalina.core.StandardEngineValve.invoke(StandardEngineValve.java:74)
		at org.apache.catalina.connector.CoyoteAdapter.service(CoyoteAdapter.java:342)
		at org.apache.coyote.http11.Http11Processor.service(Http11Processor.java:395)
		at org.apache.coyote.AbstractProcessorLight.process(AbstractProcessorLight.java:63)
		at org.apache.coyote.AbstractProtocol$ConnectionHandler.process(AbstractProtocol.java:905)
		at org.apache.tomcat.util.net.NioEndpoint$SocketProcessor.doRun(NioEndpoint.java:1748)
		at org.apache.tomcat.util.net.SocketProcessorBase.run(SocketProcessorBase.java:52)
		at org.apache.tomcat.util.threads.ThreadPoolExecutor.runWorker(ThreadPoolExecutor.java:1148)
		at org.apache.tomcat.util.threads.ThreadPoolExecutor$Worker.run(ThreadPoolExecutor.java:636)
		at org.apache.tomcat.util.threads.TaskThread$WrappingRunnable.run(TaskThread.java:63)
		at java.base/java.lang.Thread.run(Thread.java:1447)
07-May-2025 22:32:45.420 SEVERE [http-nio-8080-exec-57] org.apache.catalina.core.StandardWrapperValve.invoke Servlet.service() for servlet [jsp] in context with path [] threw exception [org.apache.jasper.JasperException: java.lang.ClassNotFoundException: org.apache.jsp.Menu.MenuPage_jsp] with root cause
	java.lang.ClassNotFoundException: org.apache.jsp.Menu.MenuPage_jsp
		at java.base/java.net.URLClassLoader.findClass(URLClassLoader.java:349)
		at org.apache.jasper.servlet.JasperLoader.loadClass(JasperLoader.java:104)
		at org.apache.jasper.servlet.JasperLoader.loadClass(JasperLoader.java:51)
		at org.apache.catalina.core.DefaultInstanceManager.newInstance(DefaultInstanceManager.java:147)
		at org.apache.jasper.servlet.JspServletWrapper.getServlet(JspServletWrapper.java:189)
		at org.apache.jasper.servlet.JspServletWrapper.service(JspServletWrapper.java:410)
		at org.apache.jasper.servlet.JspServlet.serviceJspFile(JspServlet.java:354)
		at org.apache.jasper.servlet.JspServlet.service(JspServlet.java:302)
		at jakarta.servlet.http.HttpServlet.service(HttpServlet.java:716)
		at org.apache.catalina.core.ApplicationFilterChain.doFilter(ApplicationFilterChain.java:130)
		at org.apache.tomcat.websocket.server.WsFilter.doFilter(WsFilter.java:51)
		at org.apache.catalina.core.ApplicationFilterChain.doFilter(ApplicationFilterChain.java:109)
		at org.apache.catalina.core.StandardWrapperValve.invoke(StandardWrapperValve.java:167)
		at org.apache.catalina.core.StandardContextValve.invoke(StandardContextValve.java:79)
		at org.apache.catalina.authenticator.AuthenticatorBase.invoke(AuthenticatorBase.java:483)
		at org.apache.catalina.core.StandardHostValve.invoke(StandardHostValve.java:115)
		at org.apache.catalina.valves.ErrorReportValve.invoke(ErrorReportValve.java:93)
		at org.apache.catalina.valves.AbstractAccessLogValve.invoke(AbstractAccessLogValve.java:670)
		at org.apache.catalina.core.StandardEngineValve.invoke(StandardEngineValve.java:74)
		at org.apache.catalina.connector.CoyoteAdapter.service(CoyoteAdapter.java:342)
		at org.apache.coyote.http11.Http11Processor.service(Http11Processor.java:395)
		at org.apache.coyote.AbstractProcessorLight.process(AbstractProcessorLight.java:63)
		at org.apache.coyote.AbstractProtocol$ConnectionHandler.process(AbstractProtocol.java:905)
		at org.apache.tomcat.util.net.NioEndpoint$SocketProcessor.doRun(NioEndpoint.java:1748)
		at org.apache.tomcat.util.net.SocketProcessorBase.run(SocketProcessorBase.java:52)
		at org.apache.tomcat.util.threads.ThreadPoolExecutor.runWorker(ThreadPoolExecutor.java:1148)
		at org.apache.tomcat.util.threads.ThreadPoolExecutor$Worker.run(ThreadPoolExecutor.java:636)
		at org.apache.tomcat.util.threads.TaskThread$WrappingRunnable.run(TaskThread.java:63)
		at java.base/java.lang.Thread.run(Thread.java:1447)
07-May-2025 22:32:46.776 SEVERE [http-nio-8080-exec-54] org.apache.catalina.core.StandardWrapperValve.invoke Servlet.service() for servlet [jsp] in context with path [] threw exception [Unable to compile class for JSP: 

An error occurred at line: [62] in the jsp file: [/Menu/MenuPage.jsp]
The method loadFoodItems(ServletContext) in the type FoodItemFileUtil is not applicable for the arguments ()
59: 
60:   <div class="menu-grid" id="menuGrid">
61:     <%
62:       List<FoodItem> foodItems = FoodItemFileUtil.loadFoodItems();
63: 
64:       // Apply sorting if requested
65:       if ("price".equals(request.getParameter("sort"))) {


Stacktrace:] with root cause
	org.apache.jasper.JasperException: Unable to compile class for JSP: 

An error occurred at line: [62] in the jsp file: [/Menu/MenuPage.jsp]
The method loadFoodItems(ServletContext) in the type FoodItemFileUtil is not applicable for the arguments ()
59: 
60:   <div class="menu-grid" id="menuGrid">
61:     <%
62:       List<FoodItem> foodItems = FoodItemFileUtil.loadFoodItems();
63: 
64:       // Apply sorting if requested
65:       if ("price".equals(request.getParameter("sort"))) {


Stacktrace:
		at org.apache.jasper.compiler.DefaultErrorHandler.javacError(DefaultErrorHandler.java:72)
		at org.apache.jasper.compiler.ErrorDispatcher.javacError(ErrorDispatcher.java:192)
		at org.apache.jasper.compiler.JDTCompiler.generateClass(JDTCompiler.java:506)
		at org.apache.jasper.compiler.Compiler.compile(Compiler.java:373)
		at org.apache.jasper.compiler.Compiler.compile(Compiler.java:345)
		at org.apache.jasper.compiler.Compiler.compile(Compiler.java:331)
		at org.apache.jasper.JspCompilationContext.compile(JspCompilationContext.java:602)
		at org.apache.jasper.servlet.JspServletWrapper.service(JspServletWrapper.java:396)
		at org.apache.jasper.servlet.JspServlet.serviceJspFile(JspServlet.java:354)
		at org.apache.jasper.servlet.JspServlet.service(JspServlet.java:302)
		at jakarta.servlet.http.HttpServlet.service(HttpServlet.java:716)
		at org.apache.catalina.core.ApplicationFilterChain.doFilter(ApplicationFilterChain.java:130)
		at org.apache.tomcat.websocket.server.WsFilter.doFilter(WsFilter.java:51)
		at org.apache.catalina.core.ApplicationFilterChain.doFilter(ApplicationFilterChain.java:109)
		at org.apache.catalina.core.StandardWrapperValve.invoke(StandardWrapperValve.java:167)
		at org.apache.catalina.core.StandardContextValve.invoke(StandardContextValve.java:79)
		at org.apache.catalina.authenticator.AuthenticatorBase.invoke(AuthenticatorBase.java:483)
		at org.apache.catalina.core.StandardHostValve.invoke(StandardHostValve.java:115)
		at org.apache.catalina.valves.ErrorReportValve.invoke(ErrorReportValve.java:93)
		at org.apache.catalina.valves.AbstractAccessLogValve.invoke(AbstractAccessLogValve.java:670)
		at org.apache.catalina.core.StandardEngineValve.invoke(StandardEngineValve.java:74)
		at org.apache.catalina.connector.CoyoteAdapter.service(CoyoteAdapter.java:342)
		at org.apache.coyote.http11.Http11Processor.service(Http11Processor.java:395)
		at org.apache.coyote.AbstractProcessorLight.process(AbstractProcessorLight.java:63)
		at org.apache.coyote.AbstractProtocol$ConnectionHandler.process(AbstractProtocol.java:905)
		at org.apache.tomcat.util.net.NioEndpoint$SocketProcessor.doRun(NioEndpoint.java:1748)
		at org.apache.tomcat.util.net.SocketProcessorBase.run(SocketProcessorBase.java:52)
		at org.apache.tomcat.util.threads.ThreadPoolExecutor.runWorker(ThreadPoolExecutor.java:1148)
		at org.apache.tomcat.util.threads.ThreadPoolExecutor$Worker.run(ThreadPoolExecutor.java:636)
		at org.apache.tomcat.util.threads.TaskThread$WrappingRunnable.run(TaskThread.java:63)
		at java.base/java.lang.Thread.run(Thread.java:1447)
07-May-2025 22:32:46.776 SEVERE [http-nio-8080-exec-64] org.apache.catalina.core.StandardWrapperValve.invoke Servlet.service() for servlet [jsp] in context with path [] threw exception [org.apache.jasper.JasperException: java.lang.ClassNotFoundException: org.apache.jsp.Menu.MenuPage_jsp] with root cause
	java.lang.ClassNotFoundException: org.apache.jsp.Menu.MenuPage_jsp
		at java.base/java.net.URLClassLoader.findClass(URLClassLoader.java:349)
		at org.apache.jasper.servlet.JasperLoader.loadClass(JasperLoader.java:104)
		at org.apache.jasper.servlet.JasperLoader.loadClass(JasperLoader.java:51)
		at org.apache.catalina.core.DefaultInstanceManager.newInstance(DefaultInstanceManager.java:147)
		at org.apache.jasper.servlet.JspServletWrapper.getServlet(JspServletWrapper.java:189)
		at org.apache.jasper.servlet.JspServletWrapper.service(JspServletWrapper.java:410)
		at org.apache.jasper.servlet.JspServlet.serviceJspFile(JspServlet.java:354)
		at org.apache.jasper.servlet.JspServlet.service(JspServlet.java:302)
		at jakarta.servlet.http.HttpServlet.service(HttpServlet.java:716)
		at org.apache.catalina.core.ApplicationFilterChain.doFilter(ApplicationFilterChain.java:130)
		at org.apache.tomcat.websocket.server.WsFilter.doFilter(WsFilter.java:51)
		at org.apache.catalina.core.ApplicationFilterChain.doFilter(ApplicationFilterChain.java:109)
		at org.apache.catalina.core.StandardWrapperValve.invoke(StandardWrapperValve.java:167)
		at org.apache.catalina.core.StandardContextValve.invoke(StandardContextValve.java:79)
		at org.apache.catalina.authenticator.AuthenticatorBase.invoke(AuthenticatorBase.java:483)
		at org.apache.catalina.core.StandardHostValve.invoke(StandardHostValve.java:115)
		at org.apache.catalina.valves.ErrorReportValve.invoke(ErrorReportValve.java:93)
		at org.apache.catalina.valves.AbstractAccessLogValve.invoke(AbstractAccessLogValve.java:670)
		at org.apache.catalina.core.StandardEngineValve.invoke(StandardEngineValve.java:74)
		at org.apache.catalina.connector.CoyoteAdapter.service(CoyoteAdapter.java:342)
		at org.apache.coyote.http11.Http11Processor.service(Http11Processor.java:395)
		at org.apache.coyote.AbstractProcessorLight.process(AbstractProcessorLight.java:63)
		at org.apache.coyote.AbstractProtocol$ConnectionHandler.process(AbstractProtocol.java:905)
		at org.apache.tomcat.util.net.NioEndpoint$SocketProcessor.doRun(NioEndpoint.java:1748)
		at org.apache.tomcat.util.net.SocketProcessorBase.run(SocketProcessorBase.java:52)
		at org.apache.tomcat.util.threads.ThreadPoolExecutor.runWorker(ThreadPoolExecutor.java:1148)
		at org.apache.tomcat.util.threads.ThreadPoolExecutor$Worker.run(ThreadPoolExecutor.java:636)
		at org.apache.tomcat.util.threads.TaskThread$WrappingRunnable.run(TaskThread.java:63)
		at java.base/java.lang.Thread.run(Thread.java:1447)
07-May-2025 22:32:47.183 SEVERE [http-nio-8080-exec-58] org.apache.catalina.core.StandardWrapperValve.invoke Servlet.service() for servlet [jsp] in context with path [] threw exception [org.apache.jasper.JasperException: java.lang.ClassNotFoundException: org.apache.jsp.Menu.MenuPage_jsp] with root cause
	java.lang.ClassNotFoundException: org.apache.jsp.Menu.MenuPage_jsp
		at java.base/java.net.URLClassLoader.findClass(URLClassLoader.java:349)
		at org.apache.jasper.servlet.JasperLoader.loadClass(JasperLoader.java:104)
		at org.apache.jasper.servlet.JasperLoader.loadClass(JasperLoader.java:51)
		at org.apache.catalina.core.DefaultInstanceManager.newInstance(DefaultInstanceManager.java:147)
		at org.apache.jasper.servlet.JspServletWrapper.getServlet(JspServletWrapper.java:189)
		at org.apache.jasper.servlet.JspServletWrapper.service(JspServletWrapper.java:410)
		at org.apache.jasper.servlet.JspServlet.serviceJspFile(JspServlet.java:354)
		at org.apache.jasper.servlet.JspServlet.service(JspServlet.java:302)
		at jakarta.servlet.http.HttpServlet.service(HttpServlet.java:716)
		at org.apache.catalina.core.ApplicationFilterChain.doFilter(ApplicationFilterChain.java:130)
		at org.apache.tomcat.websocket.server.WsFilter.doFilter(WsFilter.java:51)
		at org.apache.catalina.core.ApplicationFilterChain.doFilter(ApplicationFilterChain.java:109)
		at org.apache.catalina.core.StandardWrapperValve.invoke(StandardWrapperValve.java:167)
		at org.apache.catalina.core.StandardContextValve.invoke(StandardContextValve.java:79)
		at org.apache.catalina.authenticator.AuthenticatorBase.invoke(AuthenticatorBase.java:483)
		at org.apache.catalina.core.StandardHostValve.invoke(StandardHostValve.java:115)
		at org.apache.catalina.valves.ErrorReportValve.invoke(ErrorReportValve.java:93)
		at org.apache.catalina.valves.AbstractAccessLogValve.invoke(AbstractAccessLogValve.java:670)
		at org.apache.catalina.core.StandardEngineValve.invoke(StandardEngineValve.java:74)
		at org.apache.catalina.connector.CoyoteAdapter.service(CoyoteAdapter.java:342)
		at org.apache.coyote.http11.Http11Processor.service(Http11Processor.java:395)
		at org.apache.coyote.AbstractProcessorLight.process(AbstractProcessorLight.java:63)
		at org.apache.coyote.AbstractProtocol$ConnectionHandler.process(AbstractProtocol.java:905)
		at org.apache.tomcat.util.net.NioEndpoint$SocketProcessor.doRun(NioEndpoint.java:1748)
		at org.apache.tomcat.util.net.SocketProcessorBase.run(SocketProcessorBase.java:52)
		at org.apache.tomcat.util.threads.ThreadPoolExecutor.runWorker(ThreadPoolExecutor.java:1148)
		at org.apache.tomcat.util.threads.ThreadPoolExecutor$Worker.run(ThreadPoolExecutor.java:636)
		at org.apache.tomcat.util.threads.TaskThread$WrappingRunnable.run(TaskThread.java:63)
		at java.base/java.lang.Thread.run(Thread.java:1447)
07-May-2025 22:32:47.663 SEVERE [http-nio-8080-exec-57] org.apache.catalina.core.StandardWrapperValve.invoke Servlet.service() for servlet [jsp] in context with path [] threw exception [org.apache.jasper.JasperException: java.lang.ClassNotFoundException: org.apache.jsp.Menu.MenuPage_jsp] with root cause
	java.lang.ClassNotFoundException: org.apache.jsp.Menu.MenuPage_jsp
		at java.base/java.net.URLClassLoader.findClass(URLClassLoader.java:349)
		at org.apache.jasper.servlet.JasperLoader.loadClass(JasperLoader.java:104)
		at org.apache.jasper.servlet.JasperLoader.loadClass(JasperLoader.java:51)
		at org.apache.catalina.core.DefaultInstanceManager.newInstance(DefaultInstanceManager.java:147)
		at org.apache.jasper.servlet.JspServletWrapper.getServlet(JspServletWrapper.java:189)
		at org.apache.jasper.servlet.JspServletWrapper.service(JspServletWrapper.java:410)
		at org.apache.jasper.servlet.JspServlet.serviceJspFile(JspServlet.java:354)
		at org.apache.jasper.servlet.JspServlet.service(JspServlet.java:302)
		at jakarta.servlet.http.HttpServlet.service(HttpServlet.java:716)
		at org.apache.catalina.core.ApplicationFilterChain.doFilter(ApplicationFilterChain.java:130)
		at org.apache.tomcat.websocket.server.WsFilter.doFilter(WsFilter.java:51)
		at org.apache.catalina.core.ApplicationFilterChain.doFilter(ApplicationFilterChain.java:109)
		at org.apache.catalina.core.StandardWrapperValve.invoke(StandardWrapperValve.java:167)
		at org.apache.catalina.core.StandardContextValve.invoke(StandardContextValve.java:79)
		at org.apache.catalina.authenticator.AuthenticatorBase.invoke(AuthenticatorBase.java:483)
		at org.apache.catalina.core.StandardHostValve.invoke(StandardHostValve.java:115)
		at org.apache.catalina.valves.ErrorReportValve.invoke(ErrorReportValve.java:93)
		at org.apache.catalina.valves.AbstractAccessLogValve.invoke(AbstractAccessLogValve.java:670)
		at org.apache.catalina.core.StandardEngineValve.invoke(StandardEngineValve.java:74)
		at org.apache.catalina.connector.CoyoteAdapter.service(CoyoteAdapter.java:342)
		at org.apache.coyote.http11.Http11Processor.service(Http11Processor.java:395)
		at org.apache.coyote.AbstractProcessorLight.process(AbstractProcessorLight.java:63)
		at org.apache.coyote.AbstractProtocol$ConnectionHandler.process(AbstractProtocol.java:905)
		at org.apache.tomcat.util.net.NioEndpoint$SocketProcessor.doRun(NioEndpoint.java:1748)
		at org.apache.tomcat.util.net.SocketProcessorBase.run(SocketProcessorBase.java:52)
		at org.apache.tomcat.util.threads.ThreadPoolExecutor.runWorker(ThreadPoolExecutor.java:1148)
		at org.apache.tomcat.util.threads.ThreadPoolExecutor$Worker.run(ThreadPoolExecutor.java:636)
		at org.apache.tomcat.util.threads.TaskThread$WrappingRunnable.run(TaskThread.java:63)
		at java.base/java.lang.Thread.run(Thread.java:1447)
07-May-2025 22:32:47.890 SEVERE [http-nio-8080-exec-61] org.apache.catalina.core.StandardWrapperValve.invoke Servlet.service() for servlet [jsp] in context with path [] threw exception [org.apache.jasper.JasperException: java.lang.ClassNotFoundException: org.apache.jsp.Menu.MenuPage_jsp] with root cause
	java.lang.ClassNotFoundException: org.apache.jsp.Menu.MenuPage_jsp
		at java.base/java.net.URLClassLoader.findClass(URLClassLoader.java:349)
		at org.apache.jasper.servlet.JasperLoader.loadClass(JasperLoader.java:104)
		at org.apache.jasper.servlet.JasperLoader.loadClass(JasperLoader.java:51)
		at org.apache.catalina.core.DefaultInstanceManager.newInstance(DefaultInstanceManager.java:147)
		at org.apache.jasper.servlet.JspServletWrapper.getServlet(JspServletWrapper.java:189)
		at org.apache.jasper.servlet.JspServletWrapper.service(JspServletWrapper.java:410)
		at org.apache.jasper.servlet.JspServlet.serviceJspFile(JspServlet.java:354)
		at org.apache.jasper.servlet.JspServlet.service(JspServlet.java:302)
		at jakarta.servlet.http.HttpServlet.service(HttpServlet.java:716)
		at org.apache.catalina.core.ApplicationFilterChain.doFilter(ApplicationFilterChain.java:130)
		at org.apache.tomcat.websocket.server.WsFilter.doFilter(WsFilter.java:51)
		at org.apache.catalina.core.ApplicationFilterChain.doFilter(ApplicationFilterChain.java:109)
		at org.apache.catalina.core.StandardWrapperValve.invoke(StandardWrapperValve.java:167)
		at org.apache.catalina.core.StandardContextValve.invoke(StandardContextValve.java:79)
		at org.apache.catalina.authenticator.AuthenticatorBase.invoke(AuthenticatorBase.java:483)
		at org.apache.catalina.core.StandardHostValve.invoke(StandardHostValve.java:115)
		at org.apache.catalina.valves.ErrorReportValve.invoke(ErrorReportValve.java:93)
		at org.apache.catalina.valves.AbstractAccessLogValve.invoke(AbstractAccessLogValve.java:670)
		at org.apache.catalina.core.StandardEngineValve.invoke(StandardEngineValve.java:74)
		at org.apache.catalina.connector.CoyoteAdapter.service(CoyoteAdapter.java:342)
		at org.apache.coyote.http11.Http11Processor.service(Http11Processor.java:395)
		at org.apache.coyote.AbstractProcessorLight.process(AbstractProcessorLight.java:63)
		at org.apache.coyote.AbstractProtocol$ConnectionHandler.process(AbstractProtocol.java:905)
		at org.apache.tomcat.util.net.NioEndpoint$SocketProcessor.doRun(NioEndpoint.java:1748)
		at org.apache.tomcat.util.net.SocketProcessorBase.run(SocketProcessorBase.java:52)
		at org.apache.tomcat.util.threads.ThreadPoolExecutor.runWorker(ThreadPoolExecutor.java:1148)
		at org.apache.tomcat.util.threads.ThreadPoolExecutor$Worker.run(ThreadPoolExecutor.java:636)
		at org.apache.tomcat.util.threads.TaskThread$WrappingRunnable.run(TaskThread.java:63)
		at java.base/java.lang.Thread.run(Thread.java:1447)
07-May-2025 22:32:48.062 SEVERE [http-nio-8080-exec-55] org.apache.catalina.core.StandardWrapperValve.invoke Servlet.service() for servlet [jsp] in context with path [] threw exception [org.apache.jasper.JasperException: java.lang.ClassNotFoundException: org.apache.jsp.Menu.MenuPage_jsp] with root cause
	java.lang.ClassNotFoundException: org.apache.jsp.Menu.MenuPage_jsp
		at java.base/java.net.URLClassLoader.findClass(URLClassLoader.java:349)
		at org.apache.jasper.servlet.JasperLoader.loadClass(JasperLoader.java:104)
		at org.apache.jasper.servlet.JasperLoader.loadClass(JasperLoader.java:51)
		at org.apache.catalina.core.DefaultInstanceManager.newInstance(DefaultInstanceManager.java:147)
		at org.apache.jasper.servlet.JspServletWrapper.getServlet(JspServletWrapper.java:189)
		at org.apache.jasper.servlet.JspServletWrapper.service(JspServletWrapper.java:410)
		at org.apache.jasper.servlet.JspServlet.serviceJspFile(JspServlet.java:354)
		at org.apache.jasper.servlet.JspServlet.service(JspServlet.java:302)
		at jakarta.servlet.http.HttpServlet.service(HttpServlet.java:716)
		at org.apache.catalina.core.ApplicationFilterChain.doFilter(ApplicationFilterChain.java:130)
		at org.apache.tomcat.websocket.server.WsFilter.doFilter(WsFilter.java:51)
		at org.apache.catalina.core.ApplicationFilterChain.doFilter(ApplicationFilterChain.java:109)
		at org.apache.catalina.core.StandardWrapperValve.invoke(StandardWrapperValve.java:167)
		at org.apache.catalina.core.StandardContextValve.invoke(StandardContextValve.java:79)
		at org.apache.catalina.authenticator.AuthenticatorBase.invoke(AuthenticatorBase.java:483)
		at org.apache.catalina.core.StandardHostValve.invoke(StandardHostValve.java:115)
		at org.apache.catalina.valves.ErrorReportValve.invoke(ErrorReportValve.java:93)
		at org.apache.catalina.valves.AbstractAccessLogValve.invoke(AbstractAccessLogValve.java:670)
		at org.apache.catalina.core.StandardEngineValve.invoke(StandardEngineValve.java:74)
		at org.apache.catalina.connector.CoyoteAdapter.service(CoyoteAdapter.java:342)
		at org.apache.coyote.http11.Http11Processor.service(Http11Processor.java:395)
		at org.apache.coyote.AbstractProcessorLight.process(AbstractProcessorLight.java:63)
		at org.apache.coyote.AbstractProtocol$ConnectionHandler.process(AbstractProtocol.java:905)
		at org.apache.tomcat.util.net.NioEndpoint$SocketProcessor.doRun(NioEndpoint.java:1748)
		at org.apache.tomcat.util.net.SocketProcessorBase.run(SocketProcessorBase.java:52)
		at org.apache.tomcat.util.threads.ThreadPoolExecutor.runWorker(ThreadPoolExecutor.java:1148)
		at org.apache.tomcat.util.threads.ThreadPoolExecutor$Worker.run(ThreadPoolExecutor.java:636)
		at org.apache.tomcat.util.threads.TaskThread$WrappingRunnable.run(TaskThread.java:63)
		at java.base/java.lang.Thread.run(Thread.java:1447)
07-May-2025 22:32:48.242 SEVERE [http-nio-8080-exec-51] org.apache.catalina.core.StandardWrapperValve.invoke Servlet.service() for servlet [jsp] in context with path [] threw exception [org.apache.jasper.JasperException: java.lang.ClassNotFoundException: org.apache.jsp.Menu.MenuPage_jsp] with root cause
	java.lang.ClassNotFoundException: org.apache.jsp.Menu.MenuPage_jsp
		at java.base/java.net.URLClassLoader.findClass(URLClassLoader.java:349)
		at org.apache.jasper.servlet.JasperLoader.loadClass(JasperLoader.java:104)
		at org.apache.jasper.servlet.JasperLoader.loadClass(JasperLoader.java:51)
		at org.apache.catalina.core.DefaultInstanceManager.newInstance(DefaultInstanceManager.java:147)
		at org.apache.jasper.servlet.JspServletWrapper.getServlet(JspServletWrapper.java:189)
		at org.apache.jasper.servlet.JspServletWrapper.service(JspServletWrapper.java:410)
		at org.apache.jasper.servlet.JspServlet.serviceJspFile(JspServlet.java:354)
		at org.apache.jasper.servlet.JspServlet.service(JspServlet.java:302)
		at jakarta.servlet.http.HttpServlet.service(HttpServlet.java:716)
		at org.apache.catalina.core.ApplicationFilterChain.doFilter(ApplicationFilterChain.java:130)
		at org.apache.tomcat.websocket.server.WsFilter.doFilter(WsFilter.java:51)
		at org.apache.catalina.core.ApplicationFilterChain.doFilter(ApplicationFilterChain.java:109)
		at org.apache.catalina.core.StandardWrapperValve.invoke(StandardWrapperValve.java:167)
		at org.apache.catalina.core.StandardContextValve.invoke(StandardContextValve.java:79)
		at org.apache.catalina.authenticator.AuthenticatorBase.invoke(AuthenticatorBase.java:483)
		at org.apache.catalina.core.StandardHostValve.invoke(StandardHostValve.java:115)
		at org.apache.catalina.valves.ErrorReportValve.invoke(ErrorReportValve.java:93)
		at org.apache.catalina.valves.AbstractAccessLogValve.invoke(AbstractAccessLogValve.java:670)
		at org.apache.catalina.core.StandardEngineValve.invoke(StandardEngineValve.java:74)
		at org.apache.catalina.connector.CoyoteAdapter.service(CoyoteAdapter.java:342)
		at org.apache.coyote.http11.Http11Processor.service(Http11Processor.java:395)
		at org.apache.coyote.AbstractProcessorLight.process(AbstractProcessorLight.java:63)
		at org.apache.coyote.AbstractProtocol$ConnectionHandler.process(AbstractProtocol.java:905)
		at org.apache.tomcat.util.net.NioEndpoint$SocketProcessor.doRun(NioEndpoint.java:1748)
		at org.apache.tomcat.util.net.SocketProcessorBase.run(SocketProcessorBase.java:52)
		at org.apache.tomcat.util.threads.ThreadPoolExecutor.runWorker(ThreadPoolExecutor.java:1148)
		at org.apache.tomcat.util.threads.ThreadPoolExecutor$Worker.run(ThreadPoolExecutor.java:636)
		at org.apache.tomcat.util.threads.TaskThread$WrappingRunnable.run(TaskThread.java:63)
		at java.base/java.lang.Thread.run(Thread.java:1447)
07-May-2025 22:32:48.428 SEVERE [http-nio-8080-exec-62] org.apache.catalina.core.StandardWrapperValve.invoke Servlet.service() for servlet [jsp] in context with path [] threw exception [org.apache.jasper.JasperException: java.lang.ClassNotFoundException: org.apache.jsp.Menu.MenuPage_jsp] with root cause
	java.lang.ClassNotFoundException: org.apache.jsp.Menu.MenuPage_jsp
		at java.base/java.net.URLClassLoader.findClass(URLClassLoader.java:349)
		at org.apache.jasper.servlet.JasperLoader.loadClass(JasperLoader.java:104)
		at org.apache.jasper.servlet.JasperLoader.loadClass(JasperLoader.java:51)
		at org.apache.catalina.core.DefaultInstanceManager.newInstance(DefaultInstanceManager.java:147)
		at org.apache.jasper.servlet.JspServletWrapper.getServlet(JspServletWrapper.java:189)
		at org.apache.jasper.servlet.JspServletWrapper.service(JspServletWrapper.java:410)
		at org.apache.jasper.servlet.JspServlet.serviceJspFile(JspServlet.java:354)
		at org.apache.jasper.servlet.JspServlet.service(JspServlet.java:302)
		at jakarta.servlet.http.HttpServlet.service(HttpServlet.java:716)
		at org.apache.catalina.core.ApplicationFilterChain.doFilter(ApplicationFilterChain.java:130)
		at org.apache.tomcat.websocket.server.WsFilter.doFilter(WsFilter.java:51)
		at org.apache.catalina.core.ApplicationFilterChain.doFilter(ApplicationFilterChain.java:109)
		at org.apache.catalina.core.StandardWrapperValve.invoke(StandardWrapperValve.java:167)
		at org.apache.catalina.core.StandardContextValve.invoke(StandardContextValve.java:79)
		at org.apache.catalina.authenticator.AuthenticatorBase.invoke(AuthenticatorBase.java:483)
		at org.apache.catalina.core.StandardHostValve.invoke(StandardHostValve.java:115)
		at org.apache.catalina.valves.ErrorReportValve.invoke(ErrorReportValve.java:93)
		at org.apache.catalina.valves.AbstractAccessLogValve.invoke(AbstractAccessLogValve.java:670)
		at org.apache.catalina.core.StandardEngineValve.invoke(StandardEngineValve.java:74)
		at org.apache.catalina.connector.CoyoteAdapter.service(CoyoteAdapter.java:342)
		at org.apache.coyote.http11.Http11Processor.service(Http11Processor.java:395)
		at org.apache.coyote.AbstractProcessorLight.process(AbstractProcessorLight.java:63)
		at org.apache.coyote.AbstractProtocol$ConnectionHandler.process(AbstractProtocol.java:905)
		at org.apache.tomcat.util.net.NioEndpoint$SocketProcessor.doRun(NioEndpoint.java:1748)
		at org.apache.tomcat.util.net.SocketProcessorBase.run(SocketProcessorBase.java:52)
		at org.apache.tomcat.util.threads.ThreadPoolExecutor.runWorker(ThreadPoolExecutor.java:1148)
		at org.apache.tomcat.util.threads.ThreadPoolExecutor$Worker.run(ThreadPoolExecutor.java:636)
		at org.apache.tomcat.util.threads.TaskThread$WrappingRunnable.run(TaskThread.java:63)
		at java.base/java.lang.Thread.run(Thread.java:1447)
07-May-2025 22:32:48.624 SEVERE [http-nio-8080-exec-63] org.apache.catalina.core.StandardWrapperValve.invoke Servlet.service() for servlet [jsp] in context with path [] threw exception [org.apache.jasper.JasperException: java.lang.ClassNotFoundException: org.apache.jsp.Menu.MenuPage_jsp] with root cause
	java.lang.ClassNotFoundException: org.apache.jsp.Menu.MenuPage_jsp
		at java.base/java.net.URLClassLoader.findClass(URLClassLoader.java:349)
		at org.apache.jasper.servlet.JasperLoader.loadClass(JasperLoader.java:104)
		at org.apache.jasper.servlet.JasperLoader.loadClass(JasperLoader.java:51)
		at org.apache.catalina.core.DefaultInstanceManager.newInstance(DefaultInstanceManager.java:147)
		at org.apache.jasper.servlet.JspServletWrapper.getServlet(JspServletWrapper.java:189)
		at org.apache.jasper.servlet.JspServletWrapper.service(JspServletWrapper.java:410)
		at org.apache.jasper.servlet.JspServlet.serviceJspFile(JspServlet.java:354)
		at org.apache.jasper.servlet.JspServlet.service(JspServlet.java:302)
		at jakarta.servlet.http.HttpServlet.service(HttpServlet.java:716)
		at org.apache.catalina.core.ApplicationFilterChain.doFilter(ApplicationFilterChain.java:130)
		at org.apache.tomcat.websocket.server.WsFilter.doFilter(WsFilter.java:51)
		at org.apache.catalina.core.ApplicationFilterChain.doFilter(ApplicationFilterChain.java:109)
		at org.apache.catalina.core.StandardWrapperValve.invoke(StandardWrapperValve.java:167)
		at org.apache.catalina.core.StandardContextValve.invoke(StandardContextValve.java:79)
		at org.apache.catalina.authenticator.AuthenticatorBase.invoke(AuthenticatorBase.java:483)
		at org.apache.catalina.core.StandardHostValve.invoke(StandardHostValve.java:115)
		at org.apache.catalina.valves.ErrorReportValve.invoke(ErrorReportValve.java:93)
		at org.apache.catalina.valves.AbstractAccessLogValve.invoke(AbstractAccessLogValve.java:670)
		at org.apache.catalina.core.StandardEngineValve.invoke(StandardEngineValve.java:74)
		at org.apache.catalina.connector.CoyoteAdapter.service(CoyoteAdapter.java:342)
		at org.apache.coyote.http11.Http11Processor.service(Http11Processor.java:395)
		at org.apache.coyote.AbstractProcessorLight.process(AbstractProcessorLight.java:63)
		at org.apache.coyote.AbstractProtocol$ConnectionHandler.process(AbstractProtocol.java:905)
		at org.apache.tomcat.util.net.NioEndpoint$SocketProcessor.doRun(NioEndpoint.java:1748)
		at org.apache.tomcat.util.net.SocketProcessorBase.run(SocketProcessorBase.java:52)
		at org.apache.tomcat.util.threads.ThreadPoolExecutor.runWorker(ThreadPoolExecutor.java:1148)
		at org.apache.tomcat.util.threads.ThreadPoolExecutor$Worker.run(ThreadPoolExecutor.java:636)
		at org.apache.tomcat.util.threads.TaskThread$WrappingRunnable.run(TaskThread.java:63)
		at java.base/java.lang.Thread.run(Thread.java:1447)
07-May-2025 22:32:48.814 SEVERE [http-nio-8080-exec-59] org.apache.catalina.core.StandardWrapperValve.invoke Servlet.service() for servlet [jsp] in context with path [] threw exception [org.apache.jasper.JasperException: java.lang.ClassNotFoundException: org.apache.jsp.Menu.MenuPage_jsp] with root cause
	java.lang.ClassNotFoundException: org.apache.jsp.Menu.MenuPage_jsp
		at java.base/java.net.URLClassLoader.findClass(URLClassLoader.java:349)
		at org.apache.jasper.servlet.JasperLoader.loadClass(JasperLoader.java:104)
		at org.apache.jasper.servlet.JasperLoader.loadClass(JasperLoader.java:51)
		at org.apache.catalina.core.DefaultInstanceManager.newInstance(DefaultInstanceManager.java:147)
		at org.apache.jasper.servlet.JspServletWrapper.getServlet(JspServletWrapper.java:189)
		at org.apache.jasper.servlet.JspServletWrapper.service(JspServletWrapper.java:410)
		at org.apache.jasper.servlet.JspServlet.serviceJspFile(JspServlet.java:354)
		at org.apache.jasper.servlet.JspServlet.service(JspServlet.java:302)
		at jakarta.servlet.http.HttpServlet.service(HttpServlet.java:716)
		at org.apache.catalina.core.ApplicationFilterChain.doFilter(ApplicationFilterChain.java:130)
		at org.apache.tomcat.websocket.server.WsFilter.doFilter(WsFilter.java:51)
		at org.apache.catalina.core.ApplicationFilterChain.doFilter(ApplicationFilterChain.java:109)
		at org.apache.catalina.core.StandardWrapperValve.invoke(StandardWrapperValve.java:167)
		at org.apache.catalina.core.StandardContextValve.invoke(StandardContextValve.java:79)
		at org.apache.catalina.authenticator.AuthenticatorBase.invoke(AuthenticatorBase.java:483)
		at org.apache.catalina.core.StandardHostValve.invoke(StandardHostValve.java:115)
		at org.apache.catalina.valves.ErrorReportValve.invoke(ErrorReportValve.java:93)
		at org.apache.catalina.valves.AbstractAccessLogValve.invoke(AbstractAccessLogValve.java:670)
		at org.apache.catalina.core.StandardEngineValve.invoke(StandardEngineValve.java:74)
		at org.apache.catalina.connector.CoyoteAdapter.service(CoyoteAdapter.java:342)
		at org.apache.coyote.http11.Http11Processor.service(Http11Processor.java:395)
		at org.apache.coyote.AbstractProcessorLight.process(AbstractProcessorLight.java:63)
		at org.apache.coyote.AbstractProtocol$ConnectionHandler.process(AbstractProtocol.java:905)
		at org.apache.tomcat.util.net.NioEndpoint$SocketProcessor.doRun(NioEndpoint.java:1748)
		at org.apache.tomcat.util.net.SocketProcessorBase.run(SocketProcessorBase.java:52)
		at org.apache.tomcat.util.threads.ThreadPoolExecutor.runWorker(ThreadPoolExecutor.java:1148)
		at org.apache.tomcat.util.threads.ThreadPoolExecutor$Worker.run(ThreadPoolExecutor.java:636)
		at org.apache.tomcat.util.threads.TaskThread$WrappingRunnable.run(TaskThread.java:63)
		at java.base/java.lang.Thread.run(Thread.java:1447)
07-May-2025 22:32:49.005 SEVERE [http-nio-8080-exec-65] org.apache.catalina.core.StandardWrapperValve.invoke Servlet.service() for servlet [jsp] in context with path [] threw exception [org.apache.jasper.JasperException: java.lang.ClassNotFoundException: org.apache.jsp.Menu.MenuPage_jsp] with root cause
	java.lang.ClassNotFoundException: org.apache.jsp.Menu.MenuPage_jsp
		at java.base/java.net.URLClassLoader.findClass(URLClassLoader.java:349)
		at org.apache.jasper.servlet.JasperLoader.loadClass(JasperLoader.java:104)
		at org.apache.jasper.servlet.JasperLoader.loadClass(JasperLoader.java:51)
		at org.apache.catalina.core.DefaultInstanceManager.newInstance(DefaultInstanceManager.java:147)
		at org.apache.jasper.servlet.JspServletWrapper.getServlet(JspServletWrapper.java:189)
		at org.apache.jasper.servlet.JspServletWrapper.service(JspServletWrapper.java:410)
		at org.apache.jasper.servlet.JspServlet.serviceJspFile(JspServlet.java:354)
		at org.apache.jasper.servlet.JspServlet.service(JspServlet.java:302)
		at jakarta.servlet.http.HttpServlet.service(HttpServlet.java:716)
		at org.apache.catalina.core.ApplicationFilterChain.doFilter(ApplicationFilterChain.java:130)
		at org.apache.tomcat.websocket.server.WsFilter.doFilter(WsFilter.java:51)
		at org.apache.catalina.core.ApplicationFilterChain.doFilter(ApplicationFilterChain.java:109)
		at org.apache.catalina.core.StandardWrapperValve.invoke(StandardWrapperValve.java:167)
		at org.apache.catalina.core.StandardContextValve.invoke(StandardContextValve.java:79)
		at org.apache.catalina.authenticator.AuthenticatorBase.invoke(AuthenticatorBase.java:483)
		at org.apache.catalina.core.StandardHostValve.invoke(StandardHostValve.java:115)
		at org.apache.catalina.valves.ErrorReportValve.invoke(ErrorReportValve.java:93)
		at org.apache.catalina.valves.AbstractAccessLogValve.invoke(AbstractAccessLogValve.java:670)
		at org.apache.catalina.core.StandardEngineValve.invoke(StandardEngineValve.java:74)
		at org.apache.catalina.connector.CoyoteAdapter.service(CoyoteAdapter.java:342)
		at org.apache.coyote.http11.Http11Processor.service(Http11Processor.java:395)
		at org.apache.coyote.AbstractProcessorLight.process(AbstractProcessorLight.java:63)
		at org.apache.coyote.AbstractProtocol$ConnectionHandler.process(AbstractProtocol.java:905)
		at org.apache.tomcat.util.net.NioEndpoint$SocketProcessor.doRun(NioEndpoint.java:1748)
		at org.apache.tomcat.util.net.SocketProcessorBase.run(SocketProcessorBase.java:52)
		at org.apache.tomcat.util.threads.ThreadPoolExecutor.runWorker(ThreadPoolExecutor.java:1148)
		at org.apache.tomcat.util.threads.ThreadPoolExecutor$Worker.run(ThreadPoolExecutor.java:636)
		at org.apache.tomcat.util.threads.TaskThread$WrappingRunnable.run(TaskThread.java:63)
		at java.base/java.lang.Thread.run(Thread.java:1447)
07-May-2025 22:32:49.178 SEVERE [http-nio-8080-exec-64] org.apache.catalina.core.StandardWrapperValve.invoke Servlet.service() for servlet [jsp] in context with path [] threw exception [org.apache.jasper.JasperException: java.lang.ClassNotFoundException: org.apache.jsp.Menu.MenuPage_jsp] with root cause
	java.lang.ClassNotFoundException: org.apache.jsp.Menu.MenuPage_jsp
		at java.base/java.net.URLClassLoader.findClass(URLClassLoader.java:349)
		at org.apache.jasper.servlet.JasperLoader.loadClass(JasperLoader.java:104)
		at org.apache.jasper.servlet.JasperLoader.loadClass(JasperLoader.java:51)
		at org.apache.catalina.core.DefaultInstanceManager.newInstance(DefaultInstanceManager.java:147)
		at org.apache.jasper.servlet.JspServletWrapper.getServlet(JspServletWrapper.java:189)
		at org.apache.jasper.servlet.JspServletWrapper.service(JspServletWrapper.java:410)
		at org.apache.jasper.servlet.JspServlet.serviceJspFile(JspServlet.java:354)
		at org.apache.jasper.servlet.JspServlet.service(JspServlet.java:302)
		at jakarta.servlet.http.HttpServlet.service(HttpServlet.java:716)
		at org.apache.catalina.core.ApplicationFilterChain.doFilter(ApplicationFilterChain.java:130)
		at org.apache.tomcat.websocket.server.WsFilter.doFilter(WsFilter.java:51)
		at org.apache.catalina.core.ApplicationFilterChain.doFilter(ApplicationFilterChain.java:109)
		at org.apache.catalina.core.StandardWrapperValve.invoke(StandardWrapperValve.java:167)
		at org.apache.catalina.core.StandardContextValve.invoke(StandardContextValve.java:79)
		at org.apache.catalina.authenticator.AuthenticatorBase.invoke(AuthenticatorBase.java:483)
		at org.apache.catalina.core.StandardHostValve.invoke(StandardHostValve.java:115)
		at org.apache.catalina.valves.ErrorReportValve.invoke(ErrorReportValve.java:93)
		at org.apache.catalina.valves.AbstractAccessLogValve.invoke(AbstractAccessLogValve.java:670)
		at org.apache.catalina.core.StandardEngineValve.invoke(StandardEngineValve.java:74)
		at org.apache.catalina.connector.CoyoteAdapter.service(CoyoteAdapter.java:342)
		at org.apache.coyote.http11.Http11Processor.service(Http11Processor.java:395)
		at org.apache.coyote.AbstractProcessorLight.process(AbstractProcessorLight.java:63)
		at org.apache.coyote.AbstractProtocol$ConnectionHandler.process(AbstractProtocol.java:905)
		at org.apache.tomcat.util.net.NioEndpoint$SocketProcessor.doRun(NioEndpoint.java:1748)
		at org.apache.tomcat.util.net.SocketProcessorBase.run(SocketProcessorBase.java:52)
		at org.apache.tomcat.util.threads.ThreadPoolExecutor.runWorker(ThreadPoolExecutor.java:1148)
		at org.apache.tomcat.util.threads.ThreadPoolExecutor$Worker.run(ThreadPoolExecutor.java:636)
		at org.apache.tomcat.util.threads.TaskThread$WrappingRunnable.run(TaskThread.java:63)
		at java.base/java.lang.Thread.run(Thread.java:1447)
07-May-2025 22:32:49.314 SEVERE [http-nio-8080-exec-58] org.apache.catalina.core.StandardWrapperValve.invoke Servlet.service() for servlet [jsp] in context with path [] threw exception [org.apache.jasper.JasperException: java.lang.ClassNotFoundException: org.apache.jsp.Menu.MenuPage_jsp] with root cause
	java.lang.ClassNotFoundException: org.apache.jsp.Menu.MenuPage_jsp
		at java.base/java.net.URLClassLoader.findClass(URLClassLoader.java:349)
		at org.apache.jasper.servlet.JasperLoader.loadClass(JasperLoader.java:104)
		at org.apache.jasper.servlet.JasperLoader.loadClass(JasperLoader.java:51)
		at org.apache.catalina.core.DefaultInstanceManager.newInstance(DefaultInstanceManager.java:147)
		at org.apache.jasper.servlet.JspServletWrapper.getServlet(JspServletWrapper.java:189)
		at org.apache.jasper.servlet.JspServletWrapper.service(JspServletWrapper.java:410)
		at org.apache.jasper.servlet.JspServlet.serviceJspFile(JspServlet.java:354)
		at org.apache.jasper.servlet.JspServlet.service(JspServlet.java:302)
		at jakarta.servlet.http.HttpServlet.service(HttpServlet.java:716)
		at org.apache.catalina.core.ApplicationFilterChain.doFilter(ApplicationFilterChain.java:130)
		at org.apache.tomcat.websocket.server.WsFilter.doFilter(WsFilter.java:51)
		at org.apache.catalina.core.ApplicationFilterChain.doFilter(ApplicationFilterChain.java:109)
		at org.apache.catalina.core.StandardWrapperValve.invoke(StandardWrapperValve.java:167)
		at org.apache.catalina.core.StandardContextValve.invoke(StandardContextValve.java:79)
		at org.apache.catalina.authenticator.AuthenticatorBase.invoke(AuthenticatorBase.java:483)
		at org.apache.catalina.core.StandardHostValve.invoke(StandardHostValve.java:115)
		at org.apache.catalina.valves.ErrorReportValve.invoke(ErrorReportValve.java:93)
		at org.apache.catalina.valves.AbstractAccessLogValve.invoke(AbstractAccessLogValve.java:670)
		at org.apache.catalina.core.StandardEngineValve.invoke(StandardEngineValve.java:74)
		at org.apache.catalina.connector.CoyoteAdapter.service(CoyoteAdapter.java:342)
		at org.apache.coyote.http11.Http11Processor.service(Http11Processor.java:395)
		at org.apache.coyote.AbstractProcessorLight.process(AbstractProcessorLight.java:63)
		at org.apache.coyote.AbstractProtocol$ConnectionHandler.process(AbstractProtocol.java:905)
		at org.apache.tomcat.util.net.NioEndpoint$SocketProcessor.doRun(NioEndpoint.java:1748)
		at org.apache.tomcat.util.net.SocketProcessorBase.run(SocketProcessorBase.java:52)
		at org.apache.tomcat.util.threads.ThreadPoolExecutor.runWorker(ThreadPoolExecutor.java:1148)
		at org.apache.tomcat.util.threads.ThreadPoolExecutor$Worker.run(ThreadPoolExecutor.java:636)
		at org.apache.tomcat.util.threads.TaskThread$WrappingRunnable.run(TaskThread.java:63)
		at java.base/java.lang.Thread.run(Thread.java:1447)
07-May-2025 22:32:49.478 SEVERE [http-nio-8080-exec-57] org.apache.catalina.core.StandardWrapperValve.invoke Servlet.service() for servlet [jsp] in context with path [] threw exception [org.apache.jasper.JasperException: java.lang.ClassNotFoundException: org.apache.jsp.Menu.MenuPage_jsp] with root cause
	java.lang.ClassNotFoundException: org.apache.jsp.Menu.MenuPage_jsp
		at java.base/java.net.URLClassLoader.findClass(URLClassLoader.java:349)
		at org.apache.jasper.servlet.JasperLoader.loadClass(JasperLoader.java:104)
		at org.apache.jasper.servlet.JasperLoader.loadClass(JasperLoader.java:51)
		at org.apache.catalina.core.DefaultInstanceManager.newInstance(DefaultInstanceManager.java:147)
		at org.apache.jasper.servlet.JspServletWrapper.getServlet(JspServletWrapper.java:189)
		at org.apache.jasper.servlet.JspServletWrapper.service(JspServletWrapper.java:410)
		at org.apache.jasper.servlet.JspServlet.serviceJspFile(JspServlet.java:354)
		at org.apache.jasper.servlet.JspServlet.service(JspServlet.java:302)
		at jakarta.servlet.http.HttpServlet.service(HttpServlet.java:716)
		at org.apache.catalina.core.ApplicationFilterChain.doFilter(ApplicationFilterChain.java:130)
		at org.apache.tomcat.websocket.server.WsFilter.doFilter(WsFilter.java:51)
		at org.apache.catalina.core.ApplicationFilterChain.doFilter(ApplicationFilterChain.java:109)
		at org.apache.catalina.core.StandardWrapperValve.invoke(StandardWrapperValve.java:167)
		at org.apache.catalina.core.StandardContextValve.invoke(StandardContextValve.java:79)
		at org.apache.catalina.authenticator.AuthenticatorBase.invoke(AuthenticatorBase.java:483)
		at org.apache.catalina.core.StandardHostValve.invoke(StandardHostValve.java:115)
		at org.apache.catalina.valves.ErrorReportValve.invoke(ErrorReportValve.java:93)
		at org.apache.catalina.valves.AbstractAccessLogValve.invoke(AbstractAccessLogValve.java:670)
		at org.apache.catalina.core.StandardEngineValve.invoke(StandardEngineValve.java:74)
		at org.apache.catalina.connector.CoyoteAdapter.service(CoyoteAdapter.java:342)
		at org.apache.coyote.http11.Http11Processor.service(Http11Processor.java:395)
		at org.apache.coyote.AbstractProcessorLight.process(AbstractProcessorLight.java:63)
		at org.apache.coyote.AbstractProtocol$ConnectionHandler.process(AbstractProtocol.java:905)
		at org.apache.tomcat.util.net.NioEndpoint$SocketProcessor.doRun(NioEndpoint.java:1748)
		at org.apache.tomcat.util.net.SocketProcessorBase.run(SocketProcessorBase.java:52)
		at org.apache.tomcat.util.threads.ThreadPoolExecutor.runWorker(ThreadPoolExecutor.java:1148)
		at org.apache.tomcat.util.threads.ThreadPoolExecutor$Worker.run(ThreadPoolExecutor.java:636)
		at org.apache.tomcat.util.threads.TaskThread$WrappingRunnable.run(TaskThread.java:63)
		at java.base/java.lang.Thread.run(Thread.java:1447)
07-May-2025 22:32:58.200 SEVERE [http-nio-8080-exec-51] org.apache.catalina.core.StandardWrapperValve.invoke Servlet.service() for servlet [jsp] in context with path [] threw exception [Unable to compile class for JSP: 

An error occurred at line: [62] in the jsp file: [/Menu/MenuPage.jsp]
The method loadFoodItems(ServletContext) in the type FoodItemFileUtil is not applicable for the arguments ()
59: 
60:   <div class="menu-grid" id="menuGrid">
61:     <%
62:       List<FoodItem> foodItems = FoodItemFileUtil.loadFoodItems();
63: 
64:       // Apply sorting if requested
65:       if ("price".equals(request.getParameter("sort"))) {


Stacktrace:] with root cause
	org.apache.jasper.JasperException: Unable to compile class for JSP: 

An error occurred at line: [62] in the jsp file: [/Menu/MenuPage.jsp]
The method loadFoodItems(ServletContext) in the type FoodItemFileUtil is not applicable for the arguments ()
59: 
60:   <div class="menu-grid" id="menuGrid">
61:     <%
62:       List<FoodItem> foodItems = FoodItemFileUtil.loadFoodItems();
63: 
64:       // Apply sorting if requested
65:       if ("price".equals(request.getParameter("sort"))) {


Stacktrace:
		at org.apache.jasper.compiler.DefaultErrorHandler.javacError(DefaultErrorHandler.java:72)
		at org.apache.jasper.compiler.ErrorDispatcher.javacError(ErrorDispatcher.java:192)
		at org.apache.jasper.compiler.JDTCompiler.generateClass(JDTCompiler.java:506)
		at org.apache.jasper.compiler.Compiler.compile(Compiler.java:373)
		at org.apache.jasper.compiler.Compiler.compile(Compiler.java:345)
		at org.apache.jasper.compiler.Compiler.compile(Compiler.java:331)
		at org.apache.jasper.JspCompilationContext.compile(JspCompilationContext.java:602)
		at org.apache.jasper.servlet.JspServletWrapper.service(JspServletWrapper.java:396)
		at org.apache.jasper.servlet.JspServlet.serviceJspFile(JspServlet.java:354)
		at org.apache.jasper.servlet.JspServlet.service(JspServlet.java:302)
		at jakarta.servlet.http.HttpServlet.service(HttpServlet.java:716)
		at org.apache.catalina.core.ApplicationFilterChain.doFilter(ApplicationFilterChain.java:130)
		at org.apache.tomcat.websocket.server.WsFilter.doFilter(WsFilter.java:51)
		at org.apache.catalina.core.ApplicationFilterChain.doFilter(ApplicationFilterChain.java:109)
		at org.apache.catalina.core.StandardWrapperValve.invoke(StandardWrapperValve.java:167)
		at org.apache.catalina.core.StandardContextValve.invoke(StandardContextValve.java:79)
		at org.apache.catalina.authenticator.AuthenticatorBase.invoke(AuthenticatorBase.java:483)
		at org.apache.catalina.core.StandardHostValve.invoke(StandardHostValve.java:115)
		at org.apache.catalina.valves.ErrorReportValve.invoke(ErrorReportValve.java:93)
		at org.apache.catalina.valves.AbstractAccessLogValve.invoke(AbstractAccessLogValve.java:670)
		at org.apache.catalina.core.StandardEngineValve.invoke(StandardEngineValve.java:74)
		at org.apache.catalina.connector.CoyoteAdapter.service(CoyoteAdapter.java:342)
		at org.apache.coyote.http11.Http11Processor.service(Http11Processor.java:395)
		at org.apache.coyote.AbstractProcessorLight.process(AbstractProcessorLight.java:63)
		at org.apache.coyote.AbstractProtocol$ConnectionHandler.process(AbstractProtocol.java:905)
		at org.apache.tomcat.util.net.NioEndpoint$SocketProcessor.doRun(NioEndpoint.java:1748)
		at org.apache.tomcat.util.net.SocketProcessorBase.run(SocketProcessorBase.java:52)
		at org.apache.tomcat.util.threads.ThreadPoolExecutor.runWorker(ThreadPoolExecutor.java:1148)
		at org.apache.tomcat.util.threads.ThreadPoolExecutor$Worker.run(ThreadPoolExecutor.java:636)
		at org.apache.tomcat.util.threads.TaskThread$WrappingRunnable.run(TaskThread.java:63)
		at java.base/java.lang.Thread.run(Thread.java:1447)
07-May-2025 22:33:09.440 SEVERE [http-nio-8080-exec-58] org.apache.catalina.core.StandardWrapperValve.invoke Servlet.service() for servlet [jsp] in context with path [] threw exception [Unable to compile class for JSP: 

An error occurred at line: [62] in the jsp file: [/Menu/MenuPage.jsp]
The method loadFoodItems(ServletContext) in the type FoodItemFileUtil is not applicable for the arguments ()
59: 
60:   <div class="menu-grid" id="menuGrid">
61:     <%
62:       List<FoodItem> foodItems = FoodItemFileUtil.loadFoodItems();
63: 
64:       // Apply sorting if requested
65:       if ("price".equals(request.getParameter("sort"))) {


Stacktrace:] with root cause
	org.apache.jasper.JasperException: Unable to compile class for JSP: 

An error occurred at line: [62] in the jsp file: [/Menu/MenuPage.jsp]
The method loadFoodItems(ServletContext) in the type FoodItemFileUtil is not applicable for the arguments ()
59: 
60:   <div class="menu-grid" id="menuGrid">
61:     <%
62:       List<FoodItem> foodItems = FoodItemFileUtil.loadFoodItems();
63: 
64:       // Apply sorting if requested
65:       if ("price".equals(request.getParameter("sort"))) {


Stacktrace:
		at org.apache.jasper.compiler.DefaultErrorHandler.javacError(DefaultErrorHandler.java:72)
		at org.apache.jasper.compiler.ErrorDispatcher.javacError(ErrorDispatcher.java:192)
		at org.apache.jasper.compiler.JDTCompiler.generateClass(JDTCompiler.java:506)
		at org.apache.jasper.compiler.Compiler.compile(Compiler.java:373)
		at org.apache.jasper.compiler.Compiler.compile(Compiler.java:345)
		at org.apache.jasper.compiler.Compiler.compile(Compiler.java:331)
		at org.apache.jasper.JspCompilationContext.compile(JspCompilationContext.java:602)
		at org.apache.jasper.servlet.JspServletWrapper.service(JspServletWrapper.java:396)
		at org.apache.jasper.servlet.JspServlet.serviceJspFile(JspServlet.java:354)
		at org.apache.jasper.servlet.JspServlet.service(JspServlet.java:302)
		at jakarta.servlet.http.HttpServlet.service(HttpServlet.java:716)
		at org.apache.catalina.core.ApplicationFilterChain.doFilter(ApplicationFilterChain.java:130)
		at org.apache.tomcat.websocket.server.WsFilter.doFilter(WsFilter.java:51)
		at org.apache.catalina.core.ApplicationFilterChain.doFilter(ApplicationFilterChain.java:109)
		at org.apache.catalina.core.StandardWrapperValve.invoke(StandardWrapperValve.java:167)
		at org.apache.catalina.core.StandardContextValve.invoke(StandardContextValve.java:79)
		at org.apache.catalina.authenticator.AuthenticatorBase.invoke(AuthenticatorBase.java:483)
		at org.apache.catalina.core.StandardHostValve.invoke(StandardHostValve.java:115)
		at org.apache.catalina.valves.ErrorReportValve.invoke(ErrorReportValve.java:93)
		at org.apache.catalina.valves.AbstractAccessLogValve.invoke(AbstractAccessLogValve.java:670)
		at org.apache.catalina.core.StandardEngineValve.invoke(StandardEngineValve.java:74)
		at org.apache.catalina.connector.CoyoteAdapter.service(CoyoteAdapter.java:342)
		at org.apache.coyote.http11.Http11Processor.service(Http11Processor.java:395)
		at org.apache.coyote.AbstractProcessorLight.process(AbstractProcessorLight.java:63)
		at org.apache.coyote.AbstractProtocol$ConnectionHandler.process(AbstractProtocol.java:905)
		at org.apache.tomcat.util.net.NioEndpoint$SocketProcessor.doRun(NioEndpoint.java:1748)
		at org.apache.tomcat.util.net.SocketProcessorBase.run(SocketProcessorBase.java:52)
		at org.apache.tomcat.util.threads.ThreadPoolExecutor.runWorker(ThreadPoolExecutor.java:1148)
		at org.apache.tomcat.util.threads.ThreadPoolExecutor$Worker.run(ThreadPoolExecutor.java:636)
		at org.apache.tomcat.util.threads.TaskThread$WrappingRunnable.run(TaskThread.java:63)
		at java.base/java.lang.Thread.run(Thread.java:1447)
07-May-2025 23:37:36.512 SEVERE [http-nio-8080-exec-126] org.apache.catalina.core.ApplicationDispatcher.invoke Servlet.service() for servlet [jsp] threw exception
	jakarta.servlet.ServletException: JSP file [&#47;AdminPage&#47;Sidebar.jsp] not found
		at org.apache.jasper.servlet.JspServlet.handleMissingResource(JspServlet.java:375)
		at org.apache.jasper.servlet.JspServlet.serviceJspFile(JspServlet.java:343)
		at org.apache.jasper.servlet.JspServlet.service(JspServlet.java:302)
		at jakarta.servlet.http.HttpServlet.service(HttpServlet.java:716)
		at org.apache.catalina.core.ApplicationFilterChain.doFilter(ApplicationFilterChain.java:130)
		at org.apache.catalina.core.ApplicationDispatcher.invoke(ApplicationDispatcher.java:539)
		at org.apache.catalina.core.ApplicationDispatcher.include(ApplicationDispatcher.java:436)
		at org.apache.jasper.runtime.JspRuntimeLibrary.include(JspRuntimeLibrary.java:994)
		at org.apache.jsp.AdminPage.AdminDashboard_jsp._jspService(AdminDashboard_jsp.java:343)
		at org.apache.jasper.runtime.HttpJspBase.service(HttpJspBase.java:67)
		at jakarta.servlet.http.HttpServlet.service(HttpServlet.java:716)
		at org.apache.jasper.servlet.JspServletWrapper.service(JspServletWrapper.java:456)
		at org.apache.jasper.servlet.JspServlet.serviceJspFile(JspServlet.java:354)
		at org.apache.jasper.servlet.JspServlet.service(JspServlet.java:302)
		at jakarta.servlet.http.HttpServlet.service(HttpServlet.java:716)
		at org.apache.catalina.core.ApplicationFilterChain.doFilter(ApplicationFilterChain.java:130)
		at org.apache.tomcat.websocket.server.WsFilter.doFilter(WsFilter.java:51)
		at org.apache.catalina.core.ApplicationFilterChain.doFilter(ApplicationFilterChain.java:109)
		at org.apache.catalina.core.StandardWrapperValve.invoke(StandardWrapperValve.java:167)
		at org.apache.catalina.core.StandardContextValve.invoke(StandardContextValve.java:79)
		at org.apache.catalina.authenticator.AuthenticatorBase.invoke(AuthenticatorBase.java:483)
		at org.apache.catalina.core.StandardHostValve.invoke(StandardHostValve.java:115)
		at org.apache.catalina.valves.ErrorReportValve.invoke(ErrorReportValve.java:93)
		at org.apache.catalina.valves.AbstractAccessLogValve.invoke(AbstractAccessLogValve.java:670)
		at org.apache.catalina.core.StandardEngineValve.invoke(StandardEngineValve.java:74)
		at org.apache.catalina.connector.CoyoteAdapter.service(CoyoteAdapter.java:342)
		at org.apache.coyote.http11.Http11Processor.service(Http11Processor.java:395)
		at org.apache.coyote.AbstractProcessorLight.process(AbstractProcessorLight.java:63)
		at org.apache.coyote.AbstractProtocol$ConnectionHandler.process(AbstractProtocol.java:905)
		at org.apache.tomcat.util.net.NioEndpoint$SocketProcessor.doRun(NioEndpoint.java:1748)
		at org.apache.tomcat.util.net.SocketProcessorBase.run(SocketProcessorBase.java:52)
		at org.apache.tomcat.util.threads.ThreadPoolExecutor.runWorker(ThreadPoolExecutor.java:1148)
		at org.apache.tomcat.util.threads.ThreadPoolExecutor$Worker.run(ThreadPoolExecutor.java:636)
		at org.apache.tomcat.util.threads.TaskThread$WrappingRunnable.run(TaskThread.java:63)
		at java.base/java.lang.Thread.run(Thread.java:1447)
07-May-2025 23:37:36.513 SEVERE [http-nio-8080-exec-126] org.apache.catalina.core.StandardWrapperValve.invoke Servlet.service() for servlet [jsp] in context with path [] threw exception [jakarta.servlet.ServletException: JSP file [&#47;AdminPage&#47;Sidebar.jsp] not found] with root cause
	jakarta.servlet.ServletException: JSP file [&#47;AdminPage&#47;Sidebar.jsp] not found
		at org.apache.jasper.servlet.JspServlet.handleMissingResource(JspServlet.java:375)
		at org.apache.jasper.servlet.JspServlet.serviceJspFile(JspServlet.java:343)
		at org.apache.jasper.servlet.JspServlet.service(JspServlet.java:302)
		at jakarta.servlet.http.HttpServlet.service(HttpServlet.java:716)
		at org.apache.catalina.core.ApplicationFilterChain.doFilter(ApplicationFilterChain.java:130)
		at org.apache.catalina.core.ApplicationDispatcher.invoke(ApplicationDispatcher.java:539)
		at org.apache.catalina.core.ApplicationDispatcher.include(ApplicationDispatcher.java:436)
		at org.apache.jasper.runtime.JspRuntimeLibrary.include(JspRuntimeLibrary.java:994)
		at org.apache.jsp.AdminPage.AdminDashboard_jsp._jspService(AdminDashboard_jsp.java:343)
		at org.apache.jasper.runtime.HttpJspBase.service(HttpJspBase.java:67)
		at jakarta.servlet.http.HttpServlet.service(HttpServlet.java:716)
		at org.apache.jasper.servlet.JspServletWrapper.service(JspServletWrapper.java:456)
		at org.apache.jasper.servlet.JspServlet.serviceJspFile(JspServlet.java:354)
		at org.apache.jasper.servlet.JspServlet.service(JspServlet.java:302)
		at jakarta.servlet.http.HttpServlet.service(HttpServlet.java:716)
		at org.apache.catalina.core.ApplicationFilterChain.doFilter(ApplicationFilterChain.java:130)
		at org.apache.tomcat.websocket.server.WsFilter.doFilter(WsFilter.java:51)
		at org.apache.catalina.core.ApplicationFilterChain.doFilter(ApplicationFilterChain.java:109)
		at org.apache.catalina.core.StandardWrapperValve.invoke(StandardWrapperValve.java:167)
		at org.apache.catalina.core.StandardContextValve.invoke(StandardContextValve.java:79)
		at org.apache.catalina.authenticator.AuthenticatorBase.invoke(AuthenticatorBase.java:483)
		at org.apache.catalina.core.StandardHostValve.invoke(StandardHostValve.java:115)
		at org.apache.catalina.valves.ErrorReportValve.invoke(ErrorReportValve.java:93)
		at org.apache.catalina.valves.AbstractAccessLogValve.invoke(AbstractAccessLogValve.java:670)
		at org.apache.catalina.core.StandardEngineValve.invoke(StandardEngineValve.java:74)
		at org.apache.catalina.connector.CoyoteAdapter.service(CoyoteAdapter.java:342)
		at org.apache.coyote.http11.Http11Processor.service(Http11Processor.java:395)
		at org.apache.coyote.AbstractProcessorLight.process(AbstractProcessorLight.java:63)
		at org.apache.coyote.AbstractProtocol$ConnectionHandler.process(AbstractProtocol.java:905)
		at org.apache.tomcat.util.net.NioEndpoint$SocketProcessor.doRun(NioEndpoint.java:1748)
		at org.apache.tomcat.util.net.SocketProcessorBase.run(SocketProcessorBase.java:52)
		at org.apache.tomcat.util.threads.ThreadPoolExecutor.runWorker(ThreadPoolExecutor.java:1148)
		at org.apache.tomcat.util.threads.ThreadPoolExecutor$Worker.run(ThreadPoolExecutor.java:636)
		at org.apache.tomcat.util.threads.TaskThread$WrappingRunnable.run(TaskThread.java:63)
		at java.base/java.lang.Thread.run(Thread.java:1447)
07-May-2025 23:37:37.423 SEVERE [http-nio-8080-exec-127] org.apache.catalina.core.ApplicationDispatcher.invoke Servlet.service() for servlet [jsp] threw exception
	jakarta.servlet.ServletException: JSP file [&#47;AdminPage&#47;Sidebar.jsp] not found
		at org.apache.jasper.servlet.JspServlet.handleMissingResource(JspServlet.java:375)
		at org.apache.jasper.servlet.JspServlet.serviceJspFile(JspServlet.java:343)
		at org.apache.jasper.servlet.JspServlet.service(JspServlet.java:302)
		at jakarta.servlet.http.HttpServlet.service(HttpServlet.java:716)
		at org.apache.catalina.core.ApplicationFilterChain.doFilter(ApplicationFilterChain.java:130)
		at org.apache.catalina.core.ApplicationDispatcher.invoke(ApplicationDispatcher.java:539)
		at org.apache.catalina.core.ApplicationDispatcher.include(ApplicationDispatcher.java:436)
		at org.apache.jasper.runtime.JspRuntimeLibrary.include(JspRuntimeLibrary.java:994)
		at org.apache.jsp.AdminPage.AdminDashboard_jsp._jspService(AdminDashboard_jsp.java:343)
		at org.apache.jasper.runtime.HttpJspBase.service(HttpJspBase.java:67)
		at jakarta.servlet.http.HttpServlet.service(HttpServlet.java:716)
		at org.apache.jasper.servlet.JspServletWrapper.service(JspServletWrapper.java:456)
		at org.apache.jasper.servlet.JspServlet.serviceJspFile(JspServlet.java:354)
		at org.apache.jasper.servlet.JspServlet.service(JspServlet.java:302)
		at jakarta.servlet.http.HttpServlet.service(HttpServlet.java:716)
		at org.apache.catalina.core.ApplicationFilterChain.doFilter(ApplicationFilterChain.java:130)
		at org.apache.tomcat.websocket.server.WsFilter.doFilter(WsFilter.java:51)
		at org.apache.catalina.core.ApplicationFilterChain.doFilter(ApplicationFilterChain.java:109)
		at org.apache.catalina.core.StandardWrapperValve.invoke(StandardWrapperValve.java:167)
		at org.apache.catalina.core.StandardContextValve.invoke(StandardContextValve.java:79)
		at org.apache.catalina.authenticator.AuthenticatorBase.invoke(AuthenticatorBase.java:483)
		at org.apache.catalina.core.StandardHostValve.invoke(StandardHostValve.java:115)
		at org.apache.catalina.valves.ErrorReportValve.invoke(ErrorReportValve.java:93)
		at org.apache.catalina.valves.AbstractAccessLogValve.invoke(AbstractAccessLogValve.java:670)
		at org.apache.catalina.core.StandardEngineValve.invoke(StandardEngineValve.java:74)
		at org.apache.catalina.connector.CoyoteAdapter.service(CoyoteAdapter.java:342)
		at org.apache.coyote.http11.Http11Processor.service(Http11Processor.java:395)
		at org.apache.coyote.AbstractProcessorLight.process(AbstractProcessorLight.java:63)
		at org.apache.coyote.AbstractProtocol$ConnectionHandler.process(AbstractProtocol.java:905)
		at org.apache.tomcat.util.net.NioEndpoint$SocketProcessor.doRun(NioEndpoint.java:1748)
		at org.apache.tomcat.util.net.SocketProcessorBase.run(SocketProcessorBase.java:52)
		at org.apache.tomcat.util.threads.ThreadPoolExecutor.runWorker(ThreadPoolExecutor.java:1148)
		at org.apache.tomcat.util.threads.ThreadPoolExecutor$Worker.run(ThreadPoolExecutor.java:636)
		at org.apache.tomcat.util.threads.TaskThread$WrappingRunnable.run(TaskThread.java:63)
		at java.base/java.lang.Thread.run(Thread.java:1447)
07-May-2025 23:37:37.424 SEVERE [http-nio-8080-exec-127] org.apache.catalina.core.StandardWrapperValve.invoke Servlet.service() for servlet [jsp] in context with path [] threw exception [jakarta.servlet.ServletException: JSP file [&#47;AdminPage&#47;Sidebar.jsp] not found] with root cause
	jakarta.servlet.ServletException: JSP file [&#47;AdminPage&#47;Sidebar.jsp] not found
		at org.apache.jasper.servlet.JspServlet.handleMissingResource(JspServlet.java:375)
		at org.apache.jasper.servlet.JspServlet.serviceJspFile(JspServlet.java:343)
		at org.apache.jasper.servlet.JspServlet.service(JspServlet.java:302)
		at jakarta.servlet.http.HttpServlet.service(HttpServlet.java:716)
		at org.apache.catalina.core.ApplicationFilterChain.doFilter(ApplicationFilterChain.java:130)
		at org.apache.catalina.core.ApplicationDispatcher.invoke(ApplicationDispatcher.java:539)
		at org.apache.catalina.core.ApplicationDispatcher.include(ApplicationDispatcher.java:436)
		at org.apache.jasper.runtime.JspRuntimeLibrary.include(JspRuntimeLibrary.java:994)
		at org.apache.jsp.AdminPage.AdminDashboard_jsp._jspService(AdminDashboard_jsp.java:343)
		at org.apache.jasper.runtime.HttpJspBase.service(HttpJspBase.java:67)
		at jakarta.servlet.http.HttpServlet.service(HttpServlet.java:716)
		at org.apache.jasper.servlet.JspServletWrapper.service(JspServletWrapper.java:456)
		at org.apache.jasper.servlet.JspServlet.serviceJspFile(JspServlet.java:354)
		at org.apache.jasper.servlet.JspServlet.service(JspServlet.java:302)
		at jakarta.servlet.http.HttpServlet.service(HttpServlet.java:716)
		at org.apache.catalina.core.ApplicationFilterChain.doFilter(ApplicationFilterChain.java:130)
		at org.apache.tomcat.websocket.server.WsFilter.doFilter(WsFilter.java:51)
		at org.apache.catalina.core.ApplicationFilterChain.doFilter(ApplicationFilterChain.java:109)
		at org.apache.catalina.core.StandardWrapperValve.invoke(StandardWrapperValve.java:167)
		at org.apache.catalina.core.StandardContextValve.invoke(StandardContextValve.java:79)
		at org.apache.catalina.authenticator.AuthenticatorBase.invoke(AuthenticatorBase.java:483)
		at org.apache.catalina.core.StandardHostValve.invoke(StandardHostValve.java:115)
		at org.apache.catalina.valves.ErrorReportValve.invoke(ErrorReportValve.java:93)
		at org.apache.catalina.valves.AbstractAccessLogValve.invoke(AbstractAccessLogValve.java:670)
		at org.apache.catalina.core.StandardEngineValve.invoke(StandardEngineValve.java:74)
		at org.apache.catalina.connector.CoyoteAdapter.service(CoyoteAdapter.java:342)
		at org.apache.coyote.http11.Http11Processor.service(Http11Processor.java:395)
		at org.apache.coyote.AbstractProcessorLight.process(AbstractProcessorLight.java:63)
		at org.apache.coyote.AbstractProtocol$ConnectionHandler.process(AbstractProtocol.java:905)
		at org.apache.tomcat.util.net.NioEndpoint$SocketProcessor.doRun(NioEndpoint.java:1748)
		at org.apache.tomcat.util.net.SocketProcessorBase.run(SocketProcessorBase.java:52)
		at org.apache.tomcat.util.threads.ThreadPoolExecutor.runWorker(ThreadPoolExecutor.java:1148)
		at org.apache.tomcat.util.threads.ThreadPoolExecutor$Worker.run(ThreadPoolExecutor.java:636)
		at org.apache.tomcat.util.threads.TaskThread$WrappingRunnable.run(TaskThread.java:63)
		at java.base/java.lang.Thread.run(Thread.java:1447)
07-May-2025 23:37:37.959 SEVERE [http-nio-8080-exec-121] org.apache.catalina.core.ApplicationDispatcher.invoke Servlet.service() for servlet [jsp] threw exception
	jakarta.servlet.ServletException: JSP file [&#47;AdminPage&#47;Sidebar.jsp] not found
		at org.apache.jasper.servlet.JspServlet.handleMissingResource(JspServlet.java:375)
		at org.apache.jasper.servlet.JspServlet.serviceJspFile(JspServlet.java:343)
		at org.apache.jasper.servlet.JspServlet.service(JspServlet.java:302)
		at jakarta.servlet.http.HttpServlet.service(HttpServlet.java:716)
		at org.apache.catalina.core.ApplicationFilterChain.doFilter(ApplicationFilterChain.java:130)
		at org.apache.catalina.core.ApplicationDispatcher.invoke(ApplicationDispatcher.java:539)
		at org.apache.catalina.core.ApplicationDispatcher.include(ApplicationDispatcher.java:436)
		at org.apache.jasper.runtime.JspRuntimeLibrary.include(JspRuntimeLibrary.java:994)
		at org.apache.jsp.AdminPage.AdminDashboard_jsp._jspService(AdminDashboard_jsp.java:343)
		at org.apache.jasper.runtime.HttpJspBase.service(HttpJspBase.java:67)
		at jakarta.servlet.http.HttpServlet.service(HttpServlet.java:716)
		at org.apache.jasper.servlet.JspServletWrapper.service(JspServletWrapper.java:456)
		at org.apache.jasper.servlet.JspServlet.serviceJspFile(JspServlet.java:354)
		at org.apache.jasper.servlet.JspServlet.service(JspServlet.java:302)
		at jakarta.servlet.http.HttpServlet.service(HttpServlet.java:716)
		at org.apache.catalina.core.ApplicationFilterChain.doFilter(ApplicationFilterChain.java:130)
		at org.apache.tomcat.websocket.server.WsFilter.doFilter(WsFilter.java:51)
		at org.apache.catalina.core.ApplicationFilterChain.doFilter(ApplicationFilterChain.java:109)
		at org.apache.catalina.core.StandardWrapperValve.invoke(StandardWrapperValve.java:167)
		at org.apache.catalina.core.StandardContextValve.invoke(StandardContextValve.java:79)
		at org.apache.catalina.authenticator.AuthenticatorBase.invoke(AuthenticatorBase.java:483)
		at org.apache.catalina.core.StandardHostValve.invoke(StandardHostValve.java:115)
		at org.apache.catalina.valves.ErrorReportValve.invoke(ErrorReportValve.java:93)
		at org.apache.catalina.valves.AbstractAccessLogValve.invoke(AbstractAccessLogValve.java:670)
		at org.apache.catalina.core.StandardEngineValve.invoke(StandardEngineValve.java:74)
		at org.apache.catalina.connector.CoyoteAdapter.service(CoyoteAdapter.java:342)
		at org.apache.coyote.http11.Http11Processor.service(Http11Processor.java:395)
		at org.apache.coyote.AbstractProcessorLight.process(AbstractProcessorLight.java:63)
		at org.apache.coyote.AbstractProtocol$ConnectionHandler.process(AbstractProtocol.java:905)
		at org.apache.tomcat.util.net.NioEndpoint$SocketProcessor.doRun(NioEndpoint.java:1748)
		at org.apache.tomcat.util.net.SocketProcessorBase.run(SocketProcessorBase.java:52)
		at org.apache.tomcat.util.threads.ThreadPoolExecutor.runWorker(ThreadPoolExecutor.java:1148)
		at org.apache.tomcat.util.threads.ThreadPoolExecutor$Worker.run(ThreadPoolExecutor.java:636)
		at org.apache.tomcat.util.threads.TaskThread$WrappingRunnable.run(TaskThread.java:63)
		at java.base/java.lang.Thread.run(Thread.java:1447)
07-May-2025 23:37:37.959 SEVERE [http-nio-8080-exec-121] org.apache.catalina.core.StandardWrapperValve.invoke Servlet.service() for servlet [jsp] in context with path [] threw exception [jakarta.servlet.ServletException: JSP file [&#47;AdminPage&#47;Sidebar.jsp] not found] with root cause
	jakarta.servlet.ServletException: JSP file [&#47;AdminPage&#47;Sidebar.jsp] not found
		at org.apache.jasper.servlet.JspServlet.handleMissingResource(JspServlet.java:375)
		at org.apache.jasper.servlet.JspServlet.serviceJspFile(JspServlet.java:343)
		at org.apache.jasper.servlet.JspServlet.service(JspServlet.java:302)
		at jakarta.servlet.http.HttpServlet.service(HttpServlet.java:716)
		at org.apache.catalina.core.ApplicationFilterChain.doFilter(ApplicationFilterChain.java:130)
		at org.apache.catalina.core.ApplicationDispatcher.invoke(ApplicationDispatcher.java:539)
		at org.apache.catalina.core.ApplicationDispatcher.include(ApplicationDispatcher.java:436)
		at org.apache.jasper.runtime.JspRuntimeLibrary.include(JspRuntimeLibrary.java:994)
		at org.apache.jsp.AdminPage.AdminDashboard_jsp._jspService(AdminDashboard_jsp.java:343)
		at org.apache.jasper.runtime.HttpJspBase.service(HttpJspBase.java:67)
		at jakarta.servlet.http.HttpServlet.service(HttpServlet.java:716)
		at org.apache.jasper.servlet.JspServletWrapper.service(JspServletWrapper.java:456)
		at org.apache.jasper.servlet.JspServlet.serviceJspFile(JspServlet.java:354)
		at org.apache.jasper.servlet.JspServlet.service(JspServlet.java:302)
		at jakarta.servlet.http.HttpServlet.service(HttpServlet.java:716)
		at org.apache.catalina.core.ApplicationFilterChain.doFilter(ApplicationFilterChain.java:130)
		at org.apache.tomcat.websocket.server.WsFilter.doFilter(WsFilter.java:51)
		at org.apache.catalina.core.ApplicationFilterChain.doFilter(ApplicationFilterChain.java:109)
		at org.apache.catalina.core.StandardWrapperValve.invoke(StandardWrapperValve.java:167)
		at org.apache.catalina.core.StandardContextValve.invoke(StandardContextValve.java:79)
		at org.apache.catalina.authenticator.AuthenticatorBase.invoke(AuthenticatorBase.java:483)
		at org.apache.catalina.core.StandardHostValve.invoke(StandardHostValve.java:115)
		at org.apache.catalina.valves.ErrorReportValve.invoke(ErrorReportValve.java:93)
		at org.apache.catalina.valves.AbstractAccessLogValve.invoke(AbstractAccessLogValve.java:670)
		at org.apache.catalina.core.StandardEngineValve.invoke(StandardEngineValve.java:74)
		at org.apache.catalina.connector.CoyoteAdapter.service(CoyoteAdapter.java:342)
		at org.apache.coyote.http11.Http11Processor.service(Http11Processor.java:395)
		at org.apache.coyote.AbstractProcessorLight.process(AbstractProcessorLight.java:63)
		at org.apache.coyote.AbstractProtocol$ConnectionHandler.process(AbstractProtocol.java:905)
		at org.apache.tomcat.util.net.NioEndpoint$SocketProcessor.doRun(NioEndpoint.java:1748)
		at org.apache.tomcat.util.net.SocketProcessorBase.run(SocketProcessorBase.java:52)
		at org.apache.tomcat.util.threads.ThreadPoolExecutor.runWorker(ThreadPoolExecutor.java:1148)
		at org.apache.tomcat.util.threads.ThreadPoolExecutor$Worker.run(ThreadPoolExecutor.java:636)
		at org.apache.tomcat.util.threads.TaskThread$WrappingRunnable.run(TaskThread.java:63)
		at java.base/java.lang.Thread.run(Thread.java:1447)
07-May-2025 23:37:38.088 SEVERE [http-nio-8080-exec-122] org.apache.catalina.core.ApplicationDispatcher.invoke Servlet.service() for servlet [jsp] threw exception
	jakarta.servlet.ServletException: JSP file [&#47;AdminPage&#47;Sidebar.jsp] not found
		at org.apache.jasper.servlet.JspServlet.handleMissingResource(JspServlet.java:375)
		at org.apache.jasper.servlet.JspServlet.serviceJspFile(JspServlet.java:343)
		at org.apache.jasper.servlet.JspServlet.service(JspServlet.java:302)
		at jakarta.servlet.http.HttpServlet.service(HttpServlet.java:716)
		at org.apache.catalina.core.ApplicationFilterChain.doFilter(ApplicationFilterChain.java:130)
		at org.apache.catalina.core.ApplicationDispatcher.invoke(ApplicationDispatcher.java:539)
		at org.apache.catalina.core.ApplicationDispatcher.include(ApplicationDispatcher.java:436)
		at org.apache.jasper.runtime.JspRuntimeLibrary.include(JspRuntimeLibrary.java:994)
		at org.apache.jsp.AdminPage.AdminDashboard_jsp._jspService(AdminDashboard_jsp.java:343)
		at org.apache.jasper.runtime.HttpJspBase.service(HttpJspBase.java:67)
		at jakarta.servlet.http.HttpServlet.service(HttpServlet.java:716)
		at org.apache.jasper.servlet.JspServletWrapper.service(JspServletWrapper.java:456)
		at org.apache.jasper.servlet.JspServlet.serviceJspFile(JspServlet.java:354)
		at org.apache.jasper.servlet.JspServlet.service(JspServlet.java:302)
		at jakarta.servlet.http.HttpServlet.service(HttpServlet.java:716)
		at org.apache.catalina.core.ApplicationFilterChain.doFilter(ApplicationFilterChain.java:130)
		at org.apache.tomcat.websocket.server.WsFilter.doFilter(WsFilter.java:51)
		at org.apache.catalina.core.ApplicationFilterChain.doFilter(ApplicationFilterChain.java:109)
		at org.apache.catalina.core.StandardWrapperValve.invoke(StandardWrapperValve.java:167)
		at org.apache.catalina.core.StandardContextValve.invoke(StandardContextValve.java:79)
		at org.apache.catalina.authenticator.AuthenticatorBase.invoke(AuthenticatorBase.java:483)
		at org.apache.catalina.core.StandardHostValve.invoke(StandardHostValve.java:115)
		at org.apache.catalina.valves.ErrorReportValve.invoke(ErrorReportValve.java:93)
		at org.apache.catalina.valves.AbstractAccessLogValve.invoke(AbstractAccessLogValve.java:670)
		at org.apache.catalina.core.StandardEngineValve.invoke(StandardEngineValve.java:74)
		at org.apache.catalina.connector.CoyoteAdapter.service(CoyoteAdapter.java:342)
		at org.apache.coyote.http11.Http11Processor.service(Http11Processor.java:395)
		at org.apache.coyote.AbstractProcessorLight.process(AbstractProcessorLight.java:63)
		at org.apache.coyote.AbstractProtocol$ConnectionHandler.process(AbstractProtocol.java:905)
		at org.apache.tomcat.util.net.NioEndpoint$SocketProcessor.doRun(NioEndpoint.java:1748)
		at org.apache.tomcat.util.net.SocketProcessorBase.run(SocketProcessorBase.java:52)
		at org.apache.tomcat.util.threads.ThreadPoolExecutor.runWorker(ThreadPoolExecutor.java:1148)
		at org.apache.tomcat.util.threads.ThreadPoolExecutor$Worker.run(ThreadPoolExecutor.java:636)
		at org.apache.tomcat.util.threads.TaskThread$WrappingRunnable.run(TaskThread.java:63)
		at java.base/java.lang.Thread.run(Thread.java:1447)
07-May-2025 23:37:38.089 SEVERE [http-nio-8080-exec-122] org.apache.catalina.core.StandardWrapperValve.invoke Servlet.service() for servlet [jsp] in context with path [] threw exception [jakarta.servlet.ServletException: JSP file [&#47;AdminPage&#47;Sidebar.jsp] not found] with root cause
	jakarta.servlet.ServletException: JSP file [&#47;AdminPage&#47;Sidebar.jsp] not found
		at org.apache.jasper.servlet.JspServlet.handleMissingResource(JspServlet.java:375)
		at org.apache.jasper.servlet.JspServlet.serviceJspFile(JspServlet.java:343)
		at org.apache.jasper.servlet.JspServlet.service(JspServlet.java:302)
		at jakarta.servlet.http.HttpServlet.service(HttpServlet.java:716)
		at org.apache.catalina.core.ApplicationFilterChain.doFilter(ApplicationFilterChain.java:130)
		at org.apache.catalina.core.ApplicationDispatcher.invoke(ApplicationDispatcher.java:539)
		at org.apache.catalina.core.ApplicationDispatcher.include(ApplicationDispatcher.java:436)
		at org.apache.jasper.runtime.JspRuntimeLibrary.include(JspRuntimeLibrary.java:994)
		at org.apache.jsp.AdminPage.AdminDashboard_jsp._jspService(AdminDashboard_jsp.java:343)
		at org.apache.jasper.runtime.HttpJspBase.service(HttpJspBase.java:67)
		at jakarta.servlet.http.HttpServlet.service(HttpServlet.java:716)
		at org.apache.jasper.servlet.JspServletWrapper.service(JspServletWrapper.java:456)
		at org.apache.jasper.servlet.JspServlet.serviceJspFile(JspServlet.java:354)
		at org.apache.jasper.servlet.JspServlet.service(JspServlet.java:302)
		at jakarta.servlet.http.HttpServlet.service(HttpServlet.java:716)
		at org.apache.catalina.core.ApplicationFilterChain.doFilter(ApplicationFilterChain.java:130)
		at org.apache.tomcat.websocket.server.WsFilter.doFilter(WsFilter.java:51)
		at org.apache.catalina.core.ApplicationFilterChain.doFilter(ApplicationFilterChain.java:109)
		at org.apache.catalina.core.StandardWrapperValve.invoke(StandardWrapperValve.java:167)
		at org.apache.catalina.core.StandardContextValve.invoke(StandardContextValve.java:79)
		at org.apache.catalina.authenticator.AuthenticatorBase.invoke(AuthenticatorBase.java:483)
		at org.apache.catalina.core.StandardHostValve.invoke(StandardHostValve.java:115)
		at org.apache.catalina.valves.ErrorReportValve.invoke(ErrorReportValve.java:93)
		at org.apache.catalina.valves.AbstractAccessLogValve.invoke(AbstractAccessLogValve.java:670)
		at org.apache.catalina.core.StandardEngineValve.invoke(StandardEngineValve.java:74)
		at org.apache.catalina.connector.CoyoteAdapter.service(CoyoteAdapter.java:342)
		at org.apache.coyote.http11.Http11Processor.service(Http11Processor.java:395)
		at org.apache.coyote.AbstractProcessorLight.process(AbstractProcessorLight.java:63)
		at org.apache.coyote.AbstractProtocol$ConnectionHandler.process(AbstractProtocol.java:905)
		at org.apache.tomcat.util.net.NioEndpoint$SocketProcessor.doRun(NioEndpoint.java:1748)
		at org.apache.tomcat.util.net.SocketProcessorBase.run(SocketProcessorBase.java:52)
		at org.apache.tomcat.util.threads.ThreadPoolExecutor.runWorker(ThreadPoolExecutor.java:1148)
		at org.apache.tomcat.util.threads.ThreadPoolExecutor$Worker.run(ThreadPoolExecutor.java:636)
		at org.apache.tomcat.util.threads.TaskThread$WrappingRunnable.run(TaskThread.java:63)
		at java.base/java.lang.Thread.run(Thread.java:1447)
07-May-2025 23:37:38.204 SEVERE [http-nio-8080-exec-123] org.apache.catalina.core.ApplicationDispatcher.invoke Servlet.service() for servlet [jsp] threw exception
	jakarta.servlet.ServletException: JSP file [&#47;AdminPage&#47;Sidebar.jsp] not found
		at org.apache.jasper.servlet.JspServlet.handleMissingResource(JspServlet.java:375)
		at org.apache.jasper.servlet.JspServlet.serviceJspFile(JspServlet.java:343)
		at org.apache.jasper.servlet.JspServlet.service(JspServlet.java:302)
		at jakarta.servlet.http.HttpServlet.service(HttpServlet.java:716)
		at org.apache.catalina.core.ApplicationFilterChain.doFilter(ApplicationFilterChain.java:130)
		at org.apache.catalina.core.ApplicationDispatcher.invoke(ApplicationDispatcher.java:539)
		at org.apache.catalina.core.ApplicationDispatcher.include(ApplicationDispatcher.java:436)
		at org.apache.jasper.runtime.JspRuntimeLibrary.include(JspRuntimeLibrary.java:994)
		at org.apache.jsp.AdminPage.AdminDashboard_jsp._jspService(AdminDashboard_jsp.java:343)
		at org.apache.jasper.runtime.HttpJspBase.service(HttpJspBase.java:67)
		at jakarta.servlet.http.HttpServlet.service(HttpServlet.java:716)
		at org.apache.jasper.servlet.JspServletWrapper.service(JspServletWrapper.java:456)
		at org.apache.jasper.servlet.JspServlet.serviceJspFile(JspServlet.java:354)
		at org.apache.jasper.servlet.JspServlet.service(JspServlet.java:302)
		at jakarta.servlet.http.HttpServlet.service(HttpServlet.java:716)
		at org.apache.catalina.core.ApplicationFilterChain.doFilter(ApplicationFilterChain.java:130)
		at org.apache.tomcat.websocket.server.WsFilter.doFilter(WsFilter.java:51)
		at org.apache.catalina.core.ApplicationFilterChain.doFilter(ApplicationFilterChain.java:109)
		at org.apache.catalina.core.StandardWrapperValve.invoke(StandardWrapperValve.java:167)
		at org.apache.catalina.core.StandardContextValve.invoke(StandardContextValve.java:79)
		at org.apache.catalina.authenticator.AuthenticatorBase.invoke(AuthenticatorBase.java:483)
		at org.apache.catalina.core.StandardHostValve.invoke(StandardHostValve.java:115)
		at org.apache.catalina.valves.ErrorReportValve.invoke(ErrorReportValve.java:93)
		at org.apache.catalina.valves.AbstractAccessLogValve.invoke(AbstractAccessLogValve.java:670)
		at org.apache.catalina.core.StandardEngineValve.invoke(StandardEngineValve.java:74)
		at org.apache.catalina.connector.CoyoteAdapter.service(CoyoteAdapter.java:342)
		at org.apache.coyote.http11.Http11Processor.service(Http11Processor.java:395)
		at org.apache.coyote.AbstractProcessorLight.process(AbstractProcessorLight.java:63)
		at org.apache.coyote.AbstractProtocol$ConnectionHandler.process(AbstractProtocol.java:905)
		at org.apache.tomcat.util.net.NioEndpoint$SocketProcessor.doRun(NioEndpoint.java:1748)
		at org.apache.tomcat.util.net.SocketProcessorBase.run(SocketProcessorBase.java:52)
		at org.apache.tomcat.util.threads.ThreadPoolExecutor.runWorker(ThreadPoolExecutor.java:1148)
		at org.apache.tomcat.util.threads.ThreadPoolExecutor$Worker.run(ThreadPoolExecutor.java:636)
		at org.apache.tomcat.util.threads.TaskThread$WrappingRunnable.run(TaskThread.java:63)
		at java.base/java.lang.Thread.run(Thread.java:1447)
07-May-2025 23:37:38.205 SEVERE [http-nio-8080-exec-123] org.apache.catalina.core.StandardWrapperValve.invoke Servlet.service() for servlet [jsp] in context with path [] threw exception [jakarta.servlet.ServletException: JSP file [&#47;AdminPage&#47;Sidebar.jsp] not found] with root cause
	jakarta.servlet.ServletException: JSP file [&#47;AdminPage&#47;Sidebar.jsp] not found
		at org.apache.jasper.servlet.JspServlet.handleMissingResource(JspServlet.java:375)
		at org.apache.jasper.servlet.JspServlet.serviceJspFile(JspServlet.java:343)
		at org.apache.jasper.servlet.JspServlet.service(JspServlet.java:302)
		at jakarta.servlet.http.HttpServlet.service(HttpServlet.java:716)
		at org.apache.catalina.core.ApplicationFilterChain.doFilter(ApplicationFilterChain.java:130)
		at org.apache.catalina.core.ApplicationDispatcher.invoke(ApplicationDispatcher.java:539)
		at org.apache.catalina.core.ApplicationDispatcher.include(ApplicationDispatcher.java:436)
		at org.apache.jasper.runtime.JspRuntimeLibrary.include(JspRuntimeLibrary.java:994)
		at org.apache.jsp.AdminPage.AdminDashboard_jsp._jspService(AdminDashboard_jsp.java:343)
		at org.apache.jasper.runtime.HttpJspBase.service(HttpJspBase.java:67)
		at jakarta.servlet.http.HttpServlet.service(HttpServlet.java:716)
		at org.apache.jasper.servlet.JspServletWrapper.service(JspServletWrapper.java:456)
		at org.apache.jasper.servlet.JspServlet.serviceJspFile(JspServlet.java:354)
		at org.apache.jasper.servlet.JspServlet.service(JspServlet.java:302)
		at jakarta.servlet.http.HttpServlet.service(HttpServlet.java:716)
		at org.apache.catalina.core.ApplicationFilterChain.doFilter(ApplicationFilterChain.java:130)
		at org.apache.tomcat.websocket.server.WsFilter.doFilter(WsFilter.java:51)
		at org.apache.catalina.core.ApplicationFilterChain.doFilter(ApplicationFilterChain.java:109)
		at org.apache.catalina.core.StandardWrapperValve.invoke(StandardWrapperValve.java:167)
		at org.apache.catalina.core.StandardContextValve.invoke(StandardContextValve.java:79)
		at org.apache.catalina.authenticator.AuthenticatorBase.invoke(AuthenticatorBase.java:483)
		at org.apache.catalina.core.StandardHostValve.invoke(StandardHostValve.java:115)
		at org.apache.catalina.valves.ErrorReportValve.invoke(ErrorReportValve.java:93)
		at org.apache.catalina.valves.AbstractAccessLogValve.invoke(AbstractAccessLogValve.java:670)
		at org.apache.catalina.core.StandardEngineValve.invoke(StandardEngineValve.java:74)
		at org.apache.catalina.connector.CoyoteAdapter.service(CoyoteAdapter.java:342)
		at org.apache.coyote.http11.Http11Processor.service(Http11Processor.java:395)
		at org.apache.coyote.AbstractProcessorLight.process(AbstractProcessorLight.java:63)
		at org.apache.coyote.AbstractProtocol$ConnectionHandler.process(AbstractProtocol.java:905)
		at org.apache.tomcat.util.net.NioEndpoint$SocketProcessor.doRun(NioEndpoint.java:1748)
		at org.apache.tomcat.util.net.SocketProcessorBase.run(SocketProcessorBase.java:52)
		at org.apache.tomcat.util.threads.ThreadPoolExecutor.runWorker(ThreadPoolExecutor.java:1148)
		at org.apache.tomcat.util.threads.ThreadPoolExecutor$Worker.run(ThreadPoolExecutor.java:636)
		at org.apache.tomcat.util.threads.TaskThread$WrappingRunnable.run(TaskThread.java:63)
		at java.base/java.lang.Thread.run(Thread.java:1447)
07-May-2025 23:37:38.335 SEVERE [http-nio-8080-exec-124] org.apache.catalina.core.ApplicationDispatcher.invoke Servlet.service() for servlet [jsp] threw exception
	jakarta.servlet.ServletException: JSP file [&#47;AdminPage&#47;Sidebar.jsp] not found
		at org.apache.jasper.servlet.JspServlet.handleMissingResource(JspServlet.java:375)
		at org.apache.jasper.servlet.JspServlet.serviceJspFile(JspServlet.java:343)
		at org.apache.jasper.servlet.JspServlet.service(JspServlet.java:302)
		at jakarta.servlet.http.HttpServlet.service(HttpServlet.java:716)
		at org.apache.catalina.core.ApplicationFilterChain.doFilter(ApplicationFilterChain.java:130)
		at org.apache.catalina.core.ApplicationDispatcher.invoke(ApplicationDispatcher.java:539)
		at org.apache.catalina.core.ApplicationDispatcher.include(ApplicationDispatcher.java:436)
		at org.apache.jasper.runtime.JspRuntimeLibrary.include(JspRuntimeLibrary.java:994)
		at org.apache.jsp.AdminPage.AdminDashboard_jsp._jspService(AdminDashboard_jsp.java:343)
		at org.apache.jasper.runtime.HttpJspBase.service(HttpJspBase.java:67)
		at jakarta.servlet.http.HttpServlet.service(HttpServlet.java:716)
		at org.apache.jasper.servlet.JspServletWrapper.service(JspServletWrapper.java:456)
		at org.apache.jasper.servlet.JspServlet.serviceJspFile(JspServlet.java:354)
		at org.apache.jasper.servlet.JspServlet.service(JspServlet.java:302)
		at jakarta.servlet.http.HttpServlet.service(HttpServlet.java:716)
		at org.apache.catalina.core.ApplicationFilterChain.doFilter(ApplicationFilterChain.java:130)
		at org.apache.tomcat.websocket.server.WsFilter.doFilter(WsFilter.java:51)
		at org.apache.catalina.core.ApplicationFilterChain.doFilter(ApplicationFilterChain.java:109)
		at org.apache.catalina.core.StandardWrapperValve.invoke(StandardWrapperValve.java:167)
		at org.apache.catalina.core.StandardContextValve.invoke(StandardContextValve.java:79)
		at org.apache.catalina.authenticator.AuthenticatorBase.invoke(AuthenticatorBase.java:483)
		at org.apache.catalina.core.StandardHostValve.invoke(StandardHostValve.java:115)
		at org.apache.catalina.valves.ErrorReportValve.invoke(ErrorReportValve.java:93)
		at org.apache.catalina.valves.AbstractAccessLogValve.invoke(AbstractAccessLogValve.java:670)
		at org.apache.catalina.core.StandardEngineValve.invoke(StandardEngineValve.java:74)
		at org.apache.catalina.connector.CoyoteAdapter.service(CoyoteAdapter.java:342)
		at org.apache.coyote.http11.Http11Processor.service(Http11Processor.java:395)
		at org.apache.coyote.AbstractProcessorLight.process(AbstractProcessorLight.java:63)
		at org.apache.coyote.AbstractProtocol$ConnectionHandler.process(AbstractProtocol.java:905)
		at org.apache.tomcat.util.net.NioEndpoint$SocketProcessor.doRun(NioEndpoint.java:1748)
		at org.apache.tomcat.util.net.SocketProcessorBase.run(SocketProcessorBase.java:52)
		at org.apache.tomcat.util.threads.ThreadPoolExecutor.runWorker(ThreadPoolExecutor.java:1148)
		at org.apache.tomcat.util.threads.ThreadPoolExecutor$Worker.run(ThreadPoolExecutor.java:636)
		at org.apache.tomcat.util.threads.TaskThread$WrappingRunnable.run(TaskThread.java:63)
		at java.base/java.lang.Thread.run(Thread.java:1447)
07-May-2025 23:37:38.336 SEVERE [http-nio-8080-exec-124] org.apache.catalina.core.StandardWrapperValve.invoke Servlet.service() for servlet [jsp] in context with path [] threw exception [jakarta.servlet.ServletException: JSP file [&#47;AdminPage&#47;Sidebar.jsp] not found] with root cause
	jakarta.servlet.ServletException: JSP file [&#47;AdminPage&#47;Sidebar.jsp] not found
		at org.apache.jasper.servlet.JspServlet.handleMissingResource(JspServlet.java:375)
		at org.apache.jasper.servlet.JspServlet.serviceJspFile(JspServlet.java:343)
		at org.apache.jasper.servlet.JspServlet.service(JspServlet.java:302)
		at jakarta.servlet.http.HttpServlet.service(HttpServlet.java:716)
		at org.apache.catalina.core.ApplicationFilterChain.doFilter(ApplicationFilterChain.java:130)
		at org.apache.catalina.core.ApplicationDispatcher.invoke(ApplicationDispatcher.java:539)
		at org.apache.catalina.core.ApplicationDispatcher.include(ApplicationDispatcher.java:436)
		at org.apache.jasper.runtime.JspRuntimeLibrary.include(JspRuntimeLibrary.java:994)
		at org.apache.jsp.AdminPage.AdminDashboard_jsp._jspService(AdminDashboard_jsp.java:343)
		at org.apache.jasper.runtime.HttpJspBase.service(HttpJspBase.java:67)
		at jakarta.servlet.http.HttpServlet.service(HttpServlet.java:716)
		at org.apache.jasper.servlet.JspServletWrapper.service(JspServletWrapper.java:456)
		at org.apache.jasper.servlet.JspServlet.serviceJspFile(JspServlet.java:354)
		at org.apache.jasper.servlet.JspServlet.service(JspServlet.java:302)
		at jakarta.servlet.http.HttpServlet.service(HttpServlet.java:716)
		at org.apache.catalina.core.ApplicationFilterChain.doFilter(ApplicationFilterChain.java:130)
		at org.apache.tomcat.websocket.server.WsFilter.doFilter(WsFilter.java:51)
		at org.apache.catalina.core.ApplicationFilterChain.doFilter(ApplicationFilterChain.java:109)
		at org.apache.catalina.core.StandardWrapperValve.invoke(StandardWrapperValve.java:167)
		at org.apache.catalina.core.StandardContextValve.invoke(StandardContextValve.java:79)
		at org.apache.catalina.authenticator.AuthenticatorBase.invoke(AuthenticatorBase.java:483)
		at org.apache.catalina.core.StandardHostValve.invoke(StandardHostValve.java:115)
		at org.apache.catalina.valves.ErrorReportValve.invoke(ErrorReportValve.java:93)
		at org.apache.catalina.valves.AbstractAccessLogValve.invoke(AbstractAccessLogValve.java:670)
		at org.apache.catalina.core.StandardEngineValve.invoke(StandardEngineValve.java:74)
		at org.apache.catalina.connector.CoyoteAdapter.service(CoyoteAdapter.java:342)
		at org.apache.coyote.http11.Http11Processor.service(Http11Processor.java:395)
		at org.apache.coyote.AbstractProcessorLight.process(AbstractProcessorLight.java:63)
		at org.apache.coyote.AbstractProtocol$ConnectionHandler.process(AbstractProtocol.java:905)
		at org.apache.tomcat.util.net.NioEndpoint$SocketProcessor.doRun(NioEndpoint.java:1748)
		at org.apache.tomcat.util.net.SocketProcessorBase.run(SocketProcessorBase.java:52)
		at org.apache.tomcat.util.threads.ThreadPoolExecutor.runWorker(ThreadPoolExecutor.java:1148)
		at org.apache.tomcat.util.threads.ThreadPoolExecutor$Worker.run(ThreadPoolExecutor.java:636)
		at org.apache.tomcat.util.threads.TaskThread$WrappingRunnable.run(TaskThread.java:63)
		at java.base/java.lang.Thread.run(Thread.java:1447)
07-May-2025 23:37:38.484 SEVERE [http-nio-8080-exec-125] org.apache.catalina.core.ApplicationDispatcher.invoke Servlet.service() for servlet [jsp] threw exception
	jakarta.servlet.ServletException: JSP file [&#47;AdminPage&#47;Sidebar.jsp] not found
		at org.apache.jasper.servlet.JspServlet.handleMissingResource(JspServlet.java:375)
		at org.apache.jasper.servlet.JspServlet.serviceJspFile(JspServlet.java:343)
		at org.apache.jasper.servlet.JspServlet.service(JspServlet.java:302)
		at jakarta.servlet.http.HttpServlet.service(HttpServlet.java:716)
		at org.apache.catalina.core.ApplicationFilterChain.doFilter(ApplicationFilterChain.java:130)
		at org.apache.catalina.core.ApplicationDispatcher.invoke(ApplicationDispatcher.java:539)
		at org.apache.catalina.core.ApplicationDispatcher.include(ApplicationDispatcher.java:436)
		at org.apache.jasper.runtime.JspRuntimeLibrary.include(JspRuntimeLibrary.java:994)
		at org.apache.jsp.AdminPage.AdminDashboard_jsp._jspService(AdminDashboard_jsp.java:343)
		at org.apache.jasper.runtime.HttpJspBase.service(HttpJspBase.java:67)
		at jakarta.servlet.http.HttpServlet.service(HttpServlet.java:716)
		at org.apache.jasper.servlet.JspServletWrapper.service(JspServletWrapper.java:456)
		at org.apache.jasper.servlet.JspServlet.serviceJspFile(JspServlet.java:354)
		at org.apache.jasper.servlet.JspServlet.service(JspServlet.java:302)
		at jakarta.servlet.http.HttpServlet.service(HttpServlet.java:716)
		at org.apache.catalina.core.ApplicationFilterChain.doFilter(ApplicationFilterChain.java:130)
		at org.apache.tomcat.websocket.server.WsFilter.doFilter(WsFilter.java:51)
		at org.apache.catalina.core.ApplicationFilterChain.doFilter(ApplicationFilterChain.java:109)
		at org.apache.catalina.core.StandardWrapperValve.invoke(StandardWrapperValve.java:167)
		at org.apache.catalina.core.StandardContextValve.invoke(StandardContextValve.java:79)
		at org.apache.catalina.authenticator.AuthenticatorBase.invoke(AuthenticatorBase.java:483)
		at org.apache.catalina.core.StandardHostValve.invoke(StandardHostValve.java:115)
		at org.apache.catalina.valves.ErrorReportValve.invoke(ErrorReportValve.java:93)
		at org.apache.catalina.valves.AbstractAccessLogValve.invoke(AbstractAccessLogValve.java:670)
		at org.apache.catalina.core.StandardEngineValve.invoke(StandardEngineValve.java:74)
		at org.apache.catalina.connector.CoyoteAdapter.service(CoyoteAdapter.java:342)
		at org.apache.coyote.http11.Http11Processor.service(Http11Processor.java:395)
		at org.apache.coyote.AbstractProcessorLight.process(AbstractProcessorLight.java:63)
		at org.apache.coyote.AbstractProtocol$ConnectionHandler.process(AbstractProtocol.java:905)
		at org.apache.tomcat.util.net.NioEndpoint$SocketProcessor.doRun(NioEndpoint.java:1748)
		at org.apache.tomcat.util.net.SocketProcessorBase.run(SocketProcessorBase.java:52)
		at org.apache.tomcat.util.threads.ThreadPoolExecutor.runWorker(ThreadPoolExecutor.java:1148)
		at org.apache.tomcat.util.threads.ThreadPoolExecutor$Worker.run(ThreadPoolExecutor.java:636)
		at org.apache.tomcat.util.threads.TaskThread$WrappingRunnable.run(TaskThread.java:63)
		at java.base/java.lang.Thread.run(Thread.java:1447)
07-May-2025 23:37:38.484 SEVERE [http-nio-8080-exec-125] org.apache.catalina.core.StandardWrapperValve.invoke Servlet.service() for servlet [jsp] in context with path [] threw exception [jakarta.servlet.ServletException: JSP file [&#47;AdminPage&#47;Sidebar.jsp] not found] with root cause
	jakarta.servlet.ServletException: JSP file [&#47;AdminPage&#47;Sidebar.jsp] not found
		at org.apache.jasper.servlet.JspServlet.handleMissingResource(JspServlet.java:375)
		at org.apache.jasper.servlet.JspServlet.serviceJspFile(JspServlet.java:343)
		at org.apache.jasper.servlet.JspServlet.service(JspServlet.java:302)
		at jakarta.servlet.http.HttpServlet.service(HttpServlet.java:716)
		at org.apache.catalina.core.ApplicationFilterChain.doFilter(ApplicationFilterChain.java:130)
		at org.apache.catalina.core.ApplicationDispatcher.invoke(ApplicationDispatcher.java:539)
		at org.apache.catalina.core.ApplicationDispatcher.include(ApplicationDispatcher.java:436)
		at org.apache.jasper.runtime.JspRuntimeLibrary.include(JspRuntimeLibrary.java:994)
		at org.apache.jsp.AdminPage.AdminDashboard_jsp._jspService(AdminDashboard_jsp.java:343)
		at org.apache.jasper.runtime.HttpJspBase.service(HttpJspBase.java:67)
		at jakarta.servlet.http.HttpServlet.service(HttpServlet.java:716)
		at org.apache.jasper.servlet.JspServletWrapper.service(JspServletWrapper.java:456)
		at org.apache.jasper.servlet.JspServlet.serviceJspFile(JspServlet.java:354)
		at org.apache.jasper.servlet.JspServlet.service(JspServlet.java:302)
		at jakarta.servlet.http.HttpServlet.service(HttpServlet.java:716)
		at org.apache.catalina.core.ApplicationFilterChain.doFilter(ApplicationFilterChain.java:130)
		at org.apache.tomcat.websocket.server.WsFilter.doFilter(WsFilter.java:51)
		at org.apache.catalina.core.ApplicationFilterChain.doFilter(ApplicationFilterChain.java:109)
		at org.apache.catalina.core.StandardWrapperValve.invoke(StandardWrapperValve.java:167)
		at org.apache.catalina.core.StandardContextValve.invoke(StandardContextValve.java:79)
		at org.apache.catalina.authenticator.AuthenticatorBase.invoke(AuthenticatorBase.java:483)
		at org.apache.catalina.core.StandardHostValve.invoke(StandardHostValve.java:115)
		at org.apache.catalina.valves.ErrorReportValve.invoke(ErrorReportValve.java:93)
		at org.apache.catalina.valves.AbstractAccessLogValve.invoke(AbstractAccessLogValve.java:670)
		at org.apache.catalina.core.StandardEngineValve.invoke(StandardEngineValve.java:74)
		at org.apache.catalina.connector.CoyoteAdapter.service(CoyoteAdapter.java:342)
		at org.apache.coyote.http11.Http11Processor.service(Http11Processor.java:395)
		at org.apache.coyote.AbstractProcessorLight.process(AbstractProcessorLight.java:63)
		at org.apache.coyote.AbstractProtocol$ConnectionHandler.process(AbstractProtocol.java:905)
		at org.apache.tomcat.util.net.NioEndpoint$SocketProcessor.doRun(NioEndpoint.java:1748)
		at org.apache.tomcat.util.net.SocketProcessorBase.run(SocketProcessorBase.java:52)
		at org.apache.tomcat.util.threads.ThreadPoolExecutor.runWorker(ThreadPoolExecutor.java:1148)
		at org.apache.tomcat.util.threads.ThreadPoolExecutor$Worker.run(ThreadPoolExecutor.java:636)
		at org.apache.tomcat.util.threads.TaskThread$WrappingRunnable.run(TaskThread.java:63)
		at java.base/java.lang.Thread.run(Thread.java:1447)
07-May-2025 23:37:38.609 SEVERE [http-nio-8080-exec-128] org.apache.catalina.core.ApplicationDispatcher.invoke Servlet.service() for servlet [jsp] threw exception
	jakarta.servlet.ServletException: JSP file [&#47;AdminPage&#47;Sidebar.jsp] not found
		at org.apache.jasper.servlet.JspServlet.handleMissingResource(JspServlet.java:375)
		at org.apache.jasper.servlet.JspServlet.serviceJspFile(JspServlet.java:343)
		at org.apache.jasper.servlet.JspServlet.service(JspServlet.java:302)
		at jakarta.servlet.http.HttpServlet.service(HttpServlet.java:716)
		at org.apache.catalina.core.ApplicationFilterChain.doFilter(ApplicationFilterChain.java:130)
		at org.apache.catalina.core.ApplicationDispatcher.invoke(ApplicationDispatcher.java:539)
		at org.apache.catalina.core.ApplicationDispatcher.include(ApplicationDispatcher.java:436)
		at org.apache.jasper.runtime.JspRuntimeLibrary.include(JspRuntimeLibrary.java:994)
		at org.apache.jsp.AdminPage.AdminDashboard_jsp._jspService(AdminDashboard_jsp.java:343)
		at org.apache.jasper.runtime.HttpJspBase.service(HttpJspBase.java:67)
		at jakarta.servlet.http.HttpServlet.service(HttpServlet.java:716)
		at org.apache.jasper.servlet.JspServletWrapper.service(JspServletWrapper.java:456)
		at org.apache.jasper.servlet.JspServlet.serviceJspFile(JspServlet.java:354)
		at org.apache.jasper.servlet.JspServlet.service(JspServlet.java:302)
		at jakarta.servlet.http.HttpServlet.service(HttpServlet.java:716)
		at org.apache.catalina.core.ApplicationFilterChain.doFilter(ApplicationFilterChain.java:130)
		at org.apache.tomcat.websocket.server.WsFilter.doFilter(WsFilter.java:51)
		at org.apache.catalina.core.ApplicationFilterChain.doFilter(ApplicationFilterChain.java:109)
		at org.apache.catalina.core.StandardWrapperValve.invoke(StandardWrapperValve.java:167)
		at org.apache.catalina.core.StandardContextValve.invoke(StandardContextValve.java:79)
		at org.apache.catalina.authenticator.AuthenticatorBase.invoke(AuthenticatorBase.java:483)
		at org.apache.catalina.core.StandardHostValve.invoke(StandardHostValve.java:115)
		at org.apache.catalina.valves.ErrorReportValve.invoke(ErrorReportValve.java:93)
		at org.apache.catalina.valves.AbstractAccessLogValve.invoke(AbstractAccessLogValve.java:670)
		at org.apache.catalina.core.StandardEngineValve.invoke(StandardEngineValve.java:74)
		at org.apache.catalina.connector.CoyoteAdapter.service(CoyoteAdapter.java:342)
		at org.apache.coyote.http11.Http11Processor.service(Http11Processor.java:395)
		at org.apache.coyote.AbstractProcessorLight.process(AbstractProcessorLight.java:63)
		at org.apache.coyote.AbstractProtocol$ConnectionHandler.process(AbstractProtocol.java:905)
		at org.apache.tomcat.util.net.NioEndpoint$SocketProcessor.doRun(NioEndpoint.java:1748)
		at org.apache.tomcat.util.net.SocketProcessorBase.run(SocketProcessorBase.java:52)
		at org.apache.tomcat.util.threads.ThreadPoolExecutor.runWorker(ThreadPoolExecutor.java:1148)
		at org.apache.tomcat.util.threads.ThreadPoolExecutor$Worker.run(ThreadPoolExecutor.java:636)
		at org.apache.tomcat.util.threads.TaskThread$WrappingRunnable.run(TaskThread.java:63)
		at java.base/java.lang.Thread.run(Thread.java:1447)
07-May-2025 23:37:38.609 SEVERE [http-nio-8080-exec-128] org.apache.catalina.core.StandardWrapperValve.invoke Servlet.service() for servlet [jsp] in context with path [] threw exception [jakarta.servlet.ServletException: JSP file [&#47;AdminPage&#47;Sidebar.jsp] not found] with root cause
	jakarta.servlet.ServletException: JSP file [&#47;AdminPage&#47;Sidebar.jsp] not found
		at org.apache.jasper.servlet.JspServlet.handleMissingResource(JspServlet.java:375)
		at org.apache.jasper.servlet.JspServlet.serviceJspFile(JspServlet.java:343)
		at org.apache.jasper.servlet.JspServlet.service(JspServlet.java:302)
		at jakarta.servlet.http.HttpServlet.service(HttpServlet.java:716)
		at org.apache.catalina.core.ApplicationFilterChain.doFilter(ApplicationFilterChain.java:130)
		at org.apache.catalina.core.ApplicationDispatcher.invoke(ApplicationDispatcher.java:539)
		at org.apache.catalina.core.ApplicationDispatcher.include(ApplicationDispatcher.java:436)
		at org.apache.jasper.runtime.JspRuntimeLibrary.include(JspRuntimeLibrary.java:994)
		at org.apache.jsp.AdminPage.AdminDashboard_jsp._jspService(AdminDashboard_jsp.java:343)
		at org.apache.jasper.runtime.HttpJspBase.service(HttpJspBase.java:67)
		at jakarta.servlet.http.HttpServlet.service(HttpServlet.java:716)
		at org.apache.jasper.servlet.JspServletWrapper.service(JspServletWrapper.java:456)
		at org.apache.jasper.servlet.JspServlet.serviceJspFile(JspServlet.java:354)
		at org.apache.jasper.servlet.JspServlet.service(JspServlet.java:302)
		at jakarta.servlet.http.HttpServlet.service(HttpServlet.java:716)
		at org.apache.catalina.core.ApplicationFilterChain.doFilter(ApplicationFilterChain.java:130)
		at org.apache.tomcat.websocket.server.WsFilter.doFilter(WsFilter.java:51)
		at org.apache.catalina.core.ApplicationFilterChain.doFilter(ApplicationFilterChain.java:109)
		at org.apache.catalina.core.StandardWrapperValve.invoke(StandardWrapperValve.java:167)
		at org.apache.catalina.core.StandardContextValve.invoke(StandardContextValve.java:79)
		at org.apache.catalina.authenticator.AuthenticatorBase.invoke(AuthenticatorBase.java:483)
		at org.apache.catalina.core.StandardHostValve.invoke(StandardHostValve.java:115)
		at org.apache.catalina.valves.ErrorReportValve.invoke(ErrorReportValve.java:93)
		at org.apache.catalina.valves.AbstractAccessLogValve.invoke(AbstractAccessLogValve.java:670)
		at org.apache.catalina.core.StandardEngineValve.invoke(StandardEngineValve.java:74)
		at org.apache.catalina.connector.CoyoteAdapter.service(CoyoteAdapter.java:342)
		at org.apache.coyote.http11.Http11Processor.service(Http11Processor.java:395)
		at org.apache.coyote.AbstractProcessorLight.process(AbstractProcessorLight.java:63)
		at org.apache.coyote.AbstractProtocol$ConnectionHandler.process(AbstractProtocol.java:905)
		at org.apache.tomcat.util.net.NioEndpoint$SocketProcessor.doRun(NioEndpoint.java:1748)
		at org.apache.tomcat.util.net.SocketProcessorBase.run(SocketProcessorBase.java:52)
		at org.apache.tomcat.util.threads.ThreadPoolExecutor.runWorker(ThreadPoolExecutor.java:1148)
		at org.apache.tomcat.util.threads.ThreadPoolExecutor$Worker.run(ThreadPoolExecutor.java:636)
		at org.apache.tomcat.util.threads.TaskThread$WrappingRunnable.run(TaskThread.java:63)
		at java.base/java.lang.Thread.run(Thread.java:1447)
07-May-2025 23:37:38.736 SEVERE [http-nio-8080-exec-129] org.apache.catalina.core.ApplicationDispatcher.invoke Servlet.service() for servlet [jsp] threw exception
	jakarta.servlet.ServletException: JSP file [&#47;AdminPage&#47;Sidebar.jsp] not found
		at org.apache.jasper.servlet.JspServlet.handleMissingResource(JspServlet.java:375)
		at org.apache.jasper.servlet.JspServlet.serviceJspFile(JspServlet.java:343)
		at org.apache.jasper.servlet.JspServlet.service(JspServlet.java:302)
		at jakarta.servlet.http.HttpServlet.service(HttpServlet.java:716)
		at org.apache.catalina.core.ApplicationFilterChain.doFilter(ApplicationFilterChain.java:130)
		at org.apache.catalina.core.ApplicationDispatcher.invoke(ApplicationDispatcher.java:539)
		at org.apache.catalina.core.ApplicationDispatcher.include(ApplicationDispatcher.java:436)
		at org.apache.jasper.runtime.JspRuntimeLibrary.include(JspRuntimeLibrary.java:994)
		at org.apache.jsp.AdminPage.AdminDashboard_jsp._jspService(AdminDashboard_jsp.java:343)
		at org.apache.jasper.runtime.HttpJspBase.service(HttpJspBase.java:67)
		at jakarta.servlet.http.HttpServlet.service(HttpServlet.java:716)
		at org.apache.jasper.servlet.JspServletWrapper.service(JspServletWrapper.java:456)
		at org.apache.jasper.servlet.JspServlet.serviceJspFile(JspServlet.java:354)
		at org.apache.jasper.servlet.JspServlet.service(JspServlet.java:302)
		at jakarta.servlet.http.HttpServlet.service(HttpServlet.java:716)
		at org.apache.catalina.core.ApplicationFilterChain.doFilter(ApplicationFilterChain.java:130)
		at org.apache.tomcat.websocket.server.WsFilter.doFilter(WsFilter.java:51)
		at org.apache.catalina.core.ApplicationFilterChain.doFilter(ApplicationFilterChain.java:109)
		at org.apache.catalina.core.StandardWrapperValve.invoke(StandardWrapperValve.java:167)
		at org.apache.catalina.core.StandardContextValve.invoke(StandardContextValve.java:79)
		at org.apache.catalina.authenticator.AuthenticatorBase.invoke(AuthenticatorBase.java:483)
		at org.apache.catalina.core.StandardHostValve.invoke(StandardHostValve.java:115)
		at org.apache.catalina.valves.ErrorReportValve.invoke(ErrorReportValve.java:93)
		at org.apache.catalina.valves.AbstractAccessLogValve.invoke(AbstractAccessLogValve.java:670)
		at org.apache.catalina.core.StandardEngineValve.invoke(StandardEngineValve.java:74)
		at org.apache.catalina.connector.CoyoteAdapter.service(CoyoteAdapter.java:342)
		at org.apache.coyote.http11.Http11Processor.service(Http11Processor.java:395)
		at org.apache.coyote.AbstractProcessorLight.process(AbstractProcessorLight.java:63)
		at org.apache.coyote.AbstractProtocol$ConnectionHandler.process(AbstractProtocol.java:905)
		at org.apache.tomcat.util.net.NioEndpoint$SocketProcessor.doRun(NioEndpoint.java:1748)
		at org.apache.tomcat.util.net.SocketProcessorBase.run(SocketProcessorBase.java:52)
		at org.apache.tomcat.util.threads.ThreadPoolExecutor.runWorker(ThreadPoolExecutor.java:1148)
		at org.apache.tomcat.util.threads.ThreadPoolExecutor$Worker.run(ThreadPoolExecutor.java:636)
		at org.apache.tomcat.util.threads.TaskThread$WrappingRunnable.run(TaskThread.java:63)
		at java.base/java.lang.Thread.run(Thread.java:1447)
07-May-2025 23:37:38.736 SEVERE [http-nio-8080-exec-129] org.apache.catalina.core.StandardWrapperValve.invoke Servlet.service() for servlet [jsp] in context with path [] threw exception [jakarta.servlet.ServletException: JSP file [&#47;AdminPage&#47;Sidebar.jsp] not found] with root cause
	jakarta.servlet.ServletException: JSP file [&#47;AdminPage&#47;Sidebar.jsp] not found
		at org.apache.jasper.servlet.JspServlet.handleMissingResource(JspServlet.java:375)
		at org.apache.jasper.servlet.JspServlet.serviceJspFile(JspServlet.java:343)
		at org.apache.jasper.servlet.JspServlet.service(JspServlet.java:302)
		at jakarta.servlet.http.HttpServlet.service(HttpServlet.java:716)
		at org.apache.catalina.core.ApplicationFilterChain.doFilter(ApplicationFilterChain.java:130)
		at org.apache.catalina.core.ApplicationDispatcher.invoke(ApplicationDispatcher.java:539)
		at org.apache.catalina.core.ApplicationDispatcher.include(ApplicationDispatcher.java:436)
		at org.apache.jasper.runtime.JspRuntimeLibrary.include(JspRuntimeLibrary.java:994)
		at org.apache.jsp.AdminPage.AdminDashboard_jsp._jspService(AdminDashboard_jsp.java:343)
		at org.apache.jasper.runtime.HttpJspBase.service(HttpJspBase.java:67)
		at jakarta.servlet.http.HttpServlet.service(HttpServlet.java:716)
		at org.apache.jasper.servlet.JspServletWrapper.service(JspServletWrapper.java:456)
		at org.apache.jasper.servlet.JspServlet.serviceJspFile(JspServlet.java:354)
		at org.apache.jasper.servlet.JspServlet.service(JspServlet.java:302)
		at jakarta.servlet.http.HttpServlet.service(HttpServlet.java:716)
		at org.apache.catalina.core.ApplicationFilterChain.doFilter(ApplicationFilterChain.java:130)
		at org.apache.tomcat.websocket.server.WsFilter.doFilter(WsFilter.java:51)
		at org.apache.catalina.core.ApplicationFilterChain.doFilter(ApplicationFilterChain.java:109)
		at org.apache.catalina.core.StandardWrapperValve.invoke(StandardWrapperValve.java:167)
		at org.apache.catalina.core.StandardContextValve.invoke(StandardContextValve.java:79)
		at org.apache.catalina.authenticator.AuthenticatorBase.invoke(AuthenticatorBase.java:483)
		at org.apache.catalina.core.StandardHostValve.invoke(StandardHostValve.java:115)
		at org.apache.catalina.valves.ErrorReportValve.invoke(ErrorReportValve.java:93)
		at org.apache.catalina.valves.AbstractAccessLogValve.invoke(AbstractAccessLogValve.java:670)
		at org.apache.catalina.core.StandardEngineValve.invoke(StandardEngineValve.java:74)
		at org.apache.catalina.connector.CoyoteAdapter.service(CoyoteAdapter.java:342)
		at org.apache.coyote.http11.Http11Processor.service(Http11Processor.java:395)
		at org.apache.coyote.AbstractProcessorLight.process(AbstractProcessorLight.java:63)
		at org.apache.coyote.AbstractProtocol$ConnectionHandler.process(AbstractProtocol.java:905)
		at org.apache.tomcat.util.net.NioEndpoint$SocketProcessor.doRun(NioEndpoint.java:1748)
		at org.apache.tomcat.util.net.SocketProcessorBase.run(SocketProcessorBase.java:52)
		at org.apache.tomcat.util.threads.ThreadPoolExecutor.runWorker(ThreadPoolExecutor.java:1148)
		at org.apache.tomcat.util.threads.ThreadPoolExecutor$Worker.run(ThreadPoolExecutor.java:636)
		at org.apache.tomcat.util.threads.TaskThread$WrappingRunnable.run(TaskThread.java:63)
		at java.base/java.lang.Thread.run(Thread.java:1447)
07-May-2025 23:37:38.898 SEVERE [http-nio-8080-exec-130] org.apache.catalina.core.ApplicationDispatcher.invoke Servlet.service() for servlet [jsp] threw exception
	jakarta.servlet.ServletException: JSP file [&#47;AdminPage&#47;Sidebar.jsp] not found
		at org.apache.jasper.servlet.JspServlet.handleMissingResource(JspServlet.java:375)
		at org.apache.jasper.servlet.JspServlet.serviceJspFile(JspServlet.java:343)
		at org.apache.jasper.servlet.JspServlet.service(JspServlet.java:302)
		at jakarta.servlet.http.HttpServlet.service(HttpServlet.java:716)
		at org.apache.catalina.core.ApplicationFilterChain.doFilter(ApplicationFilterChain.java:130)
		at org.apache.catalina.core.ApplicationDispatcher.invoke(ApplicationDispatcher.java:539)
		at org.apache.catalina.core.ApplicationDispatcher.include(ApplicationDispatcher.java:436)
		at org.apache.jasper.runtime.JspRuntimeLibrary.include(JspRuntimeLibrary.java:994)
		at org.apache.jsp.AdminPage.AdminDashboard_jsp._jspService(AdminDashboard_jsp.java:343)
		at org.apache.jasper.runtime.HttpJspBase.service(HttpJspBase.java:67)
		at jakarta.servlet.http.HttpServlet.service(HttpServlet.java:716)
		at org.apache.jasper.servlet.JspServletWrapper.service(JspServletWrapper.java:456)
		at org.apache.jasper.servlet.JspServlet.serviceJspFile(JspServlet.java:354)
		at org.apache.jasper.servlet.JspServlet.service(JspServlet.java:302)
		at jakarta.servlet.http.HttpServlet.service(HttpServlet.java:716)
		at org.apache.catalina.core.ApplicationFilterChain.doFilter(ApplicationFilterChain.java:130)
		at org.apache.tomcat.websocket.server.WsFilter.doFilter(WsFilter.java:51)
		at org.apache.catalina.core.ApplicationFilterChain.doFilter(ApplicationFilterChain.java:109)
		at org.apache.catalina.core.StandardWrapperValve.invoke(StandardWrapperValve.java:167)
		at org.apache.catalina.core.StandardContextValve.invoke(StandardContextValve.java:79)
		at org.apache.catalina.authenticator.AuthenticatorBase.invoke(AuthenticatorBase.java:483)
		at org.apache.catalina.core.StandardHostValve.invoke(StandardHostValve.java:115)
		at org.apache.catalina.valves.ErrorReportValve.invoke(ErrorReportValve.java:93)
		at org.apache.catalina.valves.AbstractAccessLogValve.invoke(AbstractAccessLogValve.java:670)
		at org.apache.catalina.core.StandardEngineValve.invoke(StandardEngineValve.java:74)
		at org.apache.catalina.connector.CoyoteAdapter.service(CoyoteAdapter.java:342)
		at org.apache.coyote.http11.Http11Processor.service(Http11Processor.java:395)
		at org.apache.coyote.AbstractProcessorLight.process(AbstractProcessorLight.java:63)
		at org.apache.coyote.AbstractProtocol$ConnectionHandler.process(AbstractProtocol.java:905)
		at org.apache.tomcat.util.net.NioEndpoint$SocketProcessor.doRun(NioEndpoint.java:1748)
		at org.apache.tomcat.util.net.SocketProcessorBase.run(SocketProcessorBase.java:52)
		at org.apache.tomcat.util.threads.ThreadPoolExecutor.runWorker(ThreadPoolExecutor.java:1148)
		at org.apache.tomcat.util.threads.ThreadPoolExecutor$Worker.run(ThreadPoolExecutor.java:636)
		at org.apache.tomcat.util.threads.TaskThread$WrappingRunnable.run(TaskThread.java:63)
		at java.base/java.lang.Thread.run(Thread.java:1447)
07-May-2025 23:37:38.898 SEVERE [http-nio-8080-exec-130] org.apache.catalina.core.StandardWrapperValve.invoke Servlet.service() for servlet [jsp] in context with path [] threw exception [jakarta.servlet.ServletException: JSP file [&#47;AdminPage&#47;Sidebar.jsp] not found] with root cause
	jakarta.servlet.ServletException: JSP file [&#47;AdminPage&#47;Sidebar.jsp] not found
		at org.apache.jasper.servlet.JspServlet.handleMissingResource(JspServlet.java:375)
		at org.apache.jasper.servlet.JspServlet.serviceJspFile(JspServlet.java:343)
		at org.apache.jasper.servlet.JspServlet.service(JspServlet.java:302)
		at jakarta.servlet.http.HttpServlet.service(HttpServlet.java:716)
		at org.apache.catalina.core.ApplicationFilterChain.doFilter(ApplicationFilterChain.java:130)
		at org.apache.catalina.core.ApplicationDispatcher.invoke(ApplicationDispatcher.java:539)
		at org.apache.catalina.core.ApplicationDispatcher.include(ApplicationDispatcher.java:436)
		at org.apache.jasper.runtime.JspRuntimeLibrary.include(JspRuntimeLibrary.java:994)
		at org.apache.jsp.AdminPage.AdminDashboard_jsp._jspService(AdminDashboard_jsp.java:343)
		at org.apache.jasper.runtime.HttpJspBase.service(HttpJspBase.java:67)
		at jakarta.servlet.http.HttpServlet.service(HttpServlet.java:716)
		at org.apache.jasper.servlet.JspServletWrapper.service(JspServletWrapper.java:456)
		at org.apache.jasper.servlet.JspServlet.serviceJspFile(JspServlet.java:354)
		at org.apache.jasper.servlet.JspServlet.service(JspServlet.java:302)
		at jakarta.servlet.http.HttpServlet.service(HttpServlet.java:716)
		at org.apache.catalina.core.ApplicationFilterChain.doFilter(ApplicationFilterChain.java:130)
		at org.apache.tomcat.websocket.server.WsFilter.doFilter(WsFilter.java:51)
		at org.apache.catalina.core.ApplicationFilterChain.doFilter(ApplicationFilterChain.java:109)
		at org.apache.catalina.core.StandardWrapperValve.invoke(StandardWrapperValve.java:167)
		at org.apache.catalina.core.StandardContextValve.invoke(StandardContextValve.java:79)
		at org.apache.catalina.authenticator.AuthenticatorBase.invoke(AuthenticatorBase.java:483)
		at org.apache.catalina.core.StandardHostValve.invoke(StandardHostValve.java:115)
		at org.apache.catalina.valves.ErrorReportValve.invoke(ErrorReportValve.java:93)
		at org.apache.catalina.valves.AbstractAccessLogValve.invoke(AbstractAccessLogValve.java:670)
		at org.apache.catalina.core.StandardEngineValve.invoke(StandardEngineValve.java:74)
		at org.apache.catalina.connector.CoyoteAdapter.service(CoyoteAdapter.java:342)
		at org.apache.coyote.http11.Http11Processor.service(Http11Processor.java:395)
		at org.apache.coyote.AbstractProcessorLight.process(AbstractProcessorLight.java:63)
		at org.apache.coyote.AbstractProtocol$ConnectionHandler.process(AbstractProtocol.java:905)
		at org.apache.tomcat.util.net.NioEndpoint$SocketProcessor.doRun(NioEndpoint.java:1748)
		at org.apache.tomcat.util.net.SocketProcessorBase.run(SocketProcessorBase.java:52)
		at org.apache.tomcat.util.threads.ThreadPoolExecutor.runWorker(ThreadPoolExecutor.java:1148)
		at org.apache.tomcat.util.threads.ThreadPoolExecutor$Worker.run(ThreadPoolExecutor.java:636)
		at org.apache.tomcat.util.threads.TaskThread$WrappingRunnable.run(TaskThread.java:63)
		at java.base/java.lang.Thread.run(Thread.java:1447)
07-May-2025 23:37:39.038 SEVERE [http-nio-8080-exec-126] org.apache.catalina.core.ApplicationDispatcher.invoke Servlet.service() for servlet [jsp] threw exception
	jakarta.servlet.ServletException: JSP file [&#47;AdminPage&#47;Sidebar.jsp] not found
		at org.apache.jasper.servlet.JspServlet.handleMissingResource(JspServlet.java:375)
		at org.apache.jasper.servlet.JspServlet.serviceJspFile(JspServlet.java:343)
		at org.apache.jasper.servlet.JspServlet.service(JspServlet.java:302)
		at jakarta.servlet.http.HttpServlet.service(HttpServlet.java:716)
		at org.apache.catalina.core.ApplicationFilterChain.doFilter(ApplicationFilterChain.java:130)
		at org.apache.catalina.core.ApplicationDispatcher.invoke(ApplicationDispatcher.java:539)
		at org.apache.catalina.core.ApplicationDispatcher.include(ApplicationDispatcher.java:436)
		at org.apache.jasper.runtime.JspRuntimeLibrary.include(JspRuntimeLibrary.java:994)
		at org.apache.jsp.AdminPage.AdminDashboard_jsp._jspService(AdminDashboard_jsp.java:343)
		at org.apache.jasper.runtime.HttpJspBase.service(HttpJspBase.java:67)
		at jakarta.servlet.http.HttpServlet.service(HttpServlet.java:716)
		at org.apache.jasper.servlet.JspServletWrapper.service(JspServletWrapper.java:456)
		at org.apache.jasper.servlet.JspServlet.serviceJspFile(JspServlet.java:354)
		at org.apache.jasper.servlet.JspServlet.service(JspServlet.java:302)
		at jakarta.servlet.http.HttpServlet.service(HttpServlet.java:716)
		at org.apache.catalina.core.ApplicationFilterChain.doFilter(ApplicationFilterChain.java:130)
		at org.apache.tomcat.websocket.server.WsFilter.doFilter(WsFilter.java:51)
		at org.apache.catalina.core.ApplicationFilterChain.doFilter(ApplicationFilterChain.java:109)
		at org.apache.catalina.core.StandardWrapperValve.invoke(StandardWrapperValve.java:167)
		at org.apache.catalina.core.StandardContextValve.invoke(StandardContextValve.java:79)
		at org.apache.catalina.authenticator.AuthenticatorBase.invoke(AuthenticatorBase.java:483)
		at org.apache.catalina.core.StandardHostValve.invoke(StandardHostValve.java:115)
		at org.apache.catalina.valves.ErrorReportValve.invoke(ErrorReportValve.java:93)
		at org.apache.catalina.valves.AbstractAccessLogValve.invoke(AbstractAccessLogValve.java:670)
		at org.apache.catalina.core.StandardEngineValve.invoke(StandardEngineValve.java:74)
		at org.apache.catalina.connector.CoyoteAdapter.service(CoyoteAdapter.java:342)
		at org.apache.coyote.http11.Http11Processor.service(Http11Processor.java:395)
		at org.apache.coyote.AbstractProcessorLight.process(AbstractProcessorLight.java:63)
		at org.apache.coyote.AbstractProtocol$ConnectionHandler.process(AbstractProtocol.java:905)
		at org.apache.tomcat.util.net.NioEndpoint$SocketProcessor.doRun(NioEndpoint.java:1748)
		at org.apache.tomcat.util.net.SocketProcessorBase.run(SocketProcessorBase.java:52)
		at org.apache.tomcat.util.threads.ThreadPoolExecutor.runWorker(ThreadPoolExecutor.java:1148)
		at org.apache.tomcat.util.threads.ThreadPoolExecutor$Worker.run(ThreadPoolExecutor.java:636)
		at org.apache.tomcat.util.threads.TaskThread$WrappingRunnable.run(TaskThread.java:63)
		at java.base/java.lang.Thread.run(Thread.java:1447)
07-May-2025 23:37:39.038 SEVERE [http-nio-8080-exec-126] org.apache.catalina.core.StandardWrapperValve.invoke Servlet.service() for servlet [jsp] in context with path [] threw exception [jakarta.servlet.ServletException: JSP file [&#47;AdminPage&#47;Sidebar.jsp] not found] with root cause
	jakarta.servlet.ServletException: JSP file [&#47;AdminPage&#47;Sidebar.jsp] not found
		at org.apache.jasper.servlet.JspServlet.handleMissingResource(JspServlet.java:375)
		at org.apache.jasper.servlet.JspServlet.serviceJspFile(JspServlet.java:343)
		at org.apache.jasper.servlet.JspServlet.service(JspServlet.java:302)
		at jakarta.servlet.http.HttpServlet.service(HttpServlet.java:716)
		at org.apache.catalina.core.ApplicationFilterChain.doFilter(ApplicationFilterChain.java:130)
		at org.apache.catalina.core.ApplicationDispatcher.invoke(ApplicationDispatcher.java:539)
		at org.apache.catalina.core.ApplicationDispatcher.include(ApplicationDispatcher.java:436)
		at org.apache.jasper.runtime.JspRuntimeLibrary.include(JspRuntimeLibrary.java:994)
		at org.apache.jsp.AdminPage.AdminDashboard_jsp._jspService(AdminDashboard_jsp.java:343)
		at org.apache.jasper.runtime.HttpJspBase.service(HttpJspBase.java:67)
		at jakarta.servlet.http.HttpServlet.service(HttpServlet.java:716)
		at org.apache.jasper.servlet.JspServletWrapper.service(JspServletWrapper.java:456)
		at org.apache.jasper.servlet.JspServlet.serviceJspFile(JspServlet.java:354)
		at org.apache.jasper.servlet.JspServlet.service(JspServlet.java:302)
		at jakarta.servlet.http.HttpServlet.service(HttpServlet.java:716)
		at org.apache.catalina.core.ApplicationFilterChain.doFilter(ApplicationFilterChain.java:130)
		at org.apache.tomcat.websocket.server.WsFilter.doFilter(WsFilter.java:51)
		at org.apache.catalina.core.ApplicationFilterChain.doFilter(ApplicationFilterChain.java:109)
		at org.apache.catalina.core.StandardWrapperValve.invoke(StandardWrapperValve.java:167)
		at org.apache.catalina.core.StandardContextValve.invoke(StandardContextValve.java:79)
		at org.apache.catalina.authenticator.AuthenticatorBase.invoke(AuthenticatorBase.java:483)
		at org.apache.catalina.core.StandardHostValve.invoke(StandardHostValve.java:115)
		at org.apache.catalina.valves.ErrorReportValve.invoke(ErrorReportValve.java:93)
		at org.apache.catalina.valves.AbstractAccessLogValve.invoke(AbstractAccessLogValve.java:670)
		at org.apache.catalina.core.StandardEngineValve.invoke(StandardEngineValve.java:74)
		at org.apache.catalina.connector.CoyoteAdapter.service(CoyoteAdapter.java:342)
		at org.apache.coyote.http11.Http11Processor.service(Http11Processor.java:395)
		at org.apache.coyote.AbstractProcessorLight.process(AbstractProcessorLight.java:63)
		at org.apache.coyote.AbstractProtocol$ConnectionHandler.process(AbstractProtocol.java:905)
		at org.apache.tomcat.util.net.NioEndpoint$SocketProcessor.doRun(NioEndpoint.java:1748)
		at org.apache.tomcat.util.net.SocketProcessorBase.run(SocketProcessorBase.java:52)
		at org.apache.tomcat.util.threads.ThreadPoolExecutor.runWorker(ThreadPoolExecutor.java:1148)
		at org.apache.tomcat.util.threads.ThreadPoolExecutor$Worker.run(ThreadPoolExecutor.java:636)
		at org.apache.tomcat.util.threads.TaskThread$WrappingRunnable.run(TaskThread.java:63)
		at java.base/java.lang.Thread.run(Thread.java:1447)
07-May-2025 23:37:39.192 SEVERE [http-nio-8080-exec-127] org.apache.catalina.core.ApplicationDispatcher.invoke Servlet.service() for servlet [jsp] threw exception
	jakarta.servlet.ServletException: JSP file [&#47;AdminPage&#47;Sidebar.jsp] not found
		at org.apache.jasper.servlet.JspServlet.handleMissingResource(JspServlet.java:375)
		at org.apache.jasper.servlet.JspServlet.serviceJspFile(JspServlet.java:343)
		at org.apache.jasper.servlet.JspServlet.service(JspServlet.java:302)
		at jakarta.servlet.http.HttpServlet.service(HttpServlet.java:716)
		at org.apache.catalina.core.ApplicationFilterChain.doFilter(ApplicationFilterChain.java:130)
		at org.apache.catalina.core.ApplicationDispatcher.invoke(ApplicationDispatcher.java:539)
		at org.apache.catalina.core.ApplicationDispatcher.include(ApplicationDispatcher.java:436)
		at org.apache.jasper.runtime.JspRuntimeLibrary.include(JspRuntimeLibrary.java:994)
		at org.apache.jsp.AdminPage.AdminDashboard_jsp._jspService(AdminDashboard_jsp.java:343)
		at org.apache.jasper.runtime.HttpJspBase.service(HttpJspBase.java:67)
		at jakarta.servlet.http.HttpServlet.service(HttpServlet.java:716)
		at org.apache.jasper.servlet.JspServletWrapper.service(JspServletWrapper.java:456)
		at org.apache.jasper.servlet.JspServlet.serviceJspFile(JspServlet.java:354)
		at org.apache.jasper.servlet.JspServlet.service(JspServlet.java:302)
		at jakarta.servlet.http.HttpServlet.service(HttpServlet.java:716)
		at org.apache.catalina.core.ApplicationFilterChain.doFilter(ApplicationFilterChain.java:130)
		at org.apache.tomcat.websocket.server.WsFilter.doFilter(WsFilter.java:51)
		at org.apache.catalina.core.ApplicationFilterChain.doFilter(ApplicationFilterChain.java:109)
		at org.apache.catalina.core.StandardWrapperValve.invoke(StandardWrapperValve.java:167)
		at org.apache.catalina.core.StandardContextValve.invoke(StandardContextValve.java:79)
		at org.apache.catalina.authenticator.AuthenticatorBase.invoke(AuthenticatorBase.java:483)
		at org.apache.catalina.core.StandardHostValve.invoke(StandardHostValve.java:115)
		at org.apache.catalina.valves.ErrorReportValve.invoke(ErrorReportValve.java:93)
		at org.apache.catalina.valves.AbstractAccessLogValve.invoke(AbstractAccessLogValve.java:670)
		at org.apache.catalina.core.StandardEngineValve.invoke(StandardEngineValve.java:74)
		at org.apache.catalina.connector.CoyoteAdapter.service(CoyoteAdapter.java:342)
		at org.apache.coyote.http11.Http11Processor.service(Http11Processor.java:395)
		at org.apache.coyote.AbstractProcessorLight.process(AbstractProcessorLight.java:63)
		at org.apache.coyote.AbstractProtocol$ConnectionHandler.process(AbstractProtocol.java:905)
		at org.apache.tomcat.util.net.NioEndpoint$SocketProcessor.doRun(NioEndpoint.java:1748)
		at org.apache.tomcat.util.net.SocketProcessorBase.run(SocketProcessorBase.java:52)
		at org.apache.tomcat.util.threads.ThreadPoolExecutor.runWorker(ThreadPoolExecutor.java:1148)
		at org.apache.tomcat.util.threads.ThreadPoolExecutor$Worker.run(ThreadPoolExecutor.java:636)
		at org.apache.tomcat.util.threads.TaskThread$WrappingRunnable.run(TaskThread.java:63)
		at java.base/java.lang.Thread.run(Thread.java:1447)
07-May-2025 23:37:39.192 SEVERE [http-nio-8080-exec-127] org.apache.catalina.core.StandardWrapperValve.invoke Servlet.service() for servlet [jsp] in context with path [] threw exception [jakarta.servlet.ServletException: JSP file [&#47;AdminPage&#47;Sidebar.jsp] not found] with root cause
	jakarta.servlet.ServletException: JSP file [&#47;AdminPage&#47;Sidebar.jsp] not found
		at org.apache.jasper.servlet.JspServlet.handleMissingResource(JspServlet.java:375)
		at org.apache.jasper.servlet.JspServlet.serviceJspFile(JspServlet.java:343)
		at org.apache.jasper.servlet.JspServlet.service(JspServlet.java:302)
		at jakarta.servlet.http.HttpServlet.service(HttpServlet.java:716)
		at org.apache.catalina.core.ApplicationFilterChain.doFilter(ApplicationFilterChain.java:130)
		at org.apache.catalina.core.ApplicationDispatcher.invoke(ApplicationDispatcher.java:539)
		at org.apache.catalina.core.ApplicationDispatcher.include(ApplicationDispatcher.java:436)
		at org.apache.jasper.runtime.JspRuntimeLibrary.include(JspRuntimeLibrary.java:994)
		at org.apache.jsp.AdminPage.AdminDashboard_jsp._jspService(AdminDashboard_jsp.java:343)
		at org.apache.jasper.runtime.HttpJspBase.service(HttpJspBase.java:67)
		at jakarta.servlet.http.HttpServlet.service(HttpServlet.java:716)
		at org.apache.jasper.servlet.JspServletWrapper.service(JspServletWrapper.java:456)
		at org.apache.jasper.servlet.JspServlet.serviceJspFile(JspServlet.java:354)
		at org.apache.jasper.servlet.JspServlet.service(JspServlet.java:302)
		at jakarta.servlet.http.HttpServlet.service(HttpServlet.java:716)
		at org.apache.catalina.core.ApplicationFilterChain.doFilter(ApplicationFilterChain.java:130)
		at org.apache.tomcat.websocket.server.WsFilter.doFilter(WsFilter.java:51)
		at org.apache.catalina.core.ApplicationFilterChain.doFilter(ApplicationFilterChain.java:109)
		at org.apache.catalina.core.StandardWrapperValve.invoke(StandardWrapperValve.java:167)
		at org.apache.catalina.core.StandardContextValve.invoke(StandardContextValve.java:79)
		at org.apache.catalina.authenticator.AuthenticatorBase.invoke(AuthenticatorBase.java:483)
		at org.apache.catalina.core.StandardHostValve.invoke(StandardHostValve.java:115)
		at org.apache.catalina.valves.ErrorReportValve.invoke(ErrorReportValve.java:93)
		at org.apache.catalina.valves.AbstractAccessLogValve.invoke(AbstractAccessLogValve.java:670)
		at org.apache.catalina.core.StandardEngineValve.invoke(StandardEngineValve.java:74)
		at org.apache.catalina.connector.CoyoteAdapter.service(CoyoteAdapter.java:342)
		at org.apache.coyote.http11.Http11Processor.service(Http11Processor.java:395)
		at org.apache.coyote.AbstractProcessorLight.process(AbstractProcessorLight.java:63)
		at org.apache.coyote.AbstractProtocol$ConnectionHandler.process(AbstractProtocol.java:905)
		at org.apache.tomcat.util.net.NioEndpoint$SocketProcessor.doRun(NioEndpoint.java:1748)
		at org.apache.tomcat.util.net.SocketProcessorBase.run(SocketProcessorBase.java:52)
		at org.apache.tomcat.util.threads.ThreadPoolExecutor.runWorker(ThreadPoolExecutor.java:1148)
		at org.apache.tomcat.util.threads.ThreadPoolExecutor$Worker.run(ThreadPoolExecutor.java:636)
		at org.apache.tomcat.util.threads.TaskThread$WrappingRunnable.run(TaskThread.java:63)
		at java.base/java.lang.Thread.run(Thread.java:1447)
07-May-2025 23:37:39.416 SEVERE [http-nio-8080-exec-121] org.apache.catalina.core.ApplicationDispatcher.invoke Servlet.service() for servlet [jsp] threw exception
	jakarta.servlet.ServletException: JSP file [&#47;AdminPage&#47;Sidebar.jsp] not found
		at org.apache.jasper.servlet.JspServlet.handleMissingResource(JspServlet.java:375)
		at org.apache.jasper.servlet.JspServlet.serviceJspFile(JspServlet.java:343)
		at org.apache.jasper.servlet.JspServlet.service(JspServlet.java:302)
		at jakarta.servlet.http.HttpServlet.service(HttpServlet.java:716)
		at org.apache.catalina.core.ApplicationFilterChain.doFilter(ApplicationFilterChain.java:130)
		at org.apache.catalina.core.ApplicationDispatcher.invoke(ApplicationDispatcher.java:539)
		at org.apache.catalina.core.ApplicationDispatcher.include(ApplicationDispatcher.java:436)
		at org.apache.jasper.runtime.JspRuntimeLibrary.include(JspRuntimeLibrary.java:994)
		at org.apache.jsp.AdminPage.AdminDashboard_jsp._jspService(AdminDashboard_jsp.java:343)
		at org.apache.jasper.runtime.HttpJspBase.service(HttpJspBase.java:67)
		at jakarta.servlet.http.HttpServlet.service(HttpServlet.java:716)
		at org.apache.jasper.servlet.JspServletWrapper.service(JspServletWrapper.java:456)
		at org.apache.jasper.servlet.JspServlet.serviceJspFile(JspServlet.java:354)
		at org.apache.jasper.servlet.JspServlet.service(JspServlet.java:302)
		at jakarta.servlet.http.HttpServlet.service(HttpServlet.java:716)
		at org.apache.catalina.core.ApplicationFilterChain.doFilter(ApplicationFilterChain.java:130)
		at org.apache.tomcat.websocket.server.WsFilter.doFilter(WsFilter.java:51)
		at org.apache.catalina.core.ApplicationFilterChain.doFilter(ApplicationFilterChain.java:109)
		at org.apache.catalina.core.StandardWrapperValve.invoke(StandardWrapperValve.java:167)
		at org.apache.catalina.core.StandardContextValve.invoke(StandardContextValve.java:79)
		at org.apache.catalina.authenticator.AuthenticatorBase.invoke(AuthenticatorBase.java:483)
		at org.apache.catalina.core.StandardHostValve.invoke(StandardHostValve.java:115)
		at org.apache.catalina.valves.ErrorReportValve.invoke(ErrorReportValve.java:93)
		at org.apache.catalina.valves.AbstractAccessLogValve.invoke(AbstractAccessLogValve.java:670)
		at org.apache.catalina.core.StandardEngineValve.invoke(StandardEngineValve.java:74)
		at org.apache.catalina.connector.CoyoteAdapter.service(CoyoteAdapter.java:342)
		at org.apache.coyote.http11.Http11Processor.service(Http11Processor.java:395)
		at org.apache.coyote.AbstractProcessorLight.process(AbstractProcessorLight.java:63)
		at org.apache.coyote.AbstractProtocol$ConnectionHandler.process(AbstractProtocol.java:905)
		at org.apache.tomcat.util.net.NioEndpoint$SocketProcessor.doRun(NioEndpoint.java:1748)
		at org.apache.tomcat.util.net.SocketProcessorBase.run(SocketProcessorBase.java:52)
		at org.apache.tomcat.util.threads.ThreadPoolExecutor.runWorker(ThreadPoolExecutor.java:1148)
		at org.apache.tomcat.util.threads.ThreadPoolExecutor$Worker.run(ThreadPoolExecutor.java:636)
		at org.apache.tomcat.util.threads.TaskThread$WrappingRunnable.run(TaskThread.java:63)
		at java.base/java.lang.Thread.run(Thread.java:1447)
07-May-2025 23:37:39.416 SEVERE [http-nio-8080-exec-121] org.apache.catalina.core.StandardWrapperValve.invoke Servlet.service() for servlet [jsp] in context with path [] threw exception [jakarta.servlet.ServletException: JSP file [&#47;AdminPage&#47;Sidebar.jsp] not found] with root cause
	jakarta.servlet.ServletException: JSP file [&#47;AdminPage&#47;Sidebar.jsp] not found
		at org.apache.jasper.servlet.JspServlet.handleMissingResource(JspServlet.java:375)
		at org.apache.jasper.servlet.JspServlet.serviceJspFile(JspServlet.java:343)
		at org.apache.jasper.servlet.JspServlet.service(JspServlet.java:302)
		at jakarta.servlet.http.HttpServlet.service(HttpServlet.java:716)
		at org.apache.catalina.core.ApplicationFilterChain.doFilter(ApplicationFilterChain.java:130)
		at org.apache.catalina.core.ApplicationDispatcher.invoke(ApplicationDispatcher.java:539)
		at org.apache.catalina.core.ApplicationDispatcher.include(ApplicationDispatcher.java:436)
		at org.apache.jasper.runtime.JspRuntimeLibrary.include(JspRuntimeLibrary.java:994)
		at org.apache.jsp.AdminPage.AdminDashboard_jsp._jspService(AdminDashboard_jsp.java:343)
		at org.apache.jasper.runtime.HttpJspBase.service(HttpJspBase.java:67)
		at jakarta.servlet.http.HttpServlet.service(HttpServlet.java:716)
		at org.apache.jasper.servlet.JspServletWrapper.service(JspServletWrapper.java:456)
		at org.apache.jasper.servlet.JspServlet.serviceJspFile(JspServlet.java:354)
		at org.apache.jasper.servlet.JspServlet.service(JspServlet.java:302)
		at jakarta.servlet.http.HttpServlet.service(HttpServlet.java:716)
		at org.apache.catalina.core.ApplicationFilterChain.doFilter(ApplicationFilterChain.java:130)
		at org.apache.tomcat.websocket.server.WsFilter.doFilter(WsFilter.java:51)
		at org.apache.catalina.core.ApplicationFilterChain.doFilter(ApplicationFilterChain.java:109)
		at org.apache.catalina.core.StandardWrapperValve.invoke(StandardWrapperValve.java:167)
		at org.apache.catalina.core.StandardContextValve.invoke(StandardContextValve.java:79)
		at org.apache.catalina.authenticator.AuthenticatorBase.invoke(AuthenticatorBase.java:483)
		at org.apache.catalina.core.StandardHostValve.invoke(StandardHostValve.java:115)
		at org.apache.catalina.valves.ErrorReportValve.invoke(ErrorReportValve.java:93)
		at org.apache.catalina.valves.AbstractAccessLogValve.invoke(AbstractAccessLogValve.java:670)
		at org.apache.catalina.core.StandardEngineValve.invoke(StandardEngineValve.java:74)
		at org.apache.catalina.connector.CoyoteAdapter.service(CoyoteAdapter.java:342)
		at org.apache.coyote.http11.Http11Processor.service(Http11Processor.java:395)
		at org.apache.coyote.AbstractProcessorLight.process(AbstractProcessorLight.java:63)
		at org.apache.coyote.AbstractProtocol$ConnectionHandler.process(AbstractProtocol.java:905)
		at org.apache.tomcat.util.net.NioEndpoint$SocketProcessor.doRun(NioEndpoint.java:1748)
		at org.apache.tomcat.util.net.SocketProcessorBase.run(SocketProcessorBase.java:52)
		at org.apache.tomcat.util.threads.ThreadPoolExecutor.runWorker(ThreadPoolExecutor.java:1148)
		at org.apache.tomcat.util.threads.ThreadPoolExecutor$Worker.run(ThreadPoolExecutor.java:636)
		at org.apache.tomcat.util.threads.TaskThread$WrappingRunnable.run(TaskThread.java:63)
		at java.base/java.lang.Thread.run(Thread.java:1447)
07-May-2025 23:37:39.698 SEVERE [http-nio-8080-exec-122] org.apache.catalina.core.ApplicationDispatcher.invoke Servlet.service() for servlet [jsp] threw exception
	jakarta.servlet.ServletException: JSP file [&#47;AdminPage&#47;Sidebar.jsp] not found
		at org.apache.jasper.servlet.JspServlet.handleMissingResource(JspServlet.java:375)
		at org.apache.jasper.servlet.JspServlet.serviceJspFile(JspServlet.java:343)
		at org.apache.jasper.servlet.JspServlet.service(JspServlet.java:302)
		at jakarta.servlet.http.HttpServlet.service(HttpServlet.java:716)
		at org.apache.catalina.core.ApplicationFilterChain.doFilter(ApplicationFilterChain.java:130)
		at org.apache.catalina.core.ApplicationDispatcher.invoke(ApplicationDispatcher.java:539)
		at org.apache.catalina.core.ApplicationDispatcher.include(ApplicationDispatcher.java:436)
		at org.apache.jasper.runtime.JspRuntimeLibrary.include(JspRuntimeLibrary.java:994)
		at org.apache.jsp.AdminPage.AdminDashboard_jsp._jspService(AdminDashboard_jsp.java:343)
		at org.apache.jasper.runtime.HttpJspBase.service(HttpJspBase.java:67)
		at jakarta.servlet.http.HttpServlet.service(HttpServlet.java:716)
		at org.apache.jasper.servlet.JspServletWrapper.service(JspServletWrapper.java:456)
		at org.apache.jasper.servlet.JspServlet.serviceJspFile(JspServlet.java:354)
		at org.apache.jasper.servlet.JspServlet.service(JspServlet.java:302)
		at jakarta.servlet.http.HttpServlet.service(HttpServlet.java:716)
		at org.apache.catalina.core.ApplicationFilterChain.doFilter(ApplicationFilterChain.java:130)
		at org.apache.tomcat.websocket.server.WsFilter.doFilter(WsFilter.java:51)
		at org.apache.catalina.core.ApplicationFilterChain.doFilter(ApplicationFilterChain.java:109)
		at org.apache.catalina.core.StandardWrapperValve.invoke(StandardWrapperValve.java:167)
		at org.apache.catalina.core.StandardContextValve.invoke(StandardContextValve.java:79)
		at org.apache.catalina.authenticator.AuthenticatorBase.invoke(AuthenticatorBase.java:483)
		at org.apache.catalina.core.StandardHostValve.invoke(StandardHostValve.java:115)
		at org.apache.catalina.valves.ErrorReportValve.invoke(ErrorReportValve.java:93)
		at org.apache.catalina.valves.AbstractAccessLogValve.invoke(AbstractAccessLogValve.java:670)
		at org.apache.catalina.core.StandardEngineValve.invoke(StandardEngineValve.java:74)
		at org.apache.catalina.connector.CoyoteAdapter.service(CoyoteAdapter.java:342)
		at org.apache.coyote.http11.Http11Processor.service(Http11Processor.java:395)
		at org.apache.coyote.AbstractProcessorLight.process(AbstractProcessorLight.java:63)
		at org.apache.coyote.AbstractProtocol$ConnectionHandler.process(AbstractProtocol.java:905)
		at org.apache.tomcat.util.net.NioEndpoint$SocketProcessor.doRun(NioEndpoint.java:1748)
		at org.apache.tomcat.util.net.SocketProcessorBase.run(SocketProcessorBase.java:52)
		at org.apache.tomcat.util.threads.ThreadPoolExecutor.runWorker(ThreadPoolExecutor.java:1148)
		at org.apache.tomcat.util.threads.ThreadPoolExecutor$Worker.run(ThreadPoolExecutor.java:636)
		at org.apache.tomcat.util.threads.TaskThread$WrappingRunnable.run(TaskThread.java:63)
		at java.base/java.lang.Thread.run(Thread.java:1447)
07-May-2025 23:37:39.698 SEVERE [http-nio-8080-exec-122] org.apache.catalina.core.StandardWrapperValve.invoke Servlet.service() for servlet [jsp] in context with path [] threw exception [jakarta.servlet.ServletException: JSP file [&#47;AdminPage&#47;Sidebar.jsp] not found] with root cause
	jakarta.servlet.ServletException: JSP file [&#47;AdminPage&#47;Sidebar.jsp] not found
		at org.apache.jasper.servlet.JspServlet.handleMissingResource(JspServlet.java:375)
		at org.apache.jasper.servlet.JspServlet.serviceJspFile(JspServlet.java:343)
		at org.apache.jasper.servlet.JspServlet.service(JspServlet.java:302)
		at jakarta.servlet.http.HttpServlet.service(HttpServlet.java:716)
		at org.apache.catalina.core.ApplicationFilterChain.doFilter(ApplicationFilterChain.java:130)
		at org.apache.catalina.core.ApplicationDispatcher.invoke(ApplicationDispatcher.java:539)
		at org.apache.catalina.core.ApplicationDispatcher.include(ApplicationDispatcher.java:436)
		at org.apache.jasper.runtime.JspRuntimeLibrary.include(JspRuntimeLibrary.java:994)
		at org.apache.jsp.AdminPage.AdminDashboard_jsp._jspService(AdminDashboard_jsp.java:343)
		at org.apache.jasper.runtime.HttpJspBase.service(HttpJspBase.java:67)
		at jakarta.servlet.http.HttpServlet.service(HttpServlet.java:716)
		at org.apache.jasper.servlet.JspServletWrapper.service(JspServletWrapper.java:456)
		at org.apache.jasper.servlet.JspServlet.serviceJspFile(JspServlet.java:354)
		at org.apache.jasper.servlet.JspServlet.service(JspServlet.java:302)
		at jakarta.servlet.http.HttpServlet.service(HttpServlet.java:716)
		at org.apache.catalina.core.ApplicationFilterChain.doFilter(ApplicationFilterChain.java:130)
		at org.apache.tomcat.websocket.server.WsFilter.doFilter(WsFilter.java:51)
		at org.apache.catalina.core.ApplicationFilterChain.doFilter(ApplicationFilterChain.java:109)
		at org.apache.catalina.core.StandardWrapperValve.invoke(StandardWrapperValve.java:167)
		at org.apache.catalina.core.StandardContextValve.invoke(StandardContextValve.java:79)
		at org.apache.catalina.authenticator.AuthenticatorBase.invoke(AuthenticatorBase.java:483)
		at org.apache.catalina.core.StandardHostValve.invoke(StandardHostValve.java:115)
		at org.apache.catalina.valves.ErrorReportValve.invoke(ErrorReportValve.java:93)
		at org.apache.catalina.valves.AbstractAccessLogValve.invoke(AbstractAccessLogValve.java:670)
		at org.apache.catalina.core.StandardEngineValve.invoke(StandardEngineValve.java:74)
		at org.apache.catalina.connector.CoyoteAdapter.service(CoyoteAdapter.java:342)
		at org.apache.coyote.http11.Http11Processor.service(Http11Processor.java:395)
		at org.apache.coyote.AbstractProcessorLight.process(AbstractProcessorLight.java:63)
		at org.apache.coyote.AbstractProtocol$ConnectionHandler.process(AbstractProtocol.java:905)
		at org.apache.tomcat.util.net.NioEndpoint$SocketProcessor.doRun(NioEndpoint.java:1748)
		at org.apache.tomcat.util.net.SocketProcessorBase.run(SocketProcessorBase.java:52)
		at org.apache.tomcat.util.threads.ThreadPoolExecutor.runWorker(ThreadPoolExecutor.java:1148)
		at org.apache.tomcat.util.threads.ThreadPoolExecutor$Worker.run(ThreadPoolExecutor.java:636)
		at org.apache.tomcat.util.threads.TaskThread$WrappingRunnable.run(TaskThread.java:63)
		at java.base/java.lang.Thread.run(Thread.java:1447)
07-May-2025 23:37:39.926 SEVERE [http-nio-8080-exec-123] org.apache.catalina.core.ApplicationDispatcher.invoke Servlet.service() for servlet [jsp] threw exception
	jakarta.servlet.ServletException: JSP file [&#47;AdminPage&#47;Sidebar.jsp] not found
		at org.apache.jasper.servlet.JspServlet.handleMissingResource(JspServlet.java:375)
		at org.apache.jasper.servlet.JspServlet.serviceJspFile(JspServlet.java:343)
		at org.apache.jasper.servlet.JspServlet.service(JspServlet.java:302)
		at jakarta.servlet.http.HttpServlet.service(HttpServlet.java:716)
		at org.apache.catalina.core.ApplicationFilterChain.doFilter(ApplicationFilterChain.java:130)
		at org.apache.catalina.core.ApplicationDispatcher.invoke(ApplicationDispatcher.java:539)
		at org.apache.catalina.core.ApplicationDispatcher.include(ApplicationDispatcher.java:436)
		at org.apache.jasper.runtime.JspRuntimeLibrary.include(JspRuntimeLibrary.java:994)
		at org.apache.jsp.AdminPage.AdminDashboard_jsp._jspService(AdminDashboard_jsp.java:343)
		at org.apache.jasper.runtime.HttpJspBase.service(HttpJspBase.java:67)
		at jakarta.servlet.http.HttpServlet.service(HttpServlet.java:716)
		at org.apache.jasper.servlet.JspServletWrapper.service(JspServletWrapper.java:456)
		at org.apache.jasper.servlet.JspServlet.serviceJspFile(JspServlet.java:354)
		at org.apache.jasper.servlet.JspServlet.service(JspServlet.java:302)
		at jakarta.servlet.http.HttpServlet.service(HttpServlet.java:716)
		at org.apache.catalina.core.ApplicationFilterChain.doFilter(ApplicationFilterChain.java:130)
		at org.apache.tomcat.websocket.server.WsFilter.doFilter(WsFilter.java:51)
		at org.apache.catalina.core.ApplicationFilterChain.doFilter(ApplicationFilterChain.java:109)
		at org.apache.catalina.core.StandardWrapperValve.invoke(StandardWrapperValve.java:167)
		at org.apache.catalina.core.StandardContextValve.invoke(StandardContextValve.java:79)
		at org.apache.catalina.authenticator.AuthenticatorBase.invoke(AuthenticatorBase.java:483)
		at org.apache.catalina.core.StandardHostValve.invoke(StandardHostValve.java:115)
		at org.apache.catalina.valves.ErrorReportValve.invoke(ErrorReportValve.java:93)
		at org.apache.catalina.valves.AbstractAccessLogValve.invoke(AbstractAccessLogValve.java:670)
		at org.apache.catalina.core.StandardEngineValve.invoke(StandardEngineValve.java:74)
		at org.apache.catalina.connector.CoyoteAdapter.service(CoyoteAdapter.java:342)
		at org.apache.coyote.http11.Http11Processor.service(Http11Processor.java:395)
		at org.apache.coyote.AbstractProcessorLight.process(AbstractProcessorLight.java:63)
		at org.apache.coyote.AbstractProtocol$ConnectionHandler.process(AbstractProtocol.java:905)
		at org.apache.tomcat.util.net.NioEndpoint$SocketProcessor.doRun(NioEndpoint.java:1748)
		at org.apache.tomcat.util.net.SocketProcessorBase.run(SocketProcessorBase.java:52)
		at org.apache.tomcat.util.threads.ThreadPoolExecutor.runWorker(ThreadPoolExecutor.java:1148)
		at org.apache.tomcat.util.threads.ThreadPoolExecutor$Worker.run(ThreadPoolExecutor.java:636)
		at org.apache.tomcat.util.threads.TaskThread$WrappingRunnable.run(TaskThread.java:63)
		at java.base/java.lang.Thread.run(Thread.java:1447)
07-May-2025 23:37:39.926 SEVERE [http-nio-8080-exec-123] org.apache.catalina.core.StandardWrapperValve.invoke Servlet.service() for servlet [jsp] in context with path [] threw exception [jakarta.servlet.ServletException: JSP file [&#47;AdminPage&#47;Sidebar.jsp] not found] with root cause
	jakarta.servlet.ServletException: JSP file [&#47;AdminPage&#47;Sidebar.jsp] not found
		at org.apache.jasper.servlet.JspServlet.handleMissingResource(JspServlet.java:375)
		at org.apache.jasper.servlet.JspServlet.serviceJspFile(JspServlet.java:343)
		at org.apache.jasper.servlet.JspServlet.service(JspServlet.java:302)
		at jakarta.servlet.http.HttpServlet.service(HttpServlet.java:716)
		at org.apache.catalina.core.ApplicationFilterChain.doFilter(ApplicationFilterChain.java:130)
		at org.apache.catalina.core.ApplicationDispatcher.invoke(ApplicationDispatcher.java:539)
		at org.apache.catalina.core.ApplicationDispatcher.include(ApplicationDispatcher.java:436)
		at org.apache.jasper.runtime.JspRuntimeLibrary.include(JspRuntimeLibrary.java:994)
		at org.apache.jsp.AdminPage.AdminDashboard_jsp._jspService(AdminDashboard_jsp.java:343)
		at org.apache.jasper.runtime.HttpJspBase.service(HttpJspBase.java:67)
		at jakarta.servlet.http.HttpServlet.service(HttpServlet.java:716)
		at org.apache.jasper.servlet.JspServletWrapper.service(JspServletWrapper.java:456)
		at org.apache.jasper.servlet.JspServlet.serviceJspFile(JspServlet.java:354)
		at org.apache.jasper.servlet.JspServlet.service(JspServlet.java:302)
		at jakarta.servlet.http.HttpServlet.service(HttpServlet.java:716)
		at org.apache.catalina.core.ApplicationFilterChain.doFilter(ApplicationFilterChain.java:130)
		at org.apache.tomcat.websocket.server.WsFilter.doFilter(WsFilter.java:51)
		at org.apache.catalina.core.ApplicationFilterChain.doFilter(ApplicationFilterChain.java:109)
		at org.apache.catalina.core.StandardWrapperValve.invoke(StandardWrapperValve.java:167)
		at org.apache.catalina.core.StandardContextValve.invoke(StandardContextValve.java:79)
		at org.apache.catalina.authenticator.AuthenticatorBase.invoke(AuthenticatorBase.java:483)
		at org.apache.catalina.core.StandardHostValve.invoke(StandardHostValve.java:115)
		at org.apache.catalina.valves.ErrorReportValve.invoke(ErrorReportValve.java:93)
		at org.apache.catalina.valves.AbstractAccessLogValve.invoke(AbstractAccessLogValve.java:670)
		at org.apache.catalina.core.StandardEngineValve.invoke(StandardEngineValve.java:74)
		at org.apache.catalina.connector.CoyoteAdapter.service(CoyoteAdapter.java:342)
		at org.apache.coyote.http11.Http11Processor.service(Http11Processor.java:395)
		at org.apache.coyote.AbstractProcessorLight.process(AbstractProcessorLight.java:63)
		at org.apache.coyote.AbstractProtocol$ConnectionHandler.process(AbstractProtocol.java:905)
		at org.apache.tomcat.util.net.NioEndpoint$SocketProcessor.doRun(NioEndpoint.java:1748)
		at org.apache.tomcat.util.net.SocketProcessorBase.run(SocketProcessorBase.java:52)
		at org.apache.tomcat.util.threads.ThreadPoolExecutor.runWorker(ThreadPoolExecutor.java:1148)
		at org.apache.tomcat.util.threads.ThreadPoolExecutor$Worker.run(ThreadPoolExecutor.java:636)
		at org.apache.tomcat.util.threads.TaskThread$WrappingRunnable.run(TaskThread.java:63)
		at java.base/java.lang.Thread.run(Thread.java:1447)
07-May-2025 23:37:40.895 SEVERE [http-nio-8080-exec-124] org.apache.catalina.core.ApplicationDispatcher.invoke Servlet.service() for servlet [jsp] threw exception
	jakarta.servlet.ServletException: JSP file [&#47;AdminPage&#47;Sidebar.jsp] not found
		at org.apache.jasper.servlet.JspServlet.handleMissingResource(JspServlet.java:375)
		at org.apache.jasper.servlet.JspServlet.serviceJspFile(JspServlet.java:343)
		at org.apache.jasper.servlet.JspServlet.service(JspServlet.java:302)
		at jakarta.servlet.http.HttpServlet.service(HttpServlet.java:716)
		at org.apache.catalina.core.ApplicationFilterChain.doFilter(ApplicationFilterChain.java:130)
		at org.apache.catalina.core.ApplicationDispatcher.invoke(ApplicationDispatcher.java:539)
		at org.apache.catalina.core.ApplicationDispatcher.include(ApplicationDispatcher.java:436)
		at org.apache.jasper.runtime.JspRuntimeLibrary.include(JspRuntimeLibrary.java:994)
		at org.apache.jsp.AdminPage.AdminDashboard_jsp._jspService(AdminDashboard_jsp.java:343)
		at org.apache.jasper.runtime.HttpJspBase.service(HttpJspBase.java:67)
		at jakarta.servlet.http.HttpServlet.service(HttpServlet.java:716)
		at org.apache.jasper.servlet.JspServletWrapper.service(JspServletWrapper.java:456)
		at org.apache.jasper.servlet.JspServlet.serviceJspFile(JspServlet.java:354)
		at org.apache.jasper.servlet.JspServlet.service(JspServlet.java:302)
		at jakarta.servlet.http.HttpServlet.service(HttpServlet.java:716)
		at org.apache.catalina.core.ApplicationFilterChain.doFilter(ApplicationFilterChain.java:130)
		at org.apache.tomcat.websocket.server.WsFilter.doFilter(WsFilter.java:51)
		at org.apache.catalina.core.ApplicationFilterChain.doFilter(ApplicationFilterChain.java:109)
		at org.apache.catalina.core.StandardWrapperValve.invoke(StandardWrapperValve.java:167)
		at org.apache.catalina.core.StandardContextValve.invoke(StandardContextValve.java:79)
		at org.apache.catalina.authenticator.AuthenticatorBase.invoke(AuthenticatorBase.java:483)
		at org.apache.catalina.core.StandardHostValve.invoke(StandardHostValve.java:115)
		at org.apache.catalina.valves.ErrorReportValve.invoke(ErrorReportValve.java:93)
		at org.apache.catalina.valves.AbstractAccessLogValve.invoke(AbstractAccessLogValve.java:670)
		at org.apache.catalina.core.StandardEngineValve.invoke(StandardEngineValve.java:74)
		at org.apache.catalina.connector.CoyoteAdapter.service(CoyoteAdapter.java:342)
		at org.apache.coyote.http11.Http11Processor.service(Http11Processor.java:395)
		at org.apache.coyote.AbstractProcessorLight.process(AbstractProcessorLight.java:63)
		at org.apache.coyote.AbstractProtocol$ConnectionHandler.process(AbstractProtocol.java:905)
		at org.apache.tomcat.util.net.NioEndpoint$SocketProcessor.doRun(NioEndpoint.java:1748)
		at org.apache.tomcat.util.net.SocketProcessorBase.run(SocketProcessorBase.java:52)
		at org.apache.tomcat.util.threads.ThreadPoolExecutor.runWorker(ThreadPoolExecutor.java:1148)
		at org.apache.tomcat.util.threads.ThreadPoolExecutor$Worker.run(ThreadPoolExecutor.java:636)
		at org.apache.tomcat.util.threads.TaskThread$WrappingRunnable.run(TaskThread.java:63)
		at java.base/java.lang.Thread.run(Thread.java:1447)
07-May-2025 23:37:40.896 SEVERE [http-nio-8080-exec-124] org.apache.catalina.core.StandardWrapperValve.invoke Servlet.service() for servlet [jsp] in context with path [] threw exception [jakarta.servlet.ServletException: JSP file [&#47;AdminPage&#47;Sidebar.jsp] not found] with root cause
	jakarta.servlet.ServletException: JSP file [&#47;AdminPage&#47;Sidebar.jsp] not found
		at org.apache.jasper.servlet.JspServlet.handleMissingResource(JspServlet.java:375)
		at org.apache.jasper.servlet.JspServlet.serviceJspFile(JspServlet.java:343)
		at org.apache.jasper.servlet.JspServlet.service(JspServlet.java:302)
		at jakarta.servlet.http.HttpServlet.service(HttpServlet.java:716)
		at org.apache.catalina.core.ApplicationFilterChain.doFilter(ApplicationFilterChain.java:130)
		at org.apache.catalina.core.ApplicationDispatcher.invoke(ApplicationDispatcher.java:539)
		at org.apache.catalina.core.ApplicationDispatcher.include(ApplicationDispatcher.java:436)
		at org.apache.jasper.runtime.JspRuntimeLibrary.include(JspRuntimeLibrary.java:994)
		at org.apache.jsp.AdminPage.AdminDashboard_jsp._jspService(AdminDashboard_jsp.java:343)
		at org.apache.jasper.runtime.HttpJspBase.service(HttpJspBase.java:67)
		at jakarta.servlet.http.HttpServlet.service(HttpServlet.java:716)
		at org.apache.jasper.servlet.JspServletWrapper.service(JspServletWrapper.java:456)
		at org.apache.jasper.servlet.JspServlet.serviceJspFile(JspServlet.java:354)
		at org.apache.jasper.servlet.JspServlet.service(JspServlet.java:302)
		at jakarta.servlet.http.HttpServlet.service(HttpServlet.java:716)
		at org.apache.catalina.core.ApplicationFilterChain.doFilter(ApplicationFilterChain.java:130)
		at org.apache.tomcat.websocket.server.WsFilter.doFilter(WsFilter.java:51)
		at org.apache.catalina.core.ApplicationFilterChain.doFilter(ApplicationFilterChain.java:109)
		at org.apache.catalina.core.StandardWrapperValve.invoke(StandardWrapperValve.java:167)
		at org.apache.catalina.core.StandardContextValve.invoke(StandardContextValve.java:79)
		at org.apache.catalina.authenticator.AuthenticatorBase.invoke(AuthenticatorBase.java:483)
		at org.apache.catalina.core.StandardHostValve.invoke(StandardHostValve.java:115)
		at org.apache.catalina.valves.ErrorReportValve.invoke(ErrorReportValve.java:93)
		at org.apache.catalina.valves.AbstractAccessLogValve.invoke(AbstractAccessLogValve.java:670)
		at org.apache.catalina.core.StandardEngineValve.invoke(StandardEngineValve.java:74)
		at org.apache.catalina.connector.CoyoteAdapter.service(CoyoteAdapter.java:342)
		at org.apache.coyote.http11.Http11Processor.service(Http11Processor.java:395)
		at org.apache.coyote.AbstractProcessorLight.process(AbstractProcessorLight.java:63)
		at org.apache.coyote.AbstractProtocol$ConnectionHandler.process(AbstractProtocol.java:905)
		at org.apache.tomcat.util.net.NioEndpoint$SocketProcessor.doRun(NioEndpoint.java:1748)
		at org.apache.tomcat.util.net.SocketProcessorBase.run(SocketProcessorBase.java:52)
		at org.apache.tomcat.util.threads.ThreadPoolExecutor.runWorker(ThreadPoolExecutor.java:1148)
		at org.apache.tomcat.util.threads.ThreadPoolExecutor$Worker.run(ThreadPoolExecutor.java:636)
		at org.apache.tomcat.util.threads.TaskThread$WrappingRunnable.run(TaskThread.java:63)
		at java.base/java.lang.Thread.run(Thread.java:1447)
07-May-2025 23:38:12.470 SEVERE [http-nio-8080-exec-124] org.apache.catalina.core.ApplicationDispatcher.invoke Servlet.service() for servlet [jsp] threw exception
	jakarta.servlet.ServletException: JSP file [&#47;AdminPage&#47;Sidebar.jsp] not found
		at org.apache.jasper.servlet.JspServlet.handleMissingResource(JspServlet.java:375)
		at org.apache.jasper.servlet.JspServlet.serviceJspFile(JspServlet.java:343)
		at org.apache.jasper.servlet.JspServlet.service(JspServlet.java:302)
		at jakarta.servlet.http.HttpServlet.service(HttpServlet.java:716)
		at org.apache.catalina.core.ApplicationFilterChain.doFilter(ApplicationFilterChain.java:130)
		at org.apache.catalina.core.ApplicationDispatcher.invoke(ApplicationDispatcher.java:539)
		at org.apache.catalina.core.ApplicationDispatcher.include(ApplicationDispatcher.java:436)
		at org.apache.jasper.runtime.JspRuntimeLibrary.include(JspRuntimeLibrary.java:994)
		at org.apache.jsp.AdminPage.AdminDashboard_jsp._jspService(AdminDashboard_jsp.java:343)
		at org.apache.jasper.runtime.HttpJspBase.service(HttpJspBase.java:67)
		at jakarta.servlet.http.HttpServlet.service(HttpServlet.java:716)
		at org.apache.jasper.servlet.JspServletWrapper.service(JspServletWrapper.java:456)
		at org.apache.jasper.servlet.JspServlet.serviceJspFile(JspServlet.java:354)
		at org.apache.jasper.servlet.JspServlet.service(JspServlet.java:302)
		at jakarta.servlet.http.HttpServlet.service(HttpServlet.java:716)
		at org.apache.catalina.core.ApplicationFilterChain.doFilter(ApplicationFilterChain.java:130)
		at org.apache.tomcat.websocket.server.WsFilter.doFilter(WsFilter.java:51)
		at org.apache.catalina.core.ApplicationFilterChain.doFilter(ApplicationFilterChain.java:109)
		at org.apache.catalina.core.StandardWrapperValve.invoke(StandardWrapperValve.java:167)
		at org.apache.catalina.core.StandardContextValve.invoke(StandardContextValve.java:79)
		at org.apache.catalina.authenticator.AuthenticatorBase.invoke(AuthenticatorBase.java:483)
		at org.apache.catalina.core.StandardHostValve.invoke(StandardHostValve.java:115)
		at org.apache.catalina.valves.ErrorReportValve.invoke(ErrorReportValve.java:93)
		at org.apache.catalina.valves.AbstractAccessLogValve.invoke(AbstractAccessLogValve.java:670)
		at org.apache.catalina.core.StandardEngineValve.invoke(StandardEngineValve.java:74)
		at org.apache.catalina.connector.CoyoteAdapter.service(CoyoteAdapter.java:342)
		at org.apache.coyote.http11.Http11Processor.service(Http11Processor.java:395)
		at org.apache.coyote.AbstractProcessorLight.process(AbstractProcessorLight.java:63)
		at org.apache.coyote.AbstractProtocol$ConnectionHandler.process(AbstractProtocol.java:905)
		at org.apache.tomcat.util.net.NioEndpoint$SocketProcessor.doRun(NioEndpoint.java:1748)
		at org.apache.tomcat.util.net.SocketProcessorBase.run(SocketProcessorBase.java:52)
		at org.apache.tomcat.util.threads.ThreadPoolExecutor.runWorker(ThreadPoolExecutor.java:1148)
		at org.apache.tomcat.util.threads.ThreadPoolExecutor$Worker.run(ThreadPoolExecutor.java:636)
		at org.apache.tomcat.util.threads.TaskThread$WrappingRunnable.run(TaskThread.java:63)
		at java.base/java.lang.Thread.run(Thread.java:1447)
07-May-2025 23:38:12.472 SEVERE [http-nio-8080-exec-124] org.apache.catalina.core.StandardWrapperValve.invoke Servlet.service() for servlet [jsp] in context with path [] threw exception [jakarta.servlet.ServletException: JSP file [&#47;AdminPage&#47;Sidebar.jsp] not found] with root cause
	jakarta.servlet.ServletException: JSP file [&#47;AdminPage&#47;Sidebar.jsp] not found
		at org.apache.jasper.servlet.JspServlet.handleMissingResource(JspServlet.java:375)
		at org.apache.jasper.servlet.JspServlet.serviceJspFile(JspServlet.java:343)
		at org.apache.jasper.servlet.JspServlet.service(JspServlet.java:302)
		at jakarta.servlet.http.HttpServlet.service(HttpServlet.java:716)
		at org.apache.catalina.core.ApplicationFilterChain.doFilter(ApplicationFilterChain.java:130)
		at org.apache.catalina.core.ApplicationDispatcher.invoke(ApplicationDispatcher.java:539)
		at org.apache.catalina.core.ApplicationDispatcher.include(ApplicationDispatcher.java:436)
		at org.apache.jasper.runtime.JspRuntimeLibrary.include(JspRuntimeLibrary.java:994)
		at org.apache.jsp.AdminPage.AdminDashboard_jsp._jspService(AdminDashboard_jsp.java:343)
		at org.apache.jasper.runtime.HttpJspBase.service(HttpJspBase.java:67)
		at jakarta.servlet.http.HttpServlet.service(HttpServlet.java:716)
		at org.apache.jasper.servlet.JspServletWrapper.service(JspServletWrapper.java:456)
		at org.apache.jasper.servlet.JspServlet.serviceJspFile(JspServlet.java:354)
		at org.apache.jasper.servlet.JspServlet.service(JspServlet.java:302)
		at jakarta.servlet.http.HttpServlet.service(HttpServlet.java:716)
		at org.apache.catalina.core.ApplicationFilterChain.doFilter(ApplicationFilterChain.java:130)
		at org.apache.tomcat.websocket.server.WsFilter.doFilter(WsFilter.java:51)
		at org.apache.catalina.core.ApplicationFilterChain.doFilter(ApplicationFilterChain.java:109)
		at org.apache.catalina.core.StandardWrapperValve.invoke(StandardWrapperValve.java:167)
		at org.apache.catalina.core.StandardContextValve.invoke(StandardContextValve.java:79)
		at org.apache.catalina.authenticator.AuthenticatorBase.invoke(AuthenticatorBase.java:483)
		at org.apache.catalina.core.StandardHostValve.invoke(StandardHostValve.java:115)
		at org.apache.catalina.valves.ErrorReportValve.invoke(ErrorReportValve.java:93)
		at org.apache.catalina.valves.AbstractAccessLogValve.invoke(AbstractAccessLogValve.java:670)
		at org.apache.catalina.core.StandardEngineValve.invoke(StandardEngineValve.java:74)
		at org.apache.catalina.connector.CoyoteAdapter.service(CoyoteAdapter.java:342)
		at org.apache.coyote.http11.Http11Processor.service(Http11Processor.java:395)
		at org.apache.coyote.AbstractProcessorLight.process(AbstractProcessorLight.java:63)
		at org.apache.coyote.AbstractProtocol$ConnectionHandler.process(AbstractProtocol.java:905)
		at org.apache.tomcat.util.net.NioEndpoint$SocketProcessor.doRun(NioEndpoint.java:1748)
		at org.apache.tomcat.util.net.SocketProcessorBase.run(SocketProcessorBase.java:52)
		at org.apache.tomcat.util.threads.ThreadPoolExecutor.runWorker(ThreadPoolExecutor.java:1148)
		at org.apache.tomcat.util.threads.ThreadPoolExecutor$Worker.run(ThreadPoolExecutor.java:636)
		at org.apache.tomcat.util.threads.TaskThread$WrappingRunnable.run(TaskThread.java:63)
		at java.base/java.lang.Thread.run(Thread.java:1447)
07-May-2025 23:40:04.854 SEVERE [http-nio-8080-exec-129] org.apache.catalina.core.ApplicationDispatcher.invoke Servlet.service() for servlet [jsp] threw exception
	jakarta.servlet.ServletException: JSP file [&#47;AdminPage&#47;Sidebar.jsp] not found
		at org.apache.jasper.servlet.JspServlet.handleMissingResource(JspServlet.java:375)
		at org.apache.jasper.servlet.JspServlet.serviceJspFile(JspServlet.java:343)
		at org.apache.jasper.servlet.JspServlet.service(JspServlet.java:302)
		at jakarta.servlet.http.HttpServlet.service(HttpServlet.java:716)
		at org.apache.catalina.core.ApplicationFilterChain.doFilter(ApplicationFilterChain.java:130)
		at org.apache.catalina.core.ApplicationDispatcher.invoke(ApplicationDispatcher.java:539)
		at org.apache.catalina.core.ApplicationDispatcher.include(ApplicationDispatcher.java:436)
		at org.apache.jasper.runtime.JspRuntimeLibrary.include(JspRuntimeLibrary.java:994)
		at org.apache.jsp.AdminPage.AdminDashboard_jsp._jspService(AdminDashboard_jsp.java:343)
		at org.apache.jasper.runtime.HttpJspBase.service(HttpJspBase.java:67)
		at jakarta.servlet.http.HttpServlet.service(HttpServlet.java:716)
		at org.apache.jasper.servlet.JspServletWrapper.service(JspServletWrapper.java:456)
		at org.apache.jasper.servlet.JspServlet.serviceJspFile(JspServlet.java:354)
		at org.apache.jasper.servlet.JspServlet.service(JspServlet.java:302)
		at jakarta.servlet.http.HttpServlet.service(HttpServlet.java:716)
		at org.apache.catalina.core.ApplicationFilterChain.doFilter(ApplicationFilterChain.java:130)
		at org.apache.tomcat.websocket.server.WsFilter.doFilter(WsFilter.java:51)
		at org.apache.catalina.core.ApplicationFilterChain.doFilter(ApplicationFilterChain.java:109)
		at org.apache.catalina.core.StandardWrapperValve.invoke(StandardWrapperValve.java:167)
		at org.apache.catalina.core.StandardContextValve.invoke(StandardContextValve.java:79)
		at org.apache.catalina.authenticator.AuthenticatorBase.invoke(AuthenticatorBase.java:483)
		at org.apache.catalina.core.StandardHostValve.invoke(StandardHostValve.java:115)
		at org.apache.catalina.valves.ErrorReportValve.invoke(ErrorReportValve.java:93)
		at org.apache.catalina.valves.AbstractAccessLogValve.invoke(AbstractAccessLogValve.java:670)
		at org.apache.catalina.core.StandardEngineValve.invoke(StandardEngineValve.java:74)
		at org.apache.catalina.connector.CoyoteAdapter.service(CoyoteAdapter.java:342)
		at org.apache.coyote.http11.Http11Processor.service(Http11Processor.java:395)
		at org.apache.coyote.AbstractProcessorLight.process(AbstractProcessorLight.java:63)
		at org.apache.coyote.AbstractProtocol$ConnectionHandler.process(AbstractProtocol.java:905)
		at org.apache.tomcat.util.net.NioEndpoint$SocketProcessor.doRun(NioEndpoint.java:1748)
		at org.apache.tomcat.util.net.SocketProcessorBase.run(SocketProcessorBase.java:52)
		at org.apache.tomcat.util.threads.ThreadPoolExecutor.runWorker(ThreadPoolExecutor.java:1148)
		at org.apache.tomcat.util.threads.ThreadPoolExecutor$Worker.run(ThreadPoolExecutor.java:636)
		at org.apache.tomcat.util.threads.TaskThread$WrappingRunnable.run(TaskThread.java:63)
		at java.base/java.lang.Thread.run(Thread.java:1447)
07-May-2025 23:40:04.855 SEVERE [http-nio-8080-exec-129] org.apache.catalina.core.StandardWrapperValve.invoke Servlet.service() for servlet [jsp] in context with path [] threw exception [jakarta.servlet.ServletException: JSP file [&#47;AdminPage&#47;Sidebar.jsp] not found] with root cause
	jakarta.servlet.ServletException: JSP file [&#47;AdminPage&#47;Sidebar.jsp] not found
		at org.apache.jasper.servlet.JspServlet.handleMissingResource(JspServlet.java:375)
		at org.apache.jasper.servlet.JspServlet.serviceJspFile(JspServlet.java:343)
		at org.apache.jasper.servlet.JspServlet.service(JspServlet.java:302)
		at jakarta.servlet.http.HttpServlet.service(HttpServlet.java:716)
		at org.apache.catalina.core.ApplicationFilterChain.doFilter(ApplicationFilterChain.java:130)
		at org.apache.catalina.core.ApplicationDispatcher.invoke(ApplicationDispatcher.java:539)
		at org.apache.catalina.core.ApplicationDispatcher.include(ApplicationDispatcher.java:436)
		at org.apache.jasper.runtime.JspRuntimeLibrary.include(JspRuntimeLibrary.java:994)
		at org.apache.jsp.AdminPage.AdminDashboard_jsp._jspService(AdminDashboard_jsp.java:343)
		at org.apache.jasper.runtime.HttpJspBase.service(HttpJspBase.java:67)
		at jakarta.servlet.http.HttpServlet.service(HttpServlet.java:716)
		at org.apache.jasper.servlet.JspServletWrapper.service(JspServletWrapper.java:456)
		at org.apache.jasper.servlet.JspServlet.serviceJspFile(JspServlet.java:354)
		at org.apache.jasper.servlet.JspServlet.service(JspServlet.java:302)
		at jakarta.servlet.http.HttpServlet.service(HttpServlet.java:716)
		at org.apache.catalina.core.ApplicationFilterChain.doFilter(ApplicationFilterChain.java:130)
		at org.apache.tomcat.websocket.server.WsFilter.doFilter(WsFilter.java:51)
		at org.apache.catalina.core.ApplicationFilterChain.doFilter(ApplicationFilterChain.java:109)
		at org.apache.catalina.core.StandardWrapperValve.invoke(StandardWrapperValve.java:167)
		at org.apache.catalina.core.StandardContextValve.invoke(StandardContextValve.java:79)
		at org.apache.catalina.authenticator.AuthenticatorBase.invoke(AuthenticatorBase.java:483)
		at org.apache.catalina.core.StandardHostValve.invoke(StandardHostValve.java:115)
		at org.apache.catalina.valves.ErrorReportValve.invoke(ErrorReportValve.java:93)
		at org.apache.catalina.valves.AbstractAccessLogValve.invoke(AbstractAccessLogValve.java:670)
		at org.apache.catalina.core.StandardEngineValve.invoke(StandardEngineValve.java:74)
		at org.apache.catalina.connector.CoyoteAdapter.service(CoyoteAdapter.java:342)
		at org.apache.coyote.http11.Http11Processor.service(Http11Processor.java:395)
		at org.apache.coyote.AbstractProcessorLight.process(AbstractProcessorLight.java:63)
		at org.apache.coyote.AbstractProtocol$ConnectionHandler.process(AbstractProtocol.java:905)
		at org.apache.tomcat.util.net.NioEndpoint$SocketProcessor.doRun(NioEndpoint.java:1748)
		at org.apache.tomcat.util.net.SocketProcessorBase.run(SocketProcessorBase.java:52)
		at org.apache.tomcat.util.threads.ThreadPoolExecutor.runWorker(ThreadPoolExecutor.java:1148)
		at org.apache.tomcat.util.threads.ThreadPoolExecutor$Worker.run(ThreadPoolExecutor.java:636)
		at org.apache.tomcat.util.threads.TaskThread$WrappingRunnable.run(TaskThread.java:63)
		at java.base/java.lang.Thread.run(Thread.java:1447)
07-May-2025 23:40:18.644 SEVERE [http-nio-8080-exec-134] org.apache.catalina.core.ApplicationDispatcher.invoke Servlet.service() for servlet [jsp] threw exception
	jakarta.servlet.ServletException: JSP file [&#47;AdminPage&#47;Sidebar.jsp] not found
		at org.apache.jasper.servlet.JspServlet.handleMissingResource(JspServlet.java:375)
		at org.apache.jasper.servlet.JspServlet.serviceJspFile(JspServlet.java:343)
		at org.apache.jasper.servlet.JspServlet.service(JspServlet.java:302)
		at jakarta.servlet.http.HttpServlet.service(HttpServlet.java:716)
		at org.apache.catalina.core.ApplicationFilterChain.doFilter(ApplicationFilterChain.java:130)
		at org.apache.catalina.core.ApplicationDispatcher.invoke(ApplicationDispatcher.java:539)
		at org.apache.catalina.core.ApplicationDispatcher.include(ApplicationDispatcher.java:436)
		at org.apache.jasper.runtime.JspRuntimeLibrary.include(JspRuntimeLibrary.java:994)
		at org.apache.jsp.AdminPage.AdminDashboard_jsp._jspService(AdminDashboard_jsp.java:343)
		at org.apache.jasper.runtime.HttpJspBase.service(HttpJspBase.java:67)
		at jakarta.servlet.http.HttpServlet.service(HttpServlet.java:716)
		at org.apache.jasper.servlet.JspServletWrapper.service(JspServletWrapper.java:456)
		at org.apache.jasper.servlet.JspServlet.serviceJspFile(JspServlet.java:354)
		at org.apache.jasper.servlet.JspServlet.service(JspServlet.java:302)
		at jakarta.servlet.http.HttpServlet.service(HttpServlet.java:716)
		at org.apache.catalina.core.ApplicationFilterChain.doFilter(ApplicationFilterChain.java:130)
		at org.apache.tomcat.websocket.server.WsFilter.doFilter(WsFilter.java:51)
		at org.apache.catalina.core.ApplicationFilterChain.doFilter(ApplicationFilterChain.java:109)
		at org.apache.catalina.core.StandardWrapperValve.invoke(StandardWrapperValve.java:167)
		at org.apache.catalina.core.StandardContextValve.invoke(StandardContextValve.java:79)
		at org.apache.catalina.authenticator.AuthenticatorBase.invoke(AuthenticatorBase.java:483)
		at org.apache.catalina.core.StandardHostValve.invoke(StandardHostValve.java:115)
		at org.apache.catalina.valves.ErrorReportValve.invoke(ErrorReportValve.java:93)
		at org.apache.catalina.valves.AbstractAccessLogValve.invoke(AbstractAccessLogValve.java:670)
		at org.apache.catalina.core.StandardEngineValve.invoke(StandardEngineValve.java:74)
		at org.apache.catalina.connector.CoyoteAdapter.service(CoyoteAdapter.java:342)
		at org.apache.coyote.http11.Http11Processor.service(Http11Processor.java:395)
		at org.apache.coyote.AbstractProcessorLight.process(AbstractProcessorLight.java:63)
		at org.apache.coyote.AbstractProtocol$ConnectionHandler.process(AbstractProtocol.java:905)
		at org.apache.tomcat.util.net.NioEndpoint$SocketProcessor.doRun(NioEndpoint.java:1748)
		at org.apache.tomcat.util.net.SocketProcessorBase.run(SocketProcessorBase.java:52)
		at org.apache.tomcat.util.threads.ThreadPoolExecutor.runWorker(ThreadPoolExecutor.java:1148)
		at org.apache.tomcat.util.threads.ThreadPoolExecutor$Worker.run(ThreadPoolExecutor.java:636)
		at org.apache.tomcat.util.threads.TaskThread$WrappingRunnable.run(TaskThread.java:63)
		at java.base/java.lang.Thread.run(Thread.java:1447)
07-May-2025 23:40:18.644 SEVERE [http-nio-8080-exec-134] org.apache.catalina.core.StandardWrapperValve.invoke Servlet.service() for servlet [jsp] in context with path [] threw exception [jakarta.servlet.ServletException: JSP file [&#47;AdminPage&#47;Sidebar.jsp] not found] with root cause
	jakarta.servlet.ServletException: JSP file [&#47;AdminPage&#47;Sidebar.jsp] not found
		at org.apache.jasper.servlet.JspServlet.handleMissingResource(JspServlet.java:375)
		at org.apache.jasper.servlet.JspServlet.serviceJspFile(JspServlet.java:343)
		at org.apache.jasper.servlet.JspServlet.service(JspServlet.java:302)
		at jakarta.servlet.http.HttpServlet.service(HttpServlet.java:716)
		at org.apache.catalina.core.ApplicationFilterChain.doFilter(ApplicationFilterChain.java:130)
		at org.apache.catalina.core.ApplicationDispatcher.invoke(ApplicationDispatcher.java:539)
		at org.apache.catalina.core.ApplicationDispatcher.include(ApplicationDispatcher.java:436)
		at org.apache.jasper.runtime.JspRuntimeLibrary.include(JspRuntimeLibrary.java:994)
		at org.apache.jsp.AdminPage.AdminDashboard_jsp._jspService(AdminDashboard_jsp.java:343)
		at org.apache.jasper.runtime.HttpJspBase.service(HttpJspBase.java:67)
		at jakarta.servlet.http.HttpServlet.service(HttpServlet.java:716)
		at org.apache.jasper.servlet.JspServletWrapper.service(JspServletWrapper.java:456)
		at org.apache.jasper.servlet.JspServlet.serviceJspFile(JspServlet.java:354)
		at org.apache.jasper.servlet.JspServlet.service(JspServlet.java:302)
		at jakarta.servlet.http.HttpServlet.service(HttpServlet.java:716)
		at org.apache.catalina.core.ApplicationFilterChain.doFilter(ApplicationFilterChain.java:130)
		at org.apache.tomcat.websocket.server.WsFilter.doFilter(WsFilter.java:51)
		at org.apache.catalina.core.ApplicationFilterChain.doFilter(ApplicationFilterChain.java:109)
		at org.apache.catalina.core.StandardWrapperValve.invoke(StandardWrapperValve.java:167)
		at org.apache.catalina.core.StandardContextValve.invoke(StandardContextValve.java:79)
		at org.apache.catalina.authenticator.AuthenticatorBase.invoke(AuthenticatorBase.java:483)
		at org.apache.catalina.core.StandardHostValve.invoke(StandardHostValve.java:115)
		at org.apache.catalina.valves.ErrorReportValve.invoke(ErrorReportValve.java:93)
		at org.apache.catalina.valves.AbstractAccessLogValve.invoke(AbstractAccessLogValve.java:670)
		at org.apache.catalina.core.StandardEngineValve.invoke(StandardEngineValve.java:74)
		at org.apache.catalina.connector.CoyoteAdapter.service(CoyoteAdapter.java:342)
		at org.apache.coyote.http11.Http11Processor.service(Http11Processor.java:395)
		at org.apache.coyote.AbstractProcessorLight.process(AbstractProcessorLight.java:63)
		at org.apache.coyote.AbstractProtocol$ConnectionHandler.process(AbstractProtocol.java:905)
		at org.apache.tomcat.util.net.NioEndpoint$SocketProcessor.doRun(NioEndpoint.java:1748)
		at org.apache.tomcat.util.net.SocketProcessorBase.run(SocketProcessorBase.java:52)
		at org.apache.tomcat.util.threads.ThreadPoolExecutor.runWorker(ThreadPoolExecutor.java:1148)
		at org.apache.tomcat.util.threads.ThreadPoolExecutor$Worker.run(ThreadPoolExecutor.java:636)
		at org.apache.tomcat.util.threads.TaskThread$WrappingRunnable.run(TaskThread.java:63)
		at java.base/java.lang.Thread.run(Thread.java:1447)
07-May-2025 23:42:09.692 SEVERE [http-nio-8080-exec-135] org.apache.catalina.core.ApplicationDispatcher.invoke Servlet.service() for servlet [jsp] threw exception
	jakarta.servlet.ServletException: JSP file [&#47;AdminPage&#47;sidebar.jsp] not found
		at org.apache.jasper.servlet.JspServlet.handleMissingResource(JspServlet.java:375)
		at org.apache.jasper.servlet.JspServlet.serviceJspFile(JspServlet.java:343)
		at org.apache.jasper.servlet.JspServlet.service(JspServlet.java:302)
		at jakarta.servlet.http.HttpServlet.service(HttpServlet.java:716)
		at org.apache.catalina.core.ApplicationFilterChain.doFilter(ApplicationFilterChain.java:130)
		at org.apache.catalina.core.ApplicationDispatcher.invoke(ApplicationDispatcher.java:539)
		at org.apache.catalina.core.ApplicationDispatcher.include(ApplicationDispatcher.java:436)
		at org.apache.jasper.runtime.JspRuntimeLibrary.include(JspRuntimeLibrary.java:994)
		at org.apache.jsp.AdminPage.AdminDashboard_jsp._jspService(AdminDashboard_jsp.java:343)
		at org.apache.jasper.runtime.HttpJspBase.service(HttpJspBase.java:67)
		at jakarta.servlet.http.HttpServlet.service(HttpServlet.java:716)
		at org.apache.jasper.servlet.JspServletWrapper.service(JspServletWrapper.java:456)
		at org.apache.jasper.servlet.JspServlet.serviceJspFile(JspServlet.java:354)
		at org.apache.jasper.servlet.JspServlet.service(JspServlet.java:302)
		at jakarta.servlet.http.HttpServlet.service(HttpServlet.java:716)
		at org.apache.catalina.core.ApplicationFilterChain.doFilter(ApplicationFilterChain.java:130)
		at org.apache.tomcat.websocket.server.WsFilter.doFilter(WsFilter.java:51)
		at org.apache.catalina.core.ApplicationFilterChain.doFilter(ApplicationFilterChain.java:109)
		at org.apache.catalina.core.StandardWrapperValve.invoke(StandardWrapperValve.java:167)
		at org.apache.catalina.core.StandardContextValve.invoke(StandardContextValve.java:79)
		at org.apache.catalina.authenticator.AuthenticatorBase.invoke(AuthenticatorBase.java:483)
		at org.apache.catalina.core.StandardHostValve.invoke(StandardHostValve.java:115)
		at org.apache.catalina.valves.ErrorReportValve.invoke(ErrorReportValve.java:93)
		at org.apache.catalina.valves.AbstractAccessLogValve.invoke(AbstractAccessLogValve.java:670)
		at org.apache.catalina.core.StandardEngineValve.invoke(StandardEngineValve.java:74)
		at org.apache.catalina.connector.CoyoteAdapter.service(CoyoteAdapter.java:342)
		at org.apache.coyote.http11.Http11Processor.service(Http11Processor.java:395)
		at org.apache.coyote.AbstractProcessorLight.process(AbstractProcessorLight.java:63)
		at org.apache.coyote.AbstractProtocol$ConnectionHandler.process(AbstractProtocol.java:905)
		at org.apache.tomcat.util.net.NioEndpoint$SocketProcessor.doRun(NioEndpoint.java:1748)
		at org.apache.tomcat.util.net.SocketProcessorBase.run(SocketProcessorBase.java:52)
		at org.apache.tomcat.util.threads.ThreadPoolExecutor.runWorker(ThreadPoolExecutor.java:1148)
		at org.apache.tomcat.util.threads.ThreadPoolExecutor$Worker.run(ThreadPoolExecutor.java:636)
		at org.apache.tomcat.util.threads.TaskThread$WrappingRunnable.run(TaskThread.java:63)
		at java.base/java.lang.Thread.run(Thread.java:1447)
07-May-2025 23:42:09.692 SEVERE [http-nio-8080-exec-135] org.apache.catalina.core.StandardWrapperValve.invoke Servlet.service() for servlet [jsp] in context with path [] threw exception [jakarta.servlet.ServletException: JSP file [&#47;AdminPage&#47;sidebar.jsp] not found] with root cause
	jakarta.servlet.ServletException: JSP file [&#47;AdminPage&#47;sidebar.jsp] not found
		at org.apache.jasper.servlet.JspServlet.handleMissingResource(JspServlet.java:375)
		at org.apache.jasper.servlet.JspServlet.serviceJspFile(JspServlet.java:343)
		at org.apache.jasper.servlet.JspServlet.service(JspServlet.java:302)
		at jakarta.servlet.http.HttpServlet.service(HttpServlet.java:716)
		at org.apache.catalina.core.ApplicationFilterChain.doFilter(ApplicationFilterChain.java:130)
		at org.apache.catalina.core.ApplicationDispatcher.invoke(ApplicationDispatcher.java:539)
		at org.apache.catalina.core.ApplicationDispatcher.include(ApplicationDispatcher.java:436)
		at org.apache.jasper.runtime.JspRuntimeLibrary.include(JspRuntimeLibrary.java:994)
		at org.apache.jsp.AdminPage.AdminDashboard_jsp._jspService(AdminDashboard_jsp.java:343)
		at org.apache.jasper.runtime.HttpJspBase.service(HttpJspBase.java:67)
		at jakarta.servlet.http.HttpServlet.service(HttpServlet.java:716)
		at org.apache.jasper.servlet.JspServletWrapper.service(JspServletWrapper.java:456)
		at org.apache.jasper.servlet.JspServlet.serviceJspFile(JspServlet.java:354)
		at org.apache.jasper.servlet.JspServlet.service(JspServlet.java:302)
		at jakarta.servlet.http.HttpServlet.service(HttpServlet.java:716)
		at org.apache.catalina.core.ApplicationFilterChain.doFilter(ApplicationFilterChain.java:130)
		at org.apache.tomcat.websocket.server.WsFilter.doFilter(WsFilter.java:51)
		at org.apache.catalina.core.ApplicationFilterChain.doFilter(ApplicationFilterChain.java:109)
		at org.apache.catalina.core.StandardWrapperValve.invoke(StandardWrapperValve.java:167)
		at org.apache.catalina.core.StandardContextValve.invoke(StandardContextValve.java:79)
		at org.apache.catalina.authenticator.AuthenticatorBase.invoke(AuthenticatorBase.java:483)
		at org.apache.catalina.core.StandardHostValve.invoke(StandardHostValve.java:115)
		at org.apache.catalina.valves.ErrorReportValve.invoke(ErrorReportValve.java:93)
		at org.apache.catalina.valves.AbstractAccessLogValve.invoke(AbstractAccessLogValve.java:670)
		at org.apache.catalina.core.StandardEngineValve.invoke(StandardEngineValve.java:74)
		at org.apache.catalina.connector.CoyoteAdapter.service(CoyoteAdapter.java:342)
		at org.apache.coyote.http11.Http11Processor.service(Http11Processor.java:395)
		at org.apache.coyote.AbstractProcessorLight.process(AbstractProcessorLight.java:63)
		at org.apache.coyote.AbstractProtocol$ConnectionHandler.process(AbstractProtocol.java:905)
		at org.apache.tomcat.util.net.NioEndpoint$SocketProcessor.doRun(NioEndpoint.java:1748)
		at org.apache.tomcat.util.net.SocketProcessorBase.run(SocketProcessorBase.java:52)
		at org.apache.tomcat.util.threads.ThreadPoolExecutor.runWorker(ThreadPoolExecutor.java:1148)
		at org.apache.tomcat.util.threads.ThreadPoolExecutor$Worker.run(ThreadPoolExecutor.java:636)
		at org.apache.tomcat.util.threads.TaskThread$WrappingRunnable.run(TaskThread.java:63)
		at java.base/java.lang.Thread.run(Thread.java:1447)
07-May-2025 23:49:10.490 SEVERE [http-nio-8080-exec-166] org.apache.catalina.core.ApplicationDispatcher.invoke Servlet.service() for servlet [jsp] threw exception
	jakarta.servlet.ServletException: JSP file [&#47;AdminPage&#47;Sidebar.jsp] not found
		at org.apache.jasper.servlet.JspServlet.handleMissingResource(JspServlet.java:375)
		at org.apache.jasper.servlet.JspServlet.serviceJspFile(JspServlet.java:343)
		at org.apache.jasper.servlet.JspServlet.service(JspServlet.java:302)
		at jakarta.servlet.http.HttpServlet.service(HttpServlet.java:716)
		at org.apache.catalina.core.ApplicationFilterChain.doFilter(ApplicationFilterChain.java:130)
		at org.apache.catalina.core.ApplicationDispatcher.invoke(ApplicationDispatcher.java:539)
		at org.apache.catalina.core.ApplicationDispatcher.include(ApplicationDispatcher.java:436)
		at org.apache.jasper.runtime.JspRuntimeLibrary.include(JspRuntimeLibrary.java:994)
		at org.apache.jsp.AdminPage.AdminDashboard_jsp._jspService(AdminDashboard_jsp.java:162)
		at org.apache.jasper.runtime.HttpJspBase.service(HttpJspBase.java:67)
		at jakarta.servlet.http.HttpServlet.service(HttpServlet.java:716)
		at org.apache.jasper.servlet.JspServletWrapper.service(JspServletWrapper.java:456)
		at org.apache.jasper.servlet.JspServlet.serviceJspFile(JspServlet.java:354)
		at org.apache.jasper.servlet.JspServlet.service(JspServlet.java:302)
		at jakarta.servlet.http.HttpServlet.service(HttpServlet.java:716)
		at org.apache.catalina.core.ApplicationFilterChain.doFilter(ApplicationFilterChain.java:130)
		at org.apache.tomcat.websocket.server.WsFilter.doFilter(WsFilter.java:51)
		at org.apache.catalina.core.ApplicationFilterChain.doFilter(ApplicationFilterChain.java:109)
		at org.apache.catalina.core.StandardWrapperValve.invoke(StandardWrapperValve.java:167)
		at org.apache.catalina.core.StandardContextValve.invoke(StandardContextValve.java:79)
		at org.apache.catalina.authenticator.AuthenticatorBase.invoke(AuthenticatorBase.java:483)
		at org.apache.catalina.core.StandardHostValve.invoke(StandardHostValve.java:115)
		at org.apache.catalina.valves.ErrorReportValve.invoke(ErrorReportValve.java:93)
		at org.apache.catalina.valves.AbstractAccessLogValve.invoke(AbstractAccessLogValve.java:670)
		at org.apache.catalina.core.StandardEngineValve.invoke(StandardEngineValve.java:74)
		at org.apache.catalina.connector.CoyoteAdapter.service(CoyoteAdapter.java:342)
		at org.apache.coyote.http11.Http11Processor.service(Http11Processor.java:395)
		at org.apache.coyote.AbstractProcessorLight.process(AbstractProcessorLight.java:63)
		at org.apache.coyote.AbstractProtocol$ConnectionHandler.process(AbstractProtocol.java:905)
		at org.apache.tomcat.util.net.NioEndpoint$SocketProcessor.doRun(NioEndpoint.java:1748)
		at org.apache.tomcat.util.net.SocketProcessorBase.run(SocketProcessorBase.java:52)
		at org.apache.tomcat.util.threads.ThreadPoolExecutor.runWorker(ThreadPoolExecutor.java:1148)
		at org.apache.tomcat.util.threads.ThreadPoolExecutor$Worker.run(ThreadPoolExecutor.java:636)
		at org.apache.tomcat.util.threads.TaskThread$WrappingRunnable.run(TaskThread.java:63)
		at java.base/java.lang.Thread.run(Thread.java:1447)
07-May-2025 23:49:10.490 SEVERE [http-nio-8080-exec-166] org.apache.catalina.core.StandardWrapperValve.invoke Servlet.service() for servlet [jsp] in context with path [] threw exception [jakarta.servlet.ServletException: JSP file [&#47;AdminPage&#47;Sidebar.jsp] not found] with root cause
	jakarta.servlet.ServletException: JSP file [&#47;AdminPage&#47;Sidebar.jsp] not found
		at org.apache.jasper.servlet.JspServlet.handleMissingResource(JspServlet.java:375)
		at org.apache.jasper.servlet.JspServlet.serviceJspFile(JspServlet.java:343)
		at org.apache.jasper.servlet.JspServlet.service(JspServlet.java:302)
		at jakarta.servlet.http.HttpServlet.service(HttpServlet.java:716)
		at org.apache.catalina.core.ApplicationFilterChain.doFilter(ApplicationFilterChain.java:130)
		at org.apache.catalina.core.ApplicationDispatcher.invoke(ApplicationDispatcher.java:539)
		at org.apache.catalina.core.ApplicationDispatcher.include(ApplicationDispatcher.java:436)
		at org.apache.jasper.runtime.JspRuntimeLibrary.include(JspRuntimeLibrary.java:994)
		at org.apache.jsp.AdminPage.AdminDashboard_jsp._jspService(AdminDashboard_jsp.java:162)
		at org.apache.jasper.runtime.HttpJspBase.service(HttpJspBase.java:67)
		at jakarta.servlet.http.HttpServlet.service(HttpServlet.java:716)
		at org.apache.jasper.servlet.JspServletWrapper.service(JspServletWrapper.java:456)
		at org.apache.jasper.servlet.JspServlet.serviceJspFile(JspServlet.java:354)
		at org.apache.jasper.servlet.JspServlet.service(JspServlet.java:302)
		at jakarta.servlet.http.HttpServlet.service(HttpServlet.java:716)
		at org.apache.catalina.core.ApplicationFilterChain.doFilter(ApplicationFilterChain.java:130)
		at org.apache.tomcat.websocket.server.WsFilter.doFilter(WsFilter.java:51)
		at org.apache.catalina.core.ApplicationFilterChain.doFilter(ApplicationFilterChain.java:109)
		at org.apache.catalina.core.StandardWrapperValve.invoke(StandardWrapperValve.java:167)
		at org.apache.catalina.core.StandardContextValve.invoke(StandardContextValve.java:79)
		at org.apache.catalina.authenticator.AuthenticatorBase.invoke(AuthenticatorBase.java:483)
		at org.apache.catalina.core.StandardHostValve.invoke(StandardHostValve.java:115)
		at org.apache.catalina.valves.ErrorReportValve.invoke(ErrorReportValve.java:93)
		at org.apache.catalina.valves.AbstractAccessLogValve.invoke(AbstractAccessLogValve.java:670)
		at org.apache.catalina.core.StandardEngineValve.invoke(StandardEngineValve.java:74)
		at org.apache.catalina.connector.CoyoteAdapter.service(CoyoteAdapter.java:342)
		at org.apache.coyote.http11.Http11Processor.service(Http11Processor.java:395)
		at org.apache.coyote.AbstractProcessorLight.process(AbstractProcessorLight.java:63)
		at org.apache.coyote.AbstractProtocol$ConnectionHandler.process(AbstractProtocol.java:905)
		at org.apache.tomcat.util.net.NioEndpoint$SocketProcessor.doRun(NioEndpoint.java:1748)
		at org.apache.tomcat.util.net.SocketProcessorBase.run(SocketProcessorBase.java:52)
		at org.apache.tomcat.util.threads.ThreadPoolExecutor.runWorker(ThreadPoolExecutor.java:1148)
		at org.apache.tomcat.util.threads.ThreadPoolExecutor$Worker.run(ThreadPoolExecutor.java:636)
		at org.apache.tomcat.util.threads.TaskThread$WrappingRunnable.run(TaskThread.java:63)
		at java.base/java.lang.Thread.run(Thread.java:1447)
07-May-2025 23:49:11.466 SEVERE [http-nio-8080-exec-167] org.apache.catalina.core.ApplicationDispatcher.invoke Servlet.service() for servlet [jsp] threw exception
	jakarta.servlet.ServletException: JSP file [&#47;AdminPage&#47;Sidebar.jsp] not found
		at org.apache.jasper.servlet.JspServlet.handleMissingResource(JspServlet.java:375)
		at org.apache.jasper.servlet.JspServlet.serviceJspFile(JspServlet.java:343)
		at org.apache.jasper.servlet.JspServlet.service(JspServlet.java:302)
		at jakarta.servlet.http.HttpServlet.service(HttpServlet.java:716)
		at org.apache.catalina.core.ApplicationFilterChain.doFilter(ApplicationFilterChain.java:130)
		at org.apache.catalina.core.ApplicationDispatcher.invoke(ApplicationDispatcher.java:539)
		at org.apache.catalina.core.ApplicationDispatcher.include(ApplicationDispatcher.java:436)
		at org.apache.jasper.runtime.JspRuntimeLibrary.include(JspRuntimeLibrary.java:994)
		at org.apache.jsp.AdminPage.AdminDashboard_jsp._jspService(AdminDashboard_jsp.java:162)
		at org.apache.jasper.runtime.HttpJspBase.service(HttpJspBase.java:67)
		at jakarta.servlet.http.HttpServlet.service(HttpServlet.java:716)
		at org.apache.jasper.servlet.JspServletWrapper.service(JspServletWrapper.java:456)
		at org.apache.jasper.servlet.JspServlet.serviceJspFile(JspServlet.java:354)
		at org.apache.jasper.servlet.JspServlet.service(JspServlet.java:302)
		at jakarta.servlet.http.HttpServlet.service(HttpServlet.java:716)
		at org.apache.catalina.core.ApplicationFilterChain.doFilter(ApplicationFilterChain.java:130)
		at org.apache.tomcat.websocket.server.WsFilter.doFilter(WsFilter.java:51)
		at org.apache.catalina.core.ApplicationFilterChain.doFilter(ApplicationFilterChain.java:109)
		at org.apache.catalina.core.StandardWrapperValve.invoke(StandardWrapperValve.java:167)
		at org.apache.catalina.core.StandardContextValve.invoke(StandardContextValve.java:79)
		at org.apache.catalina.authenticator.AuthenticatorBase.invoke(AuthenticatorBase.java:483)
		at org.apache.catalina.core.StandardHostValve.invoke(StandardHostValve.java:115)
		at org.apache.catalina.valves.ErrorReportValve.invoke(ErrorReportValve.java:93)
		at org.apache.catalina.valves.AbstractAccessLogValve.invoke(AbstractAccessLogValve.java:670)
		at org.apache.catalina.core.StandardEngineValve.invoke(StandardEngineValve.java:74)
		at org.apache.catalina.connector.CoyoteAdapter.service(CoyoteAdapter.java:342)
		at org.apache.coyote.http11.Http11Processor.service(Http11Processor.java:395)
		at org.apache.coyote.AbstractProcessorLight.process(AbstractProcessorLight.java:63)
		at org.apache.coyote.AbstractProtocol$ConnectionHandler.process(AbstractProtocol.java:905)
		at org.apache.tomcat.util.net.NioEndpoint$SocketProcessor.doRun(NioEndpoint.java:1748)
		at org.apache.tomcat.util.net.SocketProcessorBase.run(SocketProcessorBase.java:52)
		at org.apache.tomcat.util.threads.ThreadPoolExecutor.runWorker(ThreadPoolExecutor.java:1148)
		at org.apache.tomcat.util.threads.ThreadPoolExecutor$Worker.run(ThreadPoolExecutor.java:636)
		at org.apache.tomcat.util.threads.TaskThread$WrappingRunnable.run(TaskThread.java:63)
		at java.base/java.lang.Thread.run(Thread.java:1447)
07-May-2025 23:49:11.466 SEVERE [http-nio-8080-exec-167] org.apache.catalina.core.StandardWrapperValve.invoke Servlet.service() for servlet [jsp] in context with path [] threw exception [jakarta.servlet.ServletException: JSP file [&#47;AdminPage&#47;Sidebar.jsp] not found] with root cause
	jakarta.servlet.ServletException: JSP file [&#47;AdminPage&#47;Sidebar.jsp] not found
		at org.apache.jasper.servlet.JspServlet.handleMissingResource(JspServlet.java:375)
		at org.apache.jasper.servlet.JspServlet.serviceJspFile(JspServlet.java:343)
		at org.apache.jasper.servlet.JspServlet.service(JspServlet.java:302)
		at jakarta.servlet.http.HttpServlet.service(HttpServlet.java:716)
		at org.apache.catalina.core.ApplicationFilterChain.doFilter(ApplicationFilterChain.java:130)
		at org.apache.catalina.core.ApplicationDispatcher.invoke(ApplicationDispatcher.java:539)
		at org.apache.catalina.core.ApplicationDispatcher.include(ApplicationDispatcher.java:436)
		at org.apache.jasper.runtime.JspRuntimeLibrary.include(JspRuntimeLibrary.java:994)
		at org.apache.jsp.AdminPage.AdminDashboard_jsp._jspService(AdminDashboard_jsp.java:162)
		at org.apache.jasper.runtime.HttpJspBase.service(HttpJspBase.java:67)
		at jakarta.servlet.http.HttpServlet.service(HttpServlet.java:716)
		at org.apache.jasper.servlet.JspServletWrapper.service(JspServletWrapper.java:456)
		at org.apache.jasper.servlet.JspServlet.serviceJspFile(JspServlet.java:354)
		at org.apache.jasper.servlet.JspServlet.service(JspServlet.java:302)
		at jakarta.servlet.http.HttpServlet.service(HttpServlet.java:716)
		at org.apache.catalina.core.ApplicationFilterChain.doFilter(ApplicationFilterChain.java:130)
		at org.apache.tomcat.websocket.server.WsFilter.doFilter(WsFilter.java:51)
		at org.apache.catalina.core.ApplicationFilterChain.doFilter(ApplicationFilterChain.java:109)
		at org.apache.catalina.core.StandardWrapperValve.invoke(StandardWrapperValve.java:167)
		at org.apache.catalina.core.StandardContextValve.invoke(StandardContextValve.java:79)
		at org.apache.catalina.authenticator.AuthenticatorBase.invoke(AuthenticatorBase.java:483)
		at org.apache.catalina.core.StandardHostValve.invoke(StandardHostValve.java:115)
		at org.apache.catalina.valves.ErrorReportValve.invoke(ErrorReportValve.java:93)
		at org.apache.catalina.valves.AbstractAccessLogValve.invoke(AbstractAccessLogValve.java:670)
		at org.apache.catalina.core.StandardEngineValve.invoke(StandardEngineValve.java:74)
		at org.apache.catalina.connector.CoyoteAdapter.service(CoyoteAdapter.java:342)
		at org.apache.coyote.http11.Http11Processor.service(Http11Processor.java:395)
		at org.apache.coyote.AbstractProcessorLight.process(AbstractProcessorLight.java:63)
		at org.apache.coyote.AbstractProtocol$ConnectionHandler.process(AbstractProtocol.java:905)
		at org.apache.tomcat.util.net.NioEndpoint$SocketProcessor.doRun(NioEndpoint.java:1748)
		at org.apache.tomcat.util.net.SocketProcessorBase.run(SocketProcessorBase.java:52)
		at org.apache.tomcat.util.threads.ThreadPoolExecutor.runWorker(ThreadPoolExecutor.java:1148)
		at org.apache.tomcat.util.threads.ThreadPoolExecutor$Worker.run(ThreadPoolExecutor.java:636)
		at org.apache.tomcat.util.threads.TaskThread$WrappingRunnable.run(TaskThread.java:63)
		at java.base/java.lang.Thread.run(Thread.java:1447)
07-May-2025 23:49:11.713 SEVERE [http-nio-8080-exec-168] org.apache.catalina.core.ApplicationDispatcher.invoke Servlet.service() for servlet [jsp] threw exception
	jakarta.servlet.ServletException: JSP file [&#47;AdminPage&#47;Sidebar.jsp] not found
		at org.apache.jasper.servlet.JspServlet.handleMissingResource(JspServlet.java:375)
		at org.apache.jasper.servlet.JspServlet.serviceJspFile(JspServlet.java:343)
		at org.apache.jasper.servlet.JspServlet.service(JspServlet.java:302)
		at jakarta.servlet.http.HttpServlet.service(HttpServlet.java:716)
		at org.apache.catalina.core.ApplicationFilterChain.doFilter(ApplicationFilterChain.java:130)
		at org.apache.catalina.core.ApplicationDispatcher.invoke(ApplicationDispatcher.java:539)
		at org.apache.catalina.core.ApplicationDispatcher.include(ApplicationDispatcher.java:436)
		at org.apache.jasper.runtime.JspRuntimeLibrary.include(JspRuntimeLibrary.java:994)
		at org.apache.jsp.AdminPage.AdminDashboard_jsp._jspService(AdminDashboard_jsp.java:162)
		at org.apache.jasper.runtime.HttpJspBase.service(HttpJspBase.java:67)
		at jakarta.servlet.http.HttpServlet.service(HttpServlet.java:716)
		at org.apache.jasper.servlet.JspServletWrapper.service(JspServletWrapper.java:456)
		at org.apache.jasper.servlet.JspServlet.serviceJspFile(JspServlet.java:354)
		at org.apache.jasper.servlet.JspServlet.service(JspServlet.java:302)
		at jakarta.servlet.http.HttpServlet.service(HttpServlet.java:716)
		at org.apache.catalina.core.ApplicationFilterChain.doFilter(ApplicationFilterChain.java:130)
		at org.apache.tomcat.websocket.server.WsFilter.doFilter(WsFilter.java:51)
		at org.apache.catalina.core.ApplicationFilterChain.doFilter(ApplicationFilterChain.java:109)
		at org.apache.catalina.core.StandardWrapperValve.invoke(StandardWrapperValve.java:167)
		at org.apache.catalina.core.StandardContextValve.invoke(StandardContextValve.java:79)
		at org.apache.catalina.authenticator.AuthenticatorBase.invoke(AuthenticatorBase.java:483)
		at org.apache.catalina.core.StandardHostValve.invoke(StandardHostValve.java:115)
		at org.apache.catalina.valves.ErrorReportValve.invoke(ErrorReportValve.java:93)
		at org.apache.catalina.valves.AbstractAccessLogValve.invoke(AbstractAccessLogValve.java:670)
		at org.apache.catalina.core.StandardEngineValve.invoke(StandardEngineValve.java:74)
		at org.apache.catalina.connector.CoyoteAdapter.service(CoyoteAdapter.java:342)
		at org.apache.coyote.http11.Http11Processor.service(Http11Processor.java:395)
		at org.apache.coyote.AbstractProcessorLight.process(AbstractProcessorLight.java:63)
		at org.apache.coyote.AbstractProtocol$ConnectionHandler.process(AbstractProtocol.java:905)
		at org.apache.tomcat.util.net.NioEndpoint$SocketProcessor.doRun(NioEndpoint.java:1748)
		at org.apache.tomcat.util.net.SocketProcessorBase.run(SocketProcessorBase.java:52)
		at org.apache.tomcat.util.threads.ThreadPoolExecutor.runWorker(ThreadPoolExecutor.java:1148)
		at org.apache.tomcat.util.threads.ThreadPoolExecutor$Worker.run(ThreadPoolExecutor.java:636)
		at org.apache.tomcat.util.threads.TaskThread$WrappingRunnable.run(TaskThread.java:63)
		at java.base/java.lang.Thread.run(Thread.java:1447)
07-May-2025 23:49:11.713 SEVERE [http-nio-8080-exec-168] org.apache.catalina.core.StandardWrapperValve.invoke Servlet.service() for servlet [jsp] in context with path [] threw exception [jakarta.servlet.ServletException: JSP file [&#47;AdminPage&#47;Sidebar.jsp] not found] with root cause
	jakarta.servlet.ServletException: JSP file [&#47;AdminPage&#47;Sidebar.jsp] not found
		at org.apache.jasper.servlet.JspServlet.handleMissingResource(JspServlet.java:375)
		at org.apache.jasper.servlet.JspServlet.serviceJspFile(JspServlet.java:343)
		at org.apache.jasper.servlet.JspServlet.service(JspServlet.java:302)
		at jakarta.servlet.http.HttpServlet.service(HttpServlet.java:716)
		at org.apache.catalina.core.ApplicationFilterChain.doFilter(ApplicationFilterChain.java:130)
		at org.apache.catalina.core.ApplicationDispatcher.invoke(ApplicationDispatcher.java:539)
		at org.apache.catalina.core.ApplicationDispatcher.include(ApplicationDispatcher.java:436)
		at org.apache.jasper.runtime.JspRuntimeLibrary.include(JspRuntimeLibrary.java:994)
		at org.apache.jsp.AdminPage.AdminDashboard_jsp._jspService(AdminDashboard_jsp.java:162)
		at org.apache.jasper.runtime.HttpJspBase.service(HttpJspBase.java:67)
		at jakarta.servlet.http.HttpServlet.service(HttpServlet.java:716)
		at org.apache.jasper.servlet.JspServletWrapper.service(JspServletWrapper.java:456)
		at org.apache.jasper.servlet.JspServlet.serviceJspFile(JspServlet.java:354)
		at org.apache.jasper.servlet.JspServlet.service(JspServlet.java:302)
		at jakarta.servlet.http.HttpServlet.service(HttpServlet.java:716)
		at org.apache.catalina.core.ApplicationFilterChain.doFilter(ApplicationFilterChain.java:130)
		at org.apache.tomcat.websocket.server.WsFilter.doFilter(WsFilter.java:51)
		at org.apache.catalina.core.ApplicationFilterChain.doFilter(ApplicationFilterChain.java:109)
		at org.apache.catalina.core.StandardWrapperValve.invoke(StandardWrapperValve.java:167)
		at org.apache.catalina.core.StandardContextValve.invoke(StandardContextValve.java:79)
		at org.apache.catalina.authenticator.AuthenticatorBase.invoke(AuthenticatorBase.java:483)
		at org.apache.catalina.core.StandardHostValve.invoke(StandardHostValve.java:115)
		at org.apache.catalina.valves.ErrorReportValve.invoke(ErrorReportValve.java:93)
		at org.apache.catalina.valves.AbstractAccessLogValve.invoke(AbstractAccessLogValve.java:670)
		at org.apache.catalina.core.StandardEngineValve.invoke(StandardEngineValve.java:74)
		at org.apache.catalina.connector.CoyoteAdapter.service(CoyoteAdapter.java:342)
		at org.apache.coyote.http11.Http11Processor.service(Http11Processor.java:395)
		at org.apache.coyote.AbstractProcessorLight.process(AbstractProcessorLight.java:63)
		at org.apache.coyote.AbstractProtocol$ConnectionHandler.process(AbstractProtocol.java:905)
		at org.apache.tomcat.util.net.NioEndpoint$SocketProcessor.doRun(NioEndpoint.java:1748)
		at org.apache.tomcat.util.net.SocketProcessorBase.run(SocketProcessorBase.java:52)
		at org.apache.tomcat.util.threads.ThreadPoolExecutor.runWorker(ThreadPoolExecutor.java:1148)
		at org.apache.tomcat.util.threads.ThreadPoolExecutor$Worker.run(ThreadPoolExecutor.java:636)
		at org.apache.tomcat.util.threads.TaskThread$WrappingRunnable.run(TaskThread.java:63)
		at java.base/java.lang.Thread.run(Thread.java:1447)
07-May-2025 23:49:11.990 SEVERE [http-nio-8080-exec-159] org.apache.catalina.core.ApplicationDispatcher.invoke Servlet.service() for servlet [jsp] threw exception
	jakarta.servlet.ServletException: JSP file [&#47;AdminPage&#47;Sidebar.jsp] not found
		at org.apache.jasper.servlet.JspServlet.handleMissingResource(JspServlet.java:375)
		at org.apache.jasper.servlet.JspServlet.serviceJspFile(JspServlet.java:343)
		at org.apache.jasper.servlet.JspServlet.service(JspServlet.java:302)
		at jakarta.servlet.http.HttpServlet.service(HttpServlet.java:716)
		at org.apache.catalina.core.ApplicationFilterChain.doFilter(ApplicationFilterChain.java:130)
		at org.apache.catalina.core.ApplicationDispatcher.invoke(ApplicationDispatcher.java:539)
		at org.apache.catalina.core.ApplicationDispatcher.include(ApplicationDispatcher.java:436)
		at org.apache.jasper.runtime.JspRuntimeLibrary.include(JspRuntimeLibrary.java:994)
		at org.apache.jsp.AdminPage.AdminDashboard_jsp._jspService(AdminDashboard_jsp.java:162)
		at org.apache.jasper.runtime.HttpJspBase.service(HttpJspBase.java:67)
		at jakarta.servlet.http.HttpServlet.service(HttpServlet.java:716)
		at org.apache.jasper.servlet.JspServletWrapper.service(JspServletWrapper.java:456)
		at org.apache.jasper.servlet.JspServlet.serviceJspFile(JspServlet.java:354)
		at org.apache.jasper.servlet.JspServlet.service(JspServlet.java:302)
		at jakarta.servlet.http.HttpServlet.service(HttpServlet.java:716)
		at org.apache.catalina.core.ApplicationFilterChain.doFilter(ApplicationFilterChain.java:130)
		at org.apache.tomcat.websocket.server.WsFilter.doFilter(WsFilter.java:51)
		at org.apache.catalina.core.ApplicationFilterChain.doFilter(ApplicationFilterChain.java:109)
		at org.apache.catalina.core.StandardWrapperValve.invoke(StandardWrapperValve.java:167)
		at org.apache.catalina.core.StandardContextValve.invoke(StandardContextValve.java:79)
		at org.apache.catalina.authenticator.AuthenticatorBase.invoke(AuthenticatorBase.java:483)
		at org.apache.catalina.core.StandardHostValve.invoke(StandardHostValve.java:115)
		at org.apache.catalina.valves.ErrorReportValve.invoke(ErrorReportValve.java:93)
		at org.apache.catalina.valves.AbstractAccessLogValve.invoke(AbstractAccessLogValve.java:670)
		at org.apache.catalina.core.StandardEngineValve.invoke(StandardEngineValve.java:74)
		at org.apache.catalina.connector.CoyoteAdapter.service(CoyoteAdapter.java:342)
		at org.apache.coyote.http11.Http11Processor.service(Http11Processor.java:395)
		at org.apache.coyote.AbstractProcessorLight.process(AbstractProcessorLight.java:63)
		at org.apache.coyote.AbstractProtocol$ConnectionHandler.process(AbstractProtocol.java:905)
		at org.apache.tomcat.util.net.NioEndpoint$SocketProcessor.doRun(NioEndpoint.java:1748)
		at org.apache.tomcat.util.net.SocketProcessorBase.run(SocketProcessorBase.java:52)
		at org.apache.tomcat.util.threads.ThreadPoolExecutor.runWorker(ThreadPoolExecutor.java:1148)
		at org.apache.tomcat.util.threads.ThreadPoolExecutor$Worker.run(ThreadPoolExecutor.java:636)
		at org.apache.tomcat.util.threads.TaskThread$WrappingRunnable.run(TaskThread.java:63)
		at java.base/java.lang.Thread.run(Thread.java:1447)
07-May-2025 23:49:11.990 SEVERE [http-nio-8080-exec-159] org.apache.catalina.core.StandardWrapperValve.invoke Servlet.service() for servlet [jsp] in context with path [] threw exception [jakarta.servlet.ServletException: JSP file [&#47;AdminPage&#47;Sidebar.jsp] not found] with root cause
	jakarta.servlet.ServletException: JSP file [&#47;AdminPage&#47;Sidebar.jsp] not found
		at org.apache.jasper.servlet.JspServlet.handleMissingResource(JspServlet.java:375)
		at org.apache.jasper.servlet.JspServlet.serviceJspFile(JspServlet.java:343)
		at org.apache.jasper.servlet.JspServlet.service(JspServlet.java:302)
		at jakarta.servlet.http.HttpServlet.service(HttpServlet.java:716)
		at org.apache.catalina.core.ApplicationFilterChain.doFilter(ApplicationFilterChain.java:130)
		at org.apache.catalina.core.ApplicationDispatcher.invoke(ApplicationDispatcher.java:539)
		at org.apache.catalina.core.ApplicationDispatcher.include(ApplicationDispatcher.java:436)
		at org.apache.jasper.runtime.JspRuntimeLibrary.include(JspRuntimeLibrary.java:994)
		at org.apache.jsp.AdminPage.AdminDashboard_jsp._jspService(AdminDashboard_jsp.java:162)
		at org.apache.jasper.runtime.HttpJspBase.service(HttpJspBase.java:67)
		at jakarta.servlet.http.HttpServlet.service(HttpServlet.java:716)
		at org.apache.jasper.servlet.JspServletWrapper.service(JspServletWrapper.java:456)
		at org.apache.jasper.servlet.JspServlet.serviceJspFile(JspServlet.java:354)
		at org.apache.jasper.servlet.JspServlet.service(JspServlet.java:302)
		at jakarta.servlet.http.HttpServlet.service(HttpServlet.java:716)
		at org.apache.catalina.core.ApplicationFilterChain.doFilter(ApplicationFilterChain.java:130)
		at org.apache.tomcat.websocket.server.WsFilter.doFilter(WsFilter.java:51)
		at org.apache.catalina.core.ApplicationFilterChain.doFilter(ApplicationFilterChain.java:109)
		at org.apache.catalina.core.StandardWrapperValve.invoke(StandardWrapperValve.java:167)
		at org.apache.catalina.core.StandardContextValve.invoke(StandardContextValve.java:79)
		at org.apache.catalina.authenticator.AuthenticatorBase.invoke(AuthenticatorBase.java:483)
		at org.apache.catalina.core.StandardHostValve.invoke(StandardHostValve.java:115)
		at org.apache.catalina.valves.ErrorReportValve.invoke(ErrorReportValve.java:93)
		at org.apache.catalina.valves.AbstractAccessLogValve.invoke(AbstractAccessLogValve.java:670)
		at org.apache.catalina.core.StandardEngineValve.invoke(StandardEngineValve.java:74)
		at org.apache.catalina.connector.CoyoteAdapter.service(CoyoteAdapter.java:342)
		at org.apache.coyote.http11.Http11Processor.service(Http11Processor.java:395)
		at org.apache.coyote.AbstractProcessorLight.process(AbstractProcessorLight.java:63)
		at org.apache.coyote.AbstractProtocol$ConnectionHandler.process(AbstractProtocol.java:905)
		at org.apache.tomcat.util.net.NioEndpoint$SocketProcessor.doRun(NioEndpoint.java:1748)
		at org.apache.tomcat.util.net.SocketProcessorBase.run(SocketProcessorBase.java:52)
		at org.apache.tomcat.util.threads.ThreadPoolExecutor.runWorker(ThreadPoolExecutor.java:1148)
		at org.apache.tomcat.util.threads.ThreadPoolExecutor$Worker.run(ThreadPoolExecutor.java:636)
		at org.apache.tomcat.util.threads.TaskThread$WrappingRunnable.run(TaskThread.java:63)
		at java.base/java.lang.Thread.run(Thread.java:1447)
07-May-2025 23:49:12.124 SEVERE [http-nio-8080-exec-160] org.apache.catalina.core.ApplicationDispatcher.invoke Servlet.service() for servlet [jsp] threw exception
	jakarta.servlet.ServletException: JSP file [&#47;AdminPage&#47;Sidebar.jsp] not found
		at org.apache.jasper.servlet.JspServlet.handleMissingResource(JspServlet.java:375)
		at org.apache.jasper.servlet.JspServlet.serviceJspFile(JspServlet.java:343)
		at org.apache.jasper.servlet.JspServlet.service(JspServlet.java:302)
		at jakarta.servlet.http.HttpServlet.service(HttpServlet.java:716)
		at org.apache.catalina.core.ApplicationFilterChain.doFilter(ApplicationFilterChain.java:130)
		at org.apache.catalina.core.ApplicationDispatcher.invoke(ApplicationDispatcher.java:539)
		at org.apache.catalina.core.ApplicationDispatcher.include(ApplicationDispatcher.java:436)
		at org.apache.jasper.runtime.JspRuntimeLibrary.include(JspRuntimeLibrary.java:994)
		at org.apache.jsp.AdminPage.AdminDashboard_jsp._jspService(AdminDashboard_jsp.java:162)
		at org.apache.jasper.runtime.HttpJspBase.service(HttpJspBase.java:67)
		at jakarta.servlet.http.HttpServlet.service(HttpServlet.java:716)
		at org.apache.jasper.servlet.JspServletWrapper.service(JspServletWrapper.java:456)
		at org.apache.jasper.servlet.JspServlet.serviceJspFile(JspServlet.java:354)
		at org.apache.jasper.servlet.JspServlet.service(JspServlet.java:302)
		at jakarta.servlet.http.HttpServlet.service(HttpServlet.java:716)
		at org.apache.catalina.core.ApplicationFilterChain.doFilter(ApplicationFilterChain.java:130)
		at org.apache.tomcat.websocket.server.WsFilter.doFilter(WsFilter.java:51)
		at org.apache.catalina.core.ApplicationFilterChain.doFilter(ApplicationFilterChain.java:109)
		at org.apache.catalina.core.StandardWrapperValve.invoke(StandardWrapperValve.java:167)
		at org.apache.catalina.core.StandardContextValve.invoke(StandardContextValve.java:79)
		at org.apache.catalina.authenticator.AuthenticatorBase.invoke(AuthenticatorBase.java:483)
		at org.apache.catalina.core.StandardHostValve.invoke(StandardHostValve.java:115)
		at org.apache.catalina.valves.ErrorReportValve.invoke(ErrorReportValve.java:93)
		at org.apache.catalina.valves.AbstractAccessLogValve.invoke(AbstractAccessLogValve.java:670)
		at org.apache.catalina.core.StandardEngineValve.invoke(StandardEngineValve.java:74)
		at org.apache.catalina.connector.CoyoteAdapter.service(CoyoteAdapter.java:342)
		at org.apache.coyote.http11.Http11Processor.service(Http11Processor.java:395)
		at org.apache.coyote.AbstractProcessorLight.process(AbstractProcessorLight.java:63)
		at org.apache.coyote.AbstractProtocol$ConnectionHandler.process(AbstractProtocol.java:905)
		at org.apache.tomcat.util.net.NioEndpoint$SocketProcessor.doRun(NioEndpoint.java:1748)
		at org.apache.tomcat.util.net.SocketProcessorBase.run(SocketProcessorBase.java:52)
		at org.apache.tomcat.util.threads.ThreadPoolExecutor.runWorker(ThreadPoolExecutor.java:1148)
		at org.apache.tomcat.util.threads.ThreadPoolExecutor$Worker.run(ThreadPoolExecutor.java:636)
		at org.apache.tomcat.util.threads.TaskThread$WrappingRunnable.run(TaskThread.java:63)
		at java.base/java.lang.Thread.run(Thread.java:1447)
07-May-2025 23:49:12.124 SEVERE [http-nio-8080-exec-160] org.apache.catalina.core.StandardWrapperValve.invoke Servlet.service() for servlet [jsp] in context with path [] threw exception [jakarta.servlet.ServletException: JSP file [&#47;AdminPage&#47;Sidebar.jsp] not found] with root cause
	jakarta.servlet.ServletException: JSP file [&#47;AdminPage&#47;Sidebar.jsp] not found
		at org.apache.jasper.servlet.JspServlet.handleMissingResource(JspServlet.java:375)
		at org.apache.jasper.servlet.JspServlet.serviceJspFile(JspServlet.java:343)
		at org.apache.jasper.servlet.JspServlet.service(JspServlet.java:302)
		at jakarta.servlet.http.HttpServlet.service(HttpServlet.java:716)
		at org.apache.catalina.core.ApplicationFilterChain.doFilter(ApplicationFilterChain.java:130)
		at org.apache.catalina.core.ApplicationDispatcher.invoke(ApplicationDispatcher.java:539)
		at org.apache.catalina.core.ApplicationDispatcher.include(ApplicationDispatcher.java:436)
		at org.apache.jasper.runtime.JspRuntimeLibrary.include(JspRuntimeLibrary.java:994)
		at org.apache.jsp.AdminPage.AdminDashboard_jsp._jspService(AdminDashboard_jsp.java:162)
		at org.apache.jasper.runtime.HttpJspBase.service(HttpJspBase.java:67)
		at jakarta.servlet.http.HttpServlet.service(HttpServlet.java:716)
		at org.apache.jasper.servlet.JspServletWrapper.service(JspServletWrapper.java:456)
		at org.apache.jasper.servlet.JspServlet.serviceJspFile(JspServlet.java:354)
		at org.apache.jasper.servlet.JspServlet.service(JspServlet.java:302)
		at jakarta.servlet.http.HttpServlet.service(HttpServlet.java:716)
		at org.apache.catalina.core.ApplicationFilterChain.doFilter(ApplicationFilterChain.java:130)
		at org.apache.tomcat.websocket.server.WsFilter.doFilter(WsFilter.java:51)
		at org.apache.catalina.core.ApplicationFilterChain.doFilter(ApplicationFilterChain.java:109)
		at org.apache.catalina.core.StandardWrapperValve.invoke(StandardWrapperValve.java:167)
		at org.apache.catalina.core.StandardContextValve.invoke(StandardContextValve.java:79)
		at org.apache.catalina.authenticator.AuthenticatorBase.invoke(AuthenticatorBase.java:483)
		at org.apache.catalina.core.StandardHostValve.invoke(StandardHostValve.java:115)
		at org.apache.catalina.valves.ErrorReportValve.invoke(ErrorReportValve.java:93)
		at org.apache.catalina.valves.AbstractAccessLogValve.invoke(AbstractAccessLogValve.java:670)
		at org.apache.catalina.core.StandardEngineValve.invoke(StandardEngineValve.java:74)
		at org.apache.catalina.connector.CoyoteAdapter.service(CoyoteAdapter.java:342)
		at org.apache.coyote.http11.Http11Processor.service(Http11Processor.java:395)
		at org.apache.coyote.AbstractProcessorLight.process(AbstractProcessorLight.java:63)
		at org.apache.coyote.AbstractProtocol$ConnectionHandler.process(AbstractProtocol.java:905)
		at org.apache.tomcat.util.net.NioEndpoint$SocketProcessor.doRun(NioEndpoint.java:1748)
		at org.apache.tomcat.util.net.SocketProcessorBase.run(SocketProcessorBase.java:52)
		at org.apache.tomcat.util.threads.ThreadPoolExecutor.runWorker(ThreadPoolExecutor.java:1148)
		at org.apache.tomcat.util.threads.ThreadPoolExecutor$Worker.run(ThreadPoolExecutor.java:636)
		at org.apache.tomcat.util.threads.TaskThread$WrappingRunnable.run(TaskThread.java:63)
		at java.base/java.lang.Thread.run(Thread.java:1447)
07-May-2025 23:49:12.254 SEVERE [http-nio-8080-exec-161] org.apache.catalina.core.ApplicationDispatcher.invoke Servlet.service() for servlet [jsp] threw exception
	jakarta.servlet.ServletException: JSP file [&#47;AdminPage&#47;Sidebar.jsp] not found
		at org.apache.jasper.servlet.JspServlet.handleMissingResource(JspServlet.java:375)
		at org.apache.jasper.servlet.JspServlet.serviceJspFile(JspServlet.java:343)
		at org.apache.jasper.servlet.JspServlet.service(JspServlet.java:302)
		at jakarta.servlet.http.HttpServlet.service(HttpServlet.java:716)
		at org.apache.catalina.core.ApplicationFilterChain.doFilter(ApplicationFilterChain.java:130)
		at org.apache.catalina.core.ApplicationDispatcher.invoke(ApplicationDispatcher.java:539)
		at org.apache.catalina.core.ApplicationDispatcher.include(ApplicationDispatcher.java:436)
		at org.apache.jasper.runtime.JspRuntimeLibrary.include(JspRuntimeLibrary.java:994)
		at org.apache.jsp.AdminPage.AdminDashboard_jsp._jspService(AdminDashboard_jsp.java:162)
		at org.apache.jasper.runtime.HttpJspBase.service(HttpJspBase.java:67)
		at jakarta.servlet.http.HttpServlet.service(HttpServlet.java:716)
		at org.apache.jasper.servlet.JspServletWrapper.service(JspServletWrapper.java:456)
		at org.apache.jasper.servlet.JspServlet.serviceJspFile(JspServlet.java:354)
		at org.apache.jasper.servlet.JspServlet.service(JspServlet.java:302)
		at jakarta.servlet.http.HttpServlet.service(HttpServlet.java:716)
		at org.apache.catalina.core.ApplicationFilterChain.doFilter(ApplicationFilterChain.java:130)
		at org.apache.tomcat.websocket.server.WsFilter.doFilter(WsFilter.java:51)
		at org.apache.catalina.core.ApplicationFilterChain.doFilter(ApplicationFilterChain.java:109)
		at org.apache.catalina.core.StandardWrapperValve.invoke(StandardWrapperValve.java:167)
		at org.apache.catalina.core.StandardContextValve.invoke(StandardContextValve.java:79)
		at org.apache.catalina.authenticator.AuthenticatorBase.invoke(AuthenticatorBase.java:483)
		at org.apache.catalina.core.StandardHostValve.invoke(StandardHostValve.java:115)
		at org.apache.catalina.valves.ErrorReportValve.invoke(ErrorReportValve.java:93)
		at org.apache.catalina.valves.AbstractAccessLogValve.invoke(AbstractAccessLogValve.java:670)
		at org.apache.catalina.core.StandardEngineValve.invoke(StandardEngineValve.java:74)
		at org.apache.catalina.connector.CoyoteAdapter.service(CoyoteAdapter.java:342)
		at org.apache.coyote.http11.Http11Processor.service(Http11Processor.java:395)
		at org.apache.coyote.AbstractProcessorLight.process(AbstractProcessorLight.java:63)
		at org.apache.coyote.AbstractProtocol$ConnectionHandler.process(AbstractProtocol.java:905)
		at org.apache.tomcat.util.net.NioEndpoint$SocketProcessor.doRun(NioEndpoint.java:1748)
		at org.apache.tomcat.util.net.SocketProcessorBase.run(SocketProcessorBase.java:52)
		at org.apache.tomcat.util.threads.ThreadPoolExecutor.runWorker(ThreadPoolExecutor.java:1148)
		at org.apache.tomcat.util.threads.ThreadPoolExecutor$Worker.run(ThreadPoolExecutor.java:636)
		at org.apache.tomcat.util.threads.TaskThread$WrappingRunnable.run(TaskThread.java:63)
		at java.base/java.lang.Thread.run(Thread.java:1447)
07-May-2025 23:49:12.254 SEVERE [http-nio-8080-exec-161] org.apache.catalina.core.StandardWrapperValve.invoke Servlet.service() for servlet [jsp] in context with path [] threw exception [jakarta.servlet.ServletException: JSP file [&#47;AdminPage&#47;Sidebar.jsp] not found] with root cause
	jakarta.servlet.ServletException: JSP file [&#47;AdminPage&#47;Sidebar.jsp] not found
		at org.apache.jasper.servlet.JspServlet.handleMissingResource(JspServlet.java:375)
		at org.apache.jasper.servlet.JspServlet.serviceJspFile(JspServlet.java:343)
		at org.apache.jasper.servlet.JspServlet.service(JspServlet.java:302)
		at jakarta.servlet.http.HttpServlet.service(HttpServlet.java:716)
		at org.apache.catalina.core.ApplicationFilterChain.doFilter(ApplicationFilterChain.java:130)
		at org.apache.catalina.core.ApplicationDispatcher.invoke(ApplicationDispatcher.java:539)
		at org.apache.catalina.core.ApplicationDispatcher.include(ApplicationDispatcher.java:436)
		at org.apache.jasper.runtime.JspRuntimeLibrary.include(JspRuntimeLibrary.java:994)
		at org.apache.jsp.AdminPage.AdminDashboard_jsp._jspService(AdminDashboard_jsp.java:162)
		at org.apache.jasper.runtime.HttpJspBase.service(HttpJspBase.java:67)
		at jakarta.servlet.http.HttpServlet.service(HttpServlet.java:716)
		at org.apache.jasper.servlet.JspServletWrapper.service(JspServletWrapper.java:456)
		at org.apache.jasper.servlet.JspServlet.serviceJspFile(JspServlet.java:354)
		at org.apache.jasper.servlet.JspServlet.service(JspServlet.java:302)
		at jakarta.servlet.http.HttpServlet.service(HttpServlet.java:716)
		at org.apache.catalina.core.ApplicationFilterChain.doFilter(ApplicationFilterChain.java:130)
		at org.apache.tomcat.websocket.server.WsFilter.doFilter(WsFilter.java:51)
		at org.apache.catalina.core.ApplicationFilterChain.doFilter(ApplicationFilterChain.java:109)
		at org.apache.catalina.core.StandardWrapperValve.invoke(StandardWrapperValve.java:167)
		at org.apache.catalina.core.StandardContextValve.invoke(StandardContextValve.java:79)
		at org.apache.catalina.authenticator.AuthenticatorBase.invoke(AuthenticatorBase.java:483)
		at org.apache.catalina.core.StandardHostValve.invoke(StandardHostValve.java:115)
		at org.apache.catalina.valves.ErrorReportValve.invoke(ErrorReportValve.java:93)
		at org.apache.catalina.valves.AbstractAccessLogValve.invoke(AbstractAccessLogValve.java:670)
		at org.apache.catalina.core.StandardEngineValve.invoke(StandardEngineValve.java:74)
		at org.apache.catalina.connector.CoyoteAdapter.service(CoyoteAdapter.java:342)
		at org.apache.coyote.http11.Http11Processor.service(Http11Processor.java:395)
		at org.apache.coyote.AbstractProcessorLight.process(AbstractProcessorLight.java:63)
		at org.apache.coyote.AbstractProtocol$ConnectionHandler.process(AbstractProtocol.java:905)
		at org.apache.tomcat.util.net.NioEndpoint$SocketProcessor.doRun(NioEndpoint.java:1748)
		at org.apache.tomcat.util.net.SocketProcessorBase.run(SocketProcessorBase.java:52)
		at org.apache.tomcat.util.threads.ThreadPoolExecutor.runWorker(ThreadPoolExecutor.java:1148)
		at org.apache.tomcat.util.threads.ThreadPoolExecutor$Worker.run(ThreadPoolExecutor.java:636)
		at org.apache.tomcat.util.threads.TaskThread$WrappingRunnable.run(TaskThread.java:63)
		at java.base/java.lang.Thread.run(Thread.java:1447)
07-May-2025 23:49:16.439 SEVERE [http-nio-8080-exec-160] org.apache.catalina.core.ApplicationDispatcher.invoke Servlet.service() for servlet [jsp] threw exception
	jakarta.servlet.ServletException: JSP file [&#47;AdminPage&#47;Sidebar.jsp] not found
		at org.apache.jasper.servlet.JspServlet.handleMissingResource(JspServlet.java:375)
		at org.apache.jasper.servlet.JspServlet.serviceJspFile(JspServlet.java:343)
		at org.apache.jasper.servlet.JspServlet.service(JspServlet.java:302)
		at jakarta.servlet.http.HttpServlet.service(HttpServlet.java:716)
		at org.apache.catalina.core.ApplicationFilterChain.doFilter(ApplicationFilterChain.java:130)
		at org.apache.catalina.core.ApplicationDispatcher.invoke(ApplicationDispatcher.java:539)
		at org.apache.catalina.core.ApplicationDispatcher.include(ApplicationDispatcher.java:436)
		at org.apache.jasper.runtime.JspRuntimeLibrary.include(JspRuntimeLibrary.java:994)
		at org.apache.jsp.AdminPage.AdminDashboard_jsp._jspService(AdminDashboard_jsp.java:162)
		at org.apache.jasper.runtime.HttpJspBase.service(HttpJspBase.java:67)
		at jakarta.servlet.http.HttpServlet.service(HttpServlet.java:716)
		at org.apache.jasper.servlet.JspServletWrapper.service(JspServletWrapper.java:456)
		at org.apache.jasper.servlet.JspServlet.serviceJspFile(JspServlet.java:354)
		at org.apache.jasper.servlet.JspServlet.service(JspServlet.java:302)
		at jakarta.servlet.http.HttpServlet.service(HttpServlet.java:716)
		at org.apache.catalina.core.ApplicationFilterChain.doFilter(ApplicationFilterChain.java:130)
		at org.apache.tomcat.websocket.server.WsFilter.doFilter(WsFilter.java:51)
		at org.apache.catalina.core.ApplicationFilterChain.doFilter(ApplicationFilterChain.java:109)
		at org.apache.catalina.core.StandardWrapperValve.invoke(StandardWrapperValve.java:167)
		at org.apache.catalina.core.StandardContextValve.invoke(StandardContextValve.java:79)
		at org.apache.catalina.authenticator.AuthenticatorBase.invoke(AuthenticatorBase.java:483)
		at org.apache.catalina.core.StandardHostValve.invoke(StandardHostValve.java:115)
		at org.apache.catalina.valves.ErrorReportValve.invoke(ErrorReportValve.java:93)
		at org.apache.catalina.valves.AbstractAccessLogValve.invoke(AbstractAccessLogValve.java:670)
		at org.apache.catalina.core.StandardEngineValve.invoke(StandardEngineValve.java:74)
		at org.apache.catalina.connector.CoyoteAdapter.service(CoyoteAdapter.java:342)
		at org.apache.coyote.http11.Http11Processor.service(Http11Processor.java:395)
		at org.apache.coyote.AbstractProcessorLight.process(AbstractProcessorLight.java:63)
		at org.apache.coyote.AbstractProtocol$ConnectionHandler.process(AbstractProtocol.java:905)
		at org.apache.tomcat.util.net.NioEndpoint$SocketProcessor.doRun(NioEndpoint.java:1748)
		at org.apache.tomcat.util.net.SocketProcessorBase.run(SocketProcessorBase.java:52)
		at org.apache.tomcat.util.threads.ThreadPoolExecutor.runWorker(ThreadPoolExecutor.java:1148)
		at org.apache.tomcat.util.threads.ThreadPoolExecutor$Worker.run(ThreadPoolExecutor.java:636)
		at org.apache.tomcat.util.threads.TaskThread$WrappingRunnable.run(TaskThread.java:63)
		at java.base/java.lang.Thread.run(Thread.java:1447)
07-May-2025 23:49:16.441 SEVERE [http-nio-8080-exec-160] org.apache.catalina.core.StandardWrapperValve.invoke Servlet.service() for servlet [jsp] in context with path [] threw exception [jakarta.servlet.ServletException: JSP file [&#47;AdminPage&#47;Sidebar.jsp] not found] with root cause
	jakarta.servlet.ServletException: JSP file [&#47;AdminPage&#47;Sidebar.jsp] not found
		at org.apache.jasper.servlet.JspServlet.handleMissingResource(JspServlet.java:375)
		at org.apache.jasper.servlet.JspServlet.serviceJspFile(JspServlet.java:343)
		at org.apache.jasper.servlet.JspServlet.service(JspServlet.java:302)
		at jakarta.servlet.http.HttpServlet.service(HttpServlet.java:716)
		at org.apache.catalina.core.ApplicationFilterChain.doFilter(ApplicationFilterChain.java:130)
		at org.apache.catalina.core.ApplicationDispatcher.invoke(ApplicationDispatcher.java:539)
		at org.apache.catalina.core.ApplicationDispatcher.include(ApplicationDispatcher.java:436)
		at org.apache.jasper.runtime.JspRuntimeLibrary.include(JspRuntimeLibrary.java:994)
		at org.apache.jsp.AdminPage.AdminDashboard_jsp._jspService(AdminDashboard_jsp.java:162)
		at org.apache.jasper.runtime.HttpJspBase.service(HttpJspBase.java:67)
		at jakarta.servlet.http.HttpServlet.service(HttpServlet.java:716)
		at org.apache.jasper.servlet.JspServletWrapper.service(JspServletWrapper.java:456)
		at org.apache.jasper.servlet.JspServlet.serviceJspFile(JspServlet.java:354)
		at org.apache.jasper.servlet.JspServlet.service(JspServlet.java:302)
		at jakarta.servlet.http.HttpServlet.service(HttpServlet.java:716)
		at org.apache.catalina.core.ApplicationFilterChain.doFilter(ApplicationFilterChain.java:130)
		at org.apache.tomcat.websocket.server.WsFilter.doFilter(WsFilter.java:51)
		at org.apache.catalina.core.ApplicationFilterChain.doFilter(ApplicationFilterChain.java:109)
		at org.apache.catalina.core.StandardWrapperValve.invoke(StandardWrapperValve.java:167)
		at org.apache.catalina.core.StandardContextValve.invoke(StandardContextValve.java:79)
		at org.apache.catalina.authenticator.AuthenticatorBase.invoke(AuthenticatorBase.java:483)
		at org.apache.catalina.core.StandardHostValve.invoke(StandardHostValve.java:115)
		at org.apache.catalina.valves.ErrorReportValve.invoke(ErrorReportValve.java:93)
		at org.apache.catalina.valves.AbstractAccessLogValve.invoke(AbstractAccessLogValve.java:670)
		at org.apache.catalina.core.StandardEngineValve.invoke(StandardEngineValve.java:74)
		at org.apache.catalina.connector.CoyoteAdapter.service(CoyoteAdapter.java:342)
		at org.apache.coyote.http11.Http11Processor.service(Http11Processor.java:395)
		at org.apache.coyote.AbstractProcessorLight.process(AbstractProcessorLight.java:63)
		at org.apache.coyote.AbstractProtocol$ConnectionHandler.process(AbstractProtocol.java:905)
		at org.apache.tomcat.util.net.NioEndpoint$SocketProcessor.doRun(NioEndpoint.java:1748)
		at org.apache.tomcat.util.net.SocketProcessorBase.run(SocketProcessorBase.java:52)
		at org.apache.tomcat.util.threads.ThreadPoolExecutor.runWorker(ThreadPoolExecutor.java:1148)
		at org.apache.tomcat.util.threads.ThreadPoolExecutor$Worker.run(ThreadPoolExecutor.java:636)
		at org.apache.tomcat.util.threads.TaskThread$WrappingRunnable.run(TaskThread.java:63)
		at java.base/java.lang.Thread.run(Thread.java:1447)
