05-May-2025 13:23:23.065 SEVERE [http-nio-8080-exec-6] org.apache.catalina.core.StandardWrapperValve.invoke Servlet.service() for servlet [jsp] in context with path [/Food] threw exception [Unable to compile class for JSP: 

An error occurred at line: [4] in the jsp file: [/AdminPage/AdminDashboard.jsp]
Duplicate local variable session
1: <%@ page language="java" contentType="text/html; charset=UTF-8" %>
2: <%
3:     // Ensure only logged-in admins can access this page
4:     HttpSession session = request.getSession(false);
5:     if (session == null || session.getAttribute("adminUser") == null) {
6:         response.sendRedirect("admin_login.jsp");
7:         return;


Stacktrace:] with root cause
	org.apache.jasper.JasperException: Unable to compile class for JSP: 

An error occurred at line: [4] in the jsp file: [/AdminPage/AdminDashboard.jsp]
Duplicate local variable session
1: <%@ page language="java" contentType="text/html; charset=UTF-8" %>
2: <%
3:     // Ensure only logged-in admins can access this page
4:     HttpSession session = request.getSession(false);
5:     if (session == null || session.getAttribute("adminUser") == null) {
6:         response.sendRedirect("admin_login.jsp");
7:         return;


Stacktrace:
		at org.apache.jasper.compiler.DefaultErrorHandler.javacError(DefaultErrorHandler.java:72)
		at org.apache.jasper.compiler.ErrorDispatcher.javacError(ErrorDispatcher.java:192)
		at org.apache.jasper.compiler.JDTCompiler.generateClass(JDTCompiler.java:506)
		at org.apache.jasper.compiler.Compiler.compile(Compiler.java:373)
		at org.apache.jasper.compiler.Compiler.compile(Compiler.java:345)
		at org.apache.jasper.compiler.Compiler.compile(Compiler.java:331)
		at org.apache.jasper.JspCompilationContext.compile(JspCompilationContext.java:602)
		at org.apache.jasper.servlet.JspServletWrapper.service(JspServletWrapper.java:396)
		at org.apache.jasper.servlet.JspServlet.serviceJspFile(JspServlet.java:354)
		at org.apache.jasper.servlet.JspServlet.service(JspServlet.java:302)
		at jakarta.servlet.http.HttpServlet.service(HttpServlet.java:716)
		at org.apache.catalina.core.ApplicationFilterChain.doFilter(ApplicationFilterChain.java:130)
		at org.apache.tomcat.websocket.server.WsFilter.doFilter(WsFilter.java:51)
		at org.apache.catalina.core.ApplicationFilterChain.doFilter(ApplicationFilterChain.java:109)
		at org.apache.catalina.core.StandardWrapperValve.invoke(StandardWrapperValve.java:167)
		at org.apache.catalina.core.StandardContextValve.invoke(StandardContextValve.java:79)
		at org.apache.catalina.authenticator.AuthenticatorBase.invoke(AuthenticatorBase.java:483)
		at org.apache.catalina.core.StandardHostValve.invoke(StandardHostValve.java:115)
		at org.apache.catalina.valves.ErrorReportValve.invoke(ErrorReportValve.java:93)
		at org.apache.catalina.valves.AbstractAccessLogValve.invoke(AbstractAccessLogValve.java:670)
		at org.apache.catalina.core.StandardEngineValve.invoke(StandardEngineValve.java:74)
		at org.apache.catalina.connector.CoyoteAdapter.service(CoyoteAdapter.java:342)
		at org.apache.coyote.http11.Http11Processor.service(Http11Processor.java:395)
		at org.apache.coyote.AbstractProcessorLight.process(AbstractProcessorLight.java:63)
		at org.apache.coyote.AbstractProtocol$ConnectionHandler.process(AbstractProtocol.java:905)
		at org.apache.tomcat.util.net.NioEndpoint$SocketProcessor.doRun(NioEndpoint.java:1748)
		at org.apache.tomcat.util.net.SocketProcessorBase.run(SocketProcessorBase.java:52)
		at org.apache.tomcat.util.threads.ThreadPoolExecutor.runWorker(ThreadPoolExecutor.java:1148)
		at org.apache.tomcat.util.threads.ThreadPoolExecutor$Worker.run(ThreadPoolExecutor.java:636)
		at org.apache.tomcat.util.threads.TaskThread$WrappingRunnable.run(TaskThread.java:63)
		at java.base/java.lang.Thread.run(Thread.java:1447)
05-May-2025 13:23:35.232 SEVERE [http-nio-8080-exec-2] org.apache.catalina.core.StandardWrapperValve.invoke Servlet.service() for servlet [jsp] in context with path [/Food] threw exception [Unable to compile class for JSP: 

An error occurred at line: [4] in the jsp file: [/AdminPage/AdminDashboard.jsp]
Duplicate local variable session
1: <%@ page language="java" contentType="text/html; charset=UTF-8" %>
2: <%
3:     // Ensure only logged-in admins can access this page
4:     HttpSession session = request.getSession(false);
5:     if (session == null || session.getAttribute("adminUser") == null) {
6:         response.sendRedirect("admin_login.jsp");
7:         return;


Stacktrace:] with root cause
	org.apache.jasper.JasperException: Unable to compile class for JSP: 

An error occurred at line: [4] in the jsp file: [/AdminPage/AdminDashboard.jsp]
Duplicate local variable session
1: <%@ page language="java" contentType="text/html; charset=UTF-8" %>
2: <%
3:     // Ensure only logged-in admins can access this page
4:     HttpSession session = request.getSession(false);
5:     if (session == null || session.getAttribute("adminUser") == null) {
6:         response.sendRedirect("admin_login.jsp");
7:         return;


Stacktrace:
		at org.apache.jasper.compiler.DefaultErrorHandler.javacError(DefaultErrorHandler.java:72)
		at org.apache.jasper.compiler.ErrorDispatcher.javacError(ErrorDispatcher.java:192)
		at org.apache.jasper.compiler.JDTCompiler.generateClass(JDTCompiler.java:506)
		at org.apache.jasper.compiler.Compiler.compile(Compiler.java:373)
		at org.apache.jasper.compiler.Compiler.compile(Compiler.java:345)
		at org.apache.jasper.compiler.Compiler.compile(Compiler.java:331)
		at org.apache.jasper.JspCompilationContext.compile(JspCompilationContext.java:602)
		at org.apache.jasper.servlet.JspServletWrapper.service(JspServletWrapper.java:396)
		at org.apache.jasper.servlet.JspServlet.serviceJspFile(JspServlet.java:354)
		at org.apache.jasper.servlet.JspServlet.service(JspServlet.java:302)
		at jakarta.servlet.http.HttpServlet.service(HttpServlet.java:716)
		at org.apache.catalina.core.ApplicationFilterChain.doFilter(ApplicationFilterChain.java:130)
		at org.apache.tomcat.websocket.server.WsFilter.doFilter(WsFilter.java:51)
		at org.apache.catalina.core.ApplicationFilterChain.doFilter(ApplicationFilterChain.java:109)
		at org.apache.catalina.core.StandardWrapperValve.invoke(StandardWrapperValve.java:167)
		at org.apache.catalina.core.StandardContextValve.invoke(StandardContextValve.java:79)
		at org.apache.catalina.authenticator.AuthenticatorBase.invoke(AuthenticatorBase.java:483)
		at org.apache.catalina.core.StandardHostValve.invoke(StandardHostValve.java:115)
		at org.apache.catalina.valves.ErrorReportValve.invoke(ErrorReportValve.java:93)
		at org.apache.catalina.valves.AbstractAccessLogValve.invoke(AbstractAccessLogValve.java:670)
		at org.apache.catalina.core.StandardEngineValve.invoke(StandardEngineValve.java:74)
		at org.apache.catalina.connector.CoyoteAdapter.service(CoyoteAdapter.java:342)
		at org.apache.coyote.http11.Http11Processor.service(Http11Processor.java:395)
		at org.apache.coyote.AbstractProcessorLight.process(AbstractProcessorLight.java:63)
		at org.apache.coyote.AbstractProtocol$ConnectionHandler.process(AbstractProtocol.java:905)
		at org.apache.tomcat.util.net.NioEndpoint$SocketProcessor.doRun(NioEndpoint.java:1748)
		at org.apache.tomcat.util.net.SocketProcessorBase.run(SocketProcessorBase.java:52)
		at org.apache.tomcat.util.threads.ThreadPoolExecutor.runWorker(ThreadPoolExecutor.java:1148)
		at org.apache.tomcat.util.threads.ThreadPoolExecutor$Worker.run(ThreadPoolExecutor.java:636)
		at org.apache.tomcat.util.threads.TaskThread$WrappingRunnable.run(TaskThread.java:63)
		at java.base/java.lang.Thread.run(Thread.java:1447)
05-May-2025 13:23:37.145 SEVERE [http-nio-8080-exec-3] org.apache.catalina.core.StandardWrapperValve.invoke Servlet.service() for servlet [jsp] in context with path [/Food] threw exception [org.apache.jasper.JasperException: java.lang.ClassNotFoundException: org.apache.jsp.AdminPage.AdminDashboard_jsp] with root cause
	java.lang.ClassNotFoundException: org.apache.jsp.AdminPage.AdminDashboard_jsp
		at java.base/java.net.URLClassLoader.findClass(URLClassLoader.java:349)
		at org.apache.jasper.servlet.JasperLoader.loadClass(JasperLoader.java:104)
		at org.apache.jasper.servlet.JasperLoader.loadClass(JasperLoader.java:51)
		at org.apache.catalina.core.DefaultInstanceManager.newInstance(DefaultInstanceManager.java:147)
		at org.apache.jasper.servlet.JspServletWrapper.getServlet(JspServletWrapper.java:189)
		at org.apache.jasper.servlet.JspServletWrapper.service(JspServletWrapper.java:410)
		at org.apache.jasper.servlet.JspServlet.serviceJspFile(JspServlet.java:354)
		at org.apache.jasper.servlet.JspServlet.service(JspServlet.java:302)
		at jakarta.servlet.http.HttpServlet.service(HttpServlet.java:716)
		at org.apache.catalina.core.ApplicationFilterChain.doFilter(ApplicationFilterChain.java:130)
		at org.apache.tomcat.websocket.server.WsFilter.doFilter(WsFilter.java:51)
		at org.apache.catalina.core.ApplicationFilterChain.doFilter(ApplicationFilterChain.java:109)
		at org.apache.catalina.core.StandardWrapperValve.invoke(StandardWrapperValve.java:167)
		at org.apache.catalina.core.StandardContextValve.invoke(StandardContextValve.java:79)
		at org.apache.catalina.authenticator.AuthenticatorBase.invoke(AuthenticatorBase.java:483)
		at org.apache.catalina.core.StandardHostValve.invoke(StandardHostValve.java:115)
		at org.apache.catalina.valves.ErrorReportValve.invoke(ErrorReportValve.java:93)
		at org.apache.catalina.valves.AbstractAccessLogValve.invoke(AbstractAccessLogValve.java:670)
		at org.apache.catalina.core.StandardEngineValve.invoke(StandardEngineValve.java:74)
		at org.apache.catalina.connector.CoyoteAdapter.service(CoyoteAdapter.java:342)
		at org.apache.coyote.http11.Http11Processor.service(Http11Processor.java:395)
		at org.apache.coyote.AbstractProcessorLight.process(AbstractProcessorLight.java:63)
		at org.apache.coyote.AbstractProtocol$ConnectionHandler.process(AbstractProtocol.java:905)
		at org.apache.tomcat.util.net.NioEndpoint$SocketProcessor.doRun(NioEndpoint.java:1748)
		at org.apache.tomcat.util.net.SocketProcessorBase.run(SocketProcessorBase.java:52)
		at org.apache.tomcat.util.threads.ThreadPoolExecutor.runWorker(ThreadPoolExecutor.java:1148)
		at org.apache.tomcat.util.threads.ThreadPoolExecutor$Worker.run(ThreadPoolExecutor.java:636)
		at org.apache.tomcat.util.threads.TaskThread$WrappingRunnable.run(TaskThread.java:63)
		at java.base/java.lang.Thread.run(Thread.java:1447)
05-May-2025 13:23:37.909 SEVERE [http-nio-8080-exec-1] org.apache.catalina.core.StandardWrapperValve.invoke Servlet.service() for servlet [jsp] in context with path [/Food] threw exception [org.apache.jasper.JasperException: java.lang.ClassNotFoundException: org.apache.jsp.AdminPage.AdminDashboard_jsp] with root cause
	java.lang.ClassNotFoundException: org.apache.jsp.AdminPage.AdminDashboard_jsp
		at java.base/java.net.URLClassLoader.findClass(URLClassLoader.java:349)
		at org.apache.jasper.servlet.JasperLoader.loadClass(JasperLoader.java:104)
		at org.apache.jasper.servlet.JasperLoader.loadClass(JasperLoader.java:51)
		at org.apache.catalina.core.DefaultInstanceManager.newInstance(DefaultInstanceManager.java:147)
		at org.apache.jasper.servlet.JspServletWrapper.getServlet(JspServletWrapper.java:189)
		at org.apache.jasper.servlet.JspServletWrapper.service(JspServletWrapper.java:410)
		at org.apache.jasper.servlet.JspServlet.serviceJspFile(JspServlet.java:354)
		at org.apache.jasper.servlet.JspServlet.service(JspServlet.java:302)
		at jakarta.servlet.http.HttpServlet.service(HttpServlet.java:716)
		at org.apache.catalina.core.ApplicationFilterChain.doFilter(ApplicationFilterChain.java:130)
		at org.apache.tomcat.websocket.server.WsFilter.doFilter(WsFilter.java:51)
		at org.apache.catalina.core.ApplicationFilterChain.doFilter(ApplicationFilterChain.java:109)
		at org.apache.catalina.core.StandardWrapperValve.invoke(StandardWrapperValve.java:167)
		at org.apache.catalina.core.StandardContextValve.invoke(StandardContextValve.java:79)
		at org.apache.catalina.authenticator.AuthenticatorBase.invoke(AuthenticatorBase.java:483)
		at org.apache.catalina.core.StandardHostValve.invoke(StandardHostValve.java:115)
		at org.apache.catalina.valves.ErrorReportValve.invoke(ErrorReportValve.java:93)
		at org.apache.catalina.valves.AbstractAccessLogValve.invoke(AbstractAccessLogValve.java:670)
		at org.apache.catalina.core.StandardEngineValve.invoke(StandardEngineValve.java:74)
		at org.apache.catalina.connector.CoyoteAdapter.service(CoyoteAdapter.java:342)
		at org.apache.coyote.http11.Http11Processor.service(Http11Processor.java:395)
		at org.apache.coyote.AbstractProcessorLight.process(AbstractProcessorLight.java:63)
		at org.apache.coyote.AbstractProtocol$ConnectionHandler.process(AbstractProtocol.java:905)
		at org.apache.tomcat.util.net.NioEndpoint$SocketProcessor.doRun(NioEndpoint.java:1748)
		at org.apache.tomcat.util.net.SocketProcessorBase.run(SocketProcessorBase.java:52)
		at org.apache.tomcat.util.threads.ThreadPoolExecutor.runWorker(ThreadPoolExecutor.java:1148)
		at org.apache.tomcat.util.threads.ThreadPoolExecutor$Worker.run(ThreadPoolExecutor.java:636)
		at org.apache.tomcat.util.threads.TaskThread$WrappingRunnable.run(TaskThread.java:63)
		at java.base/java.lang.Thread.run(Thread.java:1447)
05-May-2025 13:44:37.478 SEVERE [http-nio-8080-exec-2] org.apache.catalina.core.StandardWrapperValve.invoke Servlet.service() for servlet [jsp] in context with path [/Food] threw exception [Unable to compile class for JSP: 

An error occurred at line: [6] in the jsp file: [/AdminPage/AdminDashboard.jsp]
Duplicate local variable session
3: <%@ page import="java.io.*" %>
4: <%
5:     // Session validation
6:     HttpSession session = request.getSession(false); // Get existing session, don't create a new one
7:     if (session == null || session.getAttribute("adminUser") == null) {
8:         response.sendRedirect("admin_login.jsp"); // Redirect to login page if no valid admin session
9:         return;


Stacktrace:] with root cause
	org.apache.jasper.JasperException: Unable to compile class for JSP: 

An error occurred at line: [6] in the jsp file: [/AdminPage/AdminDashboard.jsp]
Duplicate local variable session
3: <%@ page import="java.io.*" %>
4: <%
5:     // Session validation
6:     HttpSession session = request.getSession(false); // Get existing session, don't create a new one
7:     if (session == null || session.getAttribute("adminUser") == null) {
8:         response.sendRedirect("admin_login.jsp"); // Redirect to login page if no valid admin session
9:         return;


Stacktrace:
		at org.apache.jasper.compiler.DefaultErrorHandler.javacError(DefaultErrorHandler.java:72)
		at org.apache.jasper.compiler.ErrorDispatcher.javacError(ErrorDispatcher.java:192)
		at org.apache.jasper.compiler.JDTCompiler.generateClass(JDTCompiler.java:506)
		at org.apache.jasper.compiler.Compiler.compile(Compiler.java:373)
		at org.apache.jasper.compiler.Compiler.compile(Compiler.java:345)
		at org.apache.jasper.compiler.Compiler.compile(Compiler.java:331)
		at org.apache.jasper.JspCompilationContext.compile(JspCompilationContext.java:602)
		at org.apache.jasper.servlet.JspServletWrapper.service(JspServletWrapper.java:396)
		at org.apache.jasper.servlet.JspServlet.serviceJspFile(JspServlet.java:354)
		at org.apache.jasper.servlet.JspServlet.service(JspServlet.java:302)
		at jakarta.servlet.http.HttpServlet.service(HttpServlet.java:716)
		at org.apache.catalina.core.ApplicationFilterChain.doFilter(ApplicationFilterChain.java:130)
		at org.apache.tomcat.websocket.server.WsFilter.doFilter(WsFilter.java:51)
		at org.apache.catalina.core.ApplicationFilterChain.doFilter(ApplicationFilterChain.java:109)
		at org.apache.catalina.core.StandardWrapperValve.invoke(StandardWrapperValve.java:167)
		at org.apache.catalina.core.StandardContextValve.invoke(StandardContextValve.java:79)
		at org.apache.catalina.authenticator.AuthenticatorBase.invoke(AuthenticatorBase.java:483)
		at org.apache.catalina.core.StandardHostValve.invoke(StandardHostValve.java:115)
		at org.apache.catalina.valves.ErrorReportValve.invoke(ErrorReportValve.java:93)
		at org.apache.catalina.valves.AbstractAccessLogValve.invoke(AbstractAccessLogValve.java:670)
		at org.apache.catalina.core.StandardEngineValve.invoke(StandardEngineValve.java:74)
		at org.apache.catalina.connector.CoyoteAdapter.service(CoyoteAdapter.java:342)
		at org.apache.coyote.http11.Http11Processor.service(Http11Processor.java:395)
		at org.apache.coyote.AbstractProcessorLight.process(AbstractProcessorLight.java:63)
		at org.apache.coyote.AbstractProtocol$ConnectionHandler.process(AbstractProtocol.java:905)
		at org.apache.tomcat.util.net.NioEndpoint$SocketProcessor.doRun(NioEndpoint.java:1748)
		at org.apache.tomcat.util.net.SocketProcessorBase.run(SocketProcessorBase.java:52)
		at org.apache.tomcat.util.threads.ThreadPoolExecutor.runWorker(ThreadPoolExecutor.java:1148)
		at org.apache.tomcat.util.threads.ThreadPoolExecutor$Worker.run(ThreadPoolExecutor.java:636)
		at org.apache.tomcat.util.threads.TaskThread$WrappingRunnable.run(TaskThread.java:63)
		at java.base/java.lang.Thread.run(Thread.java:1447)
05-May-2025 13:47:04.282 SEVERE [http-nio-8080-exec-4] org.apache.catalina.core.StandardWrapperValve.invoke Servlet.service() for servlet [jsp] in context with path [/Food] threw exception [Unable to compile class for JSP: 

An error occurred at line: [6] in the jsp file: [/AdminPage/AdminDashboard.jsp]
Duplicate local variable session
3: <%@ page import="java.io.*" %>
4: <%
5:     // Session validation
6:     HttpSession session = request.getSession(false); // Get existing session, don't create a new one
7:     if (session == null || session.getAttribute("adminUser") == null) {
8:         response.sendRedirect("admin_login.jsp"); // Redirect to login page if no valid admin session
9:         return;


Stacktrace:] with root cause
	org.apache.jasper.JasperException: Unable to compile class for JSP: 

An error occurred at line: [6] in the jsp file: [/AdminPage/AdminDashboard.jsp]
Duplicate local variable session
3: <%@ page import="java.io.*" %>
4: <%
5:     // Session validation
6:     HttpSession session = request.getSession(false); // Get existing session, don't create a new one
7:     if (session == null || session.getAttribute("adminUser") == null) {
8:         response.sendRedirect("admin_login.jsp"); // Redirect to login page if no valid admin session
9:         return;


Stacktrace:
		at org.apache.jasper.compiler.DefaultErrorHandler.javacError(DefaultErrorHandler.java:72)
		at org.apache.jasper.compiler.ErrorDispatcher.javacError(ErrorDispatcher.java:192)
		at org.apache.jasper.compiler.JDTCompiler.generateClass(JDTCompiler.java:506)
		at org.apache.jasper.compiler.Compiler.compile(Compiler.java:373)
		at org.apache.jasper.compiler.Compiler.compile(Compiler.java:345)
		at org.apache.jasper.compiler.Compiler.compile(Compiler.java:331)
		at org.apache.jasper.JspCompilationContext.compile(JspCompilationContext.java:602)
		at org.apache.jasper.servlet.JspServletWrapper.service(JspServletWrapper.java:396)
		at org.apache.jasper.servlet.JspServlet.serviceJspFile(JspServlet.java:354)
		at org.apache.jasper.servlet.JspServlet.service(JspServlet.java:302)
		at jakarta.servlet.http.HttpServlet.service(HttpServlet.java:716)
		at org.apache.catalina.core.ApplicationFilterChain.doFilter(ApplicationFilterChain.java:130)
		at org.apache.tomcat.websocket.server.WsFilter.doFilter(WsFilter.java:51)
		at org.apache.catalina.core.ApplicationFilterChain.doFilter(ApplicationFilterChain.java:109)
		at org.apache.catalina.core.StandardWrapperValve.invoke(StandardWrapperValve.java:167)
		at org.apache.catalina.core.StandardContextValve.invoke(StandardContextValve.java:79)
		at org.apache.catalina.authenticator.AuthenticatorBase.invoke(AuthenticatorBase.java:483)
		at org.apache.catalina.core.StandardHostValve.invoke(StandardHostValve.java:115)
		at org.apache.catalina.valves.ErrorReportValve.invoke(ErrorReportValve.java:93)
		at org.apache.catalina.valves.AbstractAccessLogValve.invoke(AbstractAccessLogValve.java:670)
		at org.apache.catalina.core.StandardEngineValve.invoke(StandardEngineValve.java:74)
		at org.apache.catalina.connector.CoyoteAdapter.service(CoyoteAdapter.java:342)
		at org.apache.coyote.http11.Http11Processor.service(Http11Processor.java:395)
		at org.apache.coyote.AbstractProcessorLight.process(AbstractProcessorLight.java:63)
		at org.apache.coyote.AbstractProtocol$ConnectionHandler.process(AbstractProtocol.java:905)
		at org.apache.tomcat.util.net.NioEndpoint$SocketProcessor.doRun(NioEndpoint.java:1748)
		at org.apache.tomcat.util.net.SocketProcessorBase.run(SocketProcessorBase.java:52)
		at org.apache.tomcat.util.threads.ThreadPoolExecutor.runWorker(ThreadPoolExecutor.java:1148)
		at org.apache.tomcat.util.threads.ThreadPoolExecutor$Worker.run(ThreadPoolExecutor.java:636)
		at org.apache.tomcat.util.threads.TaskThread$WrappingRunnable.run(TaskThread.java:63)
		at java.base/java.lang.Thread.run(Thread.java:1447)
05-May-2025 13:48:32.040 SEVERE [http-nio-8080-exec-1] org.apache.catalina.core.StandardWrapperValve.invoke Servlet.service() for servlet [jsp] in context with path [/Food] threw exception [Unable to compile class for JSP: 

An error occurred at line: [6] in the jsp file: [/AdminPage/AdminDashboard.jsp]
Duplicate local variable session
3: <%@ page import="java.io.*" %>
4: <%
5:     // Session validation
6:     HttpSession session = request.getSession(false); // Get existing session, don't create a new one
7:     if (session == null || session.getAttribute("adminUser") == null) {
8:         response.sendRedirect("admin_login.jsp"); // Redirect to login page if no valid admin session
9:         return;


Stacktrace:] with root cause
	org.apache.jasper.JasperException: Unable to compile class for JSP: 

An error occurred at line: [6] in the jsp file: [/AdminPage/AdminDashboard.jsp]
Duplicate local variable session
3: <%@ page import="java.io.*" %>
4: <%
5:     // Session validation
6:     HttpSession session = request.getSession(false); // Get existing session, don't create a new one
7:     if (session == null || session.getAttribute("adminUser") == null) {
8:         response.sendRedirect("admin_login.jsp"); // Redirect to login page if no valid admin session
9:         return;


Stacktrace:
		at org.apache.jasper.compiler.DefaultErrorHandler.javacError(DefaultErrorHandler.java:72)
		at org.apache.jasper.compiler.ErrorDispatcher.javacError(ErrorDispatcher.java:192)
		at org.apache.jasper.compiler.JDTCompiler.generateClass(JDTCompiler.java:506)
		at org.apache.jasper.compiler.Compiler.compile(Compiler.java:373)
		at org.apache.jasper.compiler.Compiler.compile(Compiler.java:345)
		at org.apache.jasper.compiler.Compiler.compile(Compiler.java:331)
		at org.apache.jasper.JspCompilationContext.compile(JspCompilationContext.java:602)
		at org.apache.jasper.servlet.JspServletWrapper.service(JspServletWrapper.java:396)
		at org.apache.jasper.servlet.JspServlet.serviceJspFile(JspServlet.java:354)
		at org.apache.jasper.servlet.JspServlet.service(JspServlet.java:302)
		at jakarta.servlet.http.HttpServlet.service(HttpServlet.java:716)
		at org.apache.catalina.core.ApplicationFilterChain.doFilter(ApplicationFilterChain.java:130)
		at org.apache.tomcat.websocket.server.WsFilter.doFilter(WsFilter.java:51)
		at org.apache.catalina.core.ApplicationFilterChain.doFilter(ApplicationFilterChain.java:109)
		at org.apache.catalina.core.StandardWrapperValve.invoke(StandardWrapperValve.java:167)
		at org.apache.catalina.core.StandardContextValve.invoke(StandardContextValve.java:79)
		at org.apache.catalina.authenticator.AuthenticatorBase.invoke(AuthenticatorBase.java:483)
		at org.apache.catalina.core.StandardHostValve.invoke(StandardHostValve.java:115)
		at org.apache.catalina.valves.ErrorReportValve.invoke(ErrorReportValve.java:93)
		at org.apache.catalina.valves.AbstractAccessLogValve.invoke(AbstractAccessLogValve.java:670)
		at org.apache.catalina.core.StandardEngineValve.invoke(StandardEngineValve.java:74)
		at org.apache.catalina.connector.CoyoteAdapter.service(CoyoteAdapter.java:342)
		at org.apache.coyote.http11.Http11Processor.service(Http11Processor.java:395)
		at org.apache.coyote.AbstractProcessorLight.process(AbstractProcessorLight.java:63)
		at org.apache.coyote.AbstractProtocol$ConnectionHandler.process(AbstractProtocol.java:905)
		at org.apache.tomcat.util.net.NioEndpoint$SocketProcessor.doRun(NioEndpoint.java:1748)
		at org.apache.tomcat.util.net.SocketProcessorBase.run(SocketProcessorBase.java:52)
		at org.apache.tomcat.util.threads.ThreadPoolExecutor.runWorker(ThreadPoolExecutor.java:1148)
		at org.apache.tomcat.util.threads.ThreadPoolExecutor$Worker.run(ThreadPoolExecutor.java:636)
		at org.apache.tomcat.util.threads.TaskThread$WrappingRunnable.run(TaskThread.java:63)
		at java.base/java.lang.Thread.run(Thread.java:1447)
05-May-2025 13:48:34.018 SEVERE [http-nio-8080-exec-4] org.apache.catalina.core.StandardWrapperValve.invoke Servlet.service() for servlet [jsp] in context with path [/Food] threw exception [org.apache.jasper.JasperException: java.lang.ClassNotFoundException: org.apache.jsp.AdminPage.AdminDashboard_jsp] with root cause
	java.lang.ClassNotFoundException: org.apache.jsp.AdminPage.AdminDashboard_jsp
		at java.base/java.net.URLClassLoader.findClass(URLClassLoader.java:349)
		at org.apache.jasper.servlet.JasperLoader.loadClass(JasperLoader.java:104)
		at org.apache.jasper.servlet.JasperLoader.loadClass(JasperLoader.java:51)
		at org.apache.catalina.core.DefaultInstanceManager.newInstance(DefaultInstanceManager.java:147)
		at org.apache.jasper.servlet.JspServletWrapper.getServlet(JspServletWrapper.java:189)
		at org.apache.jasper.servlet.JspServletWrapper.service(JspServletWrapper.java:410)
		at org.apache.jasper.servlet.JspServlet.serviceJspFile(JspServlet.java:354)
		at org.apache.jasper.servlet.JspServlet.service(JspServlet.java:302)
		at jakarta.servlet.http.HttpServlet.service(HttpServlet.java:716)
		at org.apache.catalina.core.ApplicationFilterChain.doFilter(ApplicationFilterChain.java:130)
		at org.apache.tomcat.websocket.server.WsFilter.doFilter(WsFilter.java:51)
		at org.apache.catalina.core.ApplicationFilterChain.doFilter(ApplicationFilterChain.java:109)
		at org.apache.catalina.core.StandardWrapperValve.invoke(StandardWrapperValve.java:167)
		at org.apache.catalina.core.StandardContextValve.invoke(StandardContextValve.java:79)
		at org.apache.catalina.authenticator.AuthenticatorBase.invoke(AuthenticatorBase.java:483)
		at org.apache.catalina.core.StandardHostValve.invoke(StandardHostValve.java:115)
		at org.apache.catalina.valves.ErrorReportValve.invoke(ErrorReportValve.java:93)
		at org.apache.catalina.valves.AbstractAccessLogValve.invoke(AbstractAccessLogValve.java:670)
		at org.apache.catalina.core.StandardEngineValve.invoke(StandardEngineValve.java:74)
		at org.apache.catalina.connector.CoyoteAdapter.service(CoyoteAdapter.java:342)
		at org.apache.coyote.http11.Http11Processor.service(Http11Processor.java:395)
		at org.apache.coyote.AbstractProcessorLight.process(AbstractProcessorLight.java:63)
		at org.apache.coyote.AbstractProtocol$ConnectionHandler.process(AbstractProtocol.java:905)
		at org.apache.tomcat.util.net.NioEndpoint$SocketProcessor.doRun(NioEndpoint.java:1748)
		at org.apache.tomcat.util.net.SocketProcessorBase.run(SocketProcessorBase.java:52)
		at org.apache.tomcat.util.threads.ThreadPoolExecutor.runWorker(ThreadPoolExecutor.java:1148)
		at org.apache.tomcat.util.threads.ThreadPoolExecutor$Worker.run(ThreadPoolExecutor.java:636)
		at org.apache.tomcat.util.threads.TaskThread$WrappingRunnable.run(TaskThread.java:63)
		at java.base/java.lang.Thread.run(Thread.java:1447)
05-May-2025 13:48:34.626 SEVERE [http-nio-8080-exec-3] org.apache.catalina.core.StandardWrapperValve.invoke Servlet.service() for servlet [jsp] in context with path [/Food] threw exception [org.apache.jasper.JasperException: java.lang.ClassNotFoundException: org.apache.jsp.AdminPage.AdminDashboard_jsp] with root cause
	java.lang.ClassNotFoundException: org.apache.jsp.AdminPage.AdminDashboard_jsp
		at java.base/java.net.URLClassLoader.findClass(URLClassLoader.java:349)
		at org.apache.jasper.servlet.JasperLoader.loadClass(JasperLoader.java:104)
		at org.apache.jasper.servlet.JasperLoader.loadClass(JasperLoader.java:51)
		at org.apache.catalina.core.DefaultInstanceManager.newInstance(DefaultInstanceManager.java:147)
		at org.apache.jasper.servlet.JspServletWrapper.getServlet(JspServletWrapper.java:189)
		at org.apache.jasper.servlet.JspServletWrapper.service(JspServletWrapper.java:410)
		at org.apache.jasper.servlet.JspServlet.serviceJspFile(JspServlet.java:354)
		at org.apache.jasper.servlet.JspServlet.service(JspServlet.java:302)
		at jakarta.servlet.http.HttpServlet.service(HttpServlet.java:716)
		at org.apache.catalina.core.ApplicationFilterChain.doFilter(ApplicationFilterChain.java:130)
		at org.apache.tomcat.websocket.server.WsFilter.doFilter(WsFilter.java:51)
		at org.apache.catalina.core.ApplicationFilterChain.doFilter(ApplicationFilterChain.java:109)
		at org.apache.catalina.core.StandardWrapperValve.invoke(StandardWrapperValve.java:167)
		at org.apache.catalina.core.StandardContextValve.invoke(StandardContextValve.java:79)
		at org.apache.catalina.authenticator.AuthenticatorBase.invoke(AuthenticatorBase.java:483)
		at org.apache.catalina.core.StandardHostValve.invoke(StandardHostValve.java:115)
		at org.apache.catalina.valves.ErrorReportValve.invoke(ErrorReportValve.java:93)
		at org.apache.catalina.valves.AbstractAccessLogValve.invoke(AbstractAccessLogValve.java:670)
		at org.apache.catalina.core.StandardEngineValve.invoke(StandardEngineValve.java:74)
		at org.apache.catalina.connector.CoyoteAdapter.service(CoyoteAdapter.java:342)
		at org.apache.coyote.http11.Http11Processor.service(Http11Processor.java:395)
		at org.apache.coyote.AbstractProcessorLight.process(AbstractProcessorLight.java:63)
		at org.apache.coyote.AbstractProtocol$ConnectionHandler.process(AbstractProtocol.java:905)
		at org.apache.tomcat.util.net.NioEndpoint$SocketProcessor.doRun(NioEndpoint.java:1748)
		at org.apache.tomcat.util.net.SocketProcessorBase.run(SocketProcessorBase.java:52)
		at org.apache.tomcat.util.threads.ThreadPoolExecutor.runWorker(ThreadPoolExecutor.java:1148)
		at org.apache.tomcat.util.threads.ThreadPoolExecutor$Worker.run(ThreadPoolExecutor.java:636)
		at org.apache.tomcat.util.threads.TaskThread$WrappingRunnable.run(TaskThread.java:63)
		at java.base/java.lang.Thread.run(Thread.java:1447)
05-May-2025 13:48:34.777 SEVERE [http-nio-8080-exec-2] org.apache.catalina.core.StandardWrapperValve.invoke Servlet.service() for servlet [jsp] in context with path [/Food] threw exception [org.apache.jasper.JasperException: java.lang.ClassNotFoundException: org.apache.jsp.AdminPage.AdminDashboard_jsp] with root cause
	java.lang.ClassNotFoundException: org.apache.jsp.AdminPage.AdminDashboard_jsp
		at java.base/java.net.URLClassLoader.findClass(URLClassLoader.java:349)
		at org.apache.jasper.servlet.JasperLoader.loadClass(JasperLoader.java:104)
		at org.apache.jasper.servlet.JasperLoader.loadClass(JasperLoader.java:51)
		at org.apache.catalina.core.DefaultInstanceManager.newInstance(DefaultInstanceManager.java:147)
		at org.apache.jasper.servlet.JspServletWrapper.getServlet(JspServletWrapper.java:189)
		at org.apache.jasper.servlet.JspServletWrapper.service(JspServletWrapper.java:410)
		at org.apache.jasper.servlet.JspServlet.serviceJspFile(JspServlet.java:354)
		at org.apache.jasper.servlet.JspServlet.service(JspServlet.java:302)
		at jakarta.servlet.http.HttpServlet.service(HttpServlet.java:716)
		at org.apache.catalina.core.ApplicationFilterChain.doFilter(ApplicationFilterChain.java:130)
		at org.apache.tomcat.websocket.server.WsFilter.doFilter(WsFilter.java:51)
		at org.apache.catalina.core.ApplicationFilterChain.doFilter(ApplicationFilterChain.java:109)
		at org.apache.catalina.core.StandardWrapperValve.invoke(StandardWrapperValve.java:167)
		at org.apache.catalina.core.StandardContextValve.invoke(StandardContextValve.java:79)
		at org.apache.catalina.authenticator.AuthenticatorBase.invoke(AuthenticatorBase.java:483)
		at org.apache.catalina.core.StandardHostValve.invoke(StandardHostValve.java:115)
		at org.apache.catalina.valves.ErrorReportValve.invoke(ErrorReportValve.java:93)
		at org.apache.catalina.valves.AbstractAccessLogValve.invoke(AbstractAccessLogValve.java:670)
		at org.apache.catalina.core.StandardEngineValve.invoke(StandardEngineValve.java:74)
		at org.apache.catalina.connector.CoyoteAdapter.service(CoyoteAdapter.java:342)
		at org.apache.coyote.http11.Http11Processor.service(Http11Processor.java:395)
		at org.apache.coyote.AbstractProcessorLight.process(AbstractProcessorLight.java:63)
		at org.apache.coyote.AbstractProtocol$ConnectionHandler.process(AbstractProtocol.java:905)
		at org.apache.tomcat.util.net.NioEndpoint$SocketProcessor.doRun(NioEndpoint.java:1748)
		at org.apache.tomcat.util.net.SocketProcessorBase.run(SocketProcessorBase.java:52)
		at org.apache.tomcat.util.threads.ThreadPoolExecutor.runWorker(ThreadPoolExecutor.java:1148)
		at org.apache.tomcat.util.threads.ThreadPoolExecutor$Worker.run(ThreadPoolExecutor.java:636)
		at org.apache.tomcat.util.threads.TaskThread$WrappingRunnable.run(TaskThread.java:63)
		at java.base/java.lang.Thread.run(Thread.java:1447)
05-May-2025 13:48:34.921 SEVERE [http-nio-8080-exec-5] org.apache.catalina.core.StandardWrapperValve.invoke Servlet.service() for servlet [jsp] in context with path [/Food] threw exception [org.apache.jasper.JasperException: java.lang.ClassNotFoundException: org.apache.jsp.AdminPage.AdminDashboard_jsp] with root cause
	java.lang.ClassNotFoundException: org.apache.jsp.AdminPage.AdminDashboard_jsp
		at java.base/java.net.URLClassLoader.findClass(URLClassLoader.java:349)
		at org.apache.jasper.servlet.JasperLoader.loadClass(JasperLoader.java:104)
		at org.apache.jasper.servlet.JasperLoader.loadClass(JasperLoader.java:51)
		at org.apache.catalina.core.DefaultInstanceManager.newInstance(DefaultInstanceManager.java:147)
		at org.apache.jasper.servlet.JspServletWrapper.getServlet(JspServletWrapper.java:189)
		at org.apache.jasper.servlet.JspServletWrapper.service(JspServletWrapper.java:410)
		at org.apache.jasper.servlet.JspServlet.serviceJspFile(JspServlet.java:354)
		at org.apache.jasper.servlet.JspServlet.service(JspServlet.java:302)
		at jakarta.servlet.http.HttpServlet.service(HttpServlet.java:716)
		at org.apache.catalina.core.ApplicationFilterChain.doFilter(ApplicationFilterChain.java:130)
		at org.apache.tomcat.websocket.server.WsFilter.doFilter(WsFilter.java:51)
		at org.apache.catalina.core.ApplicationFilterChain.doFilter(ApplicationFilterChain.java:109)
		at org.apache.catalina.core.StandardWrapperValve.invoke(StandardWrapperValve.java:167)
		at org.apache.catalina.core.StandardContextValve.invoke(StandardContextValve.java:79)
		at org.apache.catalina.authenticator.AuthenticatorBase.invoke(AuthenticatorBase.java:483)
		at org.apache.catalina.core.StandardHostValve.invoke(StandardHostValve.java:115)
		at org.apache.catalina.valves.ErrorReportValve.invoke(ErrorReportValve.java:93)
		at org.apache.catalina.valves.AbstractAccessLogValve.invoke(AbstractAccessLogValve.java:670)
		at org.apache.catalina.core.StandardEngineValve.invoke(StandardEngineValve.java:74)
		at org.apache.catalina.connector.CoyoteAdapter.service(CoyoteAdapter.java:342)
		at org.apache.coyote.http11.Http11Processor.service(Http11Processor.java:395)
		at org.apache.coyote.AbstractProcessorLight.process(AbstractProcessorLight.java:63)
		at org.apache.coyote.AbstractProtocol$ConnectionHandler.process(AbstractProtocol.java:905)
		at org.apache.tomcat.util.net.NioEndpoint$SocketProcessor.doRun(NioEndpoint.java:1748)
		at org.apache.tomcat.util.net.SocketProcessorBase.run(SocketProcessorBase.java:52)
		at org.apache.tomcat.util.threads.ThreadPoolExecutor.runWorker(ThreadPoolExecutor.java:1148)
		at org.apache.tomcat.util.threads.ThreadPoolExecutor$Worker.run(ThreadPoolExecutor.java:636)
		at org.apache.tomcat.util.threads.TaskThread$WrappingRunnable.run(TaskThread.java:63)
		at java.base/java.lang.Thread.run(Thread.java:1447)
05-May-2025 13:48:35.057 SEVERE [http-nio-8080-exec-6] org.apache.catalina.core.StandardWrapperValve.invoke Servlet.service() for servlet [jsp] in context with path [/Food] threw exception [org.apache.jasper.JasperException: java.lang.ClassNotFoundException: org.apache.jsp.AdminPage.AdminDashboard_jsp] with root cause
	java.lang.ClassNotFoundException: org.apache.jsp.AdminPage.AdminDashboard_jsp
		at java.base/java.net.URLClassLoader.findClass(URLClassLoader.java:349)
		at org.apache.jasper.servlet.JasperLoader.loadClass(JasperLoader.java:104)
		at org.apache.jasper.servlet.JasperLoader.loadClass(JasperLoader.java:51)
		at org.apache.catalina.core.DefaultInstanceManager.newInstance(DefaultInstanceManager.java:147)
		at org.apache.jasper.servlet.JspServletWrapper.getServlet(JspServletWrapper.java:189)
		at org.apache.jasper.servlet.JspServletWrapper.service(JspServletWrapper.java:410)
		at org.apache.jasper.servlet.JspServlet.serviceJspFile(JspServlet.java:354)
		at org.apache.jasper.servlet.JspServlet.service(JspServlet.java:302)
		at jakarta.servlet.http.HttpServlet.service(HttpServlet.java:716)
		at org.apache.catalina.core.ApplicationFilterChain.doFilter(ApplicationFilterChain.java:130)
		at org.apache.tomcat.websocket.server.WsFilter.doFilter(WsFilter.java:51)
		at org.apache.catalina.core.ApplicationFilterChain.doFilter(ApplicationFilterChain.java:109)
		at org.apache.catalina.core.StandardWrapperValve.invoke(StandardWrapperValve.java:167)
		at org.apache.catalina.core.StandardContextValve.invoke(StandardContextValve.java:79)
		at org.apache.catalina.authenticator.AuthenticatorBase.invoke(AuthenticatorBase.java:483)
		at org.apache.catalina.core.StandardHostValve.invoke(StandardHostValve.java:115)
		at org.apache.catalina.valves.ErrorReportValve.invoke(ErrorReportValve.java:93)
		at org.apache.catalina.valves.AbstractAccessLogValve.invoke(AbstractAccessLogValve.java:670)
		at org.apache.catalina.core.StandardEngineValve.invoke(StandardEngineValve.java:74)
		at org.apache.catalina.connector.CoyoteAdapter.service(CoyoteAdapter.java:342)
		at org.apache.coyote.http11.Http11Processor.service(Http11Processor.java:395)
		at org.apache.coyote.AbstractProcessorLight.process(AbstractProcessorLight.java:63)
		at org.apache.coyote.AbstractProtocol$ConnectionHandler.process(AbstractProtocol.java:905)
		at org.apache.tomcat.util.net.NioEndpoint$SocketProcessor.doRun(NioEndpoint.java:1748)
		at org.apache.tomcat.util.net.SocketProcessorBase.run(SocketProcessorBase.java:52)
		at org.apache.tomcat.util.threads.ThreadPoolExecutor.runWorker(ThreadPoolExecutor.java:1148)
		at org.apache.tomcat.util.threads.ThreadPoolExecutor$Worker.run(ThreadPoolExecutor.java:636)
		at org.apache.tomcat.util.threads.TaskThread$WrappingRunnable.run(TaskThread.java:63)
		at java.base/java.lang.Thread.run(Thread.java:1447)
05-May-2025 13:48:35.318 SEVERE [http-nio-8080-exec-7] org.apache.catalina.core.StandardWrapperValve.invoke Servlet.service() for servlet [jsp] in context with path [/Food] threw exception [Unable to compile class for JSP: 

An error occurred at line: [6] in the jsp file: [/AdminPage/AdminDashboard.jsp]
Duplicate local variable session
3: <%@ page import="java.io.*" %>
4: <%
5:     // Session validation
6:     HttpSession session = request.getSession(false); // Get existing session, don't create a new one
7:     if (session == null || session.getAttribute("adminUser") == null) {
8:         response.sendRedirect("admin_login.jsp"); // Redirect to login page if no valid admin session
9:         return;


Stacktrace:] with root cause
	org.apache.jasper.JasperException: Unable to compile class for JSP: 

An error occurred at line: [6] in the jsp file: [/AdminPage/AdminDashboard.jsp]
Duplicate local variable session
3: <%@ page import="java.io.*" %>
4: <%
5:     // Session validation
6:     HttpSession session = request.getSession(false); // Get existing session, don't create a new one
7:     if (session == null || session.getAttribute("adminUser") == null) {
8:         response.sendRedirect("admin_login.jsp"); // Redirect to login page if no valid admin session
9:         return;


Stacktrace:
		at org.apache.jasper.compiler.DefaultErrorHandler.javacError(DefaultErrorHandler.java:72)
		at org.apache.jasper.compiler.ErrorDispatcher.javacError(ErrorDispatcher.java:192)
		at org.apache.jasper.compiler.JDTCompiler.generateClass(JDTCompiler.java:506)
		at org.apache.jasper.compiler.Compiler.compile(Compiler.java:373)
		at org.apache.jasper.compiler.Compiler.compile(Compiler.java:345)
		at org.apache.jasper.compiler.Compiler.compile(Compiler.java:331)
		at org.apache.jasper.JspCompilationContext.compile(JspCompilationContext.java:602)
		at org.apache.jasper.servlet.JspServletWrapper.service(JspServletWrapper.java:396)
		at org.apache.jasper.servlet.JspServlet.serviceJspFile(JspServlet.java:354)
		at org.apache.jasper.servlet.JspServlet.service(JspServlet.java:302)
		at jakarta.servlet.http.HttpServlet.service(HttpServlet.java:716)
		at org.apache.catalina.core.ApplicationFilterChain.doFilter(ApplicationFilterChain.java:130)
		at org.apache.tomcat.websocket.server.WsFilter.doFilter(WsFilter.java:51)
		at org.apache.catalina.core.ApplicationFilterChain.doFilter(ApplicationFilterChain.java:109)
		at org.apache.catalina.core.StandardWrapperValve.invoke(StandardWrapperValve.java:167)
		at org.apache.catalina.core.StandardContextValve.invoke(StandardContextValve.java:79)
		at org.apache.catalina.authenticator.AuthenticatorBase.invoke(AuthenticatorBase.java:483)
		at org.apache.catalina.core.StandardHostValve.invoke(StandardHostValve.java:115)
		at org.apache.catalina.valves.ErrorReportValve.invoke(ErrorReportValve.java:93)
		at org.apache.catalina.valves.AbstractAccessLogValve.invoke(AbstractAccessLogValve.java:670)
		at org.apache.catalina.core.StandardEngineValve.invoke(StandardEngineValve.java:74)
		at org.apache.catalina.connector.CoyoteAdapter.service(CoyoteAdapter.java:342)
		at org.apache.coyote.http11.Http11Processor.service(Http11Processor.java:395)
		at org.apache.coyote.AbstractProcessorLight.process(AbstractProcessorLight.java:63)
		at org.apache.coyote.AbstractProtocol$ConnectionHandler.process(AbstractProtocol.java:905)
		at org.apache.tomcat.util.net.NioEndpoint$SocketProcessor.doRun(NioEndpoint.java:1748)
		at org.apache.tomcat.util.net.SocketProcessorBase.run(SocketProcessorBase.java:52)
		at org.apache.tomcat.util.threads.ThreadPoolExecutor.runWorker(ThreadPoolExecutor.java:1148)
		at org.apache.tomcat.util.threads.ThreadPoolExecutor$Worker.run(ThreadPoolExecutor.java:636)
		at org.apache.tomcat.util.threads.TaskThread$WrappingRunnable.run(TaskThread.java:63)
		at java.base/java.lang.Thread.run(Thread.java:1447)
05-May-2025 13:48:35.438 SEVERE [http-nio-8080-exec-8] org.apache.catalina.core.StandardWrapperValve.invoke Servlet.service() for servlet [jsp] in context with path [/Food] threw exception [org.apache.jasper.JasperException: java.lang.ClassNotFoundException: org.apache.jsp.AdminPage.AdminDashboard_jsp] with root cause
	java.lang.ClassNotFoundException: org.apache.jsp.AdminPage.AdminDashboard_jsp
		at java.base/java.net.URLClassLoader.findClass(URLClassLoader.java:349)
		at org.apache.jasper.servlet.JasperLoader.loadClass(JasperLoader.java:104)
		at org.apache.jasper.servlet.JasperLoader.loadClass(JasperLoader.java:51)
		at org.apache.catalina.core.DefaultInstanceManager.newInstance(DefaultInstanceManager.java:147)
		at org.apache.jasper.servlet.JspServletWrapper.getServlet(JspServletWrapper.java:189)
		at org.apache.jasper.servlet.JspServletWrapper.service(JspServletWrapper.java:410)
		at org.apache.jasper.servlet.JspServlet.serviceJspFile(JspServlet.java:354)
		at org.apache.jasper.servlet.JspServlet.service(JspServlet.java:302)
		at jakarta.servlet.http.HttpServlet.service(HttpServlet.java:716)
		at org.apache.catalina.core.ApplicationFilterChain.doFilter(ApplicationFilterChain.java:130)
		at org.apache.tomcat.websocket.server.WsFilter.doFilter(WsFilter.java:51)
		at org.apache.catalina.core.ApplicationFilterChain.doFilter(ApplicationFilterChain.java:109)
		at org.apache.catalina.core.StandardWrapperValve.invoke(StandardWrapperValve.java:167)
		at org.apache.catalina.core.StandardContextValve.invoke(StandardContextValve.java:79)
		at org.apache.catalina.authenticator.AuthenticatorBase.invoke(AuthenticatorBase.java:483)
		at org.apache.catalina.core.StandardHostValve.invoke(StandardHostValve.java:115)
		at org.apache.catalina.valves.ErrorReportValve.invoke(ErrorReportValve.java:93)
		at org.apache.catalina.valves.AbstractAccessLogValve.invoke(AbstractAccessLogValve.java:670)
		at org.apache.catalina.core.StandardEngineValve.invoke(StandardEngineValve.java:74)
		at org.apache.catalina.connector.CoyoteAdapter.service(CoyoteAdapter.java:342)
		at org.apache.coyote.http11.Http11Processor.service(Http11Processor.java:395)
		at org.apache.coyote.AbstractProcessorLight.process(AbstractProcessorLight.java:63)
		at org.apache.coyote.AbstractProtocol$ConnectionHandler.process(AbstractProtocol.java:905)
		at org.apache.tomcat.util.net.NioEndpoint$SocketProcessor.doRun(NioEndpoint.java:1748)
		at org.apache.tomcat.util.net.SocketProcessorBase.run(SocketProcessorBase.java:52)
		at org.apache.tomcat.util.threads.ThreadPoolExecutor.runWorker(ThreadPoolExecutor.java:1148)
		at org.apache.tomcat.util.threads.ThreadPoolExecutor$Worker.run(ThreadPoolExecutor.java:636)
		at org.apache.tomcat.util.threads.TaskThread$WrappingRunnable.run(TaskThread.java:63)
		at java.base/java.lang.Thread.run(Thread.java:1447)
05-May-2025 13:48:35.565 SEVERE [http-nio-8080-exec-9] org.apache.catalina.core.StandardWrapperValve.invoke Servlet.service() for servlet [jsp] in context with path [/Food] threw exception [org.apache.jasper.JasperException: java.lang.ClassNotFoundException: org.apache.jsp.AdminPage.AdminDashboard_jsp] with root cause
	java.lang.ClassNotFoundException: org.apache.jsp.AdminPage.AdminDashboard_jsp
		at java.base/java.net.URLClassLoader.findClass(URLClassLoader.java:349)
		at org.apache.jasper.servlet.JasperLoader.loadClass(JasperLoader.java:104)
		at org.apache.jasper.servlet.JasperLoader.loadClass(JasperLoader.java:51)
		at org.apache.catalina.core.DefaultInstanceManager.newInstance(DefaultInstanceManager.java:147)
		at org.apache.jasper.servlet.JspServletWrapper.getServlet(JspServletWrapper.java:189)
		at org.apache.jasper.servlet.JspServletWrapper.service(JspServletWrapper.java:410)
		at org.apache.jasper.servlet.JspServlet.serviceJspFile(JspServlet.java:354)
		at org.apache.jasper.servlet.JspServlet.service(JspServlet.java:302)
		at jakarta.servlet.http.HttpServlet.service(HttpServlet.java:716)
		at org.apache.catalina.core.ApplicationFilterChain.doFilter(ApplicationFilterChain.java:130)
		at org.apache.tomcat.websocket.server.WsFilter.doFilter(WsFilter.java:51)
		at org.apache.catalina.core.ApplicationFilterChain.doFilter(ApplicationFilterChain.java:109)
		at org.apache.catalina.core.StandardWrapperValve.invoke(StandardWrapperValve.java:167)
		at org.apache.catalina.core.StandardContextValve.invoke(StandardContextValve.java:79)
		at org.apache.catalina.authenticator.AuthenticatorBase.invoke(AuthenticatorBase.java:483)
		at org.apache.catalina.core.StandardHostValve.invoke(StandardHostValve.java:115)
		at org.apache.catalina.valves.ErrorReportValve.invoke(ErrorReportValve.java:93)
		at org.apache.catalina.valves.AbstractAccessLogValve.invoke(AbstractAccessLogValve.java:670)
		at org.apache.catalina.core.StandardEngineValve.invoke(StandardEngineValve.java:74)
		at org.apache.catalina.connector.CoyoteAdapter.service(CoyoteAdapter.java:342)
		at org.apache.coyote.http11.Http11Processor.service(Http11Processor.java:395)
		at org.apache.coyote.AbstractProcessorLight.process(AbstractProcessorLight.java:63)
		at org.apache.coyote.AbstractProtocol$ConnectionHandler.process(AbstractProtocol.java:905)
		at org.apache.tomcat.util.net.NioEndpoint$SocketProcessor.doRun(NioEndpoint.java:1748)
		at org.apache.tomcat.util.net.SocketProcessorBase.run(SocketProcessorBase.java:52)
		at org.apache.tomcat.util.threads.ThreadPoolExecutor.runWorker(ThreadPoolExecutor.java:1148)
		at org.apache.tomcat.util.threads.ThreadPoolExecutor$Worker.run(ThreadPoolExecutor.java:636)
		at org.apache.tomcat.util.threads.TaskThread$WrappingRunnable.run(TaskThread.java:63)
		at java.base/java.lang.Thread.run(Thread.java:1447)
05-May-2025 13:48:35.699 SEVERE [http-nio-8080-exec-10] org.apache.catalina.core.StandardWrapperValve.invoke Servlet.service() for servlet [jsp] in context with path [/Food] threw exception [org.apache.jasper.JasperException: java.lang.ClassNotFoundException: org.apache.jsp.AdminPage.AdminDashboard_jsp] with root cause
	java.lang.ClassNotFoundException: org.apache.jsp.AdminPage.AdminDashboard_jsp
		at java.base/java.net.URLClassLoader.findClass(URLClassLoader.java:349)
		at org.apache.jasper.servlet.JasperLoader.loadClass(JasperLoader.java:104)
		at org.apache.jasper.servlet.JasperLoader.loadClass(JasperLoader.java:51)
		at org.apache.catalina.core.DefaultInstanceManager.newInstance(DefaultInstanceManager.java:147)
		at org.apache.jasper.servlet.JspServletWrapper.getServlet(JspServletWrapper.java:189)
		at org.apache.jasper.servlet.JspServletWrapper.service(JspServletWrapper.java:410)
		at org.apache.jasper.servlet.JspServlet.serviceJspFile(JspServlet.java:354)
		at org.apache.jasper.servlet.JspServlet.service(JspServlet.java:302)
		at jakarta.servlet.http.HttpServlet.service(HttpServlet.java:716)
		at org.apache.catalina.core.ApplicationFilterChain.doFilter(ApplicationFilterChain.java:130)
		at org.apache.tomcat.websocket.server.WsFilter.doFilter(WsFilter.java:51)
		at org.apache.catalina.core.ApplicationFilterChain.doFilter(ApplicationFilterChain.java:109)
		at org.apache.catalina.core.StandardWrapperValve.invoke(StandardWrapperValve.java:167)
		at org.apache.catalina.core.StandardContextValve.invoke(StandardContextValve.java:79)
		at org.apache.catalina.authenticator.AuthenticatorBase.invoke(AuthenticatorBase.java:483)
		at org.apache.catalina.core.StandardHostValve.invoke(StandardHostValve.java:115)
		at org.apache.catalina.valves.ErrorReportValve.invoke(ErrorReportValve.java:93)
		at org.apache.catalina.valves.AbstractAccessLogValve.invoke(AbstractAccessLogValve.java:670)
		at org.apache.catalina.core.StandardEngineValve.invoke(StandardEngineValve.java:74)
		at org.apache.catalina.connector.CoyoteAdapter.service(CoyoteAdapter.java:342)
		at org.apache.coyote.http11.Http11Processor.service(Http11Processor.java:395)
		at org.apache.coyote.AbstractProcessorLight.process(AbstractProcessorLight.java:63)
		at org.apache.coyote.AbstractProtocol$ConnectionHandler.process(AbstractProtocol.java:905)
		at org.apache.tomcat.util.net.NioEndpoint$SocketProcessor.doRun(NioEndpoint.java:1748)
		at org.apache.tomcat.util.net.SocketProcessorBase.run(SocketProcessorBase.java:52)
		at org.apache.tomcat.util.threads.ThreadPoolExecutor.runWorker(ThreadPoolExecutor.java:1148)
		at org.apache.tomcat.util.threads.ThreadPoolExecutor$Worker.run(ThreadPoolExecutor.java:636)
		at org.apache.tomcat.util.threads.TaskThread$WrappingRunnable.run(TaskThread.java:63)
		at java.base/java.lang.Thread.run(Thread.java:1447)
05-May-2025 13:48:35.826 SEVERE [http-nio-8080-exec-1] org.apache.catalina.core.StandardWrapperValve.invoke Servlet.service() for servlet [jsp] in context with path [/Food] threw exception [org.apache.jasper.JasperException: java.lang.ClassNotFoundException: org.apache.jsp.AdminPage.AdminDashboard_jsp] with root cause
	java.lang.ClassNotFoundException: org.apache.jsp.AdminPage.AdminDashboard_jsp
		at java.base/java.net.URLClassLoader.findClass(URLClassLoader.java:349)
		at org.apache.jasper.servlet.JasperLoader.loadClass(JasperLoader.java:104)
		at org.apache.jasper.servlet.JasperLoader.loadClass(JasperLoader.java:51)
		at org.apache.catalina.core.DefaultInstanceManager.newInstance(DefaultInstanceManager.java:147)
		at org.apache.jasper.servlet.JspServletWrapper.getServlet(JspServletWrapper.java:189)
		at org.apache.jasper.servlet.JspServletWrapper.service(JspServletWrapper.java:410)
		at org.apache.jasper.servlet.JspServlet.serviceJspFile(JspServlet.java:354)
		at org.apache.jasper.servlet.JspServlet.service(JspServlet.java:302)
		at jakarta.servlet.http.HttpServlet.service(HttpServlet.java:716)
		at org.apache.catalina.core.ApplicationFilterChain.doFilter(ApplicationFilterChain.java:130)
		at org.apache.tomcat.websocket.server.WsFilter.doFilter(WsFilter.java:51)
		at org.apache.catalina.core.ApplicationFilterChain.doFilter(ApplicationFilterChain.java:109)
		at org.apache.catalina.core.StandardWrapperValve.invoke(StandardWrapperValve.java:167)
		at org.apache.catalina.core.StandardContextValve.invoke(StandardContextValve.java:79)
		at org.apache.catalina.authenticator.AuthenticatorBase.invoke(AuthenticatorBase.java:483)
		at org.apache.catalina.core.StandardHostValve.invoke(StandardHostValve.java:115)
		at org.apache.catalina.valves.ErrorReportValve.invoke(ErrorReportValve.java:93)
		at org.apache.catalina.valves.AbstractAccessLogValve.invoke(AbstractAccessLogValve.java:670)
		at org.apache.catalina.core.StandardEngineValve.invoke(StandardEngineValve.java:74)
		at org.apache.catalina.connector.CoyoteAdapter.service(CoyoteAdapter.java:342)
		at org.apache.coyote.http11.Http11Processor.service(Http11Processor.java:395)
		at org.apache.coyote.AbstractProcessorLight.process(AbstractProcessorLight.java:63)
		at org.apache.coyote.AbstractProtocol$ConnectionHandler.process(AbstractProtocol.java:905)
		at org.apache.tomcat.util.net.NioEndpoint$SocketProcessor.doRun(NioEndpoint.java:1748)
		at org.apache.tomcat.util.net.SocketProcessorBase.run(SocketProcessorBase.java:52)
		at org.apache.tomcat.util.threads.ThreadPoolExecutor.runWorker(ThreadPoolExecutor.java:1148)
		at org.apache.tomcat.util.threads.ThreadPoolExecutor$Worker.run(ThreadPoolExecutor.java:636)
		at org.apache.tomcat.util.threads.TaskThread$WrappingRunnable.run(TaskThread.java:63)
		at java.base/java.lang.Thread.run(Thread.java:1447)
05-May-2025 13:48:35.946 SEVERE [http-nio-8080-exec-4] org.apache.catalina.core.StandardWrapperValve.invoke Servlet.service() for servlet [jsp] in context with path [/Food] threw exception [org.apache.jasper.JasperException: java.lang.ClassNotFoundException: org.apache.jsp.AdminPage.AdminDashboard_jsp] with root cause
	java.lang.ClassNotFoundException: org.apache.jsp.AdminPage.AdminDashboard_jsp
		at java.base/java.net.URLClassLoader.findClass(URLClassLoader.java:349)
		at org.apache.jasper.servlet.JasperLoader.loadClass(JasperLoader.java:104)
		at org.apache.jasper.servlet.JasperLoader.loadClass(JasperLoader.java:51)
		at org.apache.catalina.core.DefaultInstanceManager.newInstance(DefaultInstanceManager.java:147)
		at org.apache.jasper.servlet.JspServletWrapper.getServlet(JspServletWrapper.java:189)
		at org.apache.jasper.servlet.JspServletWrapper.service(JspServletWrapper.java:410)
		at org.apache.jasper.servlet.JspServlet.serviceJspFile(JspServlet.java:354)
		at org.apache.jasper.servlet.JspServlet.service(JspServlet.java:302)
		at jakarta.servlet.http.HttpServlet.service(HttpServlet.java:716)
		at org.apache.catalina.core.ApplicationFilterChain.doFilter(ApplicationFilterChain.java:130)
		at org.apache.tomcat.websocket.server.WsFilter.doFilter(WsFilter.java:51)
		at org.apache.catalina.core.ApplicationFilterChain.doFilter(ApplicationFilterChain.java:109)
		at org.apache.catalina.core.StandardWrapperValve.invoke(StandardWrapperValve.java:167)
		at org.apache.catalina.core.StandardContextValve.invoke(StandardContextValve.java:79)
		at org.apache.catalina.authenticator.AuthenticatorBase.invoke(AuthenticatorBase.java:483)
		at org.apache.catalina.core.StandardHostValve.invoke(StandardHostValve.java:115)
		at org.apache.catalina.valves.ErrorReportValve.invoke(ErrorReportValve.java:93)
		at org.apache.catalina.valves.AbstractAccessLogValve.invoke(AbstractAccessLogValve.java:670)
		at org.apache.catalina.core.StandardEngineValve.invoke(StandardEngineValve.java:74)
		at org.apache.catalina.connector.CoyoteAdapter.service(CoyoteAdapter.java:342)
		at org.apache.coyote.http11.Http11Processor.service(Http11Processor.java:395)
		at org.apache.coyote.AbstractProcessorLight.process(AbstractProcessorLight.java:63)
		at org.apache.coyote.AbstractProtocol$ConnectionHandler.process(AbstractProtocol.java:905)
		at org.apache.tomcat.util.net.NioEndpoint$SocketProcessor.doRun(NioEndpoint.java:1748)
		at org.apache.tomcat.util.net.SocketProcessorBase.run(SocketProcessorBase.java:52)
		at org.apache.tomcat.util.threads.ThreadPoolExecutor.runWorker(ThreadPoolExecutor.java:1148)
		at org.apache.tomcat.util.threads.ThreadPoolExecutor$Worker.run(ThreadPoolExecutor.java:636)
		at org.apache.tomcat.util.threads.TaskThread$WrappingRunnable.run(TaskThread.java:63)
		at java.base/java.lang.Thread.run(Thread.java:1447)
05-May-2025 13:48:36.073 SEVERE [http-nio-8080-exec-3] org.apache.catalina.core.StandardWrapperValve.invoke Servlet.service() for servlet [jsp] in context with path [/Food] threw exception [org.apache.jasper.JasperException: java.lang.ClassNotFoundException: org.apache.jsp.AdminPage.AdminDashboard_jsp] with root cause
	java.lang.ClassNotFoundException: org.apache.jsp.AdminPage.AdminDashboard_jsp
		at java.base/java.net.URLClassLoader.findClass(URLClassLoader.java:349)
		at org.apache.jasper.servlet.JasperLoader.loadClass(JasperLoader.java:104)
		at org.apache.jasper.servlet.JasperLoader.loadClass(JasperLoader.java:51)
		at org.apache.catalina.core.DefaultInstanceManager.newInstance(DefaultInstanceManager.java:147)
		at org.apache.jasper.servlet.JspServletWrapper.getServlet(JspServletWrapper.java:189)
		at org.apache.jasper.servlet.JspServletWrapper.service(JspServletWrapper.java:410)
		at org.apache.jasper.servlet.JspServlet.serviceJspFile(JspServlet.java:354)
		at org.apache.jasper.servlet.JspServlet.service(JspServlet.java:302)
		at jakarta.servlet.http.HttpServlet.service(HttpServlet.java:716)
		at org.apache.catalina.core.ApplicationFilterChain.doFilter(ApplicationFilterChain.java:130)
		at org.apache.tomcat.websocket.server.WsFilter.doFilter(WsFilter.java:51)
		at org.apache.catalina.core.ApplicationFilterChain.doFilter(ApplicationFilterChain.java:109)
		at org.apache.catalina.core.StandardWrapperValve.invoke(StandardWrapperValve.java:167)
		at org.apache.catalina.core.StandardContextValve.invoke(StandardContextValve.java:79)
		at org.apache.catalina.authenticator.AuthenticatorBase.invoke(AuthenticatorBase.java:483)
		at org.apache.catalina.core.StandardHostValve.invoke(StandardHostValve.java:115)
		at org.apache.catalina.valves.ErrorReportValve.invoke(ErrorReportValve.java:93)
		at org.apache.catalina.valves.AbstractAccessLogValve.invoke(AbstractAccessLogValve.java:670)
		at org.apache.catalina.core.StandardEngineValve.invoke(StandardEngineValve.java:74)
		at org.apache.catalina.connector.CoyoteAdapter.service(CoyoteAdapter.java:342)
		at org.apache.coyote.http11.Http11Processor.service(Http11Processor.java:395)
		at org.apache.coyote.AbstractProcessorLight.process(AbstractProcessorLight.java:63)
		at org.apache.coyote.AbstractProtocol$ConnectionHandler.process(AbstractProtocol.java:905)
		at org.apache.tomcat.util.net.NioEndpoint$SocketProcessor.doRun(NioEndpoint.java:1748)
		at org.apache.tomcat.util.net.SocketProcessorBase.run(SocketProcessorBase.java:52)
		at org.apache.tomcat.util.threads.ThreadPoolExecutor.runWorker(ThreadPoolExecutor.java:1148)
		at org.apache.tomcat.util.threads.ThreadPoolExecutor$Worker.run(ThreadPoolExecutor.java:636)
		at org.apache.tomcat.util.threads.TaskThread$WrappingRunnable.run(TaskThread.java:63)
		at java.base/java.lang.Thread.run(Thread.java:1447)
05-May-2025 13:48:36.194 SEVERE [http-nio-8080-exec-2] org.apache.catalina.core.StandardWrapperValve.invoke Servlet.service() for servlet [jsp] in context with path [/Food] threw exception [org.apache.jasper.JasperException: java.lang.ClassNotFoundException: org.apache.jsp.AdminPage.AdminDashboard_jsp] with root cause
	java.lang.ClassNotFoundException: org.apache.jsp.AdminPage.AdminDashboard_jsp
		at java.base/java.net.URLClassLoader.findClass(URLClassLoader.java:349)
		at org.apache.jasper.servlet.JasperLoader.loadClass(JasperLoader.java:104)
		at org.apache.jasper.servlet.JasperLoader.loadClass(JasperLoader.java:51)
		at org.apache.catalina.core.DefaultInstanceManager.newInstance(DefaultInstanceManager.java:147)
		at org.apache.jasper.servlet.JspServletWrapper.getServlet(JspServletWrapper.java:189)
		at org.apache.jasper.servlet.JspServletWrapper.service(JspServletWrapper.java:410)
		at org.apache.jasper.servlet.JspServlet.serviceJspFile(JspServlet.java:354)
		at org.apache.jasper.servlet.JspServlet.service(JspServlet.java:302)
		at jakarta.servlet.http.HttpServlet.service(HttpServlet.java:716)
		at org.apache.catalina.core.ApplicationFilterChain.doFilter(ApplicationFilterChain.java:130)
		at org.apache.tomcat.websocket.server.WsFilter.doFilter(WsFilter.java:51)
		at org.apache.catalina.core.ApplicationFilterChain.doFilter(ApplicationFilterChain.java:109)
		at org.apache.catalina.core.StandardWrapperValve.invoke(StandardWrapperValve.java:167)
		at org.apache.catalina.core.StandardContextValve.invoke(StandardContextValve.java:79)
		at org.apache.catalina.authenticator.AuthenticatorBase.invoke(AuthenticatorBase.java:483)
		at org.apache.catalina.core.StandardHostValve.invoke(StandardHostValve.java:115)
		at org.apache.catalina.valves.ErrorReportValve.invoke(ErrorReportValve.java:93)
		at org.apache.catalina.valves.AbstractAccessLogValve.invoke(AbstractAccessLogValve.java:670)
		at org.apache.catalina.core.StandardEngineValve.invoke(StandardEngineValve.java:74)
		at org.apache.catalina.connector.CoyoteAdapter.service(CoyoteAdapter.java:342)
		at org.apache.coyote.http11.Http11Processor.service(Http11Processor.java:395)
		at org.apache.coyote.AbstractProcessorLight.process(AbstractProcessorLight.java:63)
		at org.apache.coyote.AbstractProtocol$ConnectionHandler.process(AbstractProtocol.java:905)
		at org.apache.tomcat.util.net.NioEndpoint$SocketProcessor.doRun(NioEndpoint.java:1748)
		at org.apache.tomcat.util.net.SocketProcessorBase.run(SocketProcessorBase.java:52)
		at org.apache.tomcat.util.threads.ThreadPoolExecutor.runWorker(ThreadPoolExecutor.java:1148)
		at org.apache.tomcat.util.threads.ThreadPoolExecutor$Worker.run(ThreadPoolExecutor.java:636)
		at org.apache.tomcat.util.threads.TaskThread$WrappingRunnable.run(TaskThread.java:63)
		at java.base/java.lang.Thread.run(Thread.java:1447)
05-May-2025 13:48:36.314 SEVERE [http-nio-8080-exec-5] org.apache.catalina.core.StandardWrapperValve.invoke Servlet.service() for servlet [jsp] in context with path [/Food] threw exception [org.apache.jasper.JasperException: java.lang.ClassNotFoundException: org.apache.jsp.AdminPage.AdminDashboard_jsp] with root cause
	java.lang.ClassNotFoundException: org.apache.jsp.AdminPage.AdminDashboard_jsp
		at java.base/java.net.URLClassLoader.findClass(URLClassLoader.java:349)
		at org.apache.jasper.servlet.JasperLoader.loadClass(JasperLoader.java:104)
		at org.apache.jasper.servlet.JasperLoader.loadClass(JasperLoader.java:51)
		at org.apache.catalina.core.DefaultInstanceManager.newInstance(DefaultInstanceManager.java:147)
		at org.apache.jasper.servlet.JspServletWrapper.getServlet(JspServletWrapper.java:189)
		at org.apache.jasper.servlet.JspServletWrapper.service(JspServletWrapper.java:410)
		at org.apache.jasper.servlet.JspServlet.serviceJspFile(JspServlet.java:354)
		at org.apache.jasper.servlet.JspServlet.service(JspServlet.java:302)
		at jakarta.servlet.http.HttpServlet.service(HttpServlet.java:716)
		at org.apache.catalina.core.ApplicationFilterChain.doFilter(ApplicationFilterChain.java:130)
		at org.apache.tomcat.websocket.server.WsFilter.doFilter(WsFilter.java:51)
		at org.apache.catalina.core.ApplicationFilterChain.doFilter(ApplicationFilterChain.java:109)
		at org.apache.catalina.core.StandardWrapperValve.invoke(StandardWrapperValve.java:167)
		at org.apache.catalina.core.StandardContextValve.invoke(StandardContextValve.java:79)
		at org.apache.catalina.authenticator.AuthenticatorBase.invoke(AuthenticatorBase.java:483)
		at org.apache.catalina.core.StandardHostValve.invoke(StandardHostValve.java:115)
		at org.apache.catalina.valves.ErrorReportValve.invoke(ErrorReportValve.java:93)
		at org.apache.catalina.valves.AbstractAccessLogValve.invoke(AbstractAccessLogValve.java:670)
		at org.apache.catalina.core.StandardEngineValve.invoke(StandardEngineValve.java:74)
		at org.apache.catalina.connector.CoyoteAdapter.service(CoyoteAdapter.java:342)
		at org.apache.coyote.http11.Http11Processor.service(Http11Processor.java:395)
		at org.apache.coyote.AbstractProcessorLight.process(AbstractProcessorLight.java:63)
		at org.apache.coyote.AbstractProtocol$ConnectionHandler.process(AbstractProtocol.java:905)
		at org.apache.tomcat.util.net.NioEndpoint$SocketProcessor.doRun(NioEndpoint.java:1748)
		at org.apache.tomcat.util.net.SocketProcessorBase.run(SocketProcessorBase.java:52)
		at org.apache.tomcat.util.threads.ThreadPoolExecutor.runWorker(ThreadPoolExecutor.java:1148)
		at org.apache.tomcat.util.threads.ThreadPoolExecutor$Worker.run(ThreadPoolExecutor.java:636)
		at org.apache.tomcat.util.threads.TaskThread$WrappingRunnable.run(TaskThread.java:63)
		at java.base/java.lang.Thread.run(Thread.java:1447)
05-May-2025 13:48:36.441 SEVERE [http-nio-8080-exec-6] org.apache.catalina.core.StandardWrapperValve.invoke Servlet.service() for servlet [jsp] in context with path [/Food] threw exception [org.apache.jasper.JasperException: java.lang.ClassNotFoundException: org.apache.jsp.AdminPage.AdminDashboard_jsp] with root cause
	java.lang.ClassNotFoundException: org.apache.jsp.AdminPage.AdminDashboard_jsp
		at java.base/java.net.URLClassLoader.findClass(URLClassLoader.java:349)
		at org.apache.jasper.servlet.JasperLoader.loadClass(JasperLoader.java:104)
		at org.apache.jasper.servlet.JasperLoader.loadClass(JasperLoader.java:51)
		at org.apache.catalina.core.DefaultInstanceManager.newInstance(DefaultInstanceManager.java:147)
		at org.apache.jasper.servlet.JspServletWrapper.getServlet(JspServletWrapper.java:189)
		at org.apache.jasper.servlet.JspServletWrapper.service(JspServletWrapper.java:410)
		at org.apache.jasper.servlet.JspServlet.serviceJspFile(JspServlet.java:354)
		at org.apache.jasper.servlet.JspServlet.service(JspServlet.java:302)
		at jakarta.servlet.http.HttpServlet.service(HttpServlet.java:716)
		at org.apache.catalina.core.ApplicationFilterChain.doFilter(ApplicationFilterChain.java:130)
		at org.apache.tomcat.websocket.server.WsFilter.doFilter(WsFilter.java:51)
		at org.apache.catalina.core.ApplicationFilterChain.doFilter(ApplicationFilterChain.java:109)
		at org.apache.catalina.core.StandardWrapperValve.invoke(StandardWrapperValve.java:167)
		at org.apache.catalina.core.StandardContextValve.invoke(StandardContextValve.java:79)
		at org.apache.catalina.authenticator.AuthenticatorBase.invoke(AuthenticatorBase.java:483)
		at org.apache.catalina.core.StandardHostValve.invoke(StandardHostValve.java:115)
		at org.apache.catalina.valves.ErrorReportValve.invoke(ErrorReportValve.java:93)
		at org.apache.catalina.valves.AbstractAccessLogValve.invoke(AbstractAccessLogValve.java:670)
		at org.apache.catalina.core.StandardEngineValve.invoke(StandardEngineValve.java:74)
		at org.apache.catalina.connector.CoyoteAdapter.service(CoyoteAdapter.java:342)
		at org.apache.coyote.http11.Http11Processor.service(Http11Processor.java:395)
		at org.apache.coyote.AbstractProcessorLight.process(AbstractProcessorLight.java:63)
		at org.apache.coyote.AbstractProtocol$ConnectionHandler.process(AbstractProtocol.java:905)
		at org.apache.tomcat.util.net.NioEndpoint$SocketProcessor.doRun(NioEndpoint.java:1748)
		at org.apache.tomcat.util.net.SocketProcessorBase.run(SocketProcessorBase.java:52)
		at org.apache.tomcat.util.threads.ThreadPoolExecutor.runWorker(ThreadPoolExecutor.java:1148)
		at org.apache.tomcat.util.threads.ThreadPoolExecutor$Worker.run(ThreadPoolExecutor.java:636)
		at org.apache.tomcat.util.threads.TaskThread$WrappingRunnable.run(TaskThread.java:63)
		at java.base/java.lang.Thread.run(Thread.java:1447)
05-May-2025 13:48:36.594 SEVERE [http-nio-8080-exec-7] org.apache.catalina.core.StandardWrapperValve.invoke Servlet.service() for servlet [jsp] in context with path [/Food] threw exception [org.apache.jasper.JasperException: java.lang.ClassNotFoundException: org.apache.jsp.AdminPage.AdminDashboard_jsp] with root cause
	java.lang.ClassNotFoundException: org.apache.jsp.AdminPage.AdminDashboard_jsp
		at java.base/java.net.URLClassLoader.findClass(URLClassLoader.java:349)
		at org.apache.jasper.servlet.JasperLoader.loadClass(JasperLoader.java:104)
		at org.apache.jasper.servlet.JasperLoader.loadClass(JasperLoader.java:51)
		at org.apache.catalina.core.DefaultInstanceManager.newInstance(DefaultInstanceManager.java:147)
		at org.apache.jasper.servlet.JspServletWrapper.getServlet(JspServletWrapper.java:189)
		at org.apache.jasper.servlet.JspServletWrapper.service(JspServletWrapper.java:410)
		at org.apache.jasper.servlet.JspServlet.serviceJspFile(JspServlet.java:354)
		at org.apache.jasper.servlet.JspServlet.service(JspServlet.java:302)
		at jakarta.servlet.http.HttpServlet.service(HttpServlet.java:716)
		at org.apache.catalina.core.ApplicationFilterChain.doFilter(ApplicationFilterChain.java:130)
		at org.apache.tomcat.websocket.server.WsFilter.doFilter(WsFilter.java:51)
		at org.apache.catalina.core.ApplicationFilterChain.doFilter(ApplicationFilterChain.java:109)
		at org.apache.catalina.core.StandardWrapperValve.invoke(StandardWrapperValve.java:167)
		at org.apache.catalina.core.StandardContextValve.invoke(StandardContextValve.java:79)
		at org.apache.catalina.authenticator.AuthenticatorBase.invoke(AuthenticatorBase.java:483)
		at org.apache.catalina.core.StandardHostValve.invoke(StandardHostValve.java:115)
		at org.apache.catalina.valves.ErrorReportValve.invoke(ErrorReportValve.java:93)
		at org.apache.catalina.valves.AbstractAccessLogValve.invoke(AbstractAccessLogValve.java:670)
		at org.apache.catalina.core.StandardEngineValve.invoke(StandardEngineValve.java:74)
		at org.apache.catalina.connector.CoyoteAdapter.service(CoyoteAdapter.java:342)
		at org.apache.coyote.http11.Http11Processor.service(Http11Processor.java:395)
		at org.apache.coyote.AbstractProcessorLight.process(AbstractProcessorLight.java:63)
		at org.apache.coyote.AbstractProtocol$ConnectionHandler.process(AbstractProtocol.java:905)
		at org.apache.tomcat.util.net.NioEndpoint$SocketProcessor.doRun(NioEndpoint.java:1748)
		at org.apache.tomcat.util.net.SocketProcessorBase.run(SocketProcessorBase.java:52)
		at org.apache.tomcat.util.threads.ThreadPoolExecutor.runWorker(ThreadPoolExecutor.java:1148)
		at org.apache.tomcat.util.threads.ThreadPoolExecutor$Worker.run(ThreadPoolExecutor.java:636)
		at org.apache.tomcat.util.threads.TaskThread$WrappingRunnable.run(TaskThread.java:63)
		at java.base/java.lang.Thread.run(Thread.java:1447)
05-May-2025 13:52:29.812 SEVERE [http-nio-8080-exec-4] org.apache.catalina.core.StandardWrapperValve.invoke Servlet.service() for servlet [jsp] in context with path [/Food] threw exception [Unable to compile class for JSP: 

An error occurred at line: [6] in the jsp file: [/AdminPage/AdminDashboard.jsp]
Duplicate local variable session
3: <%@ page import="java.io.*" %>
4: <%
5:     // Session validation
6:     HttpSession session = request.getSession(false); // Get existing session, don't create a new one
7:     if (session == null || session.getAttribute("adminUser") == null) {
8:         response.sendRedirect(request.getContextPath() + "/AdminPage/admin_login.jsp");
9:         return;


Stacktrace:] with root cause
	org.apache.jasper.JasperException: Unable to compile class for JSP: 

An error occurred at line: [6] in the jsp file: [/AdminPage/AdminDashboard.jsp]
Duplicate local variable session
3: <%@ page import="java.io.*" %>
4: <%
5:     // Session validation
6:     HttpSession session = request.getSession(false); // Get existing session, don't create a new one
7:     if (session == null || session.getAttribute("adminUser") == null) {
8:         response.sendRedirect(request.getContextPath() + "/AdminPage/admin_login.jsp");
9:         return;


Stacktrace:
		at org.apache.jasper.compiler.DefaultErrorHandler.javacError(DefaultErrorHandler.java:72)
		at org.apache.jasper.compiler.ErrorDispatcher.javacError(ErrorDispatcher.java:192)
		at org.apache.jasper.compiler.JDTCompiler.generateClass(JDTCompiler.java:506)
		at org.apache.jasper.compiler.Compiler.compile(Compiler.java:373)
		at org.apache.jasper.compiler.Compiler.compile(Compiler.java:345)
		at org.apache.jasper.compiler.Compiler.compile(Compiler.java:331)
		at org.apache.jasper.JspCompilationContext.compile(JspCompilationContext.java:602)
		at org.apache.jasper.servlet.JspServletWrapper.service(JspServletWrapper.java:396)
		at org.apache.jasper.servlet.JspServlet.serviceJspFile(JspServlet.java:354)
		at org.apache.jasper.servlet.JspServlet.service(JspServlet.java:302)
		at jakarta.servlet.http.HttpServlet.service(HttpServlet.java:716)
		at org.apache.catalina.core.ApplicationFilterChain.doFilter(ApplicationFilterChain.java:130)
		at org.apache.tomcat.websocket.server.WsFilter.doFilter(WsFilter.java:51)
		at org.apache.catalina.core.ApplicationFilterChain.doFilter(ApplicationFilterChain.java:109)
		at org.apache.catalina.core.StandardWrapperValve.invoke(StandardWrapperValve.java:167)
		at org.apache.catalina.core.StandardContextValve.invoke(StandardContextValve.java:79)
		at org.apache.catalina.authenticator.AuthenticatorBase.invoke(AuthenticatorBase.java:483)
		at org.apache.catalina.core.StandardHostValve.invoke(StandardHostValve.java:115)
		at org.apache.catalina.valves.ErrorReportValve.invoke(ErrorReportValve.java:93)
		at org.apache.catalina.valves.AbstractAccessLogValve.invoke(AbstractAccessLogValve.java:670)
		at org.apache.catalina.core.StandardEngineValve.invoke(StandardEngineValve.java:74)
		at org.apache.catalina.connector.CoyoteAdapter.service(CoyoteAdapter.java:342)
		at org.apache.coyote.http11.Http11Processor.service(Http11Processor.java:395)
		at org.apache.coyote.AbstractProcessorLight.process(AbstractProcessorLight.java:63)
		at org.apache.coyote.AbstractProtocol$ConnectionHandler.process(AbstractProtocol.java:905)
		at org.apache.tomcat.util.net.NioEndpoint$SocketProcessor.doRun(NioEndpoint.java:1748)
		at org.apache.tomcat.util.net.SocketProcessorBase.run(SocketProcessorBase.java:52)
		at org.apache.tomcat.util.threads.ThreadPoolExecutor.runWorker(ThreadPoolExecutor.java:1148)
		at org.apache.tomcat.util.threads.ThreadPoolExecutor$Worker.run(ThreadPoolExecutor.java:636)
		at org.apache.tomcat.util.threads.TaskThread$WrappingRunnable.run(TaskThread.java:63)
		at java.base/java.lang.Thread.run(Thread.java:1447)
05-May-2025 13:53:06.752 SEVERE [http-nio-8080-exec-10] org.apache.catalina.core.StandardWrapperValve.invoke Servlet.service() for servlet [jsp] in context with path [/Food] threw exception [Unable to compile class for JSP: 

An error occurred at line: [6] in the jsp file: [/AdminPage/AdminDashboard.jsp]
Duplicate local variable session
3: <%@ page import="java.io.*" %>
4: <%
5:     // Session validation
6:     HttpSession session = request.getSession(false); // Get existing session, don't create a new one
7:     if (session == null || session.getAttribute("adminUser") == null) {
8:         response.sendRedirect(request.getContextPath() + "/AdminPage/admin_login.jsp");
9:         return;


Stacktrace:] with root cause
	org.apache.jasper.JasperException: Unable to compile class for JSP: 

An error occurred at line: [6] in the jsp file: [/AdminPage/AdminDashboard.jsp]
Duplicate local variable session
3: <%@ page import="java.io.*" %>
4: <%
5:     // Session validation
6:     HttpSession session = request.getSession(false); // Get existing session, don't create a new one
7:     if (session == null || session.getAttribute("adminUser") == null) {
8:         response.sendRedirect(request.getContextPath() + "/AdminPage/admin_login.jsp");
9:         return;


Stacktrace:
		at org.apache.jasper.compiler.DefaultErrorHandler.javacError(DefaultErrorHandler.java:72)
		at org.apache.jasper.compiler.ErrorDispatcher.javacError(ErrorDispatcher.java:192)
		at org.apache.jasper.compiler.JDTCompiler.generateClass(JDTCompiler.java:506)
		at org.apache.jasper.compiler.Compiler.compile(Compiler.java:373)
		at org.apache.jasper.compiler.Compiler.compile(Compiler.java:345)
		at org.apache.jasper.compiler.Compiler.compile(Compiler.java:331)
		at org.apache.jasper.JspCompilationContext.compile(JspCompilationContext.java:602)
		at org.apache.jasper.servlet.JspServletWrapper.service(JspServletWrapper.java:396)
		at org.apache.jasper.servlet.JspServlet.serviceJspFile(JspServlet.java:354)
		at org.apache.jasper.servlet.JspServlet.service(JspServlet.java:302)
		at jakarta.servlet.http.HttpServlet.service(HttpServlet.java:716)
		at org.apache.catalina.core.ApplicationFilterChain.doFilter(ApplicationFilterChain.java:130)
		at org.apache.tomcat.websocket.server.WsFilter.doFilter(WsFilter.java:51)
		at org.apache.catalina.core.ApplicationFilterChain.doFilter(ApplicationFilterChain.java:109)
		at org.apache.catalina.core.StandardWrapperValve.invoke(StandardWrapperValve.java:167)
		at org.apache.catalina.core.StandardContextValve.invoke(StandardContextValve.java:79)
		at org.apache.catalina.authenticator.AuthenticatorBase.invoke(AuthenticatorBase.java:483)
		at org.apache.catalina.core.StandardHostValve.invoke(StandardHostValve.java:115)
		at org.apache.catalina.valves.ErrorReportValve.invoke(ErrorReportValve.java:93)
		at org.apache.catalina.valves.AbstractAccessLogValve.invoke(AbstractAccessLogValve.java:670)
		at org.apache.catalina.core.StandardEngineValve.invoke(StandardEngineValve.java:74)
		at org.apache.catalina.connector.CoyoteAdapter.service(CoyoteAdapter.java:342)
		at org.apache.coyote.http11.Http11Processor.service(Http11Processor.java:395)
		at org.apache.coyote.AbstractProcessorLight.process(AbstractProcessorLight.java:63)
		at org.apache.coyote.AbstractProtocol$ConnectionHandler.process(AbstractProtocol.java:905)
		at org.apache.tomcat.util.net.NioEndpoint$SocketProcessor.doRun(NioEndpoint.java:1748)
		at org.apache.tomcat.util.net.SocketProcessorBase.run(SocketProcessorBase.java:52)
		at org.apache.tomcat.util.threads.ThreadPoolExecutor.runWorker(ThreadPoolExecutor.java:1148)
		at org.apache.tomcat.util.threads.ThreadPoolExecutor$Worker.run(ThreadPoolExecutor.java:636)
		at org.apache.tomcat.util.threads.TaskThread$WrappingRunnable.run(TaskThread.java:63)
		at java.base/java.lang.Thread.run(Thread.java:1447)
05-May-2025 13:54:23.405 SEVERE [http-nio-8080-exec-1] org.apache.catalina.core.StandardWrapperValve.invoke Servlet.service() for servlet [jsp] in context with path [/Food] threw exception [Unable to compile class for JSP: 

An error occurred at line: [6] in the jsp file: [/AdminPage/AdminDashboard.jsp]
Duplicate local variable session
3: <%@ page import="java.io.*" %>
4: <%
5:     // Session validation to ensure admin is logged in
6:     HttpSession session = request.getSession(false); // Retrieve existing session without creating a new one
7:     if (session == null || session.getAttribute("adminUser") == null) {
8:         // Redirect to login page if session is invalid or adminUser is not set
9:         response.sendRedirect(request.getContextPath() + "/AdminPage/admin_login.jsp");


Stacktrace:] with root cause
	org.apache.jasper.JasperException: Unable to compile class for JSP: 

An error occurred at line: [6] in the jsp file: [/AdminPage/AdminDashboard.jsp]
Duplicate local variable session
3: <%@ page import="java.io.*" %>
4: <%
5:     // Session validation to ensure admin is logged in
6:     HttpSession session = request.getSession(false); // Retrieve existing session without creating a new one
7:     if (session == null || session.getAttribute("adminUser") == null) {
8:         // Redirect to login page if session is invalid or adminUser is not set
9:         response.sendRedirect(request.getContextPath() + "/AdminPage/admin_login.jsp");


Stacktrace:
		at org.apache.jasper.compiler.DefaultErrorHandler.javacError(DefaultErrorHandler.java:72)
		at org.apache.jasper.compiler.ErrorDispatcher.javacError(ErrorDispatcher.java:192)
		at org.apache.jasper.compiler.JDTCompiler.generateClass(JDTCompiler.java:506)
		at org.apache.jasper.compiler.Compiler.compile(Compiler.java:373)
		at org.apache.jasper.compiler.Compiler.compile(Compiler.java:345)
		at org.apache.jasper.compiler.Compiler.compile(Compiler.java:331)
		at org.apache.jasper.JspCompilationContext.compile(JspCompilationContext.java:602)
		at org.apache.jasper.servlet.JspServletWrapper.service(JspServletWrapper.java:396)
		at org.apache.jasper.servlet.JspServlet.serviceJspFile(JspServlet.java:354)
		at org.apache.jasper.servlet.JspServlet.service(JspServlet.java:302)
		at jakarta.servlet.http.HttpServlet.service(HttpServlet.java:716)
		at org.apache.catalina.core.ApplicationFilterChain.doFilter(ApplicationFilterChain.java:130)
		at org.apache.tomcat.websocket.server.WsFilter.doFilter(WsFilter.java:51)
		at org.apache.catalina.core.ApplicationFilterChain.doFilter(ApplicationFilterChain.java:109)
		at org.apache.catalina.core.StandardWrapperValve.invoke(StandardWrapperValve.java:167)
		at org.apache.catalina.core.StandardContextValve.invoke(StandardContextValve.java:79)
		at org.apache.catalina.authenticator.AuthenticatorBase.invoke(AuthenticatorBase.java:483)
		at org.apache.catalina.core.StandardHostValve.invoke(StandardHostValve.java:115)
		at org.apache.catalina.valves.ErrorReportValve.invoke(ErrorReportValve.java:93)
		at org.apache.catalina.valves.AbstractAccessLogValve.invoke(AbstractAccessLogValve.java:670)
		at org.apache.catalina.core.StandardEngineValve.invoke(StandardEngineValve.java:74)
		at org.apache.catalina.connector.CoyoteAdapter.service(CoyoteAdapter.java:342)
		at org.apache.coyote.http11.Http11Processor.service(Http11Processor.java:395)
		at org.apache.coyote.AbstractProcessorLight.process(AbstractProcessorLight.java:63)
		at org.apache.coyote.AbstractProtocol$ConnectionHandler.process(AbstractProtocol.java:905)
		at org.apache.tomcat.util.net.NioEndpoint$SocketProcessor.doRun(NioEndpoint.java:1748)
		at org.apache.tomcat.util.net.SocketProcessorBase.run(SocketProcessorBase.java:52)
		at org.apache.tomcat.util.threads.ThreadPoolExecutor.runWorker(ThreadPoolExecutor.java:1148)
		at org.apache.tomcat.util.threads.ThreadPoolExecutor$Worker.run(ThreadPoolExecutor.java:636)
		at org.apache.tomcat.util.threads.TaskThread$WrappingRunnable.run(TaskThread.java:63)
		at java.base/java.lang.Thread.run(Thread.java:1447)
05-May-2025 13:54:32.189 SEVERE [http-nio-8080-exec-9] org.apache.catalina.core.StandardWrapperValve.invoke Servlet.service() for servlet [jsp] in context with path [/Food] threw exception [Unable to compile class for JSP: 

An error occurred at line: [6] in the jsp file: [/AdminPage/AdminDashboard.jsp]
Duplicate local variable session
3: <%@ page import="java.io.*" %>
4: <%
5:     // Session validation to ensure admin is logged in
6:     HttpSession session = request.getSession(false); // Retrieve existing session without creating a new one
7:     if (session == null || session.getAttribute("adminUser") == null) {
8:         // Redirect to login page if session is invalid or adminUser is not set
9:         response.sendRedirect(request.getContextPath() + "/AdminPage/admin_login.jsp");


Stacktrace:] with root cause
	org.apache.jasper.JasperException: Unable to compile class for JSP: 

An error occurred at line: [6] in the jsp file: [/AdminPage/AdminDashboard.jsp]
Duplicate local variable session
3: <%@ page import="java.io.*" %>
4: <%
5:     // Session validation to ensure admin is logged in
6:     HttpSession session = request.getSession(false); // Retrieve existing session without creating a new one
7:     if (session == null || session.getAttribute("adminUser") == null) {
8:         // Redirect to login page if session is invalid or adminUser is not set
9:         response.sendRedirect(request.getContextPath() + "/AdminPage/admin_login.jsp");


Stacktrace:
		at org.apache.jasper.compiler.DefaultErrorHandler.javacError(DefaultErrorHandler.java:72)
		at org.apache.jasper.compiler.ErrorDispatcher.javacError(ErrorDispatcher.java:192)
		at org.apache.jasper.compiler.JDTCompiler.generateClass(JDTCompiler.java:506)
		at org.apache.jasper.compiler.Compiler.compile(Compiler.java:373)
		at org.apache.jasper.compiler.Compiler.compile(Compiler.java:345)
		at org.apache.jasper.compiler.Compiler.compile(Compiler.java:331)
		at org.apache.jasper.JspCompilationContext.compile(JspCompilationContext.java:602)
		at org.apache.jasper.servlet.JspServletWrapper.service(JspServletWrapper.java:396)
		at org.apache.jasper.servlet.JspServlet.serviceJspFile(JspServlet.java:354)
		at org.apache.jasper.servlet.JspServlet.service(JspServlet.java:302)
		at jakarta.servlet.http.HttpServlet.service(HttpServlet.java:716)
		at org.apache.catalina.core.ApplicationFilterChain.doFilter(ApplicationFilterChain.java:130)
		at org.apache.tomcat.websocket.server.WsFilter.doFilter(WsFilter.java:51)
		at org.apache.catalina.core.ApplicationFilterChain.doFilter(ApplicationFilterChain.java:109)
		at org.apache.catalina.core.StandardWrapperValve.invoke(StandardWrapperValve.java:167)
		at org.apache.catalina.core.StandardContextValve.invoke(StandardContextValve.java:79)
		at org.apache.catalina.authenticator.AuthenticatorBase.invoke(AuthenticatorBase.java:483)
		at org.apache.catalina.core.StandardHostValve.invoke(StandardHostValve.java:115)
		at org.apache.catalina.valves.ErrorReportValve.invoke(ErrorReportValve.java:93)
		at org.apache.catalina.valves.AbstractAccessLogValve.invoke(AbstractAccessLogValve.java:670)
		at org.apache.catalina.core.StandardEngineValve.invoke(StandardEngineValve.java:74)
		at org.apache.catalina.connector.CoyoteAdapter.service(CoyoteAdapter.java:342)
		at org.apache.coyote.http11.Http11Processor.service(Http11Processor.java:395)
		at org.apache.coyote.AbstractProcessorLight.process(AbstractProcessorLight.java:63)
		at org.apache.coyote.AbstractProtocol$ConnectionHandler.process(AbstractProtocol.java:905)
		at org.apache.tomcat.util.net.NioEndpoint$SocketProcessor.doRun(NioEndpoint.java:1748)
		at org.apache.tomcat.util.net.SocketProcessorBase.run(SocketProcessorBase.java:52)
		at org.apache.tomcat.util.threads.ThreadPoolExecutor.runWorker(ThreadPoolExecutor.java:1148)
		at org.apache.tomcat.util.threads.ThreadPoolExecutor$Worker.run(ThreadPoolExecutor.java:636)
		at org.apache.tomcat.util.threads.TaskThread$WrappingRunnable.run(TaskThread.java:63)
		at java.base/java.lang.Thread.run(Thread.java:1447)
05-May-2025 14:00:57.572 SEVERE [http-nio-8080-exec-6] org.apache.catalina.core.StandardWrapperValve.invoke Servlet.service() for servlet [com.example.RegisterServlet] in context with path [/Food] threw exception
	java.io.FileNotFoundException: WEB-INF\users.txt (The system cannot find the path specified)
		at java.base/java.io.FileInputStream.open0(Native Method)
		at java.base/java.io.FileInputStream.open(FileInputStream.java:185)
		at java.base/java.io.FileInputStream.<init>(FileInputStream.java:139)
		at java.base/java.io.FileInputStream.<init>(FileInputStream.java:109)
		at java.base/java.io.FileReader.<init>(FileReader.java:60)
		at com.example.RegisterServlet.isUserExists(RegisterServlet.java:62)
		at com.example.RegisterServlet.doPost(RegisterServlet.java:38)
		at jakarta.servlet.http.HttpServlet.service(HttpServlet.java:645)
		at jakarta.servlet.http.HttpServlet.service(HttpServlet.java:716)
		at org.apache.catalina.core.ApplicationFilterChain.doFilter(ApplicationFilterChain.java:130)
		at org.apache.tomcat.websocket.server.WsFilter.doFilter(WsFilter.java:51)
		at org.apache.catalina.core.ApplicationFilterChain.doFilter(ApplicationFilterChain.java:109)
		at org.apache.catalina.core.StandardWrapperValve.invoke(StandardWrapperValve.java:167)
		at org.apache.catalina.core.StandardContextValve.invoke(StandardContextValve.java:79)
		at org.apache.catalina.authenticator.AuthenticatorBase.invoke(AuthenticatorBase.java:483)
		at org.apache.catalina.core.StandardHostValve.invoke(StandardHostValve.java:115)
		at org.apache.catalina.valves.ErrorReportValve.invoke(ErrorReportValve.java:93)
		at org.apache.catalina.valves.AbstractAccessLogValve.invoke(AbstractAccessLogValve.java:670)
		at org.apache.catalina.core.StandardEngineValve.invoke(StandardEngineValve.java:74)
		at org.apache.catalina.connector.CoyoteAdapter.service(CoyoteAdapter.java:342)
		at org.apache.coyote.http11.Http11Processor.service(Http11Processor.java:395)
		at org.apache.coyote.AbstractProcessorLight.process(AbstractProcessorLight.java:63)
		at org.apache.coyote.AbstractProtocol$ConnectionHandler.process(AbstractProtocol.java:905)
		at org.apache.tomcat.util.net.NioEndpoint$SocketProcessor.doRun(NioEndpoint.java:1748)
		at org.apache.tomcat.util.net.SocketProcessorBase.run(SocketProcessorBase.java:52)
		at org.apache.tomcat.util.threads.ThreadPoolExecutor.runWorker(ThreadPoolExecutor.java:1148)
		at org.apache.tomcat.util.threads.ThreadPoolExecutor$Worker.run(ThreadPoolExecutor.java:636)
		at org.apache.tomcat.util.threads.TaskThread$WrappingRunnable.run(TaskThread.java:63)
		at java.base/java.lang.Thread.run(Thread.java:1447)
05-May-2025 14:01:30.009 SEVERE [http-nio-8080-exec-4] org.apache.catalina.core.StandardWrapperValve.invoke Servlet.service() for servlet [com.example.RegisterServlet] in context with path [/Food] threw exception
	java.io.FileNotFoundException: WEB-INF\users.txt (The system cannot find the path specified)
		at java.base/java.io.FileInputStream.open0(Native Method)
		at java.base/java.io.FileInputStream.open(FileInputStream.java:185)
		at java.base/java.io.FileInputStream.<init>(FileInputStream.java:139)
		at java.base/java.io.FileInputStream.<init>(FileInputStream.java:109)
		at java.base/java.io.FileReader.<init>(FileReader.java:60)
		at com.example.RegisterServlet.isUserExists(RegisterServlet.java:62)
		at com.example.RegisterServlet.doPost(RegisterServlet.java:38)
		at jakarta.servlet.http.HttpServlet.service(HttpServlet.java:645)
		at jakarta.servlet.http.HttpServlet.service(HttpServlet.java:716)
		at org.apache.catalina.core.ApplicationFilterChain.doFilter(ApplicationFilterChain.java:130)
		at org.apache.tomcat.websocket.server.WsFilter.doFilter(WsFilter.java:51)
		at org.apache.catalina.core.ApplicationFilterChain.doFilter(ApplicationFilterChain.java:109)
		at org.apache.catalina.core.StandardWrapperValve.invoke(StandardWrapperValve.java:167)
		at org.apache.catalina.core.StandardContextValve.invoke(StandardContextValve.java:79)
		at org.apache.catalina.authenticator.AuthenticatorBase.invoke(AuthenticatorBase.java:483)
		at org.apache.catalina.core.StandardHostValve.invoke(StandardHostValve.java:115)
		at org.apache.catalina.valves.ErrorReportValve.invoke(ErrorReportValve.java:93)
		at org.apache.catalina.valves.AbstractAccessLogValve.invoke(AbstractAccessLogValve.java:670)
		at org.apache.catalina.core.StandardEngineValve.invoke(StandardEngineValve.java:74)
		at org.apache.catalina.connector.CoyoteAdapter.service(CoyoteAdapter.java:342)
		at org.apache.coyote.http11.Http11Processor.service(Http11Processor.java:395)
		at org.apache.coyote.AbstractProcessorLight.process(AbstractProcessorLight.java:63)
		at org.apache.coyote.AbstractProtocol$ConnectionHandler.process(AbstractProtocol.java:905)
		at org.apache.tomcat.util.net.NioEndpoint$SocketProcessor.doRun(NioEndpoint.java:1748)
		at org.apache.tomcat.util.net.SocketProcessorBase.run(SocketProcessorBase.java:52)
		at org.apache.tomcat.util.threads.ThreadPoolExecutor.runWorker(ThreadPoolExecutor.java:1148)
		at org.apache.tomcat.util.threads.ThreadPoolExecutor$Worker.run(ThreadPoolExecutor.java:636)
		at org.apache.tomcat.util.threads.TaskThread$WrappingRunnable.run(TaskThread.java:63)
		at java.base/java.lang.Thread.run(Thread.java:1447)
05-May-2025 14:17:23.842 SEVERE [http-nio-8080-exec-7] org.apache.catalina.core.StandardWrapperValve.invoke Servlet.service() for servlet [com.example.EditUserServlet] in context with path [/Food] threw exception
	java.io.FileNotFoundException: C:\Users\msi\Downloads\Food Delivery Website - Copy\Food Delivery Website - Copy\src\main\webapp\data\users.txt (The system cannot find the path specified)
		at java.base/java.io.FileInputStream.open0(Native Method)
		at java.base/java.io.FileInputStream.open(FileInputStream.java:185)
		at java.base/java.io.FileInputStream.<init>(FileInputStream.java:139)
		at java.base/java.io.FileInputStream.<init>(FileInputStream.java:109)
		at java.base/java.io.FileReader.<init>(FileReader.java:60)
		at com.example.EditUserServlet.doPost(EditUserServlet.java:26)
		at jakarta.servlet.http.HttpServlet.service(HttpServlet.java:645)
		at jakarta.servlet.http.HttpServlet.service(HttpServlet.java:716)
		at org.apache.catalina.core.ApplicationFilterChain.doFilter(ApplicationFilterChain.java:130)
		at org.apache.tomcat.websocket.server.WsFilter.doFilter(WsFilter.java:51)
		at org.apache.catalina.core.ApplicationFilterChain.doFilter(ApplicationFilterChain.java:109)
		at org.apache.catalina.core.StandardWrapperValve.invoke(StandardWrapperValve.java:167)
		at org.apache.catalina.core.StandardContextValve.invoke(StandardContextValve.java:79)
		at org.apache.catalina.authenticator.AuthenticatorBase.invoke(AuthenticatorBase.java:483)
		at org.apache.catalina.core.StandardHostValve.invoke(StandardHostValve.java:115)
		at org.apache.catalina.valves.ErrorReportValve.invoke(ErrorReportValve.java:93)
		at org.apache.catalina.valves.AbstractAccessLogValve.invoke(AbstractAccessLogValve.java:670)
		at org.apache.catalina.core.StandardEngineValve.invoke(StandardEngineValve.java:74)
		at org.apache.catalina.connector.CoyoteAdapter.service(CoyoteAdapter.java:342)
		at org.apache.coyote.http11.Http11Processor.service(Http11Processor.java:395)
		at org.apache.coyote.AbstractProcessorLight.process(AbstractProcessorLight.java:63)
		at org.apache.coyote.AbstractProtocol$ConnectionHandler.process(AbstractProtocol.java:905)
		at org.apache.tomcat.util.net.NioEndpoint$SocketProcessor.doRun(NioEndpoint.java:1748)
		at org.apache.tomcat.util.net.SocketProcessorBase.run(SocketProcessorBase.java:52)
		at org.apache.tomcat.util.threads.ThreadPoolExecutor.runWorker(ThreadPoolExecutor.java:1148)
		at org.apache.tomcat.util.threads.ThreadPoolExecutor$Worker.run(ThreadPoolExecutor.java:636)
		at org.apache.tomcat.util.threads.TaskThread$WrappingRunnable.run(TaskThread.java:63)
		at java.base/java.lang.Thread.run(Thread.java:1447)
05-May-2025 14:18:27.130 SEVERE [http-nio-8080-exec-3] org.apache.catalina.core.StandardWrapperValve.invoke Servlet.service() for servlet [com.example.EditUserServlet] in context with path [/Food] threw exception
	java.io.FileNotFoundException: C:\Users\msi\Downloads\Food Delivery Website - Copy\Food Delivery Website - Copy\src\main\webapp\data\users.txt (The system cannot find the path specified)
		at java.base/java.io.FileInputStream.open0(Native Method)
		at java.base/java.io.FileInputStream.open(FileInputStream.java:185)
		at java.base/java.io.FileInputStream.<init>(FileInputStream.java:139)
		at java.base/java.io.FileInputStream.<init>(FileInputStream.java:109)
		at java.base/java.io.FileReader.<init>(FileReader.java:60)
		at com.example.EditUserServlet.doPost(EditUserServlet.java:26)
		at jakarta.servlet.http.HttpServlet.service(HttpServlet.java:645)
		at jakarta.servlet.http.HttpServlet.service(HttpServlet.java:716)
		at org.apache.catalina.core.ApplicationFilterChain.doFilter(ApplicationFilterChain.java:130)
		at org.apache.tomcat.websocket.server.WsFilter.doFilter(WsFilter.java:51)
		at org.apache.catalina.core.ApplicationFilterChain.doFilter(ApplicationFilterChain.java:109)
		at org.apache.catalina.core.StandardWrapperValve.invoke(StandardWrapperValve.java:167)
		at org.apache.catalina.core.StandardContextValve.invoke(StandardContextValve.java:79)
		at org.apache.catalina.authenticator.AuthenticatorBase.invoke(AuthenticatorBase.java:483)
		at org.apache.catalina.core.StandardHostValve.invoke(StandardHostValve.java:115)
		at org.apache.catalina.valves.ErrorReportValve.invoke(ErrorReportValve.java:93)
		at org.apache.catalina.valves.AbstractAccessLogValve.invoke(AbstractAccessLogValve.java:670)
		at org.apache.catalina.core.StandardEngineValve.invoke(StandardEngineValve.java:74)
		at org.apache.catalina.connector.CoyoteAdapter.service(CoyoteAdapter.java:342)
		at org.apache.coyote.http11.Http11Processor.service(Http11Processor.java:395)
		at org.apache.coyote.AbstractProcessorLight.process(AbstractProcessorLight.java:63)
		at org.apache.coyote.AbstractProtocol$ConnectionHandler.process(AbstractProtocol.java:905)
		at org.apache.tomcat.util.net.NioEndpoint$SocketProcessor.doRun(NioEndpoint.java:1748)
		at org.apache.tomcat.util.net.SocketProcessorBase.run(SocketProcessorBase.java:52)
		at org.apache.tomcat.util.threads.ThreadPoolExecutor.runWorker(ThreadPoolExecutor.java:1148)
		at org.apache.tomcat.util.threads.ThreadPoolExecutor$Worker.run(ThreadPoolExecutor.java:636)
		at org.apache.tomcat.util.threads.TaskThread$WrappingRunnable.run(TaskThread.java:63)
		at java.base/java.lang.Thread.run(Thread.java:1447)
05-May-2025 14:18:29.450 SEVERE [http-nio-8080-exec-8] org.apache.catalina.core.StandardWrapperValve.invoke Servlet.service() for servlet [com.example.DeleteUserServlet] in context with path [/Food] threw exception
	java.io.FileNotFoundException: C:\Users\msi\Downloads\Food Delivery Website - Copy\Food Delivery Website - Copy\src\main\webapp\data\users.txt (The system cannot find the path specified)
		at java.base/java.io.FileInputStream.open0(Native Method)
		at java.base/java.io.FileInputStream.open(FileInputStream.java:185)
		at java.base/java.io.FileInputStream.<init>(FileInputStream.java:139)
		at java.base/java.io.FileInputStream.<init>(FileInputStream.java:109)
		at java.base/java.io.FileReader.<init>(FileReader.java:60)
		at com.example.DeleteUserServlet.doPost(DeleteUserServlet.java:23)
		at jakarta.servlet.http.HttpServlet.service(HttpServlet.java:645)
		at jakarta.servlet.http.HttpServlet.service(HttpServlet.java:716)
		at org.apache.catalina.core.ApplicationFilterChain.doFilter(ApplicationFilterChain.java:130)
		at org.apache.tomcat.websocket.server.WsFilter.doFilter(WsFilter.java:51)
		at org.apache.catalina.core.ApplicationFilterChain.doFilter(ApplicationFilterChain.java:109)
		at org.apache.catalina.core.StandardWrapperValve.invoke(StandardWrapperValve.java:167)
		at org.apache.catalina.core.StandardContextValve.invoke(StandardContextValve.java:79)
		at org.apache.catalina.authenticator.AuthenticatorBase.invoke(AuthenticatorBase.java:483)
		at org.apache.catalina.core.StandardHostValve.invoke(StandardHostValve.java:115)
		at org.apache.catalina.valves.ErrorReportValve.invoke(ErrorReportValve.java:93)
		at org.apache.catalina.valves.AbstractAccessLogValve.invoke(AbstractAccessLogValve.java:670)
		at org.apache.catalina.core.StandardEngineValve.invoke(StandardEngineValve.java:74)
		at org.apache.catalina.connector.CoyoteAdapter.service(CoyoteAdapter.java:342)
		at org.apache.coyote.http11.Http11Processor.service(Http11Processor.java:395)
		at org.apache.coyote.AbstractProcessorLight.process(AbstractProcessorLight.java:63)
		at org.apache.coyote.AbstractProtocol$ConnectionHandler.process(AbstractProtocol.java:905)
		at org.apache.tomcat.util.net.NioEndpoint$SocketProcessor.doRun(NioEndpoint.java:1748)
		at org.apache.tomcat.util.net.SocketProcessorBase.run(SocketProcessorBase.java:52)
		at org.apache.tomcat.util.threads.ThreadPoolExecutor.runWorker(ThreadPoolExecutor.java:1148)
		at org.apache.tomcat.util.threads.ThreadPoolExecutor$Worker.run(ThreadPoolExecutor.java:636)
		at org.apache.tomcat.util.threads.TaskThread$WrappingRunnable.run(TaskThread.java:63)
		at java.base/java.lang.Thread.run(Thread.java:1447)
05-May-2025 19:04:45.014 SEVERE [http-nio-8080-exec-6] org.apache.catalina.core.StandardWrapperValve.invoke Servlet.service() for servlet [com.example.servlet.CreateUserServlet] in context with path [/Food] threw exception
	java.io.FileNotFoundException: C:\Users\msi\Downloads\Food Delivery Website - Copy\Food Delivery Website - Copy\src\main\webapp\WEB-INF\data\users.txt (The system cannot find the path specified)
		at java.base/java.io.FileInputStream.open0(Native Method)
		at java.base/java.io.FileInputStream.open(FileInputStream.java:185)
		at java.base/java.io.FileInputStream.<init>(FileInputStream.java:139)
		at java.base/java.io.FileInputStream.<init>(FileInputStream.java:109)
		at java.base/java.io.FileReader.<init>(FileReader.java:60)
		at com.example.servlet.CreateUserServlet.isUserExists(CreateUserServlet.java:65)
		at com.example.servlet.CreateUserServlet.doPost(CreateUserServlet.java:40)
		at jakarta.servlet.http.HttpServlet.service(HttpServlet.java:645)
		at jakarta.servlet.http.HttpServlet.service(HttpServlet.java:716)
		at org.apache.catalina.core.ApplicationFilterChain.doFilter(ApplicationFilterChain.java:130)
		at org.apache.tomcat.websocket.server.WsFilter.doFilter(WsFilter.java:51)
		at org.apache.catalina.core.ApplicationFilterChain.doFilter(ApplicationFilterChain.java:109)
		at org.apache.catalina.core.StandardWrapperValve.invoke(StandardWrapperValve.java:167)
		at org.apache.catalina.core.StandardContextValve.invoke(StandardContextValve.java:79)
		at org.apache.catalina.authenticator.AuthenticatorBase.invoke(AuthenticatorBase.java:483)
		at org.apache.catalina.core.StandardHostValve.invoke(StandardHostValve.java:115)
		at org.apache.catalina.valves.ErrorReportValve.invoke(ErrorReportValve.java:93)
		at org.apache.catalina.valves.AbstractAccessLogValve.invoke(AbstractAccessLogValve.java:670)
		at org.apache.catalina.core.StandardEngineValve.invoke(StandardEngineValve.java:74)
		at org.apache.catalina.connector.CoyoteAdapter.service(CoyoteAdapter.java:342)
		at org.apache.coyote.http11.Http11Processor.service(Http11Processor.java:395)
		at org.apache.coyote.AbstractProcessorLight.process(AbstractProcessorLight.java:63)
		at org.apache.coyote.AbstractProtocol$ConnectionHandler.process(AbstractProtocol.java:905)
		at org.apache.tomcat.util.net.NioEndpoint$SocketProcessor.doRun(NioEndpoint.java:1748)
		at org.apache.tomcat.util.net.SocketProcessorBase.run(SocketProcessorBase.java:52)
		at org.apache.tomcat.util.threads.ThreadPoolExecutor.runWorker(ThreadPoolExecutor.java:1148)
		at org.apache.tomcat.util.threads.ThreadPoolExecutor$Worker.run(ThreadPoolExecutor.java:636)
		at org.apache.tomcat.util.threads.TaskThread$WrappingRunnable.run(TaskThread.java:63)
		at java.base/java.lang.Thread.run(Thread.java:1447)
05-May-2025 19:28:53.594 SEVERE [http-nio-8080-exec-7] org.apache.catalina.core.StandardWrapperValve.invoke Servlet.service() for servlet [com.example.EditUserServlet] in context with path [/Food] threw exception
	java.io.FileNotFoundException: C:\Users\msi\Downloads\Food Delivery Website - Copy\Food Delivery Website - Copy\src\main\webapp\data\users.txt (The system cannot find the path specified)
		at java.base/java.io.FileInputStream.open0(Native Method)
		at java.base/java.io.FileInputStream.open(FileInputStream.java:185)
		at java.base/java.io.FileInputStream.<init>(FileInputStream.java:139)
		at java.base/java.io.FileInputStream.<init>(FileInputStream.java:109)
		at java.base/java.io.FileReader.<init>(FileReader.java:60)
		at com.example.EditUserServlet.doPost(EditUserServlet.java:26)
		at jakarta.servlet.http.HttpServlet.service(HttpServlet.java:645)
		at jakarta.servlet.http.HttpServlet.service(HttpServlet.java:716)
		at org.apache.catalina.core.ApplicationFilterChain.doFilter(ApplicationFilterChain.java:130)
		at org.apache.tomcat.websocket.server.WsFilter.doFilter(WsFilter.java:51)
		at org.apache.catalina.core.ApplicationFilterChain.doFilter(ApplicationFilterChain.java:109)
		at org.apache.catalina.core.StandardWrapperValve.invoke(StandardWrapperValve.java:167)
		at org.apache.catalina.core.StandardContextValve.invoke(StandardContextValve.java:79)
		at org.apache.catalina.authenticator.AuthenticatorBase.invoke(AuthenticatorBase.java:483)
		at org.apache.catalina.core.StandardHostValve.invoke(StandardHostValve.java:115)
		at org.apache.catalina.valves.ErrorReportValve.invoke(ErrorReportValve.java:93)
		at org.apache.catalina.valves.AbstractAccessLogValve.invoke(AbstractAccessLogValve.java:670)
		at org.apache.catalina.core.StandardEngineValve.invoke(StandardEngineValve.java:74)
		at org.apache.catalina.connector.CoyoteAdapter.service(CoyoteAdapter.java:342)
		at org.apache.coyote.http11.Http11Processor.service(Http11Processor.java:395)
		at org.apache.coyote.AbstractProcessorLight.process(AbstractProcessorLight.java:63)
		at org.apache.coyote.AbstractProtocol$ConnectionHandler.process(AbstractProtocol.java:905)
		at org.apache.tomcat.util.net.NioEndpoint$SocketProcessor.doRun(NioEndpoint.java:1748)
		at org.apache.tomcat.util.net.SocketProcessorBase.run(SocketProcessorBase.java:52)
		at org.apache.tomcat.util.threads.ThreadPoolExecutor.runWorker(ThreadPoolExecutor.java:1148)
		at org.apache.tomcat.util.threads.ThreadPoolExecutor$Worker.run(ThreadPoolExecutor.java:636)
		at org.apache.tomcat.util.threads.TaskThread$WrappingRunnable.run(TaskThread.java:63)
		at java.base/java.lang.Thread.run(Thread.java:1447)
05-May-2025 19:28:55.786 SEVERE [http-nio-8080-exec-9] org.apache.catalina.core.StandardWrapperValve.invoke Servlet.service() for servlet [com.example.DeleteUserServlet] in context with path [/Food] threw exception
	java.io.FileNotFoundException: C:\Users\msi\Downloads\Food Delivery Website - Copy\Food Delivery Website - Copy\src\main\webapp\data\users.txt (The system cannot find the path specified)
		at java.base/java.io.FileInputStream.open0(Native Method)
		at java.base/java.io.FileInputStream.open(FileInputStream.java:185)
		at java.base/java.io.FileInputStream.<init>(FileInputStream.java:139)
		at java.base/java.io.FileInputStream.<init>(FileInputStream.java:109)
		at java.base/java.io.FileReader.<init>(FileReader.java:60)
		at com.example.DeleteUserServlet.doPost(DeleteUserServlet.java:23)
		at jakarta.servlet.http.HttpServlet.service(HttpServlet.java:645)
		at jakarta.servlet.http.HttpServlet.service(HttpServlet.java:716)
		at org.apache.catalina.core.ApplicationFilterChain.doFilter(ApplicationFilterChain.java:130)
		at org.apache.tomcat.websocket.server.WsFilter.doFilter(WsFilter.java:51)
		at org.apache.catalina.core.ApplicationFilterChain.doFilter(ApplicationFilterChain.java:109)
		at org.apache.catalina.core.StandardWrapperValve.invoke(StandardWrapperValve.java:167)
		at org.apache.catalina.core.StandardContextValve.invoke(StandardContextValve.java:79)
		at org.apache.catalina.authenticator.AuthenticatorBase.invoke(AuthenticatorBase.java:483)
		at org.apache.catalina.core.StandardHostValve.invoke(StandardHostValve.java:115)
		at org.apache.catalina.valves.ErrorReportValve.invoke(ErrorReportValve.java:93)
		at org.apache.catalina.valves.AbstractAccessLogValve.invoke(AbstractAccessLogValve.java:670)
		at org.apache.catalina.core.StandardEngineValve.invoke(StandardEngineValve.java:74)
		at org.apache.catalina.connector.CoyoteAdapter.service(CoyoteAdapter.java:342)
		at org.apache.coyote.http11.Http11Processor.service(Http11Processor.java:395)
		at org.apache.coyote.AbstractProcessorLight.process(AbstractProcessorLight.java:63)
		at org.apache.coyote.AbstractProtocol$ConnectionHandler.process(AbstractProtocol.java:905)
		at org.apache.tomcat.util.net.NioEndpoint$SocketProcessor.doRun(NioEndpoint.java:1748)
		at org.apache.tomcat.util.net.SocketProcessorBase.run(SocketProcessorBase.java:52)
		at org.apache.tomcat.util.threads.ThreadPoolExecutor.runWorker(ThreadPoolExecutor.java:1148)
		at org.apache.tomcat.util.threads.ThreadPoolExecutor$Worker.run(ThreadPoolExecutor.java:636)
		at org.apache.tomcat.util.threads.TaskThread$WrappingRunnable.run(TaskThread.java:63)
		at java.base/java.lang.Thread.run(Thread.java:1447)
05-May-2025 19:34:43.001 SEVERE [http-nio-8080-exec-4] org.apache.catalina.core.StandardWrapperValve.invoke Servlet.service() for servlet [com.example.EditUserServlet] in context with path [/Food] threw exception
	java.io.FileNotFoundException: C:\Users\msi\Downloads\Food Delivery Website - Copy\Food Delivery Website - Copy\src\main\webapp\data\users.txt (The system cannot find the path specified)
		at java.base/java.io.FileInputStream.open0(Native Method)
		at java.base/java.io.FileInputStream.open(FileInputStream.java:185)
		at java.base/java.io.FileInputStream.<init>(FileInputStream.java:139)
		at java.base/java.io.FileInputStream.<init>(FileInputStream.java:109)
		at java.base/java.io.FileReader.<init>(FileReader.java:60)
		at com.example.EditUserServlet.doPost(EditUserServlet.java:26)
		at jakarta.servlet.http.HttpServlet.service(HttpServlet.java:645)
		at jakarta.servlet.http.HttpServlet.service(HttpServlet.java:716)
		at org.apache.catalina.core.ApplicationFilterChain.doFilter(ApplicationFilterChain.java:130)
		at org.apache.tomcat.websocket.server.WsFilter.doFilter(WsFilter.java:51)
		at org.apache.catalina.core.ApplicationFilterChain.doFilter(ApplicationFilterChain.java:109)
		at org.apache.catalina.core.StandardWrapperValve.invoke(StandardWrapperValve.java:167)
		at org.apache.catalina.core.StandardContextValve.invoke(StandardContextValve.java:79)
		at org.apache.catalina.authenticator.AuthenticatorBase.invoke(AuthenticatorBase.java:483)
		at org.apache.catalina.core.StandardHostValve.invoke(StandardHostValve.java:115)
		at org.apache.catalina.valves.ErrorReportValve.invoke(ErrorReportValve.java:93)
		at org.apache.catalina.valves.AbstractAccessLogValve.invoke(AbstractAccessLogValve.java:670)
		at org.apache.catalina.core.StandardEngineValve.invoke(StandardEngineValve.java:74)
		at org.apache.catalina.connector.CoyoteAdapter.service(CoyoteAdapter.java:342)
		at org.apache.coyote.http11.Http11Processor.service(Http11Processor.java:395)
		at org.apache.coyote.AbstractProcessorLight.process(AbstractProcessorLight.java:63)
		at org.apache.coyote.AbstractProtocol$ConnectionHandler.process(AbstractProtocol.java:905)
		at org.apache.tomcat.util.net.NioEndpoint$SocketProcessor.doRun(NioEndpoint.java:1748)
		at org.apache.tomcat.util.net.SocketProcessorBase.run(SocketProcessorBase.java:52)
		at org.apache.tomcat.util.threads.ThreadPoolExecutor.runWorker(ThreadPoolExecutor.java:1148)
		at org.apache.tomcat.util.threads.ThreadPoolExecutor$Worker.run(ThreadPoolExecutor.java:636)
		at org.apache.tomcat.util.threads.TaskThread$WrappingRunnable.run(TaskThread.java:63)
		at java.base/java.lang.Thread.run(Thread.java:1447)
05-May-2025 19:34:45.851 SEVERE [http-nio-8080-exec-10] org.apache.catalina.core.StandardWrapperValve.invoke Servlet.service() for servlet [com.example.EditUserServlet] in context with path [/Food] threw exception
	java.io.FileNotFoundException: C:\Users\msi\Downloads\Food Delivery Website - Copy\Food Delivery Website - Copy\src\main\webapp\data\users.txt (The system cannot find the path specified)
		at java.base/java.io.FileInputStream.open0(Native Method)
		at java.base/java.io.FileInputStream.open(FileInputStream.java:185)
		at java.base/java.io.FileInputStream.<init>(FileInputStream.java:139)
		at java.base/java.io.FileInputStream.<init>(FileInputStream.java:109)
		at java.base/java.io.FileReader.<init>(FileReader.java:60)
		at com.example.EditUserServlet.doPost(EditUserServlet.java:26)
		at jakarta.servlet.http.HttpServlet.service(HttpServlet.java:645)
		at jakarta.servlet.http.HttpServlet.service(HttpServlet.java:716)
		at org.apache.catalina.core.ApplicationFilterChain.doFilter(ApplicationFilterChain.java:130)
		at org.apache.tomcat.websocket.server.WsFilter.doFilter(WsFilter.java:51)
		at org.apache.catalina.core.ApplicationFilterChain.doFilter(ApplicationFilterChain.java:109)
		at org.apache.catalina.core.StandardWrapperValve.invoke(StandardWrapperValve.java:167)
		at org.apache.catalina.core.StandardContextValve.invoke(StandardContextValve.java:79)
		at org.apache.catalina.authenticator.AuthenticatorBase.invoke(AuthenticatorBase.java:483)
		at org.apache.catalina.core.StandardHostValve.invoke(StandardHostValve.java:115)
		at org.apache.catalina.valves.ErrorReportValve.invoke(ErrorReportValve.java:93)
		at org.apache.catalina.valves.AbstractAccessLogValve.invoke(AbstractAccessLogValve.java:670)
		at org.apache.catalina.core.StandardEngineValve.invoke(StandardEngineValve.java:74)
		at org.apache.catalina.connector.CoyoteAdapter.service(CoyoteAdapter.java:342)
		at org.apache.coyote.http11.Http11Processor.service(Http11Processor.java:395)
		at org.apache.coyote.AbstractProcessorLight.process(AbstractProcessorLight.java:63)
		at org.apache.coyote.AbstractProtocol$ConnectionHandler.process(AbstractProtocol.java:905)
		at org.apache.tomcat.util.net.NioEndpoint$SocketProcessor.doRun(NioEndpoint.java:1748)
		at org.apache.tomcat.util.net.SocketProcessorBase.run(SocketProcessorBase.java:52)
		at org.apache.tomcat.util.threads.ThreadPoolExecutor.runWorker(ThreadPoolExecutor.java:1148)
		at org.apache.tomcat.util.threads.ThreadPoolExecutor$Worker.run(ThreadPoolExecutor.java:636)
		at org.apache.tomcat.util.threads.TaskThread$WrappingRunnable.run(TaskThread.java:63)
		at java.base/java.lang.Thread.run(Thread.java:1447)
05-May-2025 19:34:49.281 SEVERE [http-nio-8080-exec-1] org.apache.catalina.core.StandardWrapperValve.invoke Servlet.service() for servlet [com.example.EditUserServlet] in context with path [/Food] threw exception
	java.io.FileNotFoundException: C:\Users\msi\Downloads\Food Delivery Website - Copy\Food Delivery Website - Copy\src\main\webapp\data\users.txt (The system cannot find the path specified)
		at java.base/java.io.FileInputStream.open0(Native Method)
		at java.base/java.io.FileInputStream.open(FileInputStream.java:185)
		at java.base/java.io.FileInputStream.<init>(FileInputStream.java:139)
		at java.base/java.io.FileInputStream.<init>(FileInputStream.java:109)
		at java.base/java.io.FileReader.<init>(FileReader.java:60)
		at com.example.EditUserServlet.doPost(EditUserServlet.java:26)
		at jakarta.servlet.http.HttpServlet.service(HttpServlet.java:645)
		at jakarta.servlet.http.HttpServlet.service(HttpServlet.java:716)
		at org.apache.catalina.core.ApplicationFilterChain.doFilter(ApplicationFilterChain.java:130)
		at org.apache.tomcat.websocket.server.WsFilter.doFilter(WsFilter.java:51)
		at org.apache.catalina.core.ApplicationFilterChain.doFilter(ApplicationFilterChain.java:109)
		at org.apache.catalina.core.StandardWrapperValve.invoke(StandardWrapperValve.java:167)
		at org.apache.catalina.core.StandardContextValve.invoke(StandardContextValve.java:79)
		at org.apache.catalina.authenticator.AuthenticatorBase.invoke(AuthenticatorBase.java:483)
		at org.apache.catalina.core.StandardHostValve.invoke(StandardHostValve.java:115)
		at org.apache.catalina.valves.ErrorReportValve.invoke(ErrorReportValve.java:93)
		at org.apache.catalina.valves.AbstractAccessLogValve.invoke(AbstractAccessLogValve.java:670)
		at org.apache.catalina.core.StandardEngineValve.invoke(StandardEngineValve.java:74)
		at org.apache.catalina.connector.CoyoteAdapter.service(CoyoteAdapter.java:342)
		at org.apache.coyote.http11.Http11Processor.service(Http11Processor.java:395)
		at org.apache.coyote.AbstractProcessorLight.process(AbstractProcessorLight.java:63)
		at org.apache.coyote.AbstractProtocol$ConnectionHandler.process(AbstractProtocol.java:905)
		at org.apache.tomcat.util.net.NioEndpoint$SocketProcessor.doRun(NioEndpoint.java:1748)
		at org.apache.tomcat.util.net.SocketProcessorBase.run(SocketProcessorBase.java:52)
		at org.apache.tomcat.util.threads.ThreadPoolExecutor.runWorker(ThreadPoolExecutor.java:1148)
		at org.apache.tomcat.util.threads.ThreadPoolExecutor$Worker.run(ThreadPoolExecutor.java:636)
		at org.apache.tomcat.util.threads.TaskThread$WrappingRunnable.run(TaskThread.java:63)
		at java.base/java.lang.Thread.run(Thread.java:1447)
05-May-2025 19:34:56.274 SEVERE [http-nio-8080-exec-3] org.apache.catalina.core.StandardWrapperValve.invoke Servlet.service() for servlet [com.example.DeleteUserServlet] in context with path [/Food] threw exception
	java.io.FileNotFoundException: C:\Users\msi\Downloads\Food Delivery Website - Copy\Food Delivery Website - Copy\src\main\webapp\data\users.txt (The system cannot find the path specified)
		at java.base/java.io.FileInputStream.open0(Native Method)
		at java.base/java.io.FileInputStream.open(FileInputStream.java:185)
		at java.base/java.io.FileInputStream.<init>(FileInputStream.java:139)
		at java.base/java.io.FileInputStream.<init>(FileInputStream.java:109)
		at java.base/java.io.FileReader.<init>(FileReader.java:60)
		at com.example.DeleteUserServlet.doPost(DeleteUserServlet.java:23)
		at jakarta.servlet.http.HttpServlet.service(HttpServlet.java:645)
		at jakarta.servlet.http.HttpServlet.service(HttpServlet.java:716)
		at org.apache.catalina.core.ApplicationFilterChain.doFilter(ApplicationFilterChain.java:130)
		at org.apache.tomcat.websocket.server.WsFilter.doFilter(WsFilter.java:51)
		at org.apache.catalina.core.ApplicationFilterChain.doFilter(ApplicationFilterChain.java:109)
		at org.apache.catalina.core.StandardWrapperValve.invoke(StandardWrapperValve.java:167)
		at org.apache.catalina.core.StandardContextValve.invoke(StandardContextValve.java:79)
		at org.apache.catalina.authenticator.AuthenticatorBase.invoke(AuthenticatorBase.java:483)
		at org.apache.catalina.core.StandardHostValve.invoke(StandardHostValve.java:115)
		at org.apache.catalina.valves.ErrorReportValve.invoke(ErrorReportValve.java:93)
		at org.apache.catalina.valves.AbstractAccessLogValve.invoke(AbstractAccessLogValve.java:670)
		at org.apache.catalina.core.StandardEngineValve.invoke(StandardEngineValve.java:74)
		at org.apache.catalina.connector.CoyoteAdapter.service(CoyoteAdapter.java:342)
		at org.apache.coyote.http11.Http11Processor.service(Http11Processor.java:395)
		at org.apache.coyote.AbstractProcessorLight.process(AbstractProcessorLight.java:63)
		at org.apache.coyote.AbstractProtocol$ConnectionHandler.process(AbstractProtocol.java:905)
		at org.apache.tomcat.util.net.NioEndpoint$SocketProcessor.doRun(NioEndpoint.java:1748)
		at org.apache.tomcat.util.net.SocketProcessorBase.run(SocketProcessorBase.java:52)
		at org.apache.tomcat.util.threads.ThreadPoolExecutor.runWorker(ThreadPoolExecutor.java:1148)
		at org.apache.tomcat.util.threads.ThreadPoolExecutor$Worker.run(ThreadPoolExecutor.java:636)
		at org.apache.tomcat.util.threads.TaskThread$WrappingRunnable.run(TaskThread.java:63)
		at java.base/java.lang.Thread.run(Thread.java:1447)
05-May-2025 19:40:05.563 SEVERE [http-nio-8080-exec-14] org.apache.catalina.core.StandardWrapperValve.invoke Servlet.service() for servlet [com.example.EditUserServlet] in context with path [/Food] threw exception
	java.io.FileNotFoundException: C:\Users\msi\Downloads\Food Delivery Website - Copy\Food Delivery Website - Copy\src\main\webapp\data\users.txt (The system cannot find the path specified)
		at java.base/java.io.FileInputStream.open0(Native Method)
		at java.base/java.io.FileInputStream.open(FileInputStream.java:185)
		at java.base/java.io.FileInputStream.<init>(FileInputStream.java:139)
		at java.base/java.io.FileInputStream.<init>(FileInputStream.java:109)
		at java.base/java.io.FileReader.<init>(FileReader.java:60)
		at com.example.EditUserServlet.doPost(EditUserServlet.java:26)
		at jakarta.servlet.http.HttpServlet.service(HttpServlet.java:645)
		at jakarta.servlet.http.HttpServlet.service(HttpServlet.java:716)
		at org.apache.catalina.core.ApplicationFilterChain.doFilter(ApplicationFilterChain.java:130)
		at org.apache.tomcat.websocket.server.WsFilter.doFilter(WsFilter.java:51)
		at org.apache.catalina.core.ApplicationFilterChain.doFilter(ApplicationFilterChain.java:109)
		at org.apache.catalina.core.StandardWrapperValve.invoke(StandardWrapperValve.java:167)
		at org.apache.catalina.core.StandardContextValve.invoke(StandardContextValve.java:79)
		at org.apache.catalina.authenticator.AuthenticatorBase.invoke(AuthenticatorBase.java:483)
		at org.apache.catalina.core.StandardHostValve.invoke(StandardHostValve.java:115)
		at org.apache.catalina.valves.ErrorReportValve.invoke(ErrorReportValve.java:93)
		at org.apache.catalina.valves.AbstractAccessLogValve.invoke(AbstractAccessLogValve.java:670)
		at org.apache.catalina.core.StandardEngineValve.invoke(StandardEngineValve.java:74)
		at org.apache.catalina.connector.CoyoteAdapter.service(CoyoteAdapter.java:342)
		at org.apache.coyote.http11.Http11Processor.service(Http11Processor.java:395)
		at org.apache.coyote.AbstractProcessorLight.process(AbstractProcessorLight.java:63)
		at org.apache.coyote.AbstractProtocol$ConnectionHandler.process(AbstractProtocol.java:905)
		at org.apache.tomcat.util.net.NioEndpoint$SocketProcessor.doRun(NioEndpoint.java:1748)
		at org.apache.tomcat.util.net.SocketProcessorBase.run(SocketProcessorBase.java:52)
		at org.apache.tomcat.util.threads.ThreadPoolExecutor.runWorker(ThreadPoolExecutor.java:1148)
		at org.apache.tomcat.util.threads.ThreadPoolExecutor$Worker.run(ThreadPoolExecutor.java:636)
		at org.apache.tomcat.util.threads.TaskThread$WrappingRunnable.run(TaskThread.java:63)
		at java.base/java.lang.Thread.run(Thread.java:1447)
